year,ETS_price,CSU_cost,investment_year,plant,CO2_captured_fossil,CO2_captured_bio,CCS_cost,marginal_plant,csu_diluted_cost,csu_gross_profit,csu_net_profit,ctbo_diluted_cost,ctbo_fossil_profit,ctbo_gross_profit,ctbo_net_profit
2025,56.349999999999994,0.0,,Tees Valley-W2E,0.0,0.0,88.11948048189508,False,0.0,0.0,0.0,0.0,0.0,0.0,0.0
2025,56.349999999999994,0.0,,Runcorn-W2E,0.0,0.0,92.55278428419912,False,0.0,0.0,0.0,0.0,0.0,0.0,0.0
2025,56.349999999999994,0.0,,Riverside-W2E,0.0,0.0,95.11886046105766,False,0.0,0.0,0.0,0.0,0.0,0.0,0.0
2025,56.349999999999994,0.0,,Wilton 11-W2E,0.0,0.0,95.57551058511204,False,0.0,0.0,0.0,0.0,0.0,0.0,0.0
2025,56.349999999999994,0.0,,Scunthorpe Power Station-chp,0.0,0.0,96.72056387395656,False,0.0,0.0,-0.0,0.0,0.0,0.0,-0.0
2025,56.349999999999994,0.0,,Ferrybridge FM1-W2E,0.0,0.0,98.85154951082956,False,0.0,0.0,0.0,0.0,0.0,0.0,0.0
2025,56.349999999999994,0.0,,Ferrybridge FM2-W2E,0.0,0.0,98.9301306912529,False,0.0,0.0,0.0,0.0,0.0,0.0,0.0
2025,56.349999999999994,0.0,,Drax-BECCS,0.0,0.0,99.24068628496312,False,0.0,0.0,0.0,0.0,0.0,0.0,0.0
2025,56.349999999999994,0.0,,Kemsley-W2E,0.0,0.0,99.80091077600858,False,0.0,0.0,0.0,0.0,0.0,0.0,0.0
2025,56.349999999999994,0.0,,Allington-W2E,0.0,0.0,100.90154534306674,False,0.0,0.0,0.0,0.0,0.0,0.0,0.0
2025,56.349999999999994,0.0,,Scunthorpe Blast Furnaces-stove,0.0,0.0,101.76356955343398,False,0.0,0.0,-0.0,0.0,0.0,0.0,-0.0
2025,56.349999999999994,0.0,,Edmonton-W2E,0.0,0.0,102.28156448231805,False,0.0,0.0,0.0,0.0,0.0,0.0,0.0
2025,56.349999999999994,0.0,,Rookery South C-W2E,0.0,0.0,103.38827027423388,False,0.0,0.0,0.0,0.0,0.0,0.0,0.0
2025,56.349999999999994,0.0,,SELCHP-W2E,0.0,0.0,105.54933952858303,False,0.0,0.0,0.0,0.0,0.0,0.0,0.0
2025,56.349999999999994,0.0,,Lakeside-W2E,0.0,0.0,105.75229786444092,False,0.0,0.0,0.0,0.0,0.0,0.0,0.0
2025,56.349999999999994,0.0,,Trident Park-W2E,0.0,0.0,106.89966600386146,False,0.0,0.0,0.0,0.0,0.0,0.0,0.0
2025,56.349999999999994,0.0,,Severnside-W2E,0.0,0.0,107.69026084360516,False,0.0,0.0,0.0,0.0,0.0,0.0,0.0
2025,56.349999999999994,0.0,,Avonmouth-W2E,0.0,0.0,108.09353634841528,False,0.0,0.0,0.0,0.0,0.0,0.0,0.0
2025,56.349999999999994,0.0,,Beddington Lane-W2E,0.0,0.0,108.33273184526364,False,0.0,0.0,0.0,0.0,0.0,0.0,0.0
2025,56.349999999999994,0.0,,Tyseley-W2E,0.0,0.0,109.84350345016378,False,0.0,0.0,0.0,0.0,0.0,0.0,0.0
2025,56.349999999999994,0.0,,Allerton Park-W2E,0.0,0.0,110.24876424941378,False,0.0,0.0,0.0,0.0,0.0,0.0,0.0
2025,56.349999999999994,0.0,,Four Ashes-W2E,0.0,0.0,111.41254904821844,False,0.0,0.0,0.0,0.0,0.0,0.0,0.0
2025,56.349999999999994,0.0,,Ardley-W2E,0.0,0.0,111.75263386171072,False,0.0,0.0,0.0,0.0,0.0,0.0,0.0
2025,56.349999999999994,0.0,,Great Blakenham-W2E,0.0,0.0,111.99950117220564,False,0.0,0.0,0.0,0.0,0.0,0.0,0.0
2025,56.349999999999994,0.0,,North Hykeham-W2E,0.0,0.0,112.24726485697003,False,0.0,0.0,0.0,0.0,0.0,0.0,0.0
2025,56.349999999999994,0.0,,Scunthorpe Sinter-sinter,0.0,0.0,112.48245883079248,False,0.0,0.0,-0.0,0.0,0.0,0.0,-0.0
2025,56.349999999999994,0.0,,Coventry-W2E,0.0,0.0,114.86629159129888,False,0.0,0.0,0.0,0.0,0.0,0.0,0.0
2025,56.349999999999994,0.0,,Greatmoor-W2E,0.0,0.0,115.52278790869914,False,0.0,0.0,0.0,0.0,0.0,0.0,0.0
2025,56.349999999999994,0.0,,South Killingholme-crackers,0.0,0.0,119.41657844198282,False,0.0,0.0,-0.0,0.0,0.0,0.0,-0.0
2025,56.349999999999994,0.0,,Marchwood-W2E,0.0,0.0,119.76307582774996,False,0.0,0.0,0.0,0.0,0.0,0.0,0.0
2025,56.349999999999994,0.0,,New Rugby-cement,0.0,0.0,119.94033644561048,False,0.0,0.0,-0.0,0.0,0.0,0.0,-0.0
2025,56.349999999999994,0.0,,Dunbar-W2E,0.0,0.0,120.88122377816076,False,0.0,0.0,0.0,0.0,0.0,0.0,0.0
2025,56.349999999999994,0.0,,Portsmouth-W2E,0.0,0.0,121.9344089585544,False,0.0,0.0,0.0,0.0,0.0,0.0,0.0
2025,56.349999999999994,0.0,,Grangemouth Power Station-CCGT,0.0,0.0,122.37005813568526,False,0.0,0.0,-0.0,0.0,0.0,0.0,-0.0
2025,56.349999999999994,0.0,,Newhurst-W2E,0.0,0.0,122.92780800610014,False,0.0,0.0,0.0,0.0,0.0,0.0,0.0
2025,56.349999999999994,0.0,,Fawley Refinery-crackers,0.0,0.0,123.76948009124162,False,0.0,0.0,-0.0,0.0,0.0,0.0,-0.0
2025,56.349999999999994,0.0,,South Killingholme-smr,0.0,0.0,124.23754446793583,False,0.0,0.0,-0.0,0.0,0.0,0.0,-0.0
2025,56.349999999999994,0.0,,Hope Cement Works-cement,0.0,0.0,124.28720193448665,False,0.0,0.0,-0.0,0.0,0.0,0.0,-0.0
2025,56.349999999999994,0.0,,Parc Adfer-W2E,0.0,0.0,125.7346990960452,False,0.0,0.0,0.0,0.0,0.0,0.0,0.0
2025,56.349999999999994,0.0,,Eastcroft-W2E,0.0,0.0,125.9173094124788,False,0.0,0.0,0.0,0.0,0.0,0.0,0.0
2025,56.349999999999994,0.0,,Tunstead Cement-cement,0.0,0.0,126.32727118201583,False,0.0,0.0,-0.0,0.0,0.0,0.0,-0.0
2025,56.349999999999994,0.0,,Stanlow Refinery-crackers,0.0,0.0,127.0371190337797,False,0.0,0.0,-0.0,0.0,0.0,0.0,-0.0
2025,56.349999999999994,0.0,,Fawley Refinery-smr,0.0,0.0,127.12699478695876,False,0.0,0.0,-0.0,0.0,0.0,0.0,-0.0
2025,56.349999999999994,0.0,,Millerhill-W2E,0.0,0.0,127.43285186483614,False,0.0,0.0,0.0,0.0,0.0,0.0,0.0
2025,56.349999999999994,0.0,,Padeswood-cement,0.0,0.0,127.4850460006812,False,0.0,0.0,-0.0,0.0,0.0,0.0,-0.0
2025,56.349999999999994,0.0,,South Killingholme-distillation,0.0,0.0,128.70945593540847,False,0.0,0.0,-0.0,0.0,0.0,0.0,-0.0
2025,56.349999999999994,0.0,,Ketton-cement,0.0,0.0,129.98256974643843,False,0.0,0.0,-0.0,0.0,0.0,0.0,-0.0
2025,56.349999999999994,0.0,,South Killingholme-power,0.0,0.0,130.1966886940948,False,0.0,0.0,-0.0,0.0,0.0,0.0,-0.0
2025,56.349999999999994,0.0,,Newhaven-W2E,0.0,0.0,130.2947760528612,False,0.0,0.0,0.0,0.0,0.0,0.0,0.0
2025,56.349999999999994,0.0,,Leeds-W2E,0.0,0.0,130.72273227888334,False,0.0,0.0,0.0,0.0,0.0,0.0,0.0
2025,56.349999999999994,0.0,,Ribblesdale-cement,0.0,0.0,131.22283623409905,False,0.0,0.0,-0.0,0.0,0.0,0.0,-0.0
2025,56.349999999999994,0.0,,Hanford-W2E,0.0,0.0,131.66934911672453,False,0.0,0.0,0.0,0.0,0.0,0.0,0.0
2025,56.349999999999994,0.0,,Fawley Refinery-distillation,0.0,0.0,132.12222727391224,False,0.0,0.0,-0.0,0.0,0.0,0.0,-0.0
2025,56.349999999999994,0.0,,Stanlow Refinery-smr,0.0,0.0,132.18064919232714,False,0.0,0.0,-0.0,0.0,0.0,0.0,-0.0
2025,56.349999999999994,0.0,,Kirklees-W2E,0.0,0.0,132.2826363227577,False,0.0,0.0,0.0,0.0,0.0,0.0,0.0
2025,56.349999999999994,0.0,,Lindsey Oil Refinery-crackers,0.0,0.0,132.48929210893525,False,0.0,0.0,-0.0,0.0,0.0,0.0,-0.0
2025,56.349999999999994,0.0,,South Killingholme-remaining,0.0,0.0,132.82916790483205,False,0.0,0.0,-0.0,0.0,0.0,0.0,-0.0
2025,56.349999999999994,0.0,,Fawley Refinery-power,0.0,0.0,134.32186480576613,False,0.0,0.0,-0.0,0.0,0.0,0.0,-0.0
2025,56.349999999999994,0.0,,Baldovie-W2E,0.0,0.0,134.50224562921326,False,0.0,0.0,0.0,0.0,0.0,0.0,0.0
2025,56.349999999999994,0.0,,Pembroke Refinery-crackers,0.0,0.0,135.6974630648525,False,0.0,0.0,-0.0,0.0,0.0,0.0,-0.0
2025,56.349999999999994,0.0,,Fawley Refinery-remaining,0.0,0.0,136.13383164089475,False,0.0,0.0,-0.0,0.0,0.0,0.0,-0.0
2025,56.349999999999994,0.0,,Stanlow Refinery-distillation,0.0,0.0,136.513911998797,False,0.0,0.0,-0.0,0.0,0.0,0.0,-0.0
2025,56.349999999999994,0.0,,Dunbar Works-cement,0.0,0.0,136.98298025518972,False,0.0,0.0,-0.0,0.0,0.0,0.0,-0.0
2025,56.349999999999994,0.0,,Stanlow Refinery-power,0.0,0.0,137.82970188412523,False,0.0,0.0,-0.0,0.0,0.0,0.0,-0.0
2025,56.349999999999994,0.0,,Hartlebury-W2E,0.0,0.0,138.13632582553586,False,0.0,0.0,0.0,0.0,0.0,0.0,0.0
2025,56.349999999999994,0.0,,Cauldon Cement-cement,0.0,0.0,138.4784310020895,False,0.0,0.0,-0.0,0.0,0.0,0.0,-0.0
2025,56.349999999999994,0.0,,Javelin Park-W2E,0.0,0.0,139.3228290773164,False,0.0,0.0,0.0,0.0,0.0,0.0,0.0
2025,56.349999999999994,0.0,,Sheffield-W2E,0.0,0.0,139.8343235952813,False,0.0,0.0,0.0,0.0,0.0,0.0,0.0
2025,56.349999999999994,0.0,,Pembroke Refinery-smr,0.0,0.0,139.8863360016444,False,0.0,0.0,-0.0,0.0,0.0,0.0,-0.0
2025,56.349999999999994,0.0,,Chineham-W2E,0.0,0.0,140.32141856258616,False,0.0,0.0,0.0,0.0,0.0,0.0,0.0
2025,56.349999999999994,0.0,,Stanlow Refinery-remaining,0.0,0.0,140.6432980315675,False,0.0,0.0,-0.0,0.0,0.0,0.0,-0.0
2025,56.349999999999994,0.0,,Grangemouth Refinery-crackers,0.0,0.0,140.79770433532283,False,0.0,0.0,-0.0,0.0,0.0,0.0,-0.0
2025,56.349999999999994,0.0,,Lindsey Oil Refinery-smr,0.0,0.0,141.9929815759613,False,0.0,0.0,-0.0,0.0,0.0,0.0,-0.0
2025,56.349999999999994,0.0,,Lindsey Oil Refinery-power,0.0,0.0,142.81115560903552,False,0.0,0.0,-0.0,0.0,0.0,0.0,-0.0
2025,56.349999999999994,0.0,,Wolverhampton-W2E,0.0,0.0,142.87736864384428,False,0.0,0.0,0.0,0.0,0.0,0.0,0.0
2025,56.349999999999994,0.0,,Devonport-W2E,0.0,0.0,143.82236892306247,False,0.0,0.0,0.0,0.0,0.0,0.0,0.0
2025,56.349999999999994,0.0,,Lindsey Oil Refinery-distillation,0.0,0.0,144.05717677984146,False,0.0,0.0,-0.0,0.0,0.0,0.0,-0.0
2025,56.349999999999994,0.0,,Pembroke Refinery-distillation,0.0,0.0,144.60895225355458,False,0.0,0.0,-0.0,0.0,0.0,0.0,-0.0
2025,56.349999999999994,0.0,,Cornwall-W2E,0.0,0.0,145.15316997971505,False,0.0,0.0,0.0,0.0,0.0,0.0,0.0
2025,56.349999999999994,0.0,,Pembroke Refinery-power,0.0,0.0,146.4191539632569,False,0.0,0.0,-0.0,0.0,0.0,0.0,-0.0
2025,56.349999999999994,0.0,,Lindsey Oil Refinery-remaining,0.0,0.0,148.07743604588833,False,0.0,0.0,-0.0,0.0,0.0,0.0,-0.0
2025,56.349999999999994,0.0,,Pembroke Refinery-remaining,0.0,0.0,148.6969572317184,False,0.0,0.0,-0.0,0.0,0.0,0.0,-0.0
2025,56.349999999999994,0.0,,Grangemouth Refinery-smr,0.0,0.0,149.4429641100151,False,0.0,0.0,-0.0,0.0,0.0,0.0,-0.0
2025,56.349999999999994,0.0,,Milton Keynes ACT-W2E,0.0,0.0,149.91840922239953,False,0.0,0.0,0.0,0.0,0.0,0.0,0.0
2025,56.349999999999994,0.0,,Belfast ACT-W2E,0.0,0.0,151.16178010182253,False,0.0,0.0,0.0,0.0,0.0,0.0,0.0
2025,56.349999999999994,0.0,,Grangemouth Refinery-power,0.0,0.0,151.2758042923232,False,0.0,0.0,-0.0,0.0,0.0,0.0,-0.0
2025,56.349999999999994,0.0,,Peterborough-W2E,0.0,0.0,151.58940342877088,False,0.0,0.0,0.0,0.0,0.0,0.0,0.0
2025,56.349999999999994,0.0,,Grangemouth Refinery-distillation,0.0,0.0,151.9931581726091,False,0.0,0.0,-0.0,0.0,0.0,0.0,-0.0
2025,56.349999999999994,0.0,,Pembroke Power Station-CCGT,0.0,0.0,153.5814237169616,False,0.0,0.0,-0.0,0.0,0.0,0.0,-0.0
2025,56.349999999999994,0.0,,NewLincs-W2E,0.0,0.0,154.91229031794154,False,0.0,0.0,0.0,0.0,0.0,0.0,0.0
2025,56.349999999999994,0.0,,Grangemouth Refinery-remaining,0.0,0.0,156.05875268873913,False,0.0,0.0,-0.0,0.0,0.0,0.0,-0.0
2025,56.349999999999994,0.0,,Dudley-W2E,0.0,0.0,157.17271920148522,False,0.0,0.0,0.0,0.0,0.0,0.0,0.0
2025,56.349999999999994,0.0,,Marchwood  Power  Station-CCGT,0.0,0.0,159.62812813767613,False,0.0,0.0,-0.0,0.0,0.0,0.0,-0.0
2025,56.349999999999994,0.0,,Baddesley-W2E,0.0,0.0,160.35967910131896,False,0.0,0.0,0.0,0.0,0.0,0.0,0.0
2025,56.349999999999994,0.0,,Enfield Power Station-CCGT,0.0,0.0,162.1675537167806,False,0.0,0.0,-0.0,0.0,0.0,0.0,-0.0
2025,56.349999999999994,0.0,,Battlefield-W2E,0.0,0.0,162.19804621799932,False,0.0,0.0,0.0,0.0,0.0,0.0,0.0
2025,56.349999999999994,0.0,,Saltend-CCGT,0.0,0.0,164.91708350379992,False,0.0,0.0,-0.0,0.0,0.0,0.0,-0.0
2025,56.349999999999994,0.0,,Immingham-CCGT,0.0,0.0,166.00773363458555,False,0.0,0.0,-0.0,0.0,0.0,0.0,-0.0
2025,56.349999999999994,0.0,,Didcot B-CCGT,0.0,0.0,168.98227960881977,False,0.0,0.0,-0.0,0.0,0.0,0.0,-0.0
2025,56.349999999999994,0.0,,Staythorpe Power Station-CCGT,0.0,0.0,169.40288726463294,False,0.0,0.0,-0.0,0.0,0.0,0.0,-0.0
2025,56.349999999999994,0.0,,Keadby-CCGT,0.0,0.0,176.90140497406722,False,0.0,0.0,-0.0,0.0,0.0,0.0,-0.0
2025,56.349999999999994,0.0,,Hooton Park ACT-W2E,0.0,0.0,179.27780846771287,False,0.0,0.0,0.0,0.0,0.0,0.0,0.0
2025,56.349999999999994,0.0,,Exeter-W2E,0.0,0.0,179.60333383475486,False,0.0,0.0,0.0,0.0,0.0,0.0,0.0
2025,56.349999999999994,0.0,,Bolton-W2E,0.0,0.0,181.92172711397333,False,0.0,0.0,0.0,0.0,0.0,0.0,0.0
2025,56.349999999999994,0.0,,West Burton B CCGT Power Station-CCGT,0.0,0.0,181.9230998694337,False,0.0,0.0,-0.0,0.0,0.0,0.0,-0.0
2025,56.349999999999994,0.0,,Levenseat ACT-W2E,0.0,0.0,183.8322948806435,False,0.0,0.0,0.0,0.0,0.0,0.0,0.0
2025,56.349999999999994,0.0,,Coolkeeragh-CCGT,0.0,0.0,184.70017000442445,False,0.0,0.0,-0.0,0.0,0.0,0.0,-0.0
2025,56.349999999999994,0.0,,Carrington CCGT-CCGT,0.0,0.0,189.2092334567789,False,0.0,0.0,-0.0,0.0,0.0,0.0,-0.0
2025,56.349999999999994,0.0,,Ballylumford-CCGT,0.0,0.0,195.1740589779237,False,0.0,0.0,-0.0,0.0,0.0,0.0,-0.0
2025,56.349999999999994,0.0,,Glasgow ACT-W2E,0.0,0.0,195.93562567320143,False,0.0,0.0,0.0,0.0,0.0,0.0,0.0
2025,56.349999999999994,0.0,,NESS-W2E,0.0,0.0,198.75501981615415,False,0.0,0.0,0.0,0.0,0.0,0.0,0.0
2025,56.349999999999994,0.0,,Energy Works ACT-W2E,0.0,0.0,201.40339180076796,False,0.0,0.0,0.0,0.0,0.0,0.0,0.0
2025,56.349999999999994,0.0,,Eco Park ACT-W2E,0.0,0.0,202.93011759687164,False,0.0,0.0,0.0,0.0,0.0,0.0,0.0
2025,56.349999999999994,0.0,,Kilroot-CCGT,0.0,0.0,207.3906503608189,False,0.0,0.0,-0.0,0.0,0.0,0.0,-0.0
2025,56.349999999999994,0.0,,Kings Lynn Power Station-CCGT,0.0,0.0,208.8847375922057,False,0.0,0.0,-0.0,0.0,0.0,0.0,-0.0
2025,56.349999999999994,0.0,,Spalding-CCGT,0.0,0.0,210.92034860788132,False,0.0,0.0,-0.0,0.0,0.0,0.0,-0.0
2025,56.349999999999994,0.0,,Seabank-CCGT,0.0,0.0,215.24318898826735,False,0.0,0.0,-0.0,0.0,0.0,0.0,-0.0
2025,56.349999999999994,0.0,,Shoreham Power Station-CCGT,0.0,0.0,223.96100678992715,False,0.0,0.0,-0.0,0.0,0.0,0.0,-0.0
2025,56.349999999999994,0.0,,Damhead Creek Power Station-CCGT,0.0,0.0,231.84613890879083,False,0.0,0.0,-0.0,0.0,0.0,0.0,-0.0
2025,56.349999999999994,0.0,,Cottam Development Centre-CCGT,0.0,0.0,238.4158800035795,False,0.0,0.0,-0.0,0.0,0.0,0.0,-0.0
2025,56.349999999999994,0.0,,Great Yarmouth Power Station-CCGT,0.0,0.0,240.013145571761,False,0.0,0.0,-0.0,0.0,0.0,0.0,-0.0
2025,56.349999999999994,0.0,,Little Barford-CCGT,0.0,0.0,240.7576776464302,False,0.0,0.0,-0.0,0.0,0.0,0.0,-0.0
2025,56.349999999999994,0.0,,South Humber-CCGT,0.0,0.0,246.5252661657621,False,0.0,0.0,-0.0,0.0,0.0,0.0,-0.0
2025,56.349999999999994,0.0,,Langage Energy Centre-CCGT,0.0,0.0,250.05603522765227,False,0.0,0.0,-0.0,0.0,0.0,0.0,-0.0
2025,56.349999999999994,0.0,,Grain CCGT-CCGT,0.0,0.0,256.5493066919562,False,0.0,0.0,-0.0,0.0,0.0,0.0,-0.0
2025,56.349999999999994,0.0,,Peterhead Power Station-CCGT,0.0,0.0,275.097064063588,False,0.0,0.0,-0.0,0.0,0.0,0.0,-0.0
2025,56.349999999999994,0.0,,Connahs Quay Power Station-CCGT,0.0,0.0,279.14393107084203,False,0.0,0.0,-0.0,0.0,0.0,0.0,-0.0
2025,56.349999999999994,0.0,,Medway-CCGT,0.0,0.0,311.36638697059976,False,0.0,0.0,-0.0,0.0,0.0,0.0,-0.0
2025,56.349999999999994,0.0,,Isle of Wight-W2E,0.0,0.0,378.6296091247897,False,0.0,0.0,0.0,0.0,0.0,0.0,0.0
2025,56.349999999999994,0.0,,Coryton-CCGT,0.0,0.0,386.8501086268143,False,0.0,0.0,-0.0,0.0,0.0,0.0,-0.0
2025,56.349999999999994,0.0,,Rye House-CCGT,0.0,0.0,392.2249091956061,False,0.0,0.0,-0.0,0.0,0.0,0.0,-0.0
2025,56.349999999999994,0.0,,Rocksavage-CCGT,0.0,0.0,430.77402140379735,False,0.0,0.0,-0.0,0.0,0.0,0.0,-0.0
2026,71.3,16.819480481895084,2026.0,Tees Valley-W2E,304.33924500000006,350.153755,88.11948048189508,True,0.0,16.819480481895084,0.0,0.0,5118.827991152187,11008.23223903696,0.0
2026,71.3,16.819480481895084,,Runcorn-W2E,0.0,0.0,92.55278428419912,False,0.0,0.0,0.0,0.0,0.0,0.0,0.0
2026,71.3,16.819480481895084,,Riverside-W2E,0.0,0.0,95.11886046105766,False,0.0,0.0,0.0,0.0,0.0,0.0,0.0
2026,71.3,16.819480481895084,,Wilton 11-W2E,0.0,0.0,95.57551058511204,False,0.0,0.0,0.0,0.0,0.0,0.0,0.0
2026,71.3,16.819480481895084,,Scunthorpe Power Station-chp,0.0,0.0,96.72056387395656,False,0.03851795070519835,0.0,-0.03851795070519835,63.3421376036054,0.0,0.0,-63.3421376036054
2026,71.3,16.819480481895084,,Ferrybridge FM1-W2E,0.0,0.0,98.85154951082956,False,0.0,0.0,0.0,0.0,0.0,0.0,0.0
2026,71.3,16.819480481895084,,Ferrybridge FM2-W2E,0.0,0.0,98.9301306912529,False,0.0,0.0,0.0,0.0,0.0,0.0,0.0
2026,71.3,16.819480481895084,,Drax-BECCS,0.0,0.0,99.24068628496312,False,0.0,0.0,0.0,0.0,0.0,0.0,0.0
2026,71.3,16.819480481895084,,Kemsley-W2E,0.0,0.0,99.80091077600858,False,0.0,0.0,0.0,0.0,0.0,0.0,0.0
2026,71.3,16.819480481895084,,Allington-W2E,0.0,0.0,100.90154534306674,False,0.0,0.0,0.0,0.0,0.0,0.0,0.0
2026,71.3,16.819480481895084,,Scunthorpe Blast Furnaces-stove,0.0,0.0,101.76356955343398,False,0.03851795070519835,0.0,-0.03851795070519835,40.311257972623196,0.0,0.0,-40.311257972623196
2026,71.3,16.819480481895084,,Edmonton-W2E,0.0,0.0,102.28156448231805,False,0.0,0.0,0.0,0.0,0.0,0.0,0.0
2026,71.3,16.819480481895084,,Rookery South C-W2E,0.0,0.0,103.38827027423388,False,0.0,0.0,0.0,0.0,0.0,0.0,0.0
2026,71.3,16.819480481895084,,SELCHP-W2E,0.0,0.0,105.54933952858303,False,0.0,0.0,0.0,0.0,0.0,0.0,0.0
2026,71.3,16.819480481895084,,Lakeside-W2E,0.0,0.0,105.75229786444092,False,0.0,0.0,0.0,0.0,0.0,0.0,0.0
2026,71.3,16.819480481895084,,Trident Park-W2E,0.0,0.0,106.89966600386146,False,0.0,0.0,0.0,0.0,0.0,0.0,0.0
2026,71.3,16.819480481895084,,Severnside-W2E,0.0,0.0,107.69026084360516,False,0.0,0.0,0.0,0.0,0.0,0.0,0.0
2026,71.3,16.819480481895084,,Avonmouth-W2E,0.0,0.0,108.09353634841528,False,0.0,0.0,0.0,0.0,0.0,0.0,0.0
2026,71.3,16.819480481895084,,Beddington Lane-W2E,0.0,0.0,108.33273184526364,False,0.0,0.0,0.0,0.0,0.0,0.0,0.0
2026,71.3,16.819480481895084,,Tyseley-W2E,0.0,0.0,109.84350345016378,False,0.0,0.0,0.0,0.0,0.0,0.0,0.0
2026,71.3,16.819480481895084,,Allerton Park-W2E,0.0,0.0,110.24876424941378,False,0.0,0.0,0.0,0.0,0.0,0.0,0.0
2026,71.3,16.819480481895084,,Four Ashes-W2E,0.0,0.0,111.41254904821844,False,0.0,0.0,0.0,0.0,0.0,0.0,0.0
2026,71.3,16.819480481895084,,Ardley-W2E,0.0,0.0,111.75263386171072,False,0.0,0.0,0.0,0.0,0.0,0.0,0.0
2026,71.3,16.819480481895084,,Great Blakenham-W2E,0.0,0.0,111.99950117220564,False,0.0,0.0,0.0,0.0,0.0,0.0,0.0
2026,71.3,16.819480481895084,,North Hykeham-W2E,0.0,0.0,112.24726485697003,False,0.0,0.0,0.0,0.0,0.0,0.0,0.0
2026,71.3,16.819480481895084,,Scunthorpe Sinter-sinter,0.0,0.0,112.48245883079248,False,0.03851795070519835,0.0,-0.03851795070519835,25.68955317816944,0.0,0.0,-25.68955317816944
2026,71.3,16.819480481895084,,Coventry-W2E,0.0,0.0,114.86629159129888,False,0.0,0.0,0.0,0.0,0.0,0.0,0.0
2026,71.3,16.819480481895084,,Greatmoor-W2E,0.0,0.0,115.52278790869914,False,0.0,0.0,0.0,0.0,0.0,0.0,0.0
2026,71.3,16.819480481895084,,South Killingholme-crackers,0.0,0.0,119.41657844198282,False,0.03851795070519835,0.0,-0.03851795070519835,15.462556426947573,0.0,0.0,-15.462556426947573
2026,71.3,16.819480481895084,,Marchwood-W2E,0.0,0.0,119.76307582774996,False,0.0,0.0,0.0,0.0,0.0,0.0,0.0
2026,71.3,16.819480481895084,,New Rugby-cement,0.0,0.0,119.94033644561048,False,0.014251641760923391,0.0,-0.014251641760923391,12.994545104888715,0.0,0.0,-12.994545104888715
2026,71.3,16.819480481895084,,Dunbar-W2E,0.0,0.0,120.88122377816076,False,0.0,0.0,0.0,0.0,0.0,0.0,0.0
2026,71.3,16.819480481895084,,Portsmouth-W2E,0.0,0.0,121.9344089585544,False,0.0,0.0,0.0,0.0,0.0,0.0,0.0
2026,71.3,16.819480481895084,,Grangemouth Power Station-CCGT,0.0,0.0,122.37005813568526,False,0.03851795070519835,0.0,-0.03851795070519835,20.36493850453018,0.0,0.0,-20.36493850453018
2026,71.3,16.819480481895084,,Newhurst-W2E,0.0,0.0,122.92780800610014,False,0.0,0.0,0.0,0.0,0.0,0.0,0.0
2026,71.3,16.819480481895084,,Fawley Refinery-crackers,0.0,0.0,123.76948009124162,False,0.03851795070519835,0.0,-0.03851795070519835,24.349431797392043,0.0,0.0,-24.349431797392043
2026,71.3,16.819480481895084,,South Killingholme-smr,0.0,0.0,124.23754446793583,False,0.03851795070519835,0.0,-0.03851795070519835,9.12290829189907,0.0,0.0,-9.12290829189907
2026,71.3,16.819480481895084,,Hope Cement Works-cement,0.0,0.0,124.28720193448665,False,0.014251641760923391,0.0,-0.014251641760923391,15.053875259438104,0.0,0.0,-15.053875259438104
2026,71.3,16.819480481895084,,Parc Adfer-W2E,0.0,0.0,125.7346990960452,False,0.0,0.0,0.0,0.0,0.0,0.0,0.0
2026,71.3,16.819480481895084,,Eastcroft-W2E,0.0,0.0,125.9173094124788,False,0.0,0.0,0.0,0.0,0.0,0.0,0.0
2026,71.3,16.819480481895084,,Tunstead Cement-cement,0.0,0.0,126.32727118201583,False,0.014251641760923391,0.0,-0.014251641760923391,9.322361577680027,0.0,0.0,-9.322361577680027
2026,71.3,16.819480481895084,,Stanlow Refinery-crackers,0.0,0.0,127.0371190337797,False,0.03851795070519835,0.0,-0.03851795070519835,14.301216574103208,0.0,0.0,-14.301216574103208
2026,71.3,16.819480481895084,,Fawley Refinery-smr,0.0,0.0,127.12699478695876,False,0.03851795070519835,0.0,-0.03851795070519835,14.366164760461304,0.0,0.0,-14.366164760461304
2026,71.3,16.819480481895084,,Millerhill-W2E,0.0,0.0,127.43285186483614,False,0.0,0.0,0.0,0.0,0.0,0.0,0.0
2026,71.3,16.819480481895084,,Padeswood-cement,0.0,0.0,127.4850460006812,False,0.014251641760923391,0.0,-0.014251641760923391,7.059816618517358,0.0,0.0,-7.059816618517358
2026,71.3,16.819480481895084,,South Killingholme-distillation,0.0,0.0,128.70945593540847,False,0.03851795070519835,0.0,-0.03851795070519835,13.143172962905437,0.0,0.0,-13.143172962905437
2026,71.3,16.819480481895084,,Ketton-cement,0.0,0.0,129.98256974643843,False,0.014251641760923391,0.0,-0.014251641760923391,9.53330332636397,0.0,0.0,-9.53330332636397
2026,71.3,16.819480481895084,,South Killingholme-power,0.0,0.0,130.1966886940948,False,0.03851795070519835,0.0,-0.03851795070519835,23.039209076151877,0.0,0.0,-23.039209076151877
2026,71.3,16.819480481895084,,Newhaven-W2E,0.0,0.0,130.2947760528612,False,0.0,0.0,0.0,0.0,0.0,0.0,0.0
2026,71.3,16.819480481895084,,Leeds-W2E,0.0,0.0,130.72273227888334,False,0.0,0.0,0.0,0.0,0.0,0.0,0.0
2026,71.3,16.819480481895084,,Ribblesdale-cement,0.0,0.0,131.22283623409905,False,0.014251641760923391,0.0,-0.014251641760923391,7.317405430585176,0.0,0.0,-7.317405430585176
2026,71.3,16.819480481895084,,Hanford-W2E,0.0,0.0,131.66934911672453,False,0.0,0.0,0.0,0.0,0.0,0.0,0.0
2026,71.3,16.819480481895084,,Fawley Refinery-distillation,0.0,0.0,132.12222727391224,False,0.03851795070519835,0.0,-0.03851795070519835,20.69701702778324,0.0,0.0,-20.69701702778324
2026,71.3,16.819480481895084,,Stanlow Refinery-smr,0.0,0.0,132.18064919232714,False,0.03851795070519835,0.0,-0.03851795070519835,8.437717778720891,0.0,0.0,-8.437717778720891
2026,71.3,16.819480481895084,,Kirklees-W2E,0.0,0.0,132.2826363227577,False,0.0,0.0,0.0,0.0,0.0,0.0,0.0
2026,71.3,16.819480481895084,,Lindsey Oil Refinery-crackers,0.0,0.0,132.48929210893525,False,0.03851795070519835,0.0,-0.03851795070519835,7.054816322669876,0.0,0.0,-7.054816322669876
2026,71.3,16.819480481895084,,South Killingholme-remaining,0.0,0.0,132.82916790483205,False,0.03851795070519835,0.0,-0.03851795070519835,14.53480304133072,0.0,0.0,-14.53480304133072
2026,71.3,16.819480481895084,,Fawley Refinery-power,0.0,0.0,134.32186480576613,False,0.03851795070519835,0.0,-0.03851795070519835,36.28065337811414,0.0,0.0,-36.28065337811414
2026,71.3,16.819480481895084,,Baldovie-W2E,0.0,0.0,134.50224562921326,False,0.0,0.0,0.0,0.0,0.0,0.0,0.0
2026,71.3,16.819480481895084,,Pembroke Refinery-crackers,0.0,0.0,135.6974630648525,False,0.03851795070519835,0.0,-0.03851795070519835,18.373778077274274,0.0,0.0,-18.373778077274274
2026,71.3,16.819480481895084,,Fawley Refinery-remaining,0.0,0.0,136.13383164089475,False,0.03851795070519835,0.0,-0.03851795070519835,22.888465889548524,0.0,0.0,-22.888465889548524
2026,71.3,16.819480481895084,,Stanlow Refinery-distillation,0.0,0.0,136.513911998797,False,0.03851795070519835,0.0,-0.03851795070519835,12.156034087987726,0.0,0.0,-12.156034087987726
2026,71.3,16.819480481895084,,Dunbar Works-cement,0.0,0.0,136.98298025518972,False,0.014251641760923391,0.0,-0.014251641760923391,6.316550226857643,0.0,0.0,-6.316550226857643
2026,71.3,16.819480481895084,,Stanlow Refinery-power,0.0,0.0,137.82970188412523,False,0.03851795070519835,0.0,-0.03851795070519835,21.308812695413778,0.0,0.0,-21.308812695413778
2026,71.3,16.819480481895084,,Hartlebury-W2E,0.0,0.0,138.13632582553586,False,0.0,0.0,0.0,0.0,0.0,0.0,0.0
2026,71.3,16.819480481895084,,Cauldon Cement-cement,0.0,0.0,138.4784310020895,False,0.014251641760923391,0.0,-0.014251641760923391,7.6554662493323935,0.0,0.0,-7.6554662493323935
2026,71.3,16.819480481895084,,Javelin Park-W2E,0.0,0.0,139.3228290773164,False,0.0,0.0,0.0,0.0,0.0,0.0,0.0
2026,71.3,16.819480481895084,,Sheffield-W2E,0.0,0.0,139.8343235952813,False,0.0,0.0,0.0,0.0,0.0,0.0,0.0
2026,71.3,16.819480481895084,,Pembroke Refinery-smr,0.0,0.0,139.8863360016444,False,0.03851795070519835,0.0,-0.03851795070519835,10.84052906559182,0.0,0.0,-10.84052906559182
2026,71.3,16.819480481895084,,Chineham-W2E,0.0,0.0,140.32141856258616,False,0.0,0.0,0.0,0.0,0.0,0.0,0.0
2026,71.3,16.819480481895084,,Stanlow Refinery-remaining,0.0,0.0,140.6432980315675,False,0.03851795070519835,0.0,-0.03851795070519835,13.443143579657015,0.0,0.0,-13.443143579657015
2026,71.3,16.819480481895084,,Grangemouth Refinery-crackers,0.0,0.0,140.79770433532283,False,0.03851795070519835,0.0,-0.03851795070519835,7.841680803496619,0.0,0.0,-7.841680803496619
2026,71.3,16.819480481895084,,Lindsey Oil Refinery-smr,0.0,0.0,141.9929815759613,False,0.03851795070519835,0.0,-0.03851795070519835,4.162341630375226,0.0,0.0,-4.162341630375226
2026,71.3,16.819480481895084,,Lindsey Oil Refinery-power,0.0,0.0,142.81115560903552,False,0.03851795070519835,0.0,-0.03851795070519835,10.511676320778117,0.0,0.0,-10.511676320778117
2026,71.3,16.819480481895084,,Wolverhampton-W2E,0.0,0.0,142.87736864384428,False,0.0,0.0,0.0,0.0,0.0,0.0,0.0
2026,71.3,16.819480481895084,,Devonport-W2E,0.0,0.0,143.82236892306247,False,0.0,0.0,0.0,0.0,0.0,0.0,0.0
2026,71.3,16.819480481895084,,Lindsey Oil Refinery-distillation,0.0,0.0,144.05717677984146,False,0.03851795070519835,0.0,-0.03851795070519835,5.996593874269395,0.0,0.0,-5.996593874269395
2026,71.3,16.819480481895084,,Pembroke Refinery-distillation,0.0,0.0,144.60895225355458,False,0.03851795070519835,0.0,-0.03851795070519835,15.617711365683132,0.0,0.0,-15.617711365683132
2026,71.3,16.819480481895084,,Cornwall-W2E,0.0,0.0,145.15316997971505,False,0.0,0.0,0.0,0.0,0.0,0.0,0.0
2026,71.3,16.819480481895084,,Pembroke Refinery-power,0.0,0.0,146.4191539632569,False,0.03851795070519835,0.0,-0.03851795070519835,27.376929335138662,0.0,0.0,-27.376929335138662
2026,71.3,16.819480481895084,,Lindsey Oil Refinery-remaining,0.0,0.0,148.07743604588833,False,0.03851795070519835,0.0,-0.03851795070519835,6.631527343309684,0.0,0.0,-6.631527343309684
2026,71.3,16.819480481895084,,Pembroke Refinery-remaining,0.0,0.0,148.6969572317184,False,0.03851795070519835,0.0,-0.03851795070519835,17.271351392637815,0.0,0.0,-17.271351392637815
2026,71.3,16.819480481895084,,Grangemouth Refinery-smr,0.0,0.0,149.4429641100151,False,0.03851795070519835,0.0,-0.03851795070519835,4.626591674063004,0.0,0.0,-4.626591674063004
2026,71.3,16.819480481895084,,Milton Keynes ACT-W2E,0.0,0.0,149.91840922239953,False,0.0,0.0,0.0,0.0,0.0,0.0,0.0
2026,71.3,16.819480481895084,,Belfast ACT-W2E,0.0,0.0,151.16178010182253,False,0.0,0.0,0.0,0.0,0.0,0.0,0.0
2026,71.3,16.819480481895084,,Grangemouth Refinery-power,0.0,0.0,151.2758042923232,False,0.03851795070519835,0.0,-0.03851795070519835,11.68410439720996,0.0,0.0,-11.68410439720996
2026,71.3,16.819480481895084,,Peterborough-W2E,0.0,0.0,151.58940342877088,False,0.0,0.0,0.0,0.0,0.0,0.0,0.0
2026,71.3,16.819480481895084,,Grangemouth Refinery-distillation,0.0,0.0,151.9931581726091,False,0.03851795070519835,0.0,-0.03851795070519835,6.665428682972125,0.0,0.0,-6.665428682972125
2026,71.3,16.819480481895084,,Pembroke Power Station-CCGT,0.0,0.0,153.5814237169616,False,0.03851795070519835,0.0,-0.03851795070519835,203.81229501300487,0.0,0.0,-203.81229501300487
2026,71.3,16.819480481895084,,NewLincs-W2E,0.0,0.0,154.91229031794154,False,0.0,0.0,0.0,0.0,0.0,0.0,0.0
2026,71.3,16.819480481895084,,Grangemouth Refinery-remaining,0.0,0.0,156.05875268873913,False,0.03851795070519835,0.0,-0.03851795070519835,7.371179955286819,0.0,0.0,-7.371179955286819
2026,71.3,16.819480481895084,,Dudley-W2E,0.0,0.0,157.17271920148522,False,0.0,0.0,0.0,0.0,0.0,0.0,0.0
2026,71.3,16.819480481895084,,Marchwood  Power  Station-CCGT,0.0,0.0,159.62812813767613,False,0.03851795070519835,0.0,-0.03851795070519835,73.62010296301005,0.0,0.0,-73.62010296301005
2026,71.3,16.819480481895084,,Baddesley-W2E,0.0,0.0,160.35967910131896,False,0.0,0.0,0.0,0.0,0.0,0.0,0.0
2026,71.3,16.819480481895084,,Enfield Power Station-CCGT,0.0,0.0,162.1675537167806,False,0.03851795070519835,0.0,-0.03851795070519835,32.695218808136794,0.0,0.0,-32.695218808136794
2026,71.3,16.819480481895084,,Battlefield-W2E,0.0,0.0,162.19804621799932,False,0.0,0.0,0.0,0.0,0.0,0.0,0.0
2026,71.3,16.819480481895084,,Saltend-CCGT,0.0,0.0,164.91708350379992,False,0.03851795070519835,0.0,-0.03851795070519835,88.37795510982204,0.0,0.0,-88.37795510982204
2026,71.3,16.819480481895084,,Immingham-CCGT,0.0,0.0,166.00773363458555,False,0.03851795070519835,0.0,-0.03851795070519835,88.339638337603,0.0,0.0,-88.339638337603
2026,71.3,16.819480481895084,,Didcot B-CCGT,0.0,0.0,168.98227960881977,False,0.03851795070519835,0.0,-0.03851795070519835,107.97783949810523,0.0,0.0,-107.97783949810523
2026,71.3,16.819480481895084,,Staythorpe Power Station-CCGT,0.0,0.0,169.40288726463294,False,0.03851795070519835,0.0,-0.03851795070519835,137.6700612837611,0.0,0.0,-137.6700612837611
2026,71.3,16.819480481895084,,Keadby-CCGT,0.0,0.0,176.90140497406722,False,0.03851795070519835,0.0,-0.03851795070519835,45.860483392010956,0.0,0.0,-45.860483392010956
2026,71.3,16.819480481895084,,Hooton Park ACT-W2E,0.0,0.0,179.27780846771287,False,0.0,0.0,0.0,0.0,0.0,0.0,0.0
2026,71.3,16.819480481895084,,Exeter-W2E,0.0,0.0,179.60333383475486,False,0.0,0.0,0.0,0.0,0.0,0.0,0.0
2026,71.3,16.819480481895084,,Bolton-W2E,0.0,0.0,181.92172711397333,False,0.0,0.0,0.0,0.0,0.0,0.0,0.0
2026,71.3,16.819480481895084,,West Burton B CCGT Power Station-CCGT,0.0,0.0,181.9230998694337,False,0.03851795070519835,0.0,-0.03851795070519835,90.33644280311853,0.0,0.0,-90.33644280311853
2026,71.3,16.819480481895084,,Levenseat ACT-W2E,0.0,0.0,183.8322948806435,False,0.0,0.0,0.0,0.0,0.0,0.0,0.0
2026,71.3,16.819480481895084,,Coolkeeragh-CCGT,0.0,0.0,184.70017000442445,False,0.03851795070519835,0.0,-0.03851795070519835,29.28170040750025,0.0,0.0,-29.28170040750025
2026,71.3,16.819480481895084,,Carrington CCGT-CCGT,0.0,0.0,189.2092334567789,False,0.03851795070519835,0.0,-0.03851795070519835,67.85692075441825,0.0,0.0,-67.85692075441825
2026,71.3,16.819480481895084,,Ballylumford-CCGT,0.0,0.0,195.1740589779237,False,0.03851795070519835,0.0,-0.03851795070519835,42.29762394885351,0.0,0.0,-42.29762394885351
2026,71.3,16.819480481895084,,Glasgow ACT-W2E,0.0,0.0,195.93562567320143,False,0.0,0.0,0.0,0.0,0.0,0.0,0.0
2026,71.3,16.819480481895084,,NESS-W2E,0.0,0.0,198.75501981615415,False,0.0,0.0,0.0,0.0,0.0,0.0,0.0
2026,71.3,16.819480481895084,,Energy Works ACT-W2E,0.0,0.0,201.40339180076796,False,0.0,0.0,0.0,0.0,0.0,0.0,0.0
2026,71.3,16.819480481895084,,Eco Park ACT-W2E,0.0,0.0,202.93011759687164,False,0.0,0.0,0.0,0.0,0.0,0.0,0.0
2026,71.3,16.819480481895084,,Kilroot-CCGT,0.0,0.0,207.3906503608189,False,0.03851795070519835,0.0,-0.03851795070519835,42.96735234119145,0.0,0.0,-42.96735234119145
2026,71.3,16.819480481895084,,Kings Lynn Power Station-CCGT,0.0,0.0,208.8847375922057,False,0.03851795070519835,0.0,-0.03851795070519835,24.633996880385297,0.0,0.0,-24.633996880385297
2026,71.3,16.819480481895084,,Spalding-CCGT,0.0,0.0,210.92034860788132,False,0.03851795070519835,0.0,-0.03851795070519835,54.04028773434352,0.0,0.0,-54.04028773434352
2026,71.3,16.819480481895084,,Seabank-CCGT,0.0,0.0,215.24318898826735,False,0.03851795070519835,0.0,-0.03851795070519835,65.94353340073623,0.0,0.0,-65.94353340073623
2026,71.3,16.819480481895084,,Shoreham Power Station-CCGT,0.0,0.0,223.96100678992715,False,0.03851795070519835,0.0,-0.03851795070519835,23.680941701765047,0.0,0.0,-23.680941701765047
2026,71.3,16.819480481895084,,Damhead Creek Power Station-CCGT,0.0,0.0,231.84613890879083,False,0.03851795070519835,0.0,-0.03851795070519835,39.48313559994737,0.0,0.0,-39.48313559994737
2026,71.3,16.819480481895084,,Cottam Development Centre-CCGT,0.0,0.0,238.4158800035795,False,0.03851795070519835,0.0,-0.03851795070519835,22.311666766236385,0.0,0.0,-22.311666766236385
2026,71.3,16.819480481895084,,Great Yarmouth Power Station-CCGT,0.0,0.0,240.013145571761,False,0.03851795070519835,0.0,-0.03851795070519835,22.967860927511758,0.0,0.0,-22.967860927511758
2026,71.3,16.819480481895084,,Little Barford-CCGT,0.0,0.0,240.7576776464302,False,0.03851795070519835,0.0,-0.03851795070519835,35.5278182205827,0.0,0.0,-35.5278182205827
2026,71.3,16.819480481895084,,South Humber-CCGT,0.0,0.0,246.5252661657621,False,0.03851795070519835,0.0,-0.03851795070519835,57.388267223025764,0.0,0.0,-57.388267223025764
2026,71.3,16.819480481895084,,Langage Energy Centre-CCGT,0.0,0.0,250.05603522765227,False,0.03851795070519835,0.0,-0.03851795070519835,44.58966650536275,0.0,0.0,-44.58966650536275
2026,71.3,16.819480481895084,,Grain CCGT-CCGT,0.0,0.0,256.5493066919562,False,0.03851795070519835,0.0,-0.03851795070519835,63.27756475582763,0.0,0.0,-63.27756475582763
2026,71.3,16.819480481895084,,Peterhead Power Station-CCGT,0.0,0.0,275.097064063588,False,0.03851795070519835,0.0,-0.03851795070519835,52.03371094611361,0.0,0.0,-52.03371094611361
2026,71.3,16.819480481895084,,Connahs Quay Power Station-CCGT,0.0,0.0,279.14393107084203,False,0.03851795070519835,0.0,-0.03851795070519835,52.828473928851054,0.0,0.0,-52.828473928851054
2026,71.3,16.819480481895084,,Medway-CCGT,0.0,0.0,311.36638697059976,False,0.03851795070519835,0.0,-0.03851795070519835,24.807832408415685,0.0,0.0,-24.807832408415685
2026,71.3,16.819480481895084,,Isle of Wight-W2E,0.0,0.0,378.6296091247897,False,0.0,0.0,0.0,0.0,0.0,0.0,0.0
2026,71.3,16.819480481895084,,Coryton-CCGT,0.0,0.0,386.8501086268143,False,0.03851795070519835,0.0,-0.03851795070519835,20.75180497795518,0.0,0.0,-20.75180497795518
2026,71.3,16.819480481895084,,Rye House-CCGT,0.0,0.0,392.2249091956061,False,0.03851795070519835,0.0,-0.03851795070519835,18.620502547571405,0.0,0.0,-18.620502547571405
2026,71.3,16.819480481895084,,Rocksavage-CCGT,0.0,0.0,430.77402140379735,False,0.03851795070519835,0.0,-0.03851795070519835,18.558211532467052,0.0,0.0,-18.558211532467052
2027,75.89999999999999,19.218860461057673,2026.0,Tees Valley-W2E,304.33924500000006,350.153755,88.11948048189508,False,0.0,19.218860461057673,6.999379979162583,0.0,5849.0534824786455,12578.609639739021,4581.045200702057
2027,75.89999999999999,19.218860461057673,2027.0,Runcorn-W2E,411.702165,473.6788349999999,92.55278428419912,False,0.0,19.218860461057673,2.5660761768585445,0.0,7912.446460650342,17016.013893871703,2271.9550915431946
2027,75.89999999999999,19.218860461057673,2027.0,Riverside-W2E,342.00285,393.48714999999993,95.11886046105766,True,0.0,19.218860461057673,0.0,0.0,6572.905051434039,14135.279680503309,0.0
2027,75.89999999999999,19.218860461057673,,Wilton 11-W2E,0.0,0.0,95.57551058511204,False,0.0,0.0,0.0,0.0,0.0,0.0,0.0
2027,75.89999999999999,19.218860461057673,,Scunthorpe Power Station-chp,0.0,0.0,96.72056387395656,False,0.15490063373728744,0.0,-0.15490063373728744,254.7315492500684,0.0,0.0,-254.7315492500684
2027,75.89999999999999,19.218860461057673,,Ferrybridge FM1-W2E,0.0,0.0,98.85154951082956,False,0.0,0.0,0.0,0.0,0.0,0.0,0.0
2027,75.89999999999999,19.218860461057673,,Ferrybridge FM2-W2E,0.0,0.0,98.9301306912529,False,0.0,0.0,0.0,0.0,0.0,0.0,0.0
2027,75.89999999999999,19.218860461057673,,Drax-BECCS,0.0,0.0,99.24068628496312,False,0.0,0.0,0.0,0.0,0.0,0.0,0.0
2027,75.89999999999999,19.218860461057673,,Kemsley-W2E,0.0,0.0,99.80091077600858,False,0.0,0.0,0.0,0.0,0.0,0.0,0.0
2027,75.89999999999999,19.218860461057673,,Allington-W2E,0.0,0.0,100.90154534306674,False,0.0,0.0,0.0,0.0,0.0,0.0,0.0
2027,75.89999999999999,19.218860461057673,,Scunthorpe Blast Furnaces-stove,0.0,0.0,101.76356955343398,False,0.15490063373728744,0.0,-0.15490063373728744,162.11245126973736,0.0,0.0,-162.11245126973736
2027,75.89999999999999,19.218860461057673,,Edmonton-W2E,0.0,0.0,102.28156448231805,False,0.0,0.0,0.0,0.0,0.0,0.0,0.0
2027,75.89999999999999,19.218860461057673,,Rookery South C-W2E,0.0,0.0,103.38827027423388,False,0.0,0.0,0.0,0.0,0.0,0.0,0.0
2027,75.89999999999999,19.218860461057673,,SELCHP-W2E,0.0,0.0,105.54933952858303,False,0.0,0.0,0.0,0.0,0.0,0.0,0.0
2027,75.89999999999999,19.218860461057673,,Lakeside-W2E,0.0,0.0,105.75229786444092,False,0.0,0.0,0.0,0.0,0.0,0.0,0.0
2027,75.89999999999999,19.218860461057673,,Trident Park-W2E,0.0,0.0,106.89966600386146,False,0.0,0.0,0.0,0.0,0.0,0.0,0.0
2027,75.89999999999999,19.218860461057673,,Severnside-W2E,0.0,0.0,107.69026084360516,False,0.0,0.0,0.0,0.0,0.0,0.0,0.0
2027,75.89999999999999,19.218860461057673,,Avonmouth-W2E,0.0,0.0,108.09353634841528,False,0.0,0.0,0.0,0.0,0.0,0.0,0.0
2027,75.89999999999999,19.218860461057673,,Beddington Lane-W2E,0.0,0.0,108.33273184526364,False,0.0,0.0,0.0,0.0,0.0,0.0,0.0
2027,75.89999999999999,19.218860461057673,,Tyseley-W2E,0.0,0.0,109.84350345016378,False,0.0,0.0,0.0,0.0,0.0,0.0,0.0
2027,75.89999999999999,19.218860461057673,,Allerton Park-W2E,0.0,0.0,110.24876424941378,False,0.0,0.0,0.0,0.0,0.0,0.0,0.0
2027,75.89999999999999,19.218860461057673,,Four Ashes-W2E,0.0,0.0,111.41254904821844,False,0.0,0.0,0.0,0.0,0.0,0.0,0.0
2027,75.89999999999999,19.218860461057673,,Ardley-W2E,0.0,0.0,111.75263386171072,False,0.0,0.0,0.0,0.0,0.0,0.0,0.0
2027,75.89999999999999,19.218860461057673,,Great Blakenham-W2E,0.0,0.0,111.99950117220564,False,0.0,0.0,0.0,0.0,0.0,0.0,0.0
2027,75.89999999999999,19.218860461057673,,North Hykeham-W2E,0.0,0.0,112.24726485697003,False,0.0,0.0,0.0,0.0,0.0,0.0,0.0
2027,75.89999999999999,19.218860461057673,,Scunthorpe Sinter-sinter,0.0,0.0,112.48245883079248,False,0.15490063373728744,0.0,-0.15490063373728744,103.31100162058065,0.0,0.0,-103.31100162058065
2027,75.89999999999999,19.218860461057673,,Coventry-W2E,0.0,0.0,114.86629159129888,False,0.0,0.0,0.0,0.0,0.0,0.0,0.0
2027,75.89999999999999,19.218860461057673,,Greatmoor-W2E,0.0,0.0,115.52278790869914,False,0.0,0.0,0.0,0.0,0.0,0.0,0.0
2027,75.89999999999999,19.218860461057673,,South Killingholme-crackers,0.0,0.0,119.41657844198282,False,0.15490063373728744,0.0,-0.15490063373728744,62.18294966064997,0.0,0.0,-62.18294966064997
2027,75.89999999999999,19.218860461057673,,Marchwood-W2E,0.0,0.0,119.76307582774996,False,0.0,0.0,0.0,0.0,0.0,0.0,0.0
2027,75.89999999999999,19.218860461057673,,New Rugby-cement,0.0,0.0,119.94033644561048,False,0.05731323448279635,0.0,-0.05731323448279635,52.25779759885756,0.0,0.0,-52.25779759885756
2027,75.89999999999999,19.218860461057673,,Dunbar-W2E,0.0,0.0,120.88122377816076,False,0.0,0.0,0.0,0.0,0.0,0.0,0.0
2027,75.89999999999999,19.218860461057673,,Portsmouth-W2E,0.0,0.0,121.9344089585544,False,0.0,0.0,0.0,0.0,0.0,0.0,0.0
2027,75.89999999999999,19.218860461057673,,Grangemouth Power Station-CCGT,0.0,0.0,122.37005813568526,False,0.15490063373728744,0.0,-0.15490063373728744,81.89796763893976,0.0,0.0,-81.89796763893976
2027,75.89999999999999,19.218860461057673,,Newhurst-W2E,0.0,0.0,122.92780800610014,False,0.0,0.0,0.0,0.0,0.0,0.0,0.0
2027,75.89999999999999,19.218860461057673,,Fawley Refinery-crackers,0.0,0.0,123.76948009124162,False,0.15490063373728744,0.0,-0.15490063373728744,97.92167930808047,0.0,0.0,-97.92167930808047
2027,75.89999999999999,19.218860461057673,,South Killingholme-smr,0.0,0.0,124.23754446793583,False,0.15490063373728744,0.0,-0.15490063373728744,36.68794029978348,0.0,0.0,-36.68794029978348
2027,75.89999999999999,19.218860461057673,,Hope Cement Works-cement,0.0,0.0,124.28720193448665,False,0.05731323448279635,0.0,-0.05731323448279635,60.53943097170871,0.0,0.0,-60.53943097170871
2027,75.89999999999999,19.218860461057673,,Parc Adfer-W2E,0.0,0.0,125.7346990960452,False,0.0,0.0,0.0,0.0,0.0,0.0,0.0
2027,75.89999999999999,19.218860461057673,,Eastcroft-W2E,0.0,0.0,125.9173094124788,False,0.0,0.0,0.0,0.0,0.0,0.0,0.0
2027,75.89999999999999,19.218860461057673,,Tunstead Cement-cement,0.0,0.0,126.32727118201583,False,0.05731323448279635,0.0,-0.05731323448279635,37.490045287271435,0.0,0.0,-37.490045287271435
2027,75.89999999999999,19.218860461057673,,Stanlow Refinery-crackers,0.0,0.0,127.0371190337797,False,0.15490063373728744,0.0,-0.15490063373728744,57.51260048847341,0.0,0.0,-57.51260048847341
2027,75.89999999999999,19.218860461057673,,Fawley Refinery-smr,0.0,0.0,127.12699478695876,False,0.15490063373728744,0.0,-0.15490063373728744,57.773790791767475,0.0,0.0,-57.773790791767475
2027,75.89999999999999,19.218860461057673,,Millerhill-W2E,0.0,0.0,127.43285186483614,False,0.0,0.0,0.0,0.0,0.0,0.0,0.0
2027,75.89999999999999,19.218860461057673,,Padeswood-cement,0.0,0.0,127.4850460006812,False,0.05731323448279635,0.0,-0.05731323448279635,28.391179911079355,0.0,0.0,-28.391179911079355
2027,75.89999999999999,19.218860461057673,,South Killingholme-distillation,0.0,0.0,128.70945593540847,False,0.15490063373728744,0.0,-0.15490063373728744,52.85550721155247,0.0,0.0,-52.85550721155247
2027,75.89999999999999,19.218860461057673,,Ketton-cement,0.0,0.0,129.98256974643843,False,0.05731323448279635,0.0,-0.05731323448279635,38.33835133560916,0.0,0.0,-38.33835133560916
2027,75.89999999999999,19.218860461057673,,South Killingholme-power,0.0,0.0,130.1966886940948,False,0.15490063373728744,0.0,-0.15490063373728744,92.65259499436843,0.0,0.0,-92.65259499436843
2027,75.89999999999999,19.218860461057673,,Newhaven-W2E,0.0,0.0,130.2947760528612,False,0.0,0.0,0.0,0.0,0.0,0.0,0.0
2027,75.89999999999999,19.218860461057673,,Leeds-W2E,0.0,0.0,130.72273227888334,False,0.0,0.0,0.0,0.0,0.0,0.0,0.0
2027,75.89999999999999,19.218860461057673,,Ribblesdale-cement,0.0,0.0,131.22283623409905,False,0.05731323448279635,0.0,-0.05731323448279635,29.42707796646461,0.0,0.0,-29.42707796646461
2027,75.89999999999999,19.218860461057673,,Hanford-W2E,0.0,0.0,131.66934911672453,False,0.0,0.0,0.0,0.0,0.0,0.0,0.0
2027,75.89999999999999,19.218860461057673,,Fawley Refinery-distillation,0.0,0.0,132.12222727391224,False,0.15490063373728744,0.0,-0.15490063373728744,83.23342741186842,0.0,0.0,-83.23342741186842
2027,75.89999999999999,19.218860461057673,,Stanlow Refinery-smr,0.0,0.0,132.18064919232714,False,0.15490063373728744,0.0,-0.15490063373728744,33.93243428819931,0.0,0.0,-33.93243428819931
2027,75.89999999999999,19.218860461057673,,Kirklees-W2E,0.0,0.0,132.2826363227577,False,0.0,0.0,0.0,0.0,0.0,0.0,0.0
2027,75.89999999999999,19.218860461057673,,Lindsey Oil Refinery-crackers,0.0,0.0,132.48929210893525,False,0.15490063373728744,0.0,-0.15490063373728744,28.371071131108764,0.0,0.0,-28.371071131108764
2027,75.89999999999999,19.218860461057673,,South Killingholme-remaining,0.0,0.0,132.82916790483205,False,0.15490063373728744,0.0,-0.15490063373728744,58.451972681010965,0.0,0.0,-58.451972681010965
2027,75.89999999999999,19.218860461057673,,Fawley Refinery-power,0.0,0.0,134.32186480576613,False,0.15490063373728744,0.0,-0.15490063373728744,145.90330216903988,0.0,0.0,-145.90330216903988
2027,75.89999999999999,19.218860461057673,,Baldovie-W2E,0.0,0.0,134.50224562921326,False,0.0,0.0,0.0,0.0,0.0,0.0,0.0
2027,75.89999999999999,19.218860461057673,,Pembroke Refinery-crackers,0.0,0.0,135.6974630648525,False,0.15490063373728744,0.0,-0.15490063373728744,73.89048005438032,0.0,0.0,-73.89048005438032
2027,75.89999999999999,19.218860461057673,,Fawley Refinery-remaining,0.0,0.0,136.13383164089475,False,0.15490063373728744,0.0,-0.15490063373728744,92.04637854959566,0.0,0.0,-92.04637854959566
2027,75.89999999999999,19.218860461057673,,Stanlow Refinery-distillation,0.0,0.0,136.513911998797,False,0.15490063373728744,0.0,-0.15490063373728744,48.8857104152024,0.0,0.0,-48.8857104152024
2027,75.89999999999999,19.218860461057673,,Dunbar Works-cement,0.0,0.0,136.98298025518972,False,0.05731323448279635,0.0,-0.05731323448279635,25.402120706323206,0.0,0.0,-25.402120706323206
2027,75.89999999999999,19.218860461057673,,Stanlow Refinery-power,0.0,0.0,137.82970188412523,False,0.15490063373728744,0.0,-0.15490063373728744,85.69377472782537,0.0,0.0,-85.69377472782537
2027,75.89999999999999,19.218860461057673,,Hartlebury-W2E,0.0,0.0,138.13632582553586,False,0.0,0.0,0.0,0.0,0.0,0.0,0.0
2027,75.89999999999999,19.218860461057673,,Cauldon Cement-cement,0.0,0.0,138.4784310020895,False,0.05731323448279635,0.0,-0.05731323448279635,30.786595648661105,0.0,0.0,-30.786595648661105
2027,75.89999999999999,19.218860461057673,,Javelin Park-W2E,0.0,0.0,139.3228290773164,False,0.0,0.0,0.0,0.0,0.0,0.0,0.0
2027,75.89999999999999,19.218860461057673,,Sheffield-W2E,0.0,0.0,139.8343235952813,False,0.0,0.0,0.0,0.0,0.0,0.0,0.0
2027,75.89999999999999,19.218860461057673,,Pembroke Refinery-smr,0.0,0.0,139.8863360016444,False,0.15490063373728744,0.0,-0.15490063373728744,43.59538323208439,0.0,0.0,-43.59538323208439
2027,75.89999999999999,19.218860461057673,,Chineham-W2E,0.0,0.0,140.32141856258616,False,0.0,0.0,0.0,0.0,0.0,0.0,0.0
2027,75.89999999999999,19.218860461057673,,Stanlow Refinery-remaining,0.0,0.0,140.6432980315675,False,0.15490063373728744,0.0,-0.15490063373728744,54.061844459165,0.0,0.0,-54.061844459165
2027,75.89999999999999,19.218860461057673,,Grangemouth Refinery-crackers,0.0,0.0,140.79770433532283,False,0.15490063373728744,0.0,-0.15490063373728744,31.535460838086983,0.0,0.0,-31.535460838086983
2027,75.89999999999999,19.218860461057673,,Lindsey Oil Refinery-smr,0.0,0.0,141.9929815759613,False,0.15490063373728744,0.0,-0.15490063373728744,16.73893196735417,0.0,0.0,-16.73893196735417
2027,75.89999999999999,19.218860461057673,,Lindsey Oil Refinery-power,0.0,0.0,142.81115560903552,False,0.15490063373728744,0.0,-0.15490063373728744,42.272895985352065,0.0,0.0,-42.272895985352065
2027,75.89999999999999,19.218860461057673,,Wolverhampton-W2E,0.0,0.0,142.87736864384428,False,0.0,0.0,0.0,0.0,0.0,0.0,0.0
2027,75.89999999999999,19.218860461057673,,Devonport-W2E,0.0,0.0,143.82236892306247,False,0.0,0.0,0.0,0.0,0.0,0.0,0.0
2027,75.89999999999999,19.218860461057673,,Lindsey Oil Refinery-distillation,0.0,0.0,144.05717677984146,False,0.15490063373728744,0.0,-0.15490063373728744,24.11541046144245,0.0,0.0,-24.11541046144245
2027,75.89999999999999,19.218860461057673,,Pembroke Refinery-distillation,0.0,0.0,144.60895225355458,False,0.15490063373728744,0.0,-0.15490063373728744,62.80690804622328,0.0,0.0,-62.80690804622328
2027,75.89999999999999,19.218860461057673,,Cornwall-W2E,0.0,0.0,145.15316997971505,False,0.0,0.0,0.0,0.0,0.0,0.0,0.0
2027,75.89999999999999,19.218860461057673,,Pembroke Refinery-power,0.0,0.0,146.4191539632569,False,0.15490063373728744,0.0,-0.15490063373728744,110.09681528102666,0.0,0.0,-110.09681528102666
2027,75.89999999999999,19.218860461057673,,Lindsey Oil Refinery-remaining,0.0,0.0,148.07743604588833,False,0.15490063373728744,0.0,-0.15490063373728744,26.668806863242242,0.0,0.0,-26.668806863242242
2027,75.89999999999999,19.218860461057673,,Pembroke Refinery-remaining,0.0,0.0,148.6969572317184,False,0.15490063373728744,0.0,-0.15490063373728744,69.4570512511175,0.0,0.0,-69.4570512511175
2027,75.89999999999999,19.218860461057673,,Grangemouth Refinery-smr,0.0,0.0,149.4429641100151,False,0.15490063373728744,0.0,-0.15490063373728744,18.605921894471315,0.0,0.0,-18.605921894471315
2027,75.89999999999999,19.218860461057673,,Milton Keynes ACT-W2E,0.0,0.0,149.91840922239953,False,0.0,0.0,0.0,0.0,0.0,0.0,0.0
2027,75.89999999999999,19.218860461057673,,Belfast ACT-W2E,0.0,0.0,151.16178010182253,False,0.0,0.0,0.0,0.0,0.0,0.0,0.0
2027,75.89999999999999,19.218860461057673,,Grangemouth Refinery-power,0.0,0.0,151.2758042923232,False,0.15490063373728744,0.0,-0.15490063373728744,46.9878366487496,0.0,0.0,-46.9878366487496
2027,75.89999999999999,19.218860461057673,,Peterborough-W2E,0.0,0.0,151.58940342877088,False,0.0,0.0,0.0,0.0,0.0,0.0,0.0
2027,75.89999999999999,19.218860461057673,,Grangemouth Refinery-distillation,0.0,0.0,151.9931581726091,False,0.15490063373728744,0.0,-0.15490063373728744,26.805141712373935,0.0,0.0,-26.805141712373935
2027,75.89999999999999,19.218860461057673,,Pembroke Power Station-CCGT,0.0,0.0,153.5814237169616,False,0.15490063373728744,0.0,-0.15490063373728744,819.6348217638872,0.0,0.0,-819.6348217638872
2027,75.89999999999999,19.218860461057673,,NewLincs-W2E,0.0,0.0,154.91229031794154,False,0.0,0.0,0.0,0.0,0.0,0.0,0.0
2027,75.89999999999999,19.218860461057673,,Grangemouth Refinery-remaining,0.0,0.0,156.05875268873913,False,0.15490063373728744,0.0,-0.15490063373728744,29.643333187801755,0.0,0.0,-29.643333187801755
2027,75.89999999999999,19.218860461057673,,Dudley-W2E,0.0,0.0,157.17271920148522,False,0.0,0.0,0.0,0.0,0.0,0.0,0.0
2027,75.89999999999999,19.218860461057673,,Marchwood  Power  Station-CCGT,0.0,0.0,159.62812813767613,False,0.15490063373728744,0.0,-0.15490063373728744,296.0645723874287,0.0,0.0,-296.0645723874287
2027,75.89999999999999,19.218860461057673,,Baddesley-W2E,0.0,0.0,160.35967910131896,False,0.0,0.0,0.0,0.0,0.0,0.0,0.0
2027,75.89999999999999,19.218860461057673,,Enfield Power Station-CCGT,0.0,0.0,162.1675537167806,False,0.15490063373728744,0.0,-0.15490063373728744,131.48441235416416,0.0,0.0,-131.48441235416416
2027,75.89999999999999,19.218860461057673,,Battlefield-W2E,0.0,0.0,162.19804621799932,False,0.0,0.0,0.0,0.0,0.0,0.0,0.0
2027,75.89999999999999,19.218860461057673,,Saltend-CCGT,0.0,0.0,164.91708350379992,False,0.15490063373728744,0.0,-0.15490063373728744,355.41354107059,0.0,0.0,-355.41354107059
2027,75.89999999999999,19.218860461057673,,Immingham-CCGT,0.0,0.0,166.00773363458555,False,0.15490063373728744,0.0,-0.15490063373728744,355.25944947976467,0.0,0.0,-355.25944947976467
2027,75.89999999999999,19.218860461057673,,Didcot B-CCGT,0.0,0.0,168.98227960881977,False,0.15490063373728744,0.0,-0.15490063373728744,434.23482977723165,0.0,0.0,-434.23482977723165
2027,75.89999999999999,19.218860461057673,,Staythorpe Power Station-CCGT,0.0,0.0,169.40288726463294,False,0.15490063373728744,0.0,-0.15490063373728744,553.6426354226516,0.0,0.0,-553.6426354226516
2027,75.89999999999999,19.218860461057673,,Keadby-CCGT,0.0,0.0,176.90140497406722,False,0.15490063373728744,0.0,-0.15490063373728744,184.42876141803973,0.0,0.0,-184.42876141803973
2027,75.89999999999999,19.218860461057673,,Hooton Park ACT-W2E,0.0,0.0,179.27780846771287,False,0.0,0.0,0.0,0.0,0.0,0.0,0.0
2027,75.89999999999999,19.218860461057673,,Exeter-W2E,0.0,0.0,179.60333383475486,False,0.0,0.0,0.0,0.0,0.0,0.0,0.0
2027,75.89999999999999,19.218860461057673,,Bolton-W2E,0.0,0.0,181.92172711397333,False,0.0,0.0,0.0,0.0,0.0,0.0,0.0
2027,75.89999999999999,19.218860461057673,,West Burton B CCGT Power Station-CCGT,0.0,0.0,181.9230998694337,False,0.15490063373728744,0.0,-0.15490063373728744,363.28963466602005,0.0,0.0,-363.28963466602005
2027,75.89999999999999,19.218860461057673,,Levenseat ACT-W2E,0.0,0.0,183.8322948806435,False,0.0,0.0,0.0,0.0,0.0,0.0,0.0
2027,75.89999999999999,19.218860461057673,,Coolkeeragh-CCGT,0.0,0.0,184.70017000442445,False,0.15490063373728744,0.0,-0.15490063373728744,117.7568865161623,0.0,0.0,-117.7568865161623
2027,75.89999999999999,19.218860461057673,,Carrington CCGT-CCGT,0.0,0.0,189.2092334567789,False,0.15490063373728744,0.0,-0.15490063373728744,272.88783115093696,0.0,0.0,-272.88783115093696
2027,75.89999999999999,19.218860461057673,,Ballylumford-CCGT,0.0,0.0,195.1740589779237,False,0.15490063373728744,0.0,-0.15490063373728744,170.10065788299147,0.0,0.0,-170.10065788299147
2027,75.89999999999999,19.218860461057673,,Glasgow ACT-W2E,0.0,0.0,195.93562567320143,False,0.0,0.0,0.0,0.0,0.0,0.0,0.0
2027,75.89999999999999,19.218860461057673,,NESS-W2E,0.0,0.0,198.75501981615415,False,0.0,0.0,0.0,0.0,0.0,0.0,0.0
2027,75.89999999999999,19.218860461057673,,Energy Works ACT-W2E,0.0,0.0,201.40339180076796,False,0.0,0.0,0.0,0.0,0.0,0.0,0.0
2027,75.89999999999999,19.218860461057673,,Eco Park ACT-W2E,0.0,0.0,202.93011759687164,False,0.0,0.0,0.0,0.0,0.0,0.0,0.0
2027,75.89999999999999,19.218860461057673,,Kilroot-CCGT,0.0,0.0,207.3906503608189,False,0.15490063373728744,0.0,-0.15490063373728744,172.7939826966348,0.0,0.0,-172.7939826966348
2027,75.89999999999999,19.218860461057673,,Kings Lynn Power Station-CCGT,0.0,0.0,208.8847375922057,False,0.15490063373728744,0.0,-0.15490063373728744,99.06606292372308,0.0,0.0,-99.06606292372308
2027,75.89999999999999,19.218860461057673,,Spalding-CCGT,0.0,0.0,210.92034860788132,False,0.15490063373728744,0.0,-0.15490063373728744,217.3239921682917,0.0,0.0,-217.3239921682917
2027,75.89999999999999,19.218860461057673,,Seabank-CCGT,0.0,0.0,215.24318898826735,False,0.15490063373728744,0.0,-0.15490063373728744,265.19310938500826,0.0,0.0,-265.19310938500826
2027,75.89999999999999,19.218860461057673,,Shoreham Power Station-CCGT,0.0,0.0,223.96100678992715,False,0.15490063373728744,0.0,-0.15490063373728744,95.2333343270027,0.0,0.0,-95.2333343270027
2027,75.89999999999999,19.218860461057673,,Damhead Creek Power Station-CCGT,0.0,0.0,231.84613890879083,False,0.15490063373728744,0.0,-0.15490063373728744,158.78214220627518,0.0,0.0,-158.78214220627518
2027,75.89999999999999,19.218860461057673,,Cottam Development Centre-CCGT,0.0,0.0,238.4158800035795,False,0.15490063373728744,0.0,-0.15490063373728744,89.72677046805502,0.0,0.0,-89.72677046805502
2027,75.89999999999999,19.218860461057673,,Great Yarmouth Power Station-CCGT,0.0,0.0,240.013145571761,False,0.15490063373728744,0.0,-0.15490063373728744,92.36566712728319,0.0,0.0,-92.36566712728319
2027,75.89999999999999,19.218860461057673,,Little Barford-CCGT,0.0,0.0,240.7576776464302,False,0.15490063373728744,0.0,-0.15490063373728744,142.87576199968214,0.0,0.0,-142.87576199968214
2027,75.89999999999999,19.218860461057673,,South Humber-CCGT,0.0,0.0,246.5252661657621,False,0.15490063373728744,0.0,-0.15490063373728744,230.78795208935594,0.0,0.0,-230.78795208935594
2027,75.89999999999999,19.218860461057673,,Langage Energy Centre-CCGT,0.0,0.0,250.05603522765227,False,0.15490063373728744,0.0,-0.15490063373728744,179.3181483791356,0.0,0.0,-179.3181483791356
2027,75.89999999999999,19.218860461057673,,Grain CCGT-CCGT,0.0,0.0,256.5493066919562,False,0.15490063373728744,0.0,-0.15490063373728744,254.47186837764733,0.0,0.0,-254.47186837764733
2027,75.89999999999999,19.218860461057673,,Peterhead Power Station-CCGT,0.0,0.0,275.097064063588,False,0.15490063373728744,0.0,-0.15490063373728744,209.2545074099191,0.0,0.0,-209.2545074099191
2027,75.89999999999999,19.218860461057673,,Connahs Quay Power Station-CCGT,0.0,0.0,279.14393107084203,False,0.15490063373728744,0.0,-0.15490063373728744,212.4506610848433,0.0,0.0,-212.4506610848433
2027,75.89999999999999,19.218860461057673,,Medway-CCGT,0.0,0.0,311.36638697059976,False,0.15490063373728744,0.0,-0.15490063373728744,99.76514563619796,0.0,0.0,-99.76514563619796
2027,75.89999999999999,19.218860461057673,,Isle of Wight-W2E,0.0,0.0,378.6296091247897,False,0.0,0.0,0.0,0.0,0.0,0.0,0.0
2027,75.89999999999999,19.218860461057673,,Coryton-CCGT,0.0,0.0,386.8501086268143,False,0.15490063373728744,0.0,-0.15490063373728744,83.45375814201952,0.0,0.0,-83.45375814201952
2027,75.89999999999999,19.218860461057673,,Rye House-CCGT,0.0,0.0,392.2249091956061,False,0.15490063373728744,0.0,-0.15490063373728744,74.88268696331032,0.0,0.0,-74.88268696331032
2027,75.89999999999999,19.218860461057673,,Rocksavage-CCGT,0.0,0.0,430.77402140379735,False,0.15490063373728744,0.0,-0.15490063373728744,74.63218252215631,0.0,0.0,-74.63218252215631
2028,71.3,25.420563873956567,2026.0,Tees Valley-W2E,304.33924500000006,350.153755,88.11948048189508,False,0.0,25.420563873956567,8.601083392061483,0.0,7736.475216874218,16637.581111557458,5629.348872520496
2028,71.3,25.420563873956567,2027.0,Runcorn-W2E,411.702165,473.6788349999999,92.55278428419912,False,0.0,25.420563873956567,4.167779589757444,0.0,10465.701182428706,22506.884263287535,3690.072860959035
2028,71.3,25.420563873956567,2027.0,Riverside-W2E,342.00285,393.48714999999993,95.11886046105766,False,0.0,25.420563873956567,1.6017034128988996,0.0,8693.905293500187,18696.570523656315,1178.0368431530117
2028,71.3,25.420563873956567,2028.0,Wilton 11-W2E,178.79389499999996,205.70910499999997,95.57551058511204,False,0.0,25.420563873956567,1.1450532888445224,0.0,4545.041628120983,9774.283071227921,440.27642472058534
2028,71.3,25.420563873956567,2028.0,Scunthorpe Power Station-chp,1562.2594042965,0.0,96.72056387395656,True,0.38493409772973086,25.420563873956567,-0.38493409772972953,633.017804434379,39713.514974608515,39713.514974608515,-601.366914212658
2028,71.3,25.420563873956567,,Ferrybridge FM1-W2E,0.0,0.0,98.85154951082956,False,0.0,0.0,0.0,0.0,0.0,0.0,0.0
2028,71.3,25.420563873956567,,Ferrybridge FM2-W2E,0.0,0.0,98.9301306912529,False,0.0,0.0,0.0,0.0,0.0,0.0,0.0
2028,71.3,25.420563873956567,,Drax-BECCS,0.0,0.0,99.24068628496312,False,0.0,0.0,0.0,0.0,0.0,0.0,0.0
2028,71.3,25.420563873956567,,Kemsley-W2E,0.0,0.0,99.80091077600858,False,0.0,0.0,0.0,0.0,0.0,0.0,0.0
2028,71.3,25.420563873956567,,Allington-W2E,0.0,0.0,100.90154534306674,False,0.0,0.0,0.0,0.0,0.0,0.0,0.0
2028,71.3,25.420563873956567,,Scunthorpe Blast Furnaces-stove,0.0,0.0,101.76356955343398,False,0.38493409772973086,0.0,-0.38493409772973086,402.85574470990593,0.0,0.0,-402.85574470990593
2028,71.3,25.420563873956567,,Edmonton-W2E,0.0,0.0,102.28156448231805,False,0.0,0.0,0.0,0.0,0.0,0.0,0.0
2028,71.3,25.420563873956567,,Rookery South C-W2E,0.0,0.0,103.38827027423388,False,0.0,0.0,0.0,0.0,0.0,0.0,0.0
2028,71.3,25.420563873956567,,SELCHP-W2E,0.0,0.0,105.54933952858303,False,0.0,0.0,0.0,0.0,0.0,0.0,0.0
2028,71.3,25.420563873956567,,Lakeside-W2E,0.0,0.0,105.75229786444092,False,0.0,0.0,0.0,0.0,0.0,0.0,0.0
2028,71.3,25.420563873956567,,Trident Park-W2E,0.0,0.0,106.89966600386146,False,0.0,0.0,0.0,0.0,0.0,0.0,0.0
2028,71.3,25.420563873956567,,Severnside-W2E,0.0,0.0,107.69026084360516,False,0.0,0.0,0.0,0.0,0.0,0.0,0.0
2028,71.3,25.420563873956567,,Avonmouth-W2E,0.0,0.0,108.09353634841528,False,0.0,0.0,0.0,0.0,0.0,0.0,0.0
2028,71.3,25.420563873956567,,Beddington Lane-W2E,0.0,0.0,108.33273184526364,False,0.0,0.0,0.0,0.0,0.0,0.0,0.0
2028,71.3,25.420563873956567,,Tyseley-W2E,0.0,0.0,109.84350345016378,False,0.0,0.0,0.0,0.0,0.0,0.0,0.0
2028,71.3,25.420563873956567,,Allerton Park-W2E,0.0,0.0,110.24876424941378,False,0.0,0.0,0.0,0.0,0.0,0.0,0.0
2028,71.3,25.420563873956567,,Four Ashes-W2E,0.0,0.0,111.41254904821844,False,0.0,0.0,0.0,0.0,0.0,0.0,0.0
2028,71.3,25.420563873956567,,Ardley-W2E,0.0,0.0,111.75263386171072,False,0.0,0.0,0.0,0.0,0.0,0.0,0.0
2028,71.3,25.420563873956567,,Great Blakenham-W2E,0.0,0.0,111.99950117220564,False,0.0,0.0,0.0,0.0,0.0,0.0,0.0
2028,71.3,25.420563873956567,,North Hykeham-W2E,0.0,0.0,112.24726485697003,False,0.0,0.0,0.0,0.0,0.0,0.0,0.0
2028,71.3,25.420563873956567,,Scunthorpe Sinter-sinter,0.0,0.0,112.48245883079248,False,0.38493409772973086,0.0,-0.38493409772973086,256.73185599627476,0.0,0.0,-256.73185599627476
2028,71.3,25.420563873956567,,Coventry-W2E,0.0,0.0,114.86629159129888,False,0.0,0.0,0.0,0.0,0.0,0.0,0.0
2028,71.3,25.420563873956567,,Greatmoor-W2E,0.0,0.0,115.52278790869914,False,0.0,0.0,0.0,0.0,0.0,0.0,0.0
2028,71.3,25.420563873956567,,South Killingholme-crackers,0.0,0.0,119.41657844198282,False,0.38493409772973086,0.0,-0.38493409772973086,154.52704772268243,0.0,0.0,-154.52704772268243
2028,71.3,25.420563873956567,,Marchwood-W2E,0.0,0.0,119.76307582774996,False,0.0,0.0,0.0,0.0,0.0,0.0,0.0
2028,71.3,25.420563873956567,,New Rugby-cement,0.0,0.0,119.94033644561048,False,0.1424256161600004,0.0,-0.1424256161600004,129.86265893641004,0.0,0.0,-129.86265893641004
2028,71.3,25.420563873956567,,Dunbar-W2E,0.0,0.0,120.88122377816076,False,0.0,0.0,0.0,0.0,0.0,0.0,0.0
2028,71.3,25.420563873956567,,Portsmouth-W2E,0.0,0.0,121.9344089585544,False,0.0,0.0,0.0,0.0,0.0,0.0,0.0
2028,71.3,25.420563873956567,,Grangemouth Power Station-CCGT,0.0,0.0,122.37005813568526,False,0.38493409772973086,0.0,-0.38493409772973086,203.51963396393288,0.0,0.0,-203.51963396393288
2028,71.3,25.420563873956567,,Newhurst-W2E,0.0,0.0,122.92780800610014,False,0.0,0.0,0.0,0.0,0.0,0.0,0.0
2028,71.3,25.420563873956567,,Fawley Refinery-crackers,0.0,0.0,123.76948009124162,False,0.38493409772973086,0.0,-0.38493409772973086,243.3391805004767,0.0,0.0,-243.3391805004767
2028,71.3,25.420563873956567,,South Killingholme-smr,0.0,0.0,124.23754446793583,False,0.38493409772973086,0.0,-0.38493409772973086,91.17095815638264,0.0,0.0,-91.17095815638264
2028,71.3,25.420563873956567,,Hope Cement Works-cement,0.0,0.0,124.28720193448665,False,0.1424256161600004,0.0,-0.1424256161600004,150.4428398768803,0.0,0.0,-150.4428398768803
2028,71.3,25.420563873956567,,Parc Adfer-W2E,0.0,0.0,125.7346990960452,False,0.0,0.0,0.0,0.0,0.0,0.0,0.0
2028,71.3,25.420563873956567,,Eastcroft-W2E,0.0,0.0,125.9173094124788,False,0.0,0.0,0.0,0.0,0.0,0.0,0.0
2028,71.3,25.420563873956567,,Tunstead Cement-cement,0.0,0.0,126.32727118201583,False,0.1424256161600004,0.0,-0.1424256161600004,93.1642202379752,0.0,0.0,-93.1642202379752
2028,71.3,25.420563873956567,,Stanlow Refinery-crackers,0.0,0.0,127.0371190337797,False,0.38493409772973086,0.0,-0.38493409772973086,142.92104843591633,0.0,0.0,-142.92104843591633
2028,71.3,25.420563873956567,,Fawley Refinery-smr,0.0,0.0,127.12699478695876,False,0.38493409772973086,0.0,-0.38493409772973086,143.5701164952812,0.0,0.0,-143.5701164952812
2028,71.3,25.420563873956567,,Millerhill-W2E,0.0,0.0,127.43285186483614,False,0.0,0.0,0.0,0.0,0.0,0.0,0.0
2028,71.3,25.420563873956567,,Padeswood-cement,0.0,0.0,127.4850460006812,False,0.1424256161600004,0.0,-0.1424256161600004,70.55318599334461,0.0,0.0,-70.55318599334461
2028,71.3,25.420563873956567,,South Killingholme-distillation,0.0,0.0,128.70945593540847,False,0.38493409772973086,0.0,-0.38493409772973086,131.34799056428005,0.0,0.0,-131.34799056428005
2028,71.3,25.420563873956567,,Ketton-cement,0.0,0.0,129.98256974643843,False,0.1424256161600004,0.0,-0.1424256161600004,95.27229375218286,0.0,0.0,-95.27229375218286
2028,71.3,25.420563873956567,,South Killingholme-power,0.0,0.0,130.1966886940948,False,0.38493409772973086,0.0,-0.38493409772973086,230.24530110679677,0.0,0.0,-230.24530110679677
2028,71.3,25.420563873956567,,Newhaven-W2E,0.0,0.0,130.2947760528612,False,0.0,0.0,0.0,0.0,0.0,0.0,0.0
2028,71.3,25.420563873956567,,Leeds-W2E,0.0,0.0,130.72273227888334,False,0.0,0.0,0.0,0.0,0.0,0.0,0.0
2028,71.3,25.420563873956567,,Ribblesdale-cement,0.0,0.0,131.22283623409905,False,0.1424256161600004,0.0,-0.1424256161600004,73.12743293907366,0.0,0.0,-73.12743293907366
2028,71.3,25.420563873956567,,Hanford-W2E,0.0,0.0,131.66934911672453,False,0.0,0.0,0.0,0.0,0.0,0.0,0.0
2028,71.3,25.420563873956567,,Fawley Refinery-distillation,0.0,0.0,132.12222727391224,False,0.38493409772973086,0.0,-0.38493409772973086,206.8383034254052,0.0,0.0,-206.8383034254052
2028,71.3,25.420563873956567,,Stanlow Refinery-smr,0.0,0.0,132.18064919232714,False,0.38493409772973086,0.0,-0.38493409772973086,84.32341857719062,0.0,0.0,-84.32341857719062
2028,71.3,25.420563873956567,,Kirklees-W2E,0.0,0.0,132.2826363227577,False,0.0,0.0,0.0,0.0,0.0,0.0,0.0
2028,71.3,25.420563873956567,,Lindsey Oil Refinery-crackers,0.0,0.0,132.48929210893525,False,0.38493409772973086,0.0,-0.38493409772973086,70.50321489324213,0.0,0.0,-70.50321489324213
2028,71.3,25.420563873956567,,South Killingholme-remaining,0.0,0.0,132.82916790483205,False,0.38493409772973086,0.0,-0.38493409772973086,145.2554248593215,0.0,0.0,-145.2554248593215
2028,71.3,25.420563873956567,,Fawley Refinery-power,0.0,0.0,134.32186480576613,False,0.38493409772973086,0.0,-0.38493409772973086,362.57537894571016,0.0,0.0,-362.57537894571016
2028,71.3,25.420563873956567,,Baldovie-W2E,0.0,0.0,134.50224562921326,False,0.0,0.0,0.0,0.0,0.0,0.0,0.0
2028,71.3,25.420563873956567,,Pembroke Refinery-crackers,0.0,0.0,135.6974630648525,False,0.38493409772973086,0.0,-0.38493409772973086,183.62071596678575,0.0,0.0,-183.62071596678575
2028,71.3,25.420563873956567,,Fawley Refinery-remaining,0.0,0.0,136.13383164089475,False,0.38493409772973086,0.0,-0.38493409772973086,228.7388296704481,0.0,0.0,-228.7388296704481
2028,71.3,25.420563873956567,,Stanlow Refinery-distillation,0.0,0.0,136.513911998797,False,0.38493409772973086,0.0,-0.38493409772973086,121.48289117052887,0.0,0.0,-121.48289117052887
2028,71.3,25.420563873956567,,Dunbar Works-cement,0.0,0.0,136.98298025518972,False,0.1424256161600004,0.0,-0.1424256161600004,63.125257648035415,0.0,0.0,-63.125257648035415
2028,71.3,25.420563873956567,,Stanlow Refinery-power,0.0,0.0,137.82970188412523,False,0.38493409772973086,0.0,-0.38493409772973086,212.95236216951528,0.0,0.0,-212.95236216951528
2028,71.3,25.420563873956567,,Hartlebury-W2E,0.0,0.0,138.13632582553586,False,0.0,0.0,0.0,0.0,0.0,0.0,0.0
2028,71.3,25.420563873956567,,Cauldon Cement-cement,0.0,0.0,138.4784310020895,False,0.1424256161600004,0.0,-0.1424256161600004,76.50588724050334,0.0,0.0,-76.50588724050334
2028,71.3,25.420563873956567,,Javelin Park-W2E,0.0,0.0,139.3228290773164,False,0.0,0.0,0.0,0.0,0.0,0.0,0.0
2028,71.3,25.420563873956567,,Sheffield-W2E,0.0,0.0,139.8343235952813,False,0.0,0.0,0.0,0.0,0.0,0.0,0.0
2028,71.3,25.420563873956567,,Pembroke Refinery-smr,0.0,0.0,139.8863360016444,False,0.38493409772973086,0.0,-0.38493409772973086,108.33622242040357,0.0,0.0,-108.33622242040357
2028,71.3,25.420563873956567,,Chineham-W2E,0.0,0.0,140.32141856258616,False,0.0,0.0,0.0,0.0,0.0,0.0,0.0
2028,71.3,25.420563873956567,,Stanlow Refinery-remaining,0.0,0.0,140.6432980315675,False,0.38493409772973086,0.0,-0.38493409772973086,134.34578552976134,0.0,0.0,-134.34578552976134
2028,71.3,25.420563873956567,,Grangemouth Refinery-crackers,0.0,0.0,140.79770433532283,False,0.38493409772973086,0.0,-0.38493409772973086,78.36684635382596,0.0,0.0,-78.36684635382596
2028,71.3,25.420563873956567,,Lindsey Oil Refinery-smr,0.0,0.0,141.9929815759613,False,0.38493409772973086,0.0,-0.38493409772973086,41.59689678701285,0.0,0.0,-41.59689678701285
2028,71.3,25.420563873956567,,Lindsey Oil Refinery-power,0.0,0.0,142.81115560903552,False,0.38493409772973086,0.0,-0.38493409772973086,105.04979019093078,0.0,0.0,-105.04979019093078
2028,71.3,25.420563873956567,,Wolverhampton-W2E,0.0,0.0,142.87736864384428,False,0.0,0.0,0.0,0.0,0.0,0.0,0.0
2028,71.3,25.420563873956567,,Devonport-W2E,0.0,0.0,143.82236892306247,False,0.0,0.0,0.0,0.0,0.0,0.0,0.0
2028,71.3,25.420563873956567,,Lindsey Oil Refinery-distillation,0.0,0.0,144.05717677984146,False,0.38493409772973086,0.0,-0.38493409772973086,59.92773265925581,0.0,0.0,-59.92773265925581
2028,71.3,25.420563873956567,,Pembroke Refinery-distillation,0.0,0.0,144.60895225355458,False,0.38493409772973086,0.0,-0.38493409772973086,156.07760857176788,0.0,0.0,-156.07760857176788
2028,71.3,25.420563873956567,,Cornwall-W2E,0.0,0.0,145.15316997971505,False,0.0,0.0,0.0,0.0,0.0,0.0,0.0
2028,71.3,25.420563873956567,,Pembroke Refinery-power,0.0,0.0,146.4191539632569,False,0.38493409772973086,0.0,-0.38493409772973086,273.5948667905107,0.0,0.0,-273.5948667905107
2028,71.3,25.420563873956567,,Lindsey Oil Refinery-remaining,0.0,0.0,148.07743604588833,False,0.38493409772973086,0.0,-0.38493409772973086,66.2730219996476,0.0,0.0,-66.2730219996476
2028,71.3,25.420563873956567,,Pembroke Refinery-remaining,0.0,0.0,148.6969572317184,False,0.38493409772973086,0.0,-0.38493409772973086,172.6034730087786,0.0,0.0,-172.6034730087786
2028,71.3,25.420563873956567,,Grangemouth Refinery-smr,0.0,0.0,149.4429641100151,False,0.38493409772973086,0.0,-0.38493409772973086,46.23643934875731,0.0,0.0,-46.23643934875731
2028,71.3,25.420563873956567,,Milton Keynes ACT-W2E,0.0,0.0,149.91840922239953,False,0.0,0.0,0.0,0.0,0.0,0.0,0.0
2028,71.3,25.420563873956567,,Belfast ACT-W2E,0.0,0.0,151.16178010182253,False,0.0,0.0,0.0,0.0,0.0,0.0,0.0
2028,71.3,25.420563873956567,,Grangemouth Refinery-power,0.0,0.0,151.2758042923232,False,0.38493409772973086,0.0,-0.38493409772973086,116.76660106720067,0.0,0.0,-116.76660106720067
2028,71.3,25.420563873956567,,Peterborough-W2E,0.0,0.0,151.58940342877088,False,0.0,0.0,0.0,0.0,0.0,0.0,0.0
2028,71.3,25.420563873956567,,Grangemouth Refinery-distillation,0.0,0.0,151.9931581726091,False,0.38493409772973086,0.0,-0.38493409772973086,66.61181940075207,0.0,0.0,-66.61181940075207
2028,71.3,25.420563873956567,,Pembroke Power Station-CCGT,0.0,0.0,153.5814237169616,False,0.38493409772973086,0.0,-0.38493409772973086,2036.824401368493,0.0,0.0,-2036.824401368493
2028,71.3,25.420563873956567,,NewLincs-W2E,0.0,0.0,154.91229031794154,False,0.0,0.0,0.0,0.0,0.0,0.0,0.0
2028,71.3,25.420563873956567,,Grangemouth Refinery-remaining,0.0,0.0,156.05875268873913,False,0.38493409772973086,0.0,-0.38493409772973086,73.66483557259639,0.0,0.0,-73.66483557259639
2028,71.3,25.420563873956567,,Dudley-W2E,0.0,0.0,157.17271920148522,False,0.0,0.0,0.0,0.0,0.0,0.0,0.0
2028,71.3,25.420563873956567,,Marchwood  Power  Station-CCGT,0.0,0.0,159.62812813767613,False,0.38493409772973086,0.0,-0.38493409772973086,735.7319740536343,0.0,0.0,-735.7319740536343
2028,71.3,25.420563873956567,,Baddesley-W2E,0.0,0.0,160.35967910131896,False,0.0,0.0,0.0,0.0,0.0,0.0,0.0
2028,71.3,25.420563873956567,,Enfield Power Station-CCGT,0.0,0.0,162.1675537167806,False,0.38493409772973086,0.0,-0.38493409772973086,326.74387711617624,0.0,0.0,-326.74387711617624
2028,71.3,25.420563873956567,,Battlefield-W2E,0.0,0.0,162.19804621799932,False,0.0,0.0,0.0,0.0,0.0,0.0,0.0
2028,71.3,25.420563873956567,,Saltend-CCGT,0.0,0.0,164.91708350379992,False,0.38493409772973086,0.0,-0.38493409772973086,883.2164688555649,0.0,0.0,-883.2164688555649
2028,71.3,25.420563873956567,,Immingham-CCGT,0.0,0.0,166.00773363458555,False,0.38493409772973086,0.0,-0.38493409772973086,882.8335452609289,0.0,0.0,-882.8335452609289
2028,71.3,25.420563873956567,,Didcot B-CCGT,0.0,0.0,168.98227960881977,False,0.38493409772973086,0.0,-0.38493409772973086,1079.0904360443906,0.0,0.0,-1079.0904360443906
2028,71.3,25.420563873956567,,Staythorpe Power Station-CCGT,0.0,0.0,169.40288726463294,False,0.38493409772973086,0.0,-0.38493409772973086,1375.8234759231186,0.0,0.0,-1375.8234759231186
2028,71.3,25.420563873956567,,Keadby-CCGT,0.0,0.0,176.90140497406722,False,0.38493409772973086,0.0,-0.38493409772973086,458.31264313785454,0.0,0.0,-458.31264313785454
2028,71.3,25.420563873956567,,Hooton Park ACT-W2E,0.0,0.0,179.27780846771287,False,0.0,0.0,0.0,0.0,0.0,0.0,0.0
2028,71.3,25.420563873956567,,Exeter-W2E,0.0,0.0,179.60333383475486,False,0.0,0.0,0.0,0.0,0.0,0.0,0.0
2028,71.3,25.420563873956567,,Bolton-W2E,0.0,0.0,181.92172711397333,False,0.0,0.0,0.0,0.0,0.0,0.0,0.0
2028,71.3,25.420563873956567,,West Burton B CCGT Power Station-CCGT,0.0,0.0,181.9230998694337,False,0.38493409772973086,0.0,-0.38493409772973086,902.7888676808253,0.0,0.0,-902.7888676808253
2028,71.3,25.420563873956567,,Levenseat ACT-W2E,0.0,0.0,183.8322948806435,False,0.0,0.0,0.0,0.0,0.0,0.0,0.0
2028,71.3,25.420563873956567,,Coolkeeragh-CCGT,0.0,0.0,184.70017000442445,False,0.38493409772973086,0.0,-0.38493409772973086,292.63044165099376,0.0,0.0,-292.63044165099376
2028,71.3,25.420563873956567,,Carrington CCGT-CCGT,0.0,0.0,189.2092334567789,False,0.38493409772973086,0.0,-0.38493409772973086,678.1368709159972,0.0,0.0,-678.1368709159972
2028,71.3,25.420563873956567,,Ballylumford-CCGT,0.0,0.0,195.1740589779237,False,0.38493409772973086,0.0,-0.38493409772973086,422.7067487436709,0.0,0.0,-422.7067487436709
2028,71.3,25.420563873956567,,Glasgow ACT-W2E,0.0,0.0,195.93562567320143,False,0.0,0.0,0.0,0.0,0.0,0.0,0.0
2028,71.3,25.420563873956567,,NESS-W2E,0.0,0.0,198.75501981615415,False,0.0,0.0,0.0,0.0,0.0,0.0,0.0
2028,71.3,25.420563873956567,,Energy Works ACT-W2E,0.0,0.0,201.40339180076796,False,0.0,0.0,0.0,0.0,0.0,0.0,0.0
2028,71.3,25.420563873956567,,Eco Park ACT-W2E,0.0,0.0,202.93011759687164,False,0.0,0.0,0.0,0.0,0.0,0.0,0.0
2028,71.3,25.420563873956567,,Kilroot-CCGT,0.0,0.0,207.3906503608189,False,0.38493409772973086,0.0,-0.38493409772973086,429.3997656282321,0.0,0.0,-429.3997656282321
2028,71.3,25.420563873956567,,Kings Lynn Power Station-CCGT,0.0,0.0,208.8847375922057,False,0.38493409772973086,0.0,-0.38493409772973086,246.1830182816131,0.0,0.0,-246.1830182816131
2028,71.3,25.420563873956567,,Spalding-CCGT,0.0,0.0,210.92034860788132,False,0.38493409772973086,0.0,-0.38493409772973086,540.0585705943892,0.0,0.0,-540.0585705943892
2028,71.3,25.420563873956567,,Seabank-CCGT,0.0,0.0,215.24318898826735,False,0.38493409772973086,0.0,-0.38493409772973086,659.0151881392012,0.0,0.0,-659.0151881392012
2028,71.3,25.420563873956567,,Shoreham Power Station-CCGT,0.0,0.0,223.96100678992715,False,0.38493409772973086,0.0,-0.38493409772973086,236.65853869346822,0.0,0.0,-236.65853869346822
2028,71.3,25.420563873956567,,Damhead Creek Power Station-CCGT,0.0,0.0,231.84613890879083,False,0.38493409772973086,0.0,-0.38493409772973086,394.57979719713364,0.0,0.0,-394.57979719713364
2028,71.3,25.420563873956567,,Cottam Development Centre-CCGT,0.0,0.0,238.4158800035795,False,0.38493409772973086,0.0,-0.38493409772973086,222.9745133961274,0.0,0.0,-222.9745133961274
2028,71.3,25.420563873956567,,Great Yarmouth Power Station-CCGT,0.0,0.0,240.013145571761,False,0.38493409772973086,0.0,-0.38493409772973086,229.53227420067518,0.0,0.0,-229.53227420067518
2028,71.3,25.420563873956567,,Little Barford-CCGT,0.0,0.0,240.7576776464302,False,0.38493409772973086,0.0,-0.38493409772973086,355.0518239071377,0.0,0.0,-355.0518239071377
2028,71.3,25.420563873956567,,South Humber-CCGT,0.0,0.0,246.5252661657621,False,0.38493409772973086,0.0,-0.38493409772973086,573.5170345079331,0.0,0.0,-573.5170345079331
2028,71.3,25.420563873956567,,Langage Energy Centre-CCGT,0.0,0.0,250.05603522765227,False,0.38493409772973086,0.0,-0.38493409772973086,445.6125710237996,0.0,0.0,-445.6125710237996
2028,71.3,25.420563873956567,,Grain CCGT-CCGT,0.0,0.0,256.5493066919562,False,0.38493409772973086,0.0,-0.38493409772973086,632.3724873694235,0.0,0.0,-632.3724873694235
2028,71.3,25.420563873956567,,Peterhead Power Station-CCGT,0.0,0.0,275.097064063588,False,0.38493409772973086,0.0,-0.38493409772973086,520.0055872097238,0.0,0.0,-520.0055872097238
2028,71.3,25.420563873956567,,Connahs Quay Power Station-CCGT,0.0,0.0,279.14393107084203,False,0.38493409772973086,0.0,-0.38493409772973086,527.9481533657093,0.0,0.0,-527.9481533657093
2028,71.3,25.420563873956567,,Medway-CCGT,0.0,0.0,311.36638697059976,False,0.38493409772973086,0.0,-0.38493409772973086,247.92026600405538,0.0,0.0,-247.92026600405538
2028,71.3,25.420563873956567,,Isle of Wight-W2E,0.0,0.0,378.6296091247897,False,0.0,0.0,0.0,0.0,0.0,0.0,0.0
2028,71.3,25.420563873956567,,Coryton-CCGT,0.0,0.0,386.8501086268143,False,0.38493409772973086,0.0,-0.38493409772973086,207.38583385679578,0.0,0.0,-207.38583385679578
2028,71.3,25.420563873956567,,Rye House-CCGT,0.0,0.0,392.2249091956061,False,0.38493409772973086,0.0,-0.38493409772973086,186.08638871476128,0.0,0.0,-186.08638871476128
2028,71.3,25.420563873956567,,Rocksavage-CCGT,0.0,0.0,430.77402140379735,False,0.38493409772973086,0.0,-0.38493409772973086,185.46387543830528,0.0,0.0,-185.46387543830528
2029,60.949999999999996,38.29068628496312,2026.0,Tees Valley-W2E,304.33924500000006,350.153755,88.11948048189508,False,0.0,38.29068628496312,11.121205803068037,0.0,11653.358554497534,25060.98613870437,7278.751349667409
2029,60.949999999999996,38.29068628496312,2027.0,Runcorn-W2E,411.702165,473.6788349999999,92.55278428419912,False,0.0,38.29068628496312,6.687902000763998,0.0,15764.358442855124,33901.84611366693,5921.341361338428
2029,60.949999999999996,38.29068628496312,2027.0,Riverside-W2E,342.00285,393.48714999999993,95.11886046105766,False,0.0,38.29068628496312,4.1218258239054535,0.0,13095.5238379133,28162.416855727526,3031.561675224222
2029,60.949999999999996,38.29068628496312,2028.0,Wilton 11-W2E,178.79389499999996,205.70910499999997,95.57551058511204,False,0.0,38.29068628496312,3.6651756998510763,0.0,6846.140943111635,14722.883748627173,1409.271052119838
2029,60.949999999999996,38.29068628496312,2028.0,Scunthorpe Power Station-chp,1562.2594042965,0.0,96.72056387395656,False,2.276602349345554,38.29068628496312,0.24352006166100182,3743.8351895879973,59819.98474565065,59819.98474565065,380.4415064647636
2029,60.949999999999996,38.29068628496312,2029.0,Ferrybridge FM1-W2E,285.29098500000003,328.238015,98.85154951082956,False,0.0,38.29068628496312,0.3891367741335614,0.0,10923.987606563122,23492.44646572714,238.7466958973898
2029,60.949999999999996,38.29068628496312,2029.0,Ferrybridge FM2-W2E,283.559325,326.24567499999995,98.9301306912529,False,0.0,38.29068628496312,0.31055559371021957,0.0,10857.681156750901,23349.851950001936,189.37835382246044
2029,60.949999999999996,38.29068628496312,2029.0,Drax-BECCS,0.0,10924.999999999998,99.24068628496312,True,0.0,38.29068628496312,0.0,0.0,0.0,418325.747663222,0.0
2029,60.949999999999996,38.29068628496312,,Kemsley-W2E,0.0,0.0,99.80091077600858,False,0.0,0.0,0.0,0.0,0.0,0.0,0.0
2029,60.949999999999996,38.29068628496312,,Allington-W2E,0.0,0.0,100.90154534306674,False,0.0,0.0,0.0,0.0,0.0,0.0,0.0
2029,60.949999999999996,38.29068628496312,,Scunthorpe Blast Furnaces-stove,0.0,0.0,101.76356955343398,False,2.276602349345554,0.0,-2.276602349345554,2382.5957229122027,0.0,0.0,-2382.5957229122027
2029,60.949999999999996,38.29068628496312,,Edmonton-W2E,0.0,0.0,102.28156448231805,False,0.0,0.0,0.0,0.0,0.0,0.0,0.0
2029,60.949999999999996,38.29068628496312,,Rookery South C-W2E,0.0,0.0,103.38827027423388,False,0.0,0.0,0.0,0.0,0.0,0.0,0.0
2029,60.949999999999996,38.29068628496312,,SELCHP-W2E,0.0,0.0,105.54933952858303,False,0.0,0.0,0.0,0.0,0.0,0.0,0.0
2029,60.949999999999996,38.29068628496312,,Lakeside-W2E,0.0,0.0,105.75229786444092,False,0.0,0.0,0.0,0.0,0.0,0.0,0.0
2029,60.949999999999996,38.29068628496312,,Trident Park-W2E,0.0,0.0,106.89966600386146,False,0.0,0.0,0.0,0.0,0.0,0.0,0.0
2029,60.949999999999996,38.29068628496312,,Severnside-W2E,0.0,0.0,107.69026084360516,False,0.0,0.0,0.0,0.0,0.0,0.0,0.0
2029,60.949999999999996,38.29068628496312,,Avonmouth-W2E,0.0,0.0,108.09353634841528,False,0.0,0.0,0.0,0.0,0.0,0.0,0.0
2029,60.949999999999996,38.29068628496312,,Beddington Lane-W2E,0.0,0.0,108.33273184526364,False,0.0,0.0,0.0,0.0,0.0,0.0,0.0
2029,60.949999999999996,38.29068628496312,,Tyseley-W2E,0.0,0.0,109.84350345016378,False,0.0,0.0,0.0,0.0,0.0,0.0,0.0
2029,60.949999999999996,38.29068628496312,,Allerton Park-W2E,0.0,0.0,110.24876424941378,False,0.0,0.0,0.0,0.0,0.0,0.0,0.0
2029,60.949999999999996,38.29068628496312,,Four Ashes-W2E,0.0,0.0,111.41254904821844,False,0.0,0.0,0.0,0.0,0.0,0.0,0.0
2029,60.949999999999996,38.29068628496312,,Ardley-W2E,0.0,0.0,111.75263386171072,False,0.0,0.0,0.0,0.0,0.0,0.0,0.0
2029,60.949999999999996,38.29068628496312,,Great Blakenham-W2E,0.0,0.0,111.99950117220564,False,0.0,0.0,0.0,0.0,0.0,0.0,0.0
2029,60.949999999999996,38.29068628496312,,North Hykeham-W2E,0.0,0.0,112.24726485697003,False,0.0,0.0,0.0,0.0,0.0,0.0,0.0
2029,60.949999999999996,38.29068628496312,,Scunthorpe Sinter-sinter,0.0,0.0,112.48245883079248,False,2.276602349345554,0.0,-2.276602349345554,1518.3802888860598,0.0,0.0,-1518.3802888860598
2029,60.949999999999996,38.29068628496312,,Coventry-W2E,0.0,0.0,114.86629159129888,False,0.0,0.0,0.0,0.0,0.0,0.0,0.0
2029,60.949999999999996,38.29068628496312,,Greatmoor-W2E,0.0,0.0,115.52278790869914,False,0.0,0.0,0.0,0.0,0.0,0.0,0.0
2029,60.949999999999996,38.29068628496312,,South Killingholme-crackers,0.0,0.0,119.41657844198282,False,2.276602349345554,0.0,-2.276602349345554,913.9139451602806,0.0,0.0,-913.9139451602806
2029,60.949999999999996,38.29068628496312,,Marchwood-W2E,0.0,0.0,119.76307582774996,False,0.0,0.0,0.0,0.0,0.0,0.0,0.0
2029,60.949999999999996,38.29068628496312,,New Rugby-cement,0.0,0.0,119.94033644561048,False,0.842342869257855,0.0,-0.842342869257855,768.0422081872041,0.0,0.0,-768.0422081872041
2029,60.949999999999996,38.29068628496312,,Dunbar-W2E,0.0,0.0,120.88122377816076,False,0.0,0.0,0.0,0.0,0.0,0.0,0.0
2029,60.949999999999996,38.29068628496312,,Portsmouth-W2E,0.0,0.0,121.9344089585544,False,0.0,0.0,0.0,0.0,0.0,0.0,0.0
2029,60.949999999999996,38.29068628496312,,Grangemouth Power Station-CCGT,0.0,0.0,122.37005813568526,False,2.276602349345554,0.0,-2.276602349345554,1203.6690944057425,0.0,0.0,-1203.6690944057425
2029,60.949999999999996,38.29068628496312,,Newhurst-W2E,0.0,0.0,122.92780800610014,False,0.0,0.0,0.0,0.0,0.0,0.0,0.0
2029,60.949999999999996,38.29068628496312,,Fawley Refinery-crackers,0.0,0.0,123.76948009124162,False,2.276602349345554,0.0,-2.276602349345554,1439.1724538889016,0.0,0.0,-1439.1724538889016
2029,60.949999999999996,38.29068628496312,,South Killingholme-smr,0.0,0.0,124.23754446793583,False,2.276602349345554,0.0,-2.276602349345554,539.2092276445655,0.0,0.0,-539.2092276445655
2029,60.949999999999996,38.29068628496312,,Hope Cement Works-cement,0.0,0.0,124.28720193448665,False,0.842342869257855,0.0,-0.842342869257855,889.7588567131745,0.0,0.0,-889.7588567131745
2029,60.949999999999996,38.29068628496312,,Parc Adfer-W2E,0.0,0.0,125.7346990960452,False,0.0,0.0,0.0,0.0,0.0,0.0,0.0
2029,60.949999999999996,38.29068628496312,,Eastcroft-W2E,0.0,0.0,125.9173094124788,False,0.0,0.0,0.0,0.0,0.0,0.0,0.0
2029,60.949999999999996,38.29068628496312,,Tunstead Cement-cement,0.0,0.0,126.32727118201583,False,0.842342869257855,0.0,-0.842342869257855,550.9979082643873,0.0,0.0,-550.9979082643873
2029,60.949999999999996,38.29068628496312,,Stanlow Refinery-crackers,0.0,0.0,127.0371190337797,False,2.276602349345554,0.0,-2.276602349345554,845.2729871402247,0.0,0.0,-845.2729871402247
2029,60.949999999999996,38.29068628496312,,Fawley Refinery-smr,0.0,0.0,127.12699478695876,False,2.276602349345554,0.0,-2.276602349345554,849.1117477944517,0.0,0.0,-849.1117477944517
2029,60.949999999999996,38.29068628496312,,Millerhill-W2E,0.0,0.0,127.43285186483614,False,0.0,0.0,0.0,0.0,0.0,0.0,0.0
2029,60.949999999999996,38.29068628496312,,Padeswood-cement,0.0,0.0,127.4850460006812,False,0.842342869257855,0.0,-0.842342869257855,417.2702546580777,0.0,0.0,-417.2702546580777
2029,60.949999999999996,38.29068628496312,,South Killingholme-distillation,0.0,0.0,128.70945593540847,False,2.276602349345554,0.0,-2.276602349345554,776.8268533862384,0.0,0.0,-776.8268533862384
2029,60.949999999999996,38.29068628496312,,Ketton-cement,0.0,0.0,129.98256974643843,False,0.842342869257855,0.0,-0.842342869257855,563.4656141479226,0.0,0.0,-563.4656141479226
2029,60.949999999999996,38.29068628496312,,South Killingholme-power,0.0,0.0,130.1966886940948,False,2.276602349345554,0.0,-2.276602349345554,1361.7317782888176,0.0,0.0,-1361.7317782888176
2029,60.949999999999996,38.29068628496312,,Newhaven-W2E,0.0,0.0,130.2947760528612,False,0.0,0.0,0.0,0.0,0.0,0.0,0.0
2029,60.949999999999996,38.29068628496312,,Leeds-W2E,0.0,0.0,130.72273227888334,False,0.0,0.0,0.0,0.0,0.0,0.0,0.0
2029,60.949999999999996,38.29068628496312,,Ribblesdale-cement,0.0,0.0,131.22283623409905,False,0.842342869257855,0.0,-0.842342869257855,432.4950338579634,0.0,0.0,-432.4950338579634
2029,60.949999999999996,38.29068628496312,,Hanford-W2E,0.0,0.0,131.66934911672453,False,0.0,0.0,0.0,0.0,0.0,0.0,0.0
2029,60.949999999999996,38.29068628496312,,Fawley Refinery-distillation,0.0,0.0,132.12222727391224,False,2.276602349345554,0.0,-2.276602349345554,1223.2965858055666,0.0,0.0,-1223.2965858055666
2029,60.949999999999996,38.29068628496312,,Stanlow Refinery-smr,0.0,0.0,132.18064919232714,False,2.276602349345554,0.0,-2.276602349345554,498.71106241273253,0.0,0.0,-498.71106241273253
2029,60.949999999999996,38.29068628496312,,Kirklees-W2E,0.0,0.0,132.2826363227577,False,0.0,0.0,0.0,0.0,0.0,0.0,0.0
2029,60.949999999999996,38.29068628496312,,Lindsey Oil Refinery-crackers,0.0,0.0,132.48929210893525,False,2.276602349345554,0.0,-2.276602349345554,416.9747123183274,0.0,0.0,-416.9747123183274
2029,60.949999999999996,38.29068628496312,,South Killingholme-remaining,0.0,0.0,132.82916790483205,False,2.276602349345554,0.0,-2.276602349345554,859.0791084506637,0.0,0.0,-859.0791084506637
2029,60.949999999999996,38.29068628496312,,Fawley Refinery-power,0.0,0.0,134.32186480576613,False,2.276602349345554,0.0,-2.276602349345554,2144.366956294463,0.0,0.0,-2144.366956294463
2029,60.949999999999996,38.29068628496312,,Baldovie-W2E,0.0,0.0,134.50224562921326,False,0.0,0.0,0.0,0.0,0.0,0.0,0.0
2029,60.949999999999996,38.29068628496312,,Pembroke Refinery-crackers,0.0,0.0,135.6974630648525,False,2.276602349345554,0.0,-2.276602349345554,1085.981615616719,0.0,0.0,-1085.981615616719
2029,60.949999999999996,38.29068628496312,,Fawley Refinery-remaining,0.0,0.0,136.13383164089475,False,2.276602349345554,0.0,-2.276602349345554,1352.8221066555675,0.0,0.0,-1352.8221066555675
2029,60.949999999999996,38.29068628496312,,Stanlow Refinery-distillation,0.0,0.0,136.513911998797,False,2.276602349345554,0.0,-2.276602349345554,718.4820390691909,0.0,0.0,-718.4820390691909
2029,60.949999999999996,38.29068628496312,,Dunbar Works-cement,0.0,0.0,136.98298025518972,False,0.842342869257855,0.0,-0.842342869257855,373.3395163279689,0.0,0.0,-373.3395163279689
2029,60.949999999999996,38.29068628496312,,Stanlow Refinery-power,0.0,0.0,137.82970188412523,False,2.276602349345554,0.0,-2.276602349345554,1259.4567508389346,0.0,0.0,-1259.4567508389346
2029,60.949999999999996,38.29068628496312,,Hartlebury-W2E,0.0,0.0,138.13632582553586,False,0.0,0.0,0.0,0.0,0.0,0.0,0.0
2029,60.949999999999996,38.29068628496312,,Cauldon Cement-cement,0.0,0.0,138.4784310020895,False,0.842342869257855,0.0,-0.842342869257855,452.4761086579196,0.0,0.0,-452.4761086579196
2029,60.949999999999996,38.29068628496312,,Javelin Park-W2E,0.0,0.0,139.3228290773164,False,0.0,0.0,0.0,0.0,0.0,0.0,0.0
2029,60.949999999999996,38.29068628496312,,Sheffield-W2E,0.0,0.0,139.8343235952813,False,0.0,0.0,0.0,0.0,0.0,0.0,0.0
2029,60.949999999999996,38.29068628496312,,Pembroke Refinery-smr,0.0,0.0,139.8863360016444,False,2.276602349345554,0.0,-2.276602349345554,640.729153213864,0.0,0.0,-640.729153213864
2029,60.949999999999996,38.29068628496312,,Chineham-W2E,0.0,0.0,140.32141856258616,False,0.0,0.0,0.0,0.0,0.0,0.0,0.0
2029,60.949999999999996,38.29068628496312,,Stanlow Refinery-remaining,0.0,0.0,140.6432980315675,False,2.276602349345554,0.0,-2.276602349345554,794.5566079118112,0.0,0.0,-794.5566079118112
2029,60.949999999999996,38.29068628496312,,Grangemouth Refinery-crackers,0.0,0.0,140.79770433532283,False,2.276602349345554,0.0,-2.276602349345554,463.4823144329168,0.0,0.0,-463.4823144329168
2029,60.949999999999996,38.29068628496312,,Lindsey Oil Refinery-smr,0.0,0.0,141.9929815759613,False,2.276602349345554,0.0,-2.276602349345554,246.01508026781318,0.0,0.0,-246.01508026781318
2029,60.949999999999996,38.29068628496312,,Lindsey Oil Refinery-power,0.0,0.0,142.81115560903552,False,2.276602349345554,0.0,-2.276602349345554,621.292321354308,0.0,0.0,-621.292321354308
2029,60.949999999999996,38.29068628496312,,Wolverhampton-W2E,0.0,0.0,142.87736864384428,False,0.0,0.0,0.0,0.0,0.0,0.0,0.0
2029,60.949999999999996,38.29068628496312,,Devonport-W2E,0.0,0.0,143.82236892306247,False,0.0,0.0,0.0,0.0,0.0,0.0,0.0
2029,60.949999999999996,38.29068628496312,,Lindsey Oil Refinery-distillation,0.0,0.0,144.05717677984146,False,2.276602349345554,0.0,-2.276602349345554,354.42850547057833,0.0,0.0,-354.42850547057833
2029,60.949999999999996,38.29068628496312,,Pembroke Refinery-distillation,0.0,0.0,144.60895225355458,False,2.276602349345554,0.0,-2.276602349345554,923.084373274211,0.0,0.0,-923.084373274211
2029,60.949999999999996,38.29068628496312,,Cornwall-W2E,0.0,0.0,145.15316997971505,False,0.0,0.0,0.0,0.0,0.0,0.0,0.0
2029,60.949999999999996,38.29068628496312,,Pembroke Refinery-power,0.0,0.0,146.4191539632569,False,2.276602349345554,0.0,-2.276602349345554,1618.1126072689108,0.0,0.0,-1618.1126072689108
2029,60.949999999999996,38.29068628496312,,Lindsey Oil Refinery-remaining,0.0,0.0,148.07743604588833,False,2.276602349345554,0.0,-2.276602349345554,391.9562295792278,0.0,0.0,-391.9562295792278
2029,60.949999999999996,38.29068628496312,,Pembroke Refinery-remaining,0.0,0.0,148.6969572317184,False,2.276602349345554,0.0,-2.276602349345554,1020.8227186797156,0.0,0.0,-1020.8227186797156
2029,60.949999999999996,38.29068628496312,,Grangemouth Refinery-smr,0.0,0.0,149.4429641100151,False,2.276602349345554,0.0,-2.276602349345554,273.4545655154208,0.0,0.0,-273.4545655154208
2029,60.949999999999996,38.29068628496312,,Milton Keynes ACT-W2E,0.0,0.0,149.91840922239953,False,0.0,0.0,0.0,0.0,0.0,0.0,0.0
2029,60.949999999999996,38.29068628496312,,Belfast ACT-W2E,0.0,0.0,151.16178010182253,False,0.0,0.0,0.0,0.0,0.0,0.0,0.0
2029,60.949999999999996,38.29068628496312,,Grangemouth Refinery-power,0.0,0.0,151.2758042923232,False,2.276602349345554,0.0,-2.276602349345554,690.588648505046,0.0,0.0,-690.588648505046
2029,60.949999999999996,38.29068628496312,,Peterborough-W2E,0.0,0.0,151.58940342877088,False,0.0,0.0,0.0,0.0,0.0,0.0,0.0
2029,60.949999999999996,38.29068628496312,,Grangemouth Refinery-distillation,0.0,0.0,151.9931581726091,False,2.276602349345554,0.0,-2.276602349345554,393.95996726797927,0.0,0.0,-393.95996726797927
2029,60.949999999999996,38.29068628496312,,Pembroke Power Station-CCGT,0.0,0.0,153.5814237169616,False,2.276602349345554,0.0,-2.276602349345554,12046.31973293156,0.0,0.0,-12046.31973293156
2029,60.949999999999996,38.29068628496312,,NewLincs-W2E,0.0,0.0,154.91229031794154,False,0.0,0.0,0.0,0.0,0.0,0.0,0.0
2029,60.949999999999996,38.29068628496312,,Grangemouth Refinery-remaining,0.0,0.0,156.05875268873913,False,2.276602349345554,0.0,-2.276602349345554,435.6733755669417,0.0,0.0,-435.6733755669417
2029,60.949999999999996,38.29068628496312,,Dudley-W2E,0.0,0.0,157.17271920148522,False,0.0,0.0,0.0,0.0,0.0,0.0,0.0
2029,60.949999999999996,38.29068628496312,,Marchwood  Power  Station-CCGT,0.0,0.0,159.62812813767613,False,2.276602349345554,0.0,-2.276602349345554,4351.314031409012,0.0,0.0,-4351.314031409012
2029,60.949999999999996,38.29068628496312,,Baddesley-W2E,0.0,0.0,160.35967910131896,False,0.0,0.0,0.0,0.0,0.0,0.0,0.0
2029,60.949999999999996,38.29068628496312,,Enfield Power Station-CCGT,0.0,0.0,162.1675537167806,False,2.276602349345554,0.0,-2.276602349345554,1932.4499509504178,0.0,0.0,-1932.4499509504178
2029,60.949999999999996,38.29068628496312,,Battlefield-W2E,0.0,0.0,162.19804621799932,False,0.0,0.0,0.0,0.0,0.0,0.0,0.0
2029,60.949999999999996,38.29068628496312,,Saltend-CCGT,0.0,0.0,164.91708350379992,False,2.276602349345554,0.0,-2.276602349345554,5223.57645071244,0.0,0.0,-5223.57645071244
2029,60.949999999999996,38.29068628496312,,Immingham-CCGT,0.0,0.0,166.00773363458555,False,2.276602349345554,0.0,-2.276602349345554,5221.311739011633,0.0,0.0,-5221.311739011633
2029,60.949999999999996,38.29068628496312,,Didcot B-CCGT,0.0,0.0,168.98227960881977,False,2.276602349345554,0.0,-2.276602349345554,6382.02704396388,0.0,0.0,-6382.02704396388
2029,60.949999999999996,38.29068628496312,,Staythorpe Power Station-CCGT,0.0,0.0,169.40288726463294,False,2.276602349345554,0.0,-2.276602349345554,8136.984943772151,0.0,0.0,-8136.984943772151
2029,60.949999999999996,38.29068628496312,,Keadby-CCGT,0.0,0.0,176.90140497406722,False,2.276602349345554,0.0,-2.276602349345554,2710.5825289475833,0.0,0.0,-2710.5825289475833
2029,60.949999999999996,38.29068628496312,,Hooton Park ACT-W2E,0.0,0.0,179.27780846771287,False,0.0,0.0,0.0,0.0,0.0,0.0,0.0
2029,60.949999999999996,38.29068628496312,,Exeter-W2E,0.0,0.0,179.60333383475486,False,0.0,0.0,0.0,0.0,0.0,0.0,0.0
2029,60.949999999999996,38.29068628496312,,Bolton-W2E,0.0,0.0,181.92172711397333,False,0.0,0.0,0.0,0.0,0.0,0.0,0.0
2029,60.949999999999996,38.29068628496312,,West Burton B CCGT Power Station-CCGT,0.0,0.0,181.9230998694337,False,2.276602349345554,0.0,-2.276602349345554,5339.332808516839,0.0,0.0,-5339.332808516839
2029,60.949999999999996,38.29068628496312,,Levenseat ACT-W2E,0.0,0.0,183.8322948806435,False,0.0,0.0,0.0,0.0,0.0,0.0,0.0
2029,60.949999999999996,38.29068628496312,,Coolkeeragh-CCGT,0.0,0.0,184.70017000442445,False,2.276602349345554,0.0,-2.276602349345554,1730.6940457647704,0.0,0.0,-1730.6940457647704
2029,60.949999999999996,38.29068628496312,,Carrington CCGT-CCGT,0.0,0.0,189.2092334567789,False,2.276602349345554,0.0,-2.276602349345554,4010.6813156083804,0.0,0.0,-4010.6813156083804
2029,60.949999999999996,38.29068628496312,,Ballylumford-CCGT,0.0,0.0,195.1740589779237,False,2.276602349345554,0.0,-2.276602349345554,2499.9998258136507,0.0,0.0,-2499.9998258136507
2029,60.949999999999996,38.29068628496312,,Glasgow ACT-W2E,0.0,0.0,195.93562567320143,False,0.0,0.0,0.0,0.0,0.0,0.0,0.0
2029,60.949999999999996,38.29068628496312,,NESS-W2E,0.0,0.0,198.75501981615415,False,0.0,0.0,0.0,0.0,0.0,0.0,0.0
2029,60.949999999999996,38.29068628496312,,Energy Works ACT-W2E,0.0,0.0,201.40339180076796,False,0.0,0.0,0.0,0.0,0.0,0.0,0.0
2029,60.949999999999996,38.29068628496312,,Eco Park ACT-W2E,0.0,0.0,202.93011759687164,False,0.0,0.0,0.0,0.0,0.0,0.0,0.0
2029,60.949999999999996,38.29068628496312,,Kilroot-CCGT,0.0,0.0,207.3906503608189,False,2.276602349345554,0.0,-2.276602349345554,2539.584102845663,0.0,0.0,-2539.584102845663
2029,60.949999999999996,38.29068628496312,,Kings Lynn Power Station-CCGT,0.0,0.0,208.8847375922057,False,2.276602349345554,0.0,-2.276602349345554,1455.9916647924742,0.0,0.0,-1455.9916647924742
2029,60.949999999999996,38.29068628496312,,Spalding-CCGT,0.0,0.0,210.92034860788132,False,2.276602349345554,0.0,-2.276602349345554,3194.0496252494654,0.0,0.0,-3194.0496252494654
2029,60.949999999999996,38.29068628496312,,Seabank-CCGT,0.0,0.0,215.24318898826735,False,2.276602349345554,0.0,-2.276602349345554,3897.5906120571995,0.0,0.0,-3897.5906120571995
2029,60.949999999999996,38.29068628496312,,Shoreham Power Station-CCGT,0.0,0.0,223.96100678992715,False,2.276602349345554,0.0,-2.276602349345554,1399.6613663477551,0.0,0.0,-1399.6613663477551
2029,60.949999999999996,38.29068628496312,,Damhead Creek Power Station-CCGT,0.0,0.0,231.84613890879083,False,2.276602349345554,0.0,-2.276602349345554,2333.6495743071328,0.0,0.0,-2333.6495743071328
2029,60.949999999999996,38.29068628496312,,Cottam Development Centre-CCGT,0.0,0.0,238.4158800035795,False,2.276602349345554,0.0,-2.276602349345554,1318.730411350094,0.0,0.0,-1318.730411350094
2029,60.949999999999996,38.29068628496312,,Great Yarmouth Power Station-CCGT,0.0,0.0,240.013145571761,False,2.276602349345554,0.0,-2.276602349345554,1357.5147480511828,0.0,0.0,-1357.5147480511828
2029,60.949999999999996,38.29068628496312,,Little Barford-CCGT,0.0,0.0,240.7576776464302,False,2.276602349345554,0.0,-2.276602349345554,2099.870656337501,0.0,0.0,-2099.870656337501
2029,60.949999999999996,38.29068628496312,,South Humber-CCGT,0.0,0.0,246.5252661657621,False,2.276602349345554,0.0,-2.276602349345554,3391.9318549618074,0.0,0.0,-3391.9318549618074
2029,60.949999999999996,38.29068628496312,,Langage Energy Centre-CCGT,0.0,0.0,250.05603522765227,False,2.276602349345554,0.0,-2.276602349345554,2635.4709340479912,0.0,0.0,-2635.4709340479912
2029,60.949999999999996,38.29068628496312,,Grain CCGT-CCGT,0.0,0.0,256.5493066919562,False,2.276602349345554,0.0,-2.276602349345554,3740.018613309577,0.0,0.0,-3740.018613309577
2029,60.949999999999996,38.29068628496312,,Peterhead Power Station-CCGT,0.0,0.0,275.097064063588,False,2.276602349345554,0.0,-2.276602349345554,3075.4509628961755,0.0,0.0,-3075.4509628961755
2029,60.949999999999996,38.29068628496312,,Connahs Quay Power Station-CCGT,0.0,0.0,279.14393107084203,False,2.276602349345554,0.0,-2.276602349345554,3122.4254057350768,0.0,0.0,-3122.4254057350768
2029,60.949999999999996,38.29068628496312,,Medway-CCGT,0.0,0.0,311.36638697059976,False,2.276602349345554,0.0,-2.276602349345554,1466.2662085900574,0.0,0.0,-1466.2662085900574
2029,60.949999999999996,38.29068628496312,,Isle of Wight-W2E,0.0,0.0,378.6296091247897,False,0.0,0.0,0.0,0.0,0.0,0.0,0.0
2029,60.949999999999996,38.29068628496312,,Coryton-CCGT,0.0,0.0,386.8501086268143,False,2.276602349345554,0.0,-2.276602349345554,1226.5348259973127,0.0,0.0,-1226.5348259973127
2029,60.949999999999996,38.29068628496312,,Rye House-CCGT,0.0,0.0,392.2249091956061,False,2.276602349345554,0.0,-2.276602349345554,1100.564258214153,0.0,0.0,-1100.564258214153
2029,60.949999999999996,38.29068628496312,,Rocksavage-CCGT,0.0,0.0,430.77402140379735,False,2.276602349345554,0.0,-2.276602349345554,1096.882549589126,0.0,0.0,-1096.882549589126
2030,57.49999999999999,41.740686284963125,2026.0,Tees Valley-W2E,304.33924500000006,350.153755,88.11948048189508,False,0.0,41.740686284963125,11.121205803068037,0.0,12703.328949747534,27318.98698870437,7278.751349667409
2030,57.49999999999999,41.740686284963125,2027.0,Runcorn-W2E,411.702165,473.6788349999999,92.55278428419912,False,0.0,41.740686284963125,6.687902000763998,0.0,17184.730912105126,36956.410563666934,5921.341361338428
2030,57.49999999999999,41.740686284963125,2027.0,Riverside-W2E,342.00285,393.48714999999993,95.11886046105766,False,0.0,41.740686284963125,4.1218258239054535,0.0,14275.433670413302,30699.85735572753,3031.561675224222
2030,57.49999999999999,41.740686284963125,2028.0,Wilton 11-W2E,178.79389499999996,205.70910499999997,95.57551058511204,False,0.0,41.740686284963125,3.6651756998510763,0.0,7462.979880861635,16049.419098627173,1409.271052119838
2030,57.49999999999999,41.740686284963125,2028.0,Scunthorpe Power Station-chp,1562.2594042965,0.0,96.72056387395656,False,2.5135433418352813,41.740686284963125,0.006579069171273488,4133.480761988442,65209.77969047358,65209.77969047358,10.278212684339188
2030,57.49999999999999,41.740686284963125,2029.0,Ferrybridge FM1-W2E,285.29098500000003,328.238015,98.85154951082956,False,0.0,41.740686284963125,0.3891367741335614,0.0,11908.241504813122,25609.12151572714,238.7466958973898
2030,57.49999999999999,41.740686284963125,2029.0,Ferrybridge FM2-W2E,283.559325,326.24567499999995,98.9301306912529,False,0.0,41.740686284963125,0.31055559371021957,0.0,11835.960828000902,25453.679200001938,189.37835382246044
2030,57.49999999999999,41.740686284963125,2029.0,Drax-BECCS,0.0,10924.999999999998,99.24068628496312,True,0.0,41.740686284963125,0.0,0.0,0.0,456016.9976632221,0.0
2030,57.49999999999999,41.740686284963125,,Kemsley-W2E,0.0,0.0,99.80091077600858,False,0.0,0.0,0.0,0.0,0.0,0.0,0.0
2030,57.49999999999999,41.740686284963125,,Allington-W2E,0.0,0.0,100.90154534306674,False,0.0,0.0,0.0,0.0,0.0,0.0,0.0
2030,57.49999999999999,41.740686284963125,,Scunthorpe Blast Furnaces-stove,0.0,0.0,101.76356955343398,False,2.5135433418352813,0.0,-2.5135433418352813,2630.568143502422,0.0,0.0,-2630.568143502422
2030,57.49999999999999,41.740686284963125,,Edmonton-W2E,0.0,0.0,102.28156448231805,False,0.0,0.0,0.0,0.0,0.0,0.0,0.0
2030,57.49999999999999,41.740686284963125,,Rookery South C-W2E,0.0,0.0,103.38827027423388,False,0.0,0.0,0.0,0.0,0.0,0.0,0.0
2030,57.49999999999999,41.740686284963125,,SELCHP-W2E,0.0,0.0,105.54933952858303,False,0.0,0.0,0.0,0.0,0.0,0.0,0.0
2030,57.49999999999999,41.740686284963125,,Lakeside-W2E,0.0,0.0,105.75229786444092,False,0.0,0.0,0.0,0.0,0.0,0.0,0.0
2030,57.49999999999999,41.740686284963125,,Trident Park-W2E,0.0,0.0,106.89966600386146,False,0.0,0.0,0.0,0.0,0.0,0.0,0.0
2030,57.49999999999999,41.740686284963125,,Severnside-W2E,0.0,0.0,107.69026084360516,False,0.0,0.0,0.0,0.0,0.0,0.0,0.0
2030,57.49999999999999,41.740686284963125,,Avonmouth-W2E,0.0,0.0,108.09353634841528,False,0.0,0.0,0.0,0.0,0.0,0.0,0.0
2030,57.49999999999999,41.740686284963125,,Beddington Lane-W2E,0.0,0.0,108.33273184526364,False,0.0,0.0,0.0,0.0,0.0,0.0,0.0
2030,57.49999999999999,41.740686284963125,,Tyseley-W2E,0.0,0.0,109.84350345016378,False,0.0,0.0,0.0,0.0,0.0,0.0,0.0
2030,57.49999999999999,41.740686284963125,,Allerton Park-W2E,0.0,0.0,110.24876424941378,False,0.0,0.0,0.0,0.0,0.0,0.0,0.0
2030,57.49999999999999,41.740686284963125,,Four Ashes-W2E,0.0,0.0,111.41254904821844,False,0.0,0.0,0.0,0.0,0.0,0.0,0.0
2030,57.49999999999999,41.740686284963125,,Ardley-W2E,0.0,0.0,111.75263386171072,False,0.0,0.0,0.0,0.0,0.0,0.0,0.0
2030,57.49999999999999,41.740686284963125,,Great Blakenham-W2E,0.0,0.0,111.99950117220564,False,0.0,0.0,0.0,0.0,0.0,0.0,0.0
2030,57.49999999999999,41.740686284963125,,North Hykeham-W2E,0.0,0.0,112.24726485697003,False,0.0,0.0,0.0,0.0,0.0,0.0,0.0
2030,57.49999999999999,41.740686284963125,,Scunthorpe Sinter-sinter,0.0,0.0,112.48245883079248,False,2.5135433418352813,0.0,-2.5135433418352813,1676.4081204610043,0.0,0.0,-1676.4081204610043
2030,57.49999999999999,41.740686284963125,,Coventry-W2E,0.0,0.0,114.86629159129888,False,0.0,0.0,0.0,0.0,0.0,0.0,0.0
2030,57.49999999999999,41.740686284963125,,Greatmoor-W2E,0.0,0.0,115.52278790869914,False,0.0,0.0,0.0,0.0,0.0,0.0,0.0
2030,57.49999999999999,41.740686284963125,,South Killingholme-crackers,0.0,0.0,119.41657844198282,False,2.5135433418352813,0.0,-2.5135433418352813,1009.0309853753749,0.0,0.0,-1009.0309853753749
2030,57.49999999999999,41.740686284963125,,Marchwood-W2E,0.0,0.0,119.76307582774996,False,0.0,0.0,0.0,0.0,0.0,0.0,0.0
2030,57.49999999999999,41.740686284963125,,New Rugby-cement,0.0,0.0,119.94033644561048,False,0.930011036479054,0.0,-0.930011036479054,847.9774165182466,0.0,0.0,-847.9774165182466
2030,57.49999999999999,41.740686284963125,,Dunbar-W2E,0.0,0.0,120.88122377816076,False,0.0,0.0,0.0,0.0,0.0,0.0,0.0
2030,57.49999999999999,41.740686284963125,,Portsmouth-W2E,0.0,0.0,121.9344089585544,False,0.0,0.0,0.0,0.0,0.0,0.0,0.0
2030,57.49999999999999,41.740686284963125,,Grangemouth Power Station-CCGT,0.0,0.0,122.37005813568526,False,2.5135433418352813,0.0,-2.5135433418352813,1328.9428603489662,0.0,0.0,-1328.9428603489662
2030,57.49999999999999,41.740686284963125,,Newhurst-W2E,0.0,0.0,122.92780800610014,False,0.0,0.0,0.0,0.0,0.0,0.0,0.0
2030,57.49999999999999,41.740686284963125,,Fawley Refinery-crackers,0.0,0.0,123.76948009124162,False,2.5135433418352813,0.0,-2.5135433418352813,1588.9566046811285,0.0,0.0,-1588.9566046811285
2030,57.49999999999999,41.740686284963125,,South Killingholme-smr,0.0,0.0,124.23754446793583,False,2.5135433418352813,0.0,-2.5135433418352813,595.3282813714711,0.0,0.0,-595.3282813714711
2030,57.49999999999999,41.740686284963125,,Hope Cement Works-cement,0.0,0.0,124.28720193448665,False,0.930011036479054,0.0,-0.930011036479054,982.3619178699673,0.0,0.0,-982.3619178699673
2030,57.49999999999999,41.740686284963125,,Parc Adfer-W2E,0.0,0.0,125.7346990960452,False,0.0,0.0,0.0,0.0,0.0,0.0,0.0
2030,57.49999999999999,41.740686284963125,,Eastcroft-W2E,0.0,0.0,125.9173094124788,False,0.0,0.0,0.0,0.0,0.0,0.0,0.0
2030,57.49999999999999,41.740686284963125,,Tunstead Cement-cement,0.0,0.0,126.32727118201583,False,0.930011036479054,0.0,-0.930011036479054,608.3438875837259,0.0,0.0,-608.3438875837259
2030,57.49999999999999,41.740686284963125,,Stanlow Refinery-crackers,0.0,0.0,127.0371190337797,False,2.5135433418352813,0.0,-2.5135433418352813,933.2461110172756,0.0,0.0,-933.2461110172756
2030,57.49999999999999,41.740686284963125,,Fawley Refinery-smr,0.0,0.0,127.12699478695876,False,2.5135433418352813,0.0,-2.5135433418352813,937.4843967618657,0.0,0.0,-937.4843967618657
2030,57.49999999999999,41.740686284963125,,Millerhill-W2E,0.0,0.0,127.43285186483614,False,0.0,0.0,0.0,0.0,0.0,0.0,0.0
2030,57.49999999999999,41.740686284963125,,Padeswood-cement,0.0,0.0,127.4850460006812,False,0.930011036479054,0.0,-0.930011036479054,460.698316789151,0.0,0.0,-460.698316789151
2030,57.49999999999999,41.740686284963125,,South Killingholme-distillation,0.0,0.0,128.70945593540847,False,2.5135433418352813,0.0,-2.5135433418352813,857.6763375690687,0.0,0.0,-857.6763375690687
2030,57.49999999999999,41.740686284963125,,Ketton-cement,0.0,0.0,129.98256974643843,False,0.930011036479054,0.0,-0.930011036479054,622.1091896886495,0.0,0.0,-622.1091896886495
2030,57.49999999999999,41.740686284963125,,South Killingholme-power,0.0,0.0,130.1966886940948,False,2.5135433418352813,0.0,-2.5135433418352813,1503.4561682093083,0.0,0.0,-1503.4561682093083
2030,57.49999999999999,41.740686284963125,,Newhaven-W2E,0.0,0.0,130.2947760528612,False,0.0,0.0,0.0,0.0,0.0,0.0,0.0
2030,57.49999999999999,41.740686284963125,,Leeds-W2E,0.0,0.0,130.72273227888334,False,0.0,0.0,0.0,0.0,0.0,0.0,0.0
2030,57.49999999999999,41.740686284963125,,Ribblesdale-cement,0.0,0.0,131.22283623409905,False,0.930011036479054,0.0,-0.930011036479054,477.50763897920575,0.0,0.0,-477.50763897920575
2030,57.49999999999999,41.740686284963125,,Hanford-W2E,0.0,0.0,131.66934911672453,False,0.0,0.0,0.0,0.0,0.0,0.0,0.0
2030,57.49999999999999,41.740686284963125,,Fawley Refinery-distillation,0.0,0.0,132.12222727391224,False,2.5135433418352813,0.0,-2.5135433418352813,1350.6131139789595,0.0,0.0,-1350.6131139789595
2030,57.49999999999999,41.740686284963125,,Stanlow Refinery-smr,0.0,0.0,132.18064919232714,False,2.5135433418352813,0.0,-2.5135433418352813,550.6152055001926,0.0,0.0,-550.6152055001926
2030,57.49999999999999,41.740686284963125,,Kirklees-W2E,0.0,0.0,132.2826363227577,False,0.0,0.0,0.0,0.0,0.0,0.0,0.0
2030,57.49999999999999,41.740686284963125,,Lindsey Oil Refinery-crackers,0.0,0.0,132.48929210893525,False,2.5135433418352813,0.0,-2.5135433418352813,460.372015412662,0.0,0.0,-460.372015412662
2030,57.49999999999999,41.740686284963125,,South Killingholme-remaining,0.0,0.0,132.82916790483205,False,2.5135433418352813,0.0,-2.5135433418352813,948.4891262528524,0.0,0.0,-948.4891262528524
2030,57.49999999999999,41.740686284963125,,Fawley Refinery-power,0.0,0.0,134.32186480576613,False,2.5135433418352813,0.0,-2.5135433418352813,2367.545340974881,0.0,0.0,-2367.545340974881
2030,57.49999999999999,41.740686284963125,,Baldovie-W2E,0.0,0.0,134.50224562921326,False,0.0,0.0,0.0,0.0,0.0,0.0,0.0
2030,57.49999999999999,41.740686284963125,,Pembroke Refinery-crackers,0.0,0.0,135.6974630648525,False,2.5135433418352813,0.0,-2.5135433418352813,1199.0068709511834,0.0,0.0,-1199.0068709511834
2030,57.49999999999999,41.740686284963125,,Fawley Refinery-remaining,0.0,0.0,136.13383164089475,False,2.5135433418352813,0.0,-2.5135433418352813,1493.619208400261,0.0,0.0,-1493.619208400261
2030,57.49999999999999,41.740686284963125,,Stanlow Refinery-distillation,0.0,0.0,136.513911998797,False,2.5135433418352813,0.0,-2.5135433418352813,793.2591943646842,0.0,0.0,-793.2591943646842
2030,57.49999999999999,41.740686284963125,,Dunbar Works-cement,0.0,0.0,136.98298025518972,False,0.930011036479054,0.0,-0.930011036479054,412.19541734195707,0.0,0.0,-412.19541734195707
2030,57.49999999999999,41.740686284963125,,Stanlow Refinery-power,0.0,0.0,137.82970188412523,False,2.5135433418352813,0.0,-2.5135433418352813,1390.5367054157405,0.0,0.0,-1390.5367054157405
2030,57.49999999999999,41.740686284963125,,Hartlebury-W2E,0.0,0.0,138.13632582553586,False,0.0,0.0,0.0,0.0,0.0,0.0,0.0
2030,57.49999999999999,41.740686284963125,,Cauldon Cement-cement,0.0,0.0,138.4784310020895,False,0.930011036479054,0.0,-0.930011036479054,499.5682757612859,0.0,0.0,-499.5682757612859
2030,57.49999999999999,41.740686284963125,,Javelin Park-W2E,0.0,0.0,139.3228290773164,False,0.0,0.0,0.0,0.0,0.0,0.0,0.0
2030,57.49999999999999,41.740686284963125,,Sheffield-W2E,0.0,0.0,139.8343235952813,False,0.0,0.0,0.0,0.0,0.0,0.0,0.0
2030,57.49999999999999,41.740686284963125,,Pembroke Refinery-smr,0.0,0.0,139.8863360016444,False,2.5135433418352813,0.0,-2.5135433418352813,707.4140538611981,0.0,0.0,-707.4140538611981
2030,57.49999999999999,41.740686284963125,,Chineham-W2E,0.0,0.0,140.32141856258616,False,0.0,0.0,0.0,0.0,0.0,0.0,0.0
2030,57.49999999999999,41.740686284963125,,Stanlow Refinery-remaining,0.0,0.0,140.6432980315675,False,2.5135433418352813,0.0,-2.5135433418352813,877.251344356239,0.0,0.0,-877.251344356239
2030,57.49999999999999,41.740686284963125,,Grangemouth Refinery-crackers,0.0,0.0,140.79770433532283,False,2.5135433418352813,0.0,-2.5135433418352813,511.7199698208857,0.0,0.0,-511.7199698208857
2030,57.49999999999999,41.740686284963125,,Lindsey Oil Refinery-smr,0.0,0.0,141.9929815759613,False,2.5135433418352813,0.0,-2.5135433418352813,271.6194890934706,0.0,0.0,-271.6194890934706
2030,57.49999999999999,41.740686284963125,,Lindsey Oil Refinery-power,0.0,0.0,142.81115560903552,False,2.5135433418352813,0.0,-2.5135433418352813,685.9543029648664,0.0,0.0,-685.9543029648664
2030,57.49999999999999,41.740686284963125,,Wolverhampton-W2E,0.0,0.0,142.87736864384428,False,0.0,0.0,0.0,0.0,0.0,0.0,0.0
2030,57.49999999999999,41.740686284963125,,Devonport-W2E,0.0,0.0,143.82236892306247,False,0.0,0.0,0.0,0.0,0.0,0.0,0.0
2030,57.49999999999999,41.740686284963125,,Lindsey Oil Refinery-distillation,0.0,0.0,144.05717677984146,False,2.5135433418352813,0.0,-2.5135433418352813,391.3162131007627,0.0,0.0,-391.3162131007627
2030,57.49999999999999,41.740686284963125,,Pembroke Refinery-distillation,0.0,0.0,144.60895225355458,False,2.5135433418352813,0.0,-2.5135433418352813,1019.1558403085058,0.0,0.0,-1019.1558403085058
2030,57.49999999999999,41.740686284963125,,Cornwall-W2E,0.0,0.0,145.15316997971505,False,0.0,0.0,0.0,0.0,0.0,0.0,0.0
2030,57.49999999999999,41.740686284963125,,Pembroke Refinery-power,0.0,0.0,146.4191539632569,False,2.5135433418352813,0.0,-2.5135433418352813,1786.520237717263,0.0,0.0,-1786.520237717263
2030,57.49999999999999,41.740686284963125,,Lindsey Oil Refinery-remaining,0.0,0.0,148.07743604588833,False,2.5135433418352813,0.0,-2.5135433418352813,432.7496944879023,0.0,0.0,-432.7496944879023
2030,57.49999999999999,41.740686284963125,,Pembroke Refinery-remaining,0.0,0.0,148.6969572317184,False,2.5135433418352813,0.0,-2.5135433418352813,1127.0664586941123,0.0,0.0,-1127.0664586941123
2030,57.49999999999999,41.740686284963125,,Grangemouth Refinery-smr,0.0,0.0,149.4429641100151,False,2.5135433418352813,0.0,-2.5135433418352813,301.91478219432247,0.0,0.0,-301.91478219432247
2030,57.49999999999999,41.740686284963125,,Milton Keynes ACT-W2E,0.0,0.0,149.91840922239953,False,0.0,0.0,0.0,0.0,0.0,0.0,0.0
2030,57.49999999999999,41.740686284963125,,Belfast ACT-W2E,0.0,0.0,151.16178010182253,False,0.0,0.0,0.0,0.0,0.0,0.0,0.0
2030,57.49999999999999,41.740686284963125,,Grangemouth Refinery-power,0.0,0.0,151.2758042923232,False,2.5135433418352813,0.0,-2.5135433418352813,762.4627550331196,0.0,0.0,-762.4627550331196
2030,57.49999999999999,41.740686284963125,,Peterborough-W2E,0.0,0.0,151.58940342877088,False,0.0,0.0,0.0,0.0,0.0,0.0,0.0
2030,57.49999999999999,41.740686284963125,,Grangemouth Refinery-distillation,0.0,0.0,151.9931581726091,False,2.5135433418352813,0.0,-2.5135433418352813,434.9619743477528,0.0,0.0,-434.9619743477528
2030,57.49999999999999,41.740686284963125,,Pembroke Power Station-CCGT,0.0,0.0,153.5814237169616,False,2.5135433418352813,0.0,-2.5135433418352813,13300.059523804524,0.0,0.0,-13300.059523804524
2030,57.49999999999999,41.740686284963125,,NewLincs-W2E,0.0,0.0,154.91229031794154,False,0.0,0.0,0.0,0.0,0.0,0.0,0.0
2030,57.49999999999999,41.740686284963125,,Grangemouth Refinery-remaining,0.0,0.0,156.05875268873913,False,2.5135433418352813,0.0,-2.5135433418352813,481.0167716316324,0.0,0.0,-481.0167716316324
2030,57.49999999999999,41.740686284963125,,Dudley-W2E,0.0,0.0,157.17271920148522,False,0.0,0.0,0.0,0.0,0.0,0.0,0.0
2030,57.49999999999999,41.740686284963125,,Marchwood  Power  Station-CCGT,0.0,0.0,159.62812813767613,False,2.5135433418352813,0.0,-2.5135433418352813,4804.18392567619,0.0,0.0,-4804.18392567619
2030,57.49999999999999,41.740686284963125,,Baddesley-W2E,0.0,0.0,160.35967910131896,False,0.0,0.0,0.0,0.0,0.0,0.0,0.0
2030,57.49999999999999,41.740686284963125,,Enfield Power Station-CCGT,0.0,0.0,162.1675537167806,False,2.5135433418352813,0.0,-2.5135433418352813,2133.572737916943,0.0,0.0,-2133.572737916943
2030,57.49999999999999,41.740686284963125,,Battlefield-W2E,0.0,0.0,162.19804621799932,False,0.0,0.0,0.0,0.0,0.0,0.0,0.0
2030,57.49999999999999,41.740686284963125,,Saltend-CCGT,0.0,0.0,164.91708350379992,False,2.5135433418352813,0.0,-2.5135433418352813,5767.228436722893,0.0,0.0,-5767.228436722893
2030,57.49999999999999,41.740686284963125,,Immingham-CCGT,0.0,0.0,166.00773363458555,False,2.5135433418352813,0.0,-2.5135433418352813,5764.728021567661,0.0,0.0,-5764.728021567661
2030,57.49999999999999,41.740686284963125,,Didcot B-CCGT,0.0,0.0,168.98227960881977,False,2.5135433418352813,0.0,-2.5135433418352813,7046.246608846513,0.0,0.0,-7046.246608846513
2030,57.49999999999999,41.740686284963125,,Staythorpe Power Station-CCGT,0.0,0.0,169.40288726463294,False,2.5135433418352813,0.0,-2.5135433418352813,8983.854529497376,0.0,0.0,-8983.854529497376
2030,57.49999999999999,41.740686284963125,,Keadby-CCGT,0.0,0.0,176.90140497406722,False,2.5135433418352813,0.0,-2.5135433418352813,2992.6906954522783,0.0,0.0,-2992.6906954522783
2030,57.49999999999999,41.740686284963125,,Hooton Park ACT-W2E,0.0,0.0,179.27780846771287,False,0.0,0.0,0.0,0.0,0.0,0.0,0.0
2030,57.49999999999999,41.740686284963125,,Exeter-W2E,0.0,0.0,179.60333383475486,False,0.0,0.0,0.0,0.0,0.0,0.0,0.0
2030,57.49999999999999,41.740686284963125,,Bolton-W2E,0.0,0.0,181.92172711397333,False,0.0,0.0,0.0,0.0,0.0,0.0,0.0
2030,57.49999999999999,41.740686284963125,,West Burton B CCGT Power Station-CCGT,0.0,0.0,181.9230998694337,False,2.5135433418352813,0.0,-2.5135433418352813,5895.032320663358,0.0,0.0,-5895.032320663358
2030,57.49999999999999,41.740686284963125,,Levenseat ACT-W2E,0.0,0.0,183.8322948806435,False,0.0,0.0,0.0,0.0,0.0,0.0,0.0
2030,57.49999999999999,41.740686284963125,,Coolkeeragh-CCGT,0.0,0.0,184.70017000442445,False,2.5135433418352813,0.0,-2.5135433418352813,1910.8187675974823,0.0,0.0,-1910.8187675974823
2030,57.49999999999999,41.740686284963125,,Carrington CCGT-CCGT,0.0,0.0,189.2092334567789,False,2.5135433418352813,0.0,-2.5135433418352813,4428.099320888676,0.0,0.0,-4428.099320888676
2030,57.49999999999999,41.740686284963125,,Ballylumford-CCGT,0.0,0.0,195.1740589779237,False,2.5135433418352813,0.0,-2.5135433418352813,2760.1912642186553,0.0,0.0,-2760.1912642186553
2030,57.49999999999999,41.740686284963125,,Glasgow ACT-W2E,0.0,0.0,195.93562567320143,False,0.0,0.0,0.0,0.0,0.0,0.0,0.0
2030,57.49999999999999,41.740686284963125,,NESS-W2E,0.0,0.0,198.75501981615415,False,0.0,0.0,0.0,0.0,0.0,0.0,0.0
2030,57.49999999999999,41.740686284963125,,Energy Works ACT-W2E,0.0,0.0,201.40339180076796,False,0.0,0.0,0.0,0.0,0.0,0.0,0.0
2030,57.49999999999999,41.740686284963125,,Eco Park ACT-W2E,0.0,0.0,202.93011759687164,False,0.0,0.0,0.0,0.0,0.0,0.0,0.0
2030,57.49999999999999,41.740686284963125,,Kilroot-CCGT,0.0,0.0,207.3906503608189,False,2.5135433418352813,0.0,-2.5135433418352813,2803.895337529385,0.0,0.0,-2803.895337529385
2030,57.49999999999999,41.740686284963125,,Kings Lynn Power Station-CCGT,0.0,0.0,208.8847375922057,False,2.5135433418352813,0.0,-2.5135433418352813,1607.5263015778007,0.0,0.0,-1607.5263015778007
2030,57.49999999999999,41.740686284963125,,Spalding-CCGT,0.0,0.0,210.92034860788132,False,2.5135433418352813,0.0,-2.5135433418352813,3526.4753949433275,0.0,0.0,-3526.4753949433275
2030,57.49999999999999,41.740686284963125,,Seabank-CCGT,0.0,0.0,215.24318898826735,False,2.5135433418352813,0.0,-2.5135433418352813,4303.2385233865325,0.0,0.0,-4303.2385233865325
2030,57.49999999999999,41.740686284963125,,Shoreham Power Station-CCGT,0.0,0.0,223.96100678992715,False,2.5135433418352813,0.0,-2.5135433418352813,1545.3333381733573,0.0,0.0,-1545.3333381733573
2030,57.49999999999999,41.740686284963125,,Damhead Creek Power Station-CCGT,0.0,0.0,231.84613890879083,False,2.5135433418352813,0.0,-2.5135433418352813,2576.5278470184444,0.0,0.0,-2576.5278470184444
2030,57.49999999999999,41.740686284963125,,Cottam Development Centre-CCGT,0.0,0.0,238.4158800035795,False,2.5135433418352813,0.0,-2.5135433418352813,1455.9793659518937,0.0,0.0,-1455.9793659518937
2030,57.49999999999999,41.740686284963125,,Great Yarmouth Power Station-CCGT,0.0,0.0,240.013145571761,False,2.5135433418352813,0.0,-2.5135433418352813,1498.8002438757624,0.0,0.0,-1498.8002438757624
2030,57.49999999999999,41.740686284963125,,Little Barford-CCGT,0.0,0.0,240.7576776464302,False,2.5135433418352813,0.0,-2.5135433418352813,2318.4180181794536,0.0,0.0,-2318.4180181794536
2030,57.49999999999999,41.740686284963125,,South Humber-CCGT,0.0,0.0,246.5252661657621,False,2.5135433418352813,0.0,-2.5135433418352813,3744.9525308840675,0.0,0.0,-3744.9525308840675
2030,57.49999999999999,41.740686284963125,,Langage Energy Centre-CCGT,0.0,0.0,250.05603522765227,False,2.5135433418352813,0.0,-2.5135433418352813,2909.761742440888,0.0,0.0,-2909.761742440888
2030,57.49999999999999,41.740686284963125,,Grain CCGT-CCGT,0.0,0.0,256.5493066919562,False,2.5135433418352813,0.0,-2.5135433418352813,4129.266969493681,0.0,0.0,-4129.266969493681
2030,57.49999999999999,41.740686284963125,,Peterhead Power Station-CCGT,0.0,0.0,275.097064063588,False,2.5135433418352813,0.0,-2.5135433418352813,3395.533389109776,0.0,0.0,-3395.533389109776
2030,57.49999999999999,41.740686284963125,,Connahs Quay Power Station-CCGT,0.0,0.0,279.14393107084203,False,2.5135433418352813,0.0,-2.5135433418352813,3447.3967714295227,0.0,0.0,-3447.3967714295227
2030,57.49999999999999,41.740686284963125,,Medway-CCGT,0.0,0.0,311.36638697059976,False,2.5135433418352813,0.0,-2.5135433418352813,1618.870184781749,0.0,0.0,-1618.870184781749
2030,57.49999999999999,41.740686284963125,,Isle of Wight-W2E,0.0,0.0,378.6296091247897,False,0.0,0.0,0.0,0.0,0.0,0.0,0.0
2030,57.49999999999999,41.740686284963125,,Coryton-CCGT,0.0,0.0,386.8501086268143,False,2.5135433418352813,0.0,-2.5135433418352813,1354.1883791435444,0.0,0.0,-1354.1883791435444
2030,57.49999999999999,41.740686284963125,,Rye House-CCGT,0.0,0.0,392.2249091956061,False,2.5135433418352813,0.0,-2.5135433418352813,1215.1072251556322,0.0,0.0,-1215.1072251556322
2030,57.49999999999999,41.740686284963125,,Rocksavage-CCGT,0.0,0.0,430.77402140379735,False,2.5135433418352813,0.0,-2.5135433418352813,1211.042336878734,0.0,0.0,-1211.042336878734
2031,62.099999999999994,37.140686284963124,2026.0,Tees Valley-W2E,304.33924500000006,350.153755,88.11948048189508,False,0.0,37.140686284963124,11.121205803068037,0.0,11303.368422747535,24308.319188704372,7278.751349667409
2031,62.099999999999994,37.140686284963124,2027.0,Runcorn-W2E,411.702165,473.6788349999999,92.55278428419912,False,0.0,37.140686284963124,6.687902000763998,0.0,15290.900953105125,32883.65796366693,5921.341361338428
2031,62.099999999999994,37.140686284963124,2027.0,Riverside-W2E,342.00285,393.48714999999993,95.11886046105766,False,0.0,37.140686284963124,4.1218258239054535,0.0,12702.220560413301,27316.60335572753,3031.561675224222
2031,62.099999999999994,37.140686284963124,2028.0,Wilton 11-W2E,178.79389499999996,205.70910499999997,95.57551058511204,False,0.0,37.140686284963124,3.6651756998510763,0.0,6640.527963861636,14280.705298627174,1409.271052119838
2031,62.099999999999994,37.140686284963124,2028.0,Scunthorpe Power Station-chp,1562.2594042965,0.0,96.72056387395656,False,2.2655876939547546,37.140686284963124,0.2545347170517971,3725.7217696202483,58023.386430709674,58023.386430709674,397.6492554341187
2031,62.099999999999994,37.140686284963124,2029.0,Ferrybridge FM1-W2E,285.29098500000003,328.238015,98.85154951082956,False,0.0,37.140686284963124,0.3891367741335614,0.0,10595.902973813121,22786.88811572714,238.7466958973898
2031,62.099999999999994,37.140686284963124,2029.0,Ferrybridge FM2-W2E,283.559325,326.24567499999995,98.9301306912529,False,0.0,37.140686284963124,0.31055559371021957,0.0,10531.587933000901,22648.576200001935,189.37835382246044
2031,62.099999999999994,37.140686284963124,2029.0,Drax-BECCS,0.0,10924.999999999998,99.24068628496312,True,0.0,37.140686284963124,0.0,0.0,0.0,405761.9976632221,0.0
2031,62.099999999999994,37.140686284963124,,Kemsley-W2E,0.0,0.0,99.80091077600858,False,0.0,0.0,0.0,0.0,0.0,0.0,0.0
2031,62.099999999999994,37.140686284963124,,Allington-W2E,0.0,0.0,100.90154534306674,False,0.0,0.0,0.0,0.0,0.0,0.0,0.0
2031,62.099999999999994,37.140686284963124,,Scunthorpe Blast Furnaces-stove,0.0,0.0,101.76356955343398,False,2.2655876939547546,0.0,-2.2655876939547546,2371.0682504789893,0.0,0.0,-2371.0682504789893
2031,62.099999999999994,37.140686284963124,,Edmonton-W2E,0.0,0.0,102.28156448231805,False,0.0,0.0,0.0,0.0,0.0,0.0,0.0
2031,62.099999999999994,37.140686284963124,,Rookery South C-W2E,0.0,0.0,103.38827027423388,False,0.0,0.0,0.0,0.0,0.0,0.0,0.0
2031,62.099999999999994,37.140686284963124,,SELCHP-W2E,0.0,0.0,105.54933952858303,False,0.0,0.0,0.0,0.0,0.0,0.0,0.0
2031,62.099999999999994,37.140686284963124,,Lakeside-W2E,0.0,0.0,105.75229786444092,False,0.0,0.0,0.0,0.0,0.0,0.0,0.0
2031,62.099999999999994,37.140686284963124,,Trident Park-W2E,0.0,0.0,106.89966600386146,False,0.0,0.0,0.0,0.0,0.0,0.0,0.0
2031,62.099999999999994,37.140686284963124,,Severnside-W2E,0.0,0.0,107.69026084360516,False,0.0,0.0,0.0,0.0,0.0,0.0,0.0
2031,62.099999999999994,37.140686284963124,,Avonmouth-W2E,0.0,0.0,108.09353634841528,False,0.0,0.0,0.0,0.0,0.0,0.0,0.0
2031,62.099999999999994,37.140686284963124,,Beddington Lane-W2E,0.0,0.0,108.33273184526364,False,0.0,0.0,0.0,0.0,0.0,0.0,0.0
2031,62.099999999999994,37.140686284963124,,Tyseley-W2E,0.0,0.0,109.84350345016378,False,0.0,0.0,0.0,0.0,0.0,0.0,0.0
2031,62.099999999999994,37.140686284963124,,Allerton Park-W2E,0.0,0.0,110.24876424941378,False,0.0,0.0,0.0,0.0,0.0,0.0,0.0
2031,62.099999999999994,37.140686284963124,,Four Ashes-W2E,0.0,0.0,111.41254904821844,False,0.0,0.0,0.0,0.0,0.0,0.0,0.0
2031,62.099999999999994,37.140686284963124,,Ardley-W2E,0.0,0.0,111.75263386171072,False,0.0,0.0,0.0,0.0,0.0,0.0,0.0
2031,62.099999999999994,37.140686284963124,,Great Blakenham-W2E,0.0,0.0,111.99950117220564,False,0.0,0.0,0.0,0.0,0.0,0.0,0.0
2031,62.099999999999994,37.140686284963124,,North Hykeham-W2E,0.0,0.0,112.24726485697003,False,0.0,0.0,0.0,0.0,0.0,0.0,0.0
2031,62.099999999999994,37.140686284963124,,Scunthorpe Sinter-sinter,0.0,0.0,112.48245883079248,False,2.2655876939547546,0.0,-2.2655876939547546,1511.0340627701685,0.0,0.0,-1511.0340627701685
2031,62.099999999999994,37.140686284963124,,Coventry-W2E,0.0,0.0,114.86629159129888,False,0.0,0.0,0.0,0.0,0.0,0.0,0.0
2031,62.099999999999994,37.140686284963124,,Greatmoor-W2E,0.0,0.0,115.52278790869914,False,0.0,0.0,0.0,0.0,0.0,0.0,0.0
2031,62.099999999999994,37.140686284963124,,South Killingholme-crackers,0.0,0.0,119.41657844198282,False,2.2655876939547546,0.0,-2.2655876939547546,909.492247552141,0.0,0.0,-909.492247552141
2031,62.099999999999994,37.140686284963124,,Marchwood-W2E,0.0,0.0,119.76307582774996,False,0.0,0.0,0.0,0.0,0.0,0.0,0.0
2031,62.099999999999994,37.140686284963124,,New Rugby-cement,0.0,0.0,119.94033644561048,False,0.8382674467632591,0.0,-0.8382674467632591,764.3262670826002,0.0,0.0,-764.3262670826002
2031,62.099999999999994,37.140686284963124,,Dunbar-W2E,0.0,0.0,120.88122377816076,False,0.0,0.0,0.0,0.0,0.0,0.0,0.0
2031,62.099999999999994,37.140686284963124,,Portsmouth-W2E,0.0,0.0,121.9344089585544,False,0.0,0.0,0.0,0.0,0.0,0.0,0.0
2031,62.099999999999994,37.140686284963124,,Grangemouth Power Station-CCGT,0.0,0.0,122.37005813568526,False,2.2655876939547546,0.0,-2.2655876939547546,1197.8455037012677,0.0,0.0,-1197.8455037012677
2031,62.099999999999994,37.140686284963124,,Newhurst-W2E,0.0,0.0,122.92780800610014,False,0.0,0.0,0.0,0.0,0.0,0.0,0.0
2031,62.099999999999994,37.140686284963124,,Fawley Refinery-crackers,0.0,0.0,123.76948009124162,False,2.2655876939547546,0.0,-2.2655876939547546,1432.2094510473758,0.0,0.0,-1432.2094510473758
2031,62.099999999999994,37.140686284963124,,South Killingholme-smr,0.0,0.0,124.23754446793583,False,2.2655876939547546,0.0,-2.2655876939547546,536.6004260557631,0.0,0.0,-536.6004260557631
2031,62.099999999999994,37.140686284963124,,Hope Cement Works-cement,0.0,0.0,124.28720193448665,False,0.8382674467632591,0.0,-0.8382674467632591,885.4540262317228,0.0,0.0,-885.4540262317228
2031,62.099999999999994,37.140686284963124,,Parc Adfer-W2E,0.0,0.0,125.7346990960452,False,0.0,0.0,0.0,0.0,0.0,0.0,0.0
2031,62.099999999999994,37.140686284963124,,Eastcroft-W2E,0.0,0.0,125.9173094124788,False,0.0,0.0,0.0,0.0,0.0,0.0,0.0
2031,62.099999999999994,37.140686284963124,,Tunstead Cement-cement,0.0,0.0,126.32727118201583,False,0.8382674467632591,0.0,-0.8382674467632591,548.3320706918626,0.0,0.0,-548.3320706918626
2031,62.099999999999994,37.140686284963124,,Stanlow Refinery-crackers,0.0,0.0,127.0371190337797,False,2.2655876939547546,0.0,-2.2655876939547546,841.1833881519879,0.0,0.0,-841.1833881519879
2031,62.099999999999994,37.140686284963124,,Fawley Refinery-smr,0.0,0.0,127.12699478695876,False,2.2655876939547546,0.0,-2.2655876939547546,845.0035761179516,0.0,0.0,-845.0035761179516
2031,62.099999999999994,37.140686284963124,,Millerhill-W2E,0.0,0.0,127.43285186483614,False,0.0,0.0,0.0,0.0,0.0,0.0,0.0
2031,62.099999999999994,37.140686284963124,,Padeswood-cement,0.0,0.0,127.4850460006812,False,0.8382674467632591,0.0,-0.8382674467632591,415.2514180961234,0.0,0.0,-415.2514180961234
2031,62.099999999999994,37.140686284963124,,South Killingholme-distillation,0.0,0.0,128.70945593540847,False,2.2655876939547546,0.0,-2.2655876939547546,773.0684104193198,0.0,0.0,-773.0684104193198
2031,62.099999999999994,37.140686284963124,,Ketton-cement,0.0,0.0,129.98256974643843,False,0.8382674467632591,0.0,-0.8382674467632591,560.7394553322697,0.0,0.0,-560.7394553322697
2031,62.099999999999994,37.140686284963124,,South Killingholme-power,0.0,0.0,130.1966886940948,False,2.2655876939547546,0.0,-2.2655876939547546,1355.1434488526897,0.0,0.0,-1355.1434488526897
2031,62.099999999999994,37.140686284963124,,Newhaven-W2E,0.0,0.0,130.2947760528612,False,0.0,0.0,0.0,0.0,0.0,0.0,0.0
2031,62.099999999999994,37.140686284963124,,Leeds-W2E,0.0,0.0,130.72273227888334,False,0.0,0.0,0.0,0.0,0.0,0.0,0.0
2031,62.099999999999994,37.140686284963124,,Ribblesdale-cement,0.0,0.0,131.22283623409905,False,0.8382674467632591,0.0,-0.8382674467632591,430.4025367832999,0.0,0.0,-430.4025367832999
2031,62.099999999999994,37.140686284963124,,Hanford-W2E,0.0,0.0,131.66934911672453,False,0.0,0.0,0.0,0.0,0.0,0.0,0.0
2031,62.099999999999994,37.140686284963124,,Fawley Refinery-distillation,0.0,0.0,132.12222727391224,False,2.2655876939547546,0.0,-2.2655876939547546,1217.3780333902696,0.0,0.0,-1217.3780333902696
2031,62.099999999999994,37.140686284963124,,Stanlow Refinery-smr,0.0,0.0,132.18064919232714,False,2.2655876939547546,0.0,-2.2655876939547546,496.2981990096728,0.0,0.0,-496.2981990096728
2031,62.099999999999994,37.140686284963124,,Kirklees-W2E,0.0,0.0,132.2826363227577,False,0.0,0.0,0.0,0.0,0.0,0.0,0.0
2031,62.099999999999994,37.140686284963124,,Lindsey Oil Refinery-crackers,0.0,0.0,132.48929210893525,False,2.2655876939547546,0.0,-2.2655876939547546,414.95730564904926,0.0,0.0,-414.95730564904926
2031,62.099999999999994,37.140686284963124,,South Killingholme-remaining,0.0,0.0,132.82916790483205,False,2.2655876939547546,0.0,-2.2655876939547546,854.9227126990125,0.0,0.0,-854.9227126990125
2031,62.099999999999994,37.140686284963124,,Fawley Refinery-power,0.0,0.0,134.32186480576613,False,2.2655876939547546,0.0,-2.2655876939547546,2133.9920820605894,0.0,0.0,-2133.9920820605894
2031,62.099999999999994,37.140686284963124,,Baldovie-W2E,0.0,0.0,134.50224562921326,False,0.0,0.0,0.0,0.0,0.0,0.0,0.0
2031,62.099999999999994,37.140686284963124,,Pembroke Refinery-crackers,0.0,0.0,135.6974630648525,False,2.2655876939547546,0.0,-2.2655876939547546,1080.7274203637796,0.0,0.0,-1080.7274203637796
2031,62.099999999999994,37.140686284963124,,Fawley Refinery-remaining,0.0,0.0,136.13383164089475,False,2.2655876939547546,0.0,-2.2655876939547546,1346.2768839845332,0.0,0.0,-1346.2768839845332
2031,62.099999999999994,37.140686284963124,,Stanlow Refinery-distillation,0.0,0.0,136.513911998797,False,2.2655876939547546,0.0,-2.2655876939547546,715.0058799291897,0.0,0.0,-715.0058799291897
2031,62.099999999999994,37.140686284963124,,Dunbar Works-cement,0.0,0.0,136.98298025518972,False,0.8382674467632591,0.0,-0.8382674467632591,371.5332254237614,0.0,0.0,-371.5332254237614
2031,62.099999999999994,37.140686284963124,,Stanlow Refinery-power,0.0,0.0,137.82970188412523,False,2.2655876939547546,0.0,-2.2655876939547546,1253.363248346462,0.0,0.0,-1253.363248346462
2031,62.099999999999994,37.140686284963124,,Hartlebury-W2E,0.0,0.0,138.13632582553586,False,0.0,0.0,0.0,0.0,0.0,0.0,0.0
2031,62.099999999999994,37.140686284963124,,Cauldon Cement-cement,0.0,0.0,138.4784310020895,False,0.8382674467632591,0.0,-0.8382674467632591,450.28693916555324,0.0,0.0,-450.28693916555324
2031,62.099999999999994,37.140686284963124,,Javelin Park-W2E,0.0,0.0,139.3228290773164,False,0.0,0.0,0.0,0.0,0.0,0.0,0.0
2031,62.099999999999994,37.140686284963124,,Sheffield-W2E,0.0,0.0,139.8343235952813,False,0.0,0.0,0.0,0.0,0.0,0.0,0.0
2031,62.099999999999994,37.140686284963124,,Pembroke Refinery-smr,0.0,0.0,139.8863360016444,False,2.2655876939547546,0.0,-2.2655876939547546,637.6291780146299,0.0,0.0,-637.6291780146299
2031,62.099999999999994,37.140686284963124,,Chineham-W2E,0.0,0.0,140.32141856258616,False,0.0,0.0,0.0,0.0,0.0,0.0,0.0
2031,62.099999999999994,37.140686284963124,,Stanlow Refinery-remaining,0.0,0.0,140.6432980315675,False,2.2655876939547546,0.0,-2.2655876939547546,790.7123848628686,0.0,0.0,-790.7123848628686
2031,62.099999999999994,37.140686284963124,,Grangemouth Refinery-crackers,0.0,0.0,140.79770433532283,False,2.2655876939547546,0.0,-2.2655876939547546,461.239894725902,0.0,0.0,-461.239894725902
2031,62.099999999999994,37.140686284963124,,Lindsey Oil Refinery-smr,0.0,0.0,141.9929815759613,False,2.2655876939547546,0.0,-2.2655876939547546,244.82481033293905,0.0,0.0,-244.82481033293905
2031,62.099999999999994,37.140686284963124,,Lindsey Oil Refinery-power,0.0,0.0,142.81115560903552,False,2.2655876939547546,0.0,-2.2655876939547546,618.2863854170835,0.0,0.0,-618.2863854170835
2031,62.099999999999994,37.140686284963124,,Wolverhampton-W2E,0.0,0.0,142.87736864384428,False,0.0,0.0,0.0,0.0,0.0,0.0,0.0
2031,62.099999999999994,37.140686284963124,,Devonport-W2E,0.0,0.0,143.82236892306247,False,0.0,0.0,0.0,0.0,0.0,0.0,0.0
2031,62.099999999999994,37.140686284963124,,Lindsey Oil Refinery-distillation,0.0,0.0,144.05717677984146,False,2.2655876939547546,0.0,-2.2655876939547546,352.71370980169195,0.0,0.0,-352.71370980169195
2031,62.099999999999994,37.140686284963124,,Pembroke Refinery-distillation,0.0,0.0,144.60895225355458,False,2.2655876939547546,0.0,-2.2655876939547546,918.6183073092127,0.0,0.0,-918.6183073092127
2031,62.099999999999994,37.140686284963124,,Cornwall-W2E,0.0,0.0,145.15316997971505,False,0.0,0.0,0.0,0.0,0.0,0.0,0.0
2031,62.099999999999994,37.140686284963124,,Pembroke Refinery-power,0.0,0.0,146.4191539632569,False,2.2655876939547546,0.0,-2.2655876939547546,1610.2838563420314,0.0,0.0,-1610.2838563420314
2031,62.099999999999994,37.140686284963124,,Lindsey Oil Refinery-remaining,0.0,0.0,148.07743604588833,False,2.2655876939547546,0.0,-2.2655876939547546,390.05986731010637,0.0,0.0,-390.05986731010637
2031,62.099999999999994,37.140686284963124,,Pembroke Refinery-remaining,0.0,0.0,148.6969572317184,False,2.2655876939547546,0.0,-2.2655876939547546,1015.8837751419529,0.0,0.0,-1015.8837751419529
2031,62.099999999999994,37.140686284963124,,Grangemouth Refinery-smr,0.0,0.0,149.4429641100151,False,2.2655876939547546,0.0,-2.2655876939547546,272.1315378882821,0.0,0.0,-272.1315378882821
2031,62.099999999999994,37.140686284963124,,Milton Keynes ACT-W2E,0.0,0.0,149.91840922239953,False,0.0,0.0,0.0,0.0,0.0,0.0,0.0
2031,62.099999999999994,37.140686284963124,,Belfast ACT-W2E,0.0,0.0,151.16178010182253,False,0.0,0.0,0.0,0.0,0.0,0.0,0.0
2031,62.099999999999994,37.140686284963124,,Grangemouth Refinery-power,0.0,0.0,151.2758042923232,False,2.2655876939547546,0.0,-2.2655876939547546,687.2474431415939,0.0,0.0,-687.2474431415939
2031,62.099999999999994,37.140686284963124,,Peterborough-W2E,0.0,0.0,151.58940342877088,False,0.0,0.0,0.0,0.0,0.0,0.0,0.0
2031,62.099999999999994,37.140686284963124,,Grangemouth Refinery-distillation,0.0,0.0,151.9931581726091,False,2.2655876939547546,0.0,-2.2655876939547546,392.0539105170167,0.0,0.0,-392.0539105170167
2031,62.099999999999994,37.140686284963124,,Pembroke Power Station-CCGT,0.0,0.0,153.5814237169616,False,2.2655876939547546,0.0,-2.2655876939547546,11988.037239889343,0.0,0.0,-11988.037239889343
2031,62.099999999999994,37.140686284963124,,NewLincs-W2E,0.0,0.0,154.91229031794154,False,0.0,0.0,0.0,0.0,0.0,0.0,0.0
2031,62.099999999999994,37.140686284963124,,Grangemouth Refinery-remaining,0.0,0.0,156.05875268873913,False,2.2655876939547546,0.0,-2.2655876939547546,433.56550104234776,0.0,0.0,-433.56550104234776
2031,62.099999999999994,37.140686284963124,,Dudley-W2E,0.0,0.0,157.17271920148522,False,0.0,0.0,0.0,0.0,0.0,0.0,0.0
2031,62.099999999999994,37.140686284963124,,Marchwood  Power  Station-CCGT,0.0,0.0,159.62812813767613,False,2.2655876939547546,0.0,-2.2655876939547546,4330.261507868,0.0,0.0,-4330.261507868
2031,62.099999999999994,37.140686284963124,,Baddesley-W2E,0.0,0.0,160.35967910131896,False,0.0,0.0,0.0,0.0,0.0,0.0,0.0
2031,62.099999999999994,37.140686284963124,,Enfield Power Station-CCGT,0.0,0.0,162.1675537167806,False,2.2655876939547546,0.0,-2.2655876939547546,1923.1003733767125,0.0,0.0,-1923.1003733767125
2031,62.099999999999994,37.140686284963124,,Battlefield-W2E,0.0,0.0,162.19804621799932,False,0.0,0.0,0.0,0.0,0.0,0.0,0.0
2031,62.099999999999994,37.140686284963124,,Saltend-CCGT,0.0,0.0,164.91708350379992,False,2.2655876939547546,0.0,-2.2655876939547546,5198.303747937346,0.0,0.0,-5198.303747937346
2031,62.099999999999994,37.140686284963124,,Immingham-CCGT,0.0,0.0,166.00773363458555,False,2.2655876939547546,0.0,-2.2655876939547546,5196.049993362604,0.0,0.0,-5196.049993362604
2031,62.099999999999994,37.140686284963124,,Didcot B-CCGT,0.0,0.0,168.98227960881977,False,2.2655876939547546,0.0,-2.2655876939547546,6351.149526594968,0.0,0.0,-6351.149526594968
2031,62.099999999999994,37.140686284963124,,Staythorpe Power Station-CCGT,0.0,0.0,169.40288726463294,False,2.2655876939547546,0.0,-2.2655876939547546,8097.616590707973,0.0,0.0,-8097.616590707973
2031,62.099999999999994,37.140686284963124,,Keadby-CCGT,0.0,0.0,176.90140497406722,False,2.2655876939547546,0.0,-2.2655876939547546,2697.4681910513486,0.0,0.0,-2697.4681910513486
2031,62.099999999999994,37.140686284963124,,Hooton Park ACT-W2E,0.0,0.0,179.27780846771287,False,0.0,0.0,0.0,0.0,0.0,0.0,0.0
2031,62.099999999999994,37.140686284963124,,Exeter-W2E,0.0,0.0,179.60333383475486,False,0.0,0.0,0.0,0.0,0.0,0.0,0.0
2031,62.099999999999994,37.140686284963124,,Bolton-W2E,0.0,0.0,181.92172711397333,False,0.0,0.0,0.0,0.0,0.0,0.0,0.0
2031,62.099999999999994,37.140686284963124,,West Burton B CCGT Power Station-CCGT,0.0,0.0,181.9230998694337,False,2.2655876939547546,0.0,-2.2655876939547546,5313.500053437979,0.0,0.0,-5313.500053437979
2031,62.099999999999994,37.140686284963124,,Levenseat ACT-W2E,0.0,0.0,183.8322948806435,False,0.0,0.0,0.0,0.0,0.0,0.0,0.0
2031,62.099999999999994,37.140686284963124,,Coolkeeragh-CCGT,0.0,0.0,184.70017000442445,False,2.2655876939547546,0.0,-2.2655876939547546,1722.320603425801,0.0,0.0,-1722.320603425801
2031,62.099999999999994,37.140686284963124,,Carrington CCGT-CCGT,0.0,0.0,189.2092334567789,False,2.2655876939547546,0.0,-2.2655876939547546,3991.276840959374,0.0,0.0,-3991.276840959374
2031,62.099999999999994,37.140686284963124,,Ballylumford-CCGT,0.0,0.0,195.1740589779237,False,2.2655876939547546,0.0,-2.2655876939547546,2487.9043289578594,0.0,0.0,-2487.9043289578594
2031,62.099999999999994,37.140686284963124,,Glasgow ACT-W2E,0.0,0.0,195.93562567320143,False,0.0,0.0,0.0,0.0,0.0,0.0,0.0
2031,62.099999999999994,37.140686284963124,,NESS-W2E,0.0,0.0,198.75501981615415,False,0.0,0.0,0.0,0.0,0.0,0.0,0.0
2031,62.099999999999994,37.140686284963124,,Energy Works ACT-W2E,0.0,0.0,201.40339180076796,False,0.0,0.0,0.0,0.0,0.0,0.0,0.0
2031,62.099999999999994,37.140686284963124,,Eco Park ACT-W2E,0.0,0.0,202.93011759687164,False,0.0,0.0,0.0,0.0,0.0,0.0,0.0
2031,62.099999999999994,37.140686284963124,,Kilroot-CCGT,0.0,0.0,207.3906503608189,False,2.2655876939547546,0.0,-2.2655876939547546,2527.2970893771767,0.0,0.0,-2527.2970893771767
2031,62.099999999999994,37.140686284963124,,Kings Lynn Power Station-CCGT,0.0,0.0,208.8847375922057,False,2.2655876939547546,0.0,-2.2655876939547546,1448.9472872602385,0.0,0.0,-1448.9472872602385
2031,62.099999999999994,37.140686284963124,,Spalding-CCGT,0.0,0.0,210.92034860788132,False,2.2655876939547546,0.0,-2.2655876939547546,3178.5961772929754,0.0,0.0,-3178.5961772929754
2031,62.099999999999994,37.140686284963124,,Seabank-CCGT,0.0,0.0,215.24318898826735,False,2.2655876939547546,0.0,-2.2655876939547546,3878.7332927460047,0.0,0.0,-3878.7332927460047
2031,62.099999999999994,37.140686284963124,,Shoreham Power Station-CCGT,0.0,0.0,223.96100678992715,False,2.2655876939547546,0.0,-2.2655876939547546,1392.8895260135978,0.0,0.0,-1392.8895260135978
2031,62.099999999999994,37.140686284963124,,Damhead Creek Power Station-CCGT,0.0,0.0,231.84613890879083,False,2.2655876939547546,0.0,-2.2655876939547546,2322.358913085041,0.0,0.0,-2322.358913085041
2031,62.099999999999994,37.140686284963124,,Cottam Development Centre-CCGT,0.0,0.0,238.4158800035795,False,2.2655876939547546,0.0,-2.2655876939547546,1312.3501310879026,0.0,0.0,-1312.3501310879026
2031,62.099999999999994,37.140686284963124,,Great Yarmouth Power Station-CCGT,0.0,0.0,240.013145571761,False,2.2655876939547546,0.0,-2.2655876939547546,1350.9468214468684,0.0,0.0,-1350.9468214468684
2031,62.099999999999994,37.140686284963124,,Little Barford-CCGT,0.0,0.0,240.7576776464302,False,2.2655876939547546,0.0,-2.2655876939547546,2089.7110640611163,0.0,0.0,-2089.7110640611163
2031,62.099999999999994,37.140686284963124,,South Humber-CCGT,0.0,0.0,246.5252661657621,False,2.2655876939547546,0.0,-2.2655876939547546,3375.5210133836904,0.0,0.0,-3375.5210133836904
2031,62.099999999999994,37.140686284963124,,Langage Energy Centre-CCGT,0.0,0.0,250.05603522765227,False,2.2655876939547546,0.0,-2.2655876939547546,2622.720001001054,0.0,0.0,-2622.720001001054
2031,62.099999999999994,37.140686284963124,,Grain CCGT-CCGT,0.0,0.0,256.5493066919562,False,2.2655876939547546,0.0,-2.2655876939547546,3721.9236586976654,0.0,0.0,-3721.9236586976654
2031,62.099999999999994,37.140686284963124,,Peterhead Power Station-CCGT,0.0,0.0,275.097064063588,False,2.2655876939547546,0.0,-2.2655876939547546,3060.571318878703,0.0,0.0,-3060.571318878703
2031,62.099999999999994,37.140686284963124,,Connahs Quay Power Station-CCGT,0.0,0.0,279.14393107084203,False,2.2655876939547546,0.0,-2.2655876939547546,3107.318490011505,0.0,0.0,-3107.318490011505
2031,62.099999999999994,37.140686284963124,,Medway-CCGT,0.0,0.0,311.36638697059976,False,2.2655876939547546,0.0,-2.2655876939547546,1459.1721207694786,0.0,0.0,-1459.1721207694786
2031,62.099999999999994,37.140686284963124,,Isle of Wight-W2E,0.0,0.0,378.6296091247897,False,0.0,0.0,0.0,0.0,0.0,0.0,0.0
2031,62.099999999999994,37.140686284963124,,Coryton-CCGT,0.0,0.0,386.8501086268143,False,2.2655876939547546,0.0,-2.2655876939547546,1220.6006063313012,0.0,0.0,-1220.6006063313012
2031,62.099999999999994,37.140686284963124,,Rye House-CCGT,0.0,0.0,392.2249091956061,False,2.2655876939547546,0.0,-2.2655876939547546,1095.2395092332233,0.0,0.0,-1095.2395092332233
2031,62.099999999999994,37.140686284963124,,Rocksavage-CCGT,0.0,0.0,430.77402140379735,False,2.2655876939547546,0.0,-2.2655876939547546,1091.5756134474768,0.0,0.0,-1091.5756134474768
2032,69.0,38.69026084360516,2026.0,Tees Valley-W2E,304.33924500000006,350.153755,88.11948048189508,False,0.0,38.69026084360516,19.570780361710078,0.0,11774.96477399586,25322.504890313674,12808.938751276715
2032,69.0,38.69026084360516,2027.0,Runcorn-W2E,411.702165,473.6788349999999,92.55278428419912,False,0.0,38.69026084360516,15.13747655940604,0.0,15928.86415372697,34255.62183597197,13402.434133643475
2032,69.0,38.69026084360516,2027.0,Riverside-W2E,342.00285,393.48714999999993,95.11886046105766,False,0.0,38.69026084360516,12.571400382547495,0.0,13232.17947575637,28456.299947863157,9246.139267359857
2032,69.0,38.69026084360516,2028.0,Wilton 11-W2E,178.79389499999996,205.70910499999997,95.57551058511204,False,0.0,38.69026084360516,12.114750258493117,0.0,6917.582434794151,14876.521365148712,4658.157818641378
2032,69.0,38.69026084360516,2028.0,Scunthorpe Power Station-chp,1562.2594042965,0.0,96.72056387395656,False,3.0428081102735107,38.69026084360516,7.926888859375083,5003.847984994161,60444.2238576068,60444.2238576068,12383.85666737188
2032,69.0,38.69026084360516,2029.0,Ferrybridge FM1-W2E,285.29098500000003,328.238015,98.85154951082956,False,0.0,38.69026084360516,8.838711332775603,0.0,11037.982625979048,23737.59704511623,5422.805725286483
2032,69.0,38.69026084360516,2029.0,Ferrybridge FM2-W2E,283.559325,326.24567499999995,98.9301306912529,False,0.0,38.69026084360516,8.76013015235226,0.0,10970.984248886609,23593.51451373464,5341.97116755517
2032,69.0,38.69026084360516,2029.0,Drax-BECCS,0.0,10924.999999999998,99.24068628496312,False,0.0,38.69026084360516,8.449574558642041,0.0,0.0,422691.0997163863,92311.60205316429
2032,69.0,38.69026084360516,2032.0,Kemsley-W2E,245.02989,281.91610999999995,99.80091077600858,False,0.0,38.69026084360516,7.889350067596581,0.0,9480.270358579879,20387.67819049436,4157.261460719747
2032,69.0,38.69026084360516,2032.0,Allington-W2E,202.60422000000003,233.10378,100.90154534306674,False,0.0,38.69026084360516,6.788715500538416,0.0,7838.810119815166,16857.656171645518,2957.8976533085925
2032,69.0,38.69026084360516,2032.0,Scunthorpe Blast Furnaces-stove,994.2298168221,0.0,101.76356955343398,False,3.0428081102735107,38.69026084360516,2.8838831798976656,3184.474263265298,38467.01095133683,38467.01095133683,2867.242645685991
2032,69.0,38.69026084360516,2032.0,Edmonton-W2E,209.53086,241.07314,102.28156448231805,False,0.0,38.69026084360516,5.408696361287113,0.0,8106.8036281849145,17433.986297171858,2437.180215181418
2032,69.0,38.69026084360516,2032.0,Rookery South C-W2E,255.41985,293.8701499999999,103.38827027423388,False,0.0,38.69026084360516,4.301990569371284,0.0,9882.260621134503,21252.173378783875,2363.040399849953
2032,69.0,38.69026084360516,2032.0,SELCHP-W2E,169.269765,194.751235,105.54933952858303,False,0.0,38.69026084360516,2.1409213150221262,0.0,6549.091360785747,14084.067442549995,779.3403180156695
2032,69.0,38.69026084360516,2032.0,Lakeside-W2E,178.79389499999996,205.70910499999997,105.75229786444092,False,0.0,38.69026084360516,1.93796297916424,0.0,6917.582434794151,14876.521365148712,745.1525793775877
2032,69.0,38.69026084360516,2032.0,Trident Park-W2E,177.92806500000003,204.712935,106.89966600386146,False,0.0,38.69026084360516,0.7905948397437044,0.0,6884.083246247935,14804.480099457922,302.5140000743708
2032,69.0,38.69026084360516,2032.0,Severnside-W2E,173.598915,199.732085,107.69026084360516,True,0.0,38.69026084360516,0.0,0.0,6716.587303516841,14444.273771003958,0.0
2032,69.0,38.69026084360516,,Avonmouth-W2E,0.0,0.0,108.09353634841528,False,0.0,0.0,0.0,0.0,0.0,0.0,0.0
2032,69.0,38.69026084360516,,Beddington Lane-W2E,0.0,0.0,108.33273184526364,False,0.0,0.0,0.0,0.0,0.0,0.0,0.0
2032,69.0,38.69026084360516,,Tyseley-W2E,0.0,0.0,109.84350345016378,False,0.0,0.0,0.0,0.0,0.0,0.0,0.0
2032,69.0,38.69026084360516,,Allerton Park-W2E,0.0,0.0,110.24876424941378,False,0.0,0.0,0.0,0.0,0.0,0.0,0.0
2032,69.0,38.69026084360516,,Four Ashes-W2E,0.0,0.0,111.41254904821844,False,0.0,0.0,0.0,0.0,0.0,0.0,0.0
2032,69.0,38.69026084360516,,Ardley-W2E,0.0,0.0,111.75263386171072,False,0.0,0.0,0.0,0.0,0.0,0.0,0.0
2032,69.0,38.69026084360516,,Great Blakenham-W2E,0.0,0.0,111.99950117220564,False,0.0,0.0,0.0,0.0,0.0,0.0,0.0
2032,69.0,38.69026084360516,,North Hykeham-W2E,0.0,0.0,112.24726485697003,False,0.0,0.0,0.0,0.0,0.0,0.0,0.0
2032,69.0,38.69026084360516,,Scunthorpe Sinter-sinter,0.0,0.0,112.48245883079248,False,3.0428081102735107,0.0,-3.0428081102735107,2029.401339601566,0.0,0.0,-2029.401339601566
2032,69.0,38.69026084360516,,Coventry-W2E,0.0,0.0,114.86629159129888,False,0.0,0.0,0.0,0.0,0.0,0.0,0.0
2032,69.0,38.69026084360516,,Greatmoor-W2E,0.0,0.0,115.52278790869914,False,0.0,0.0,0.0,0.0,0.0,0.0,0.0
2032,69.0,38.69026084360516,,South Killingholme-crackers,0.0,0.0,119.41657844198282,False,3.0428081102735107,0.0,-3.0428081102735107,1221.4978014167327,0.0,0.0,-1221.4978014167327
2032,69.0,38.69026084360516,,Marchwood-W2E,0.0,0.0,119.76307582774996,False,0.0,0.0,0.0,0.0,0.0,0.0,0.0
2032,69.0,38.69026084360516,,New Rugby-cement,0.0,0.0,119.94033644561048,False,1.125839000801199,0.0,-1.125839000801199,1026.531954856416,0.0,0.0,-1026.531954856416
2032,69.0,38.69026084360516,,Dunbar-W2E,0.0,0.0,120.88122377816076,False,0.0,0.0,0.0,0.0,0.0,0.0,0.0
2032,69.0,38.69026084360516,,Portsmouth-W2E,0.0,0.0,121.9344089585544,False,0.0,0.0,0.0,0.0,0.0,0.0,0.0
2032,69.0,38.69026084360516,,Grangemouth Power Station-CCGT,0.0,0.0,122.37005813568526,False,3.0428081102735107,0.0,-3.0428081102735107,1608.7719858482183,0.0,0.0,-1608.7719858482183
2032,69.0,38.69026084360516,,Newhurst-W2E,0.0,0.0,122.92780800610014,False,0.0,0.0,0.0,0.0,0.0,0.0,0.0
2032,69.0,38.69026084360516,,Fawley Refinery-crackers,0.0,0.0,123.76948009124162,False,3.0428081102735107,0.0,-3.0428081102735107,1923.5355774952222,0.0,0.0,-1923.5355774952222
2032,69.0,38.69026084360516,,South Killingholme-smr,0.0,0.0,124.23754446793583,False,3.0428081102735107,0.0,-3.0428081102735107,720.6837028358723,0.0,0.0,-720.6837028358723
2032,69.0,38.69026084360516,,Hope Cement Works-cement,0.0,0.0,124.28720193448665,False,1.125839000801199,0.0,-1.125839000801199,1189.2131562513803,0.0,0.0,-1189.2131562513803
2032,69.0,38.69026084360516,,Parc Adfer-W2E,0.0,0.0,125.7346990960452,False,0.0,0.0,0.0,0.0,0.0,0.0,0.0
2032,69.0,38.69026084360516,,Eastcroft-W2E,0.0,0.0,125.9173094124788,False,0.0,0.0,0.0,0.0,0.0,0.0,0.0
2032,69.0,38.69026084360516,,Tunstead Cement-cement,0.0,0.0,126.32727118201583,False,1.125839000801199,0.0,-1.125839000801199,736.439942835242,0.0,0.0,-736.439942835242
2032,69.0,38.69026084360516,,Stanlow Refinery-crackers,0.0,0.0,127.0371190337797,False,3.0428081102735107,0.0,-3.0428081102735107,1129.755269471964,0.0,0.0,-1129.755269471964
2032,69.0,38.69026084360516,,Fawley Refinery-smr,0.0,0.0,127.12699478695876,False,3.0428081102735107,0.0,-3.0428081102735107,1134.885990722181,0.0,0.0,-1134.885990722181
2032,69.0,38.69026084360516,,Millerhill-W2E,0.0,0.0,127.43285186483614,False,0.0,0.0,0.0,0.0,0.0,0.0,0.0
2032,69.0,38.69026084360516,,Padeswood-cement,0.0,0.0,127.4850460006812,False,1.125839000801199,0.0,-1.125839000801199,557.7053521948969,0.0,0.0,-557.7053521948969
2032,69.0,38.69026084360516,,South Killingholme-distillation,0.0,0.0,128.70945593540847,False,3.0428081102735107,0.0,-3.0428081102735107,1038.2731312042226,0.0,0.0,-1038.2731312042226
2032,69.0,38.69026084360516,,Ketton-cement,0.0,0.0,129.98256974643843,False,1.125839000801199,0.0,-1.125839000801199,753.103738596426,0.0,0.0,-753.103738596426
2032,69.0,38.69026084360516,,South Killingholme-power,0.0,0.0,130.1966886940948,False,3.0428081102735107,0.0,-3.0428081102735107,1820.0317241109312,0.0,0.0,-1820.0317241109312
2032,69.0,38.69026084360516,,Newhaven-W2E,0.0,0.0,130.2947760528612,False,0.0,0.0,0.0,0.0,0.0,0.0,0.0
2032,69.0,38.69026084360516,,Leeds-W2E,0.0,0.0,130.72273227888334,False,0.0,0.0,0.0,0.0,0.0,0.0,0.0
2032,69.0,38.69026084360516,,Ribblesdale-cement,0.0,0.0,131.22283623409905,False,1.125839000801199,0.0,-1.125839000801199,578.0541327537209,0.0,0.0,-578.0541327537209
2032,69.0,38.69026084360516,,Hanford-W2E,0.0,0.0,131.66934911672453,False,0.0,0.0,0.0,0.0,0.0,0.0,0.0
2032,69.0,38.69026084360516,,Fawley Refinery-distillation,0.0,0.0,132.12222727391224,False,3.0428081102735107,0.0,-3.0428081102735107,1635.0052408709391,0.0,0.0,-1635.0052408709391
2032,69.0,38.69026084360516,,Stanlow Refinery-smr,0.0,0.0,132.18064919232714,False,3.0428081102735107,0.0,-3.0428081102735107,666.5556089884587,0.0,0.0,-666.5556089884587
2032,69.0,38.69026084360516,,Kirklees-W2E,0.0,0.0,132.2826363227577,False,0.0,0.0,0.0,0.0,0.0,0.0,0.0
2032,69.0,38.69026084360516,,Lindsey Oil Refinery-crackers,0.0,0.0,132.48929210893525,False,3.0428081102735107,0.0,-3.0428081102735107,557.3103431022552,0.0,0.0,-557.3103431022552
2032,69.0,38.69026084360516,,South Killingholme-remaining,0.0,0.0,132.82916790483205,False,3.0428081102735107,0.0,-3.0428081102735107,1148.2079333317288,0.0,0.0,-1148.2079333317288
2032,69.0,38.69026084360516,,Fawley Refinery-power,0.0,0.0,134.32186480576613,False,3.0428081102735107,0.0,-3.0428081102735107,2866.0680104678804,0.0,0.0,-2866.0680104678804
2032,69.0,38.69026084360516,,Baldovie-W2E,0.0,0.0,134.50224562921326,False,0.0,0.0,0.0,0.0,0.0,0.0,0.0
2032,69.0,38.69026084360516,,Pembroke Refinery-crackers,0.0,0.0,135.6974630648525,False,3.0428081102735107,0.0,-3.0428081102735107,1451.475998237635,0.0,0.0,-1451.475998237635
2032,69.0,38.69026084360516,,Fawley Refinery-remaining,0.0,0.0,136.13383164089475,False,3.0428081102735107,0.0,-3.0428081102735107,1808.123442845509,0.0,0.0,-1808.123442845509
2032,69.0,38.69026084360516,,Stanlow Refinery-distillation,0.0,0.0,136.513911998797,False,3.0428081102735107,0.0,-3.0428081102735107,960.2919790511694,0.0,0.0,-960.2919790511694
2032,69.0,38.69026084360516,,Dunbar Works-cement,0.0,0.0,136.98298025518972,False,1.125839000801199,0.0,-1.125839000801199,498.989429794314,0.0,0.0,-498.989429794314
2032,69.0,38.69026084360516,,Stanlow Refinery-power,0.0,0.0,137.82970188412523,False,3.0428081102735107,0.0,-3.0428081102735107,1683.3353515132262,0.0,0.0,-1683.3353515132262
2032,69.0,38.69026084360516,,Hartlebury-W2E,0.0,0.0,138.13632582553586,False,0.0,0.0,0.0,0.0,0.0,0.0,0.0
2032,69.0,38.69026084360516,,Cauldon Cement-cement,0.0,0.0,138.4784310020895,False,1.125839000801199,0.0,-1.125839000801199,604.7599720368815,0.0,0.0,-604.7599720368815
2032,69.0,38.69026084360516,,Javelin Park-W2E,0.0,0.0,139.3228290773164,False,0.0,0.0,0.0,0.0,0.0,0.0,0.0
2032,69.0,38.69026084360516,,Sheffield-W2E,0.0,0.0,139.8343235952813,False,0.0,0.0,0.0,0.0,0.0,0.0,0.0
2032,69.0,38.69026084360516,,Pembroke Refinery-smr,0.0,0.0,139.8863360016444,False,3.0428081102735107,0.0,-3.0428081102735107,856.3708389602044,0.0,0.0,-856.3708389602044
2032,69.0,38.69026084360516,,Chineham-W2E,0.0,0.0,140.32141856258616,False,0.0,0.0,0.0,0.0,0.0,0.0,0.0
2032,69.0,38.69026084360516,,Stanlow Refinery-remaining,0.0,0.0,140.6432980315675,False,3.0428081102735107,0.0,-3.0428081102735107,1061.9699533036462,0.0,0.0,-1061.9699533036462
2032,69.0,38.69026084360516,,Grangemouth Refinery-crackers,0.0,0.0,140.79770433532283,False,3.0428081102735107,0.0,-3.0428081102735107,619.470390044281,0.0,0.0,-619.470390044281
2032,69.0,38.69026084360516,,Lindsey Oil Refinery-smr,0.0,0.0,141.9929815759613,False,3.0428081102735107,0.0,-3.0428081102735107,328.8131024303305,0.0,0.0,-328.8131024303305
2032,69.0,38.69026084360516,,Lindsey Oil Refinery-power,0.0,0.0,142.81115560903552,False,3.0428081102735107,0.0,-3.0428081102735107,830.3924112223602,0.0,0.0,-830.3924112223602
2032,69.0,38.69026084360516,,Wolverhampton-W2E,0.0,0.0,142.87736864384428,False,0.0,0.0,0.0,0.0,0.0,0.0,0.0
2032,69.0,38.69026084360516,,Devonport-W2E,0.0,0.0,143.82236892306247,False,0.0,0.0,0.0,0.0,0.0,0.0,0.0
2032,69.0,38.69026084360516,,Lindsey Oil Refinery-distillation,0.0,0.0,144.05717677984146,False,3.0428081102735107,0.0,-3.0428081102735107,473.7137916369169,0.0,0.0,-473.7137916369169
2032,69.0,38.69026084360516,,Pembroke Refinery-distillation,0.0,0.0,144.60895225355458,False,3.0428081102735107,0.0,-3.0428081102735107,1233.7545985019897,0.0,0.0,-1233.7545985019897
2032,69.0,38.69026084360516,,Cornwall-W2E,0.0,0.0,145.15316997971505,False,0.0,0.0,0.0,0.0,0.0,0.0,0.0
2032,69.0,38.69026084360516,,Pembroke Refinery-power,0.0,0.0,146.4191539632569,False,3.0428081102735107,0.0,-3.0428081102735107,2162.6992373740754,0.0,0.0,-2162.6992373740754
2032,69.0,38.69026084360516,,Lindsey Oil Refinery-remaining,0.0,0.0,148.07743604588833,False,3.0428081102735107,0.0,-3.0428081102735107,523.8717225161198,0.0,0.0,-523.8717225161198
2032,69.0,38.69026084360516,,Pembroke Refinery-remaining,0.0,0.0,148.6969572317184,False,3.0428081102735107,0.0,-3.0428081102735107,1364.3874383433767,0.0,0.0,-1364.3874383433767
2032,69.0,38.69026084360516,,Grangemouth Refinery-smr,0.0,0.0,149.4429641100151,False,3.0428081102735107,0.0,-3.0428081102735107,365.48753012612565,0.0,0.0,-365.48753012612565
2032,69.0,38.69026084360516,,Milton Keynes ACT-W2E,0.0,0.0,149.91840922239953,False,0.0,0.0,0.0,0.0,0.0,0.0,0.0
2032,69.0,38.69026084360516,,Belfast ACT-W2E,0.0,0.0,151.16178010182253,False,0.0,0.0,0.0,0.0,0.0,0.0,0.0
2032,69.0,38.69026084360516,,Grangemouth Refinery-power,0.0,0.0,151.2758042923232,False,3.0428081102735107,0.0,-3.0428081102735107,923.0108811659785,0.0,0.0,-923.0108811659785
2032,69.0,38.69026084360516,,Peterborough-W2E,0.0,0.0,151.58940342877088,False,0.0,0.0,0.0,0.0,0.0,0.0,0.0
2032,69.0,38.69026084360516,,Grangemouth Refinery-distillation,0.0,0.0,151.9931581726091,False,3.0428081102735107,0.0,-3.0428081102735107,526.5498315376387,0.0,0.0,-526.5498315376387
2032,69.0,38.69026084360516,,Pembroke Power Station-CCGT,0.0,0.0,153.5814237169616,False,3.0428081102735107,0.0,-3.0428081102735107,16100.589280709894,0.0,0.0,-16100.589280709894
2032,69.0,38.69026084360516,,NewLincs-W2E,0.0,0.0,154.91229031794154,False,0.0,0.0,0.0,0.0,0.0,0.0,0.0
2032,69.0,38.69026084360516,,Grangemouth Refinery-remaining,0.0,0.0,156.05875268873913,False,3.0428081102735107,0.0,-3.0428081102735107,582.3021666416239,0.0,0.0,-582.3021666416239
2032,69.0,38.69026084360516,,Dudley-W2E,0.0,0.0,157.17271920148522,False,0.0,0.0,0.0,0.0,0.0,0.0,0.0
2032,69.0,38.69026084360516,,Marchwood  Power  Station-CCGT,0.0,0.0,159.62812813767613,False,3.0428081102735107,0.0,-3.0428081102735107,5815.777897674744,0.0,0.0,-5815.777897674744
2032,69.0,38.69026084360516,,Baddesley-W2E,0.0,0.0,160.35967910131896,False,0.0,0.0,0.0,0.0,0.0,0.0,0.0
2032,69.0,38.69026084360516,,Enfield Power Station-CCGT,0.0,0.0,162.1675537167806,False,3.0428081102735107,0.0,-3.0428081102735107,2582.8289183396046,0.0,0.0,-2582.8289183396046
2032,69.0,38.69026084360516,,Battlefield-W2E,0.0,0.0,162.19804621799932,False,0.0,0.0,0.0,0.0,0.0,0.0,0.0
2032,69.0,38.69026084360516,,Saltend-CCGT,0.0,0.0,164.91708350379992,False,3.0428081102735107,0.0,-3.0428081102735107,6981.606073379753,0.0,0.0,-6981.606073379753
2032,69.0,38.69026084360516,,Immingham-CCGT,0.0,0.0,166.00773363458555,False,3.0428081102735107,0.0,-3.0428081102735107,6978.579157795383,0.0,0.0,-6978.579157795383
2032,69.0,38.69026084360516,,Didcot B-CCGT,0.0,0.0,168.98227960881977,False,3.0428081102735107,0.0,-3.0428081102735107,8529.940968804043,0.0,0.0,-8529.940968804043
2032,69.0,38.69026084360516,,Staythorpe Power Station-CCGT,0.0,0.0,169.40288726463294,False,3.0428081102735107,0.0,-3.0428081102735107,10875.541698004838,0.0,0.0,-10875.541698004838
2032,69.0,38.69026084360516,,Keadby-CCGT,0.0,0.0,176.90140497406722,False,3.0428081102735107,0.0,-3.0428081102735107,3622.8472245134717,0.0,0.0,-3622.8472245134717
2032,69.0,38.69026084360516,,Hooton Park ACT-W2E,0.0,0.0,179.27780846771287,False,0.0,0.0,0.0,0.0,0.0,0.0,0.0
2032,69.0,38.69026084360516,,Exeter-W2E,0.0,0.0,179.60333383475486,False,0.0,0.0,0.0,0.0,0.0,0.0,0.0
2032,69.0,38.69026084360516,,Bolton-W2E,0.0,0.0,181.92172711397333,False,0.0,0.0,0.0,0.0,0.0,0.0,0.0
2032,69.0,38.69026084360516,,West Burton B CCGT Power Station-CCGT,0.0,0.0,181.9230998694337,False,3.0428081102735107,0.0,-3.0428081102735107,7136.321008310835,0.0,0.0,-7136.321008310835
2032,69.0,38.69026084360516,,Levenseat ACT-W2E,0.0,0.0,183.8322948806435,False,0.0,0.0,0.0,0.0,0.0,0.0,0.0
2032,69.0,38.69026084360516,,Coolkeeragh-CCGT,0.0,0.0,184.70017000442445,False,3.0428081102735107,0.0,-3.0428081102735107,2313.170712649472,0.0,0.0,-2313.170712649472
2032,69.0,38.69026084360516,,Carrington CCGT-CCGT,0.0,0.0,189.2092334567789,False,3.0428081102735107,0.0,-3.0428081102735107,5360.502961074329,0.0,0.0,-5360.502961074329
2032,69.0,38.69026084360516,,Ballylumford-CCGT,0.0,0.0,195.1740589779237,False,3.0428081102735107,0.0,-3.0428081102735107,3341.391502936339,0.0,0.0,-3341.391502936339
2032,69.0,38.69026084360516,,Glasgow ACT-W2E,0.0,0.0,195.93562567320143,False,0.0,0.0,0.0,0.0,0.0,0.0,0.0
2032,69.0,38.69026084360516,,NESS-W2E,0.0,0.0,198.75501981615415,False,0.0,0.0,0.0,0.0,0.0,0.0,0.0
2032,69.0,38.69026084360516,,Energy Works ACT-W2E,0.0,0.0,201.40339180076796,False,0.0,0.0,0.0,0.0,0.0,0.0,0.0
2032,69.0,38.69026084360516,,Eco Park ACT-W2E,0.0,0.0,202.93011759687164,False,0.0,0.0,0.0,0.0,0.0,0.0,0.0
2032,69.0,38.69026084360516,,Kilroot-CCGT,0.0,0.0,207.3906503608189,False,3.0428081102735107,0.0,-3.0428081102735107,3394.298133392442,0.0,0.0,-3394.298133392442
2032,69.0,38.69026084360516,,Kings Lynn Power Station-CCGT,0.0,0.0,208.8847375922057,False,3.0428081102735107,0.0,-3.0428081102735107,1946.015406421211,0.0,0.0,-1946.015406421211
2032,69.0,38.69026084360516,,Spalding-CCGT,0.0,0.0,210.92034860788132,False,3.0428081102735107,0.0,-3.0428081102735107,4269.028408548814,0.0,0.0,-4269.028408548814
2032,69.0,38.69026084360516,,Seabank-CCGT,0.0,0.0,215.24318898826735,False,3.0428081102735107,0.0,-3.0428081102735107,5209.350824180069,0.0,0.0,-5209.350824180069
2032,69.0,38.69026084360516,,Shoreham Power Station-CCGT,0.0,0.0,223.96100678992715,False,3.0428081102735107,0.0,-3.0428081102735107,1870.7267689430887,0.0,0.0,-1870.7267689430887
2032,69.0,38.69026084360516,,Damhead Creek Power Station-CCGT,0.0,0.0,231.84613890879083,False,3.0428081102735107,0.0,-3.0428081102735107,3119.054960687062,0.0,0.0,-3119.054960687062
2032,69.0,38.69026084360516,,Cottam Development Centre-CCGT,0.0,0.0,238.4158800035795,False,3.0428081102735107,0.0,-3.0428081102735107,1762.5579592649935,0.0,0.0,-1762.5579592649935
2032,69.0,38.69026084360516,,Great Yarmouth Power Station-CCGT,0.0,0.0,240.013145571761,False,3.0428081102735107,0.0,-3.0428081102735107,1814.395424116761,0.0,0.0,-1814.395424116761
2032,69.0,38.69026084360516,,Little Barford-CCGT,0.0,0.0,240.7576776464302,False,3.0428081102735107,0.0,-3.0428081102735107,2806.5961828888885,0.0,0.0,-2806.5961828888885
2032,69.0,38.69026084360516,,South Humber-CCGT,0.0,0.0,246.5252661657621,False,3.0428081102735107,0.0,-3.0428081102735107,4533.50922735356,0.0,0.0,-4533.50922735356
2032,69.0,38.69026084360516,,Langage Energy Centre-CCGT,0.0,0.0,250.05603522765227,False,3.0428081102735107,0.0,-3.0428081102735107,3522.4563195309847,0.0,0.0,-3522.4563195309847
2032,69.0,38.69026084360516,,Grain CCGT-CCGT,0.0,0.0,256.5493066919562,False,3.0428081102735107,0.0,-3.0428081102735107,4998.746914419939,0.0,0.0,-4998.746914419939
2032,69.0,38.69026084360516,,Peterhead Power Station-CCGT,0.0,0.0,275.097064063588,False,3.0428081102735107,0.0,-3.0428081102735107,4110.514572445676,0.0,0.0,-4110.514572445676
2032,69.0,38.69026084360516,,Connahs Quay Power Station-CCGT,0.0,0.0,279.14393107084203,False,3.0428081102735107,0.0,-3.0428081102735107,4173.2985784829525,0.0,0.0,-4173.2985784829525
2032,69.0,38.69026084360516,,Medway-CCGT,0.0,0.0,311.36638697059976,False,3.0428081102735107,0.0,-3.0428081102735107,1959.747916714734,0.0,0.0,-1959.747916714734
2032,69.0,38.69026084360516,,Isle of Wight-W2E,0.0,0.0,378.6296091247897,False,0.0,0.0,0.0,0.0,0.0,0.0,0.0
2032,69.0,38.69026084360516,,Coryton-CCGT,0.0,0.0,386.8501086268143,False,3.0428081102735107,0.0,-3.0428081102735107,1639.333332476964,0.0,0.0,-1639.333332476964
2032,69.0,38.69026084360516,,Rye House-CCGT,0.0,0.0,392.2249091956061,False,3.0428081102735107,0.0,-3.0428081102735107,1470.966526821798,0.0,0.0,-1470.966526821798
2032,69.0,38.69026084360516,,Rocksavage-CCGT,0.0,0.0,430.77402140379735,False,3.0428081102735107,0.0,-3.0428081102735107,1466.0457145125617,0.0,0.0,-1466.0457145125617
2033,72.44999999999999,49.92005813568527,2026.0,Tees Valley-W2E,304.33924500000006,350.153755,88.11948048189508,False,0.0,49.92005813568527,34.250577653790174,0.0,15192.632803370565,32672.32860939906,22416.763320362094
2033,72.44999999999999,49.92005813568527,2027.0,Runcorn-W2E,411.702165,473.6788349999999,92.55278428419912,False,0.0,49.92005813568527,29.817273851486135,0.0,20552.19601138749,44198.27099223115,26399.64773990264
2033,72.44999999999999,49.92005813568527,2027.0,Riverside-W2E,342.00285,393.48714999999993,95.11886046105766,False,0.0,49.92005813568527,27.25119767462759,0.0,17072.80215457005,36715.70355821516,20042.983377711847
2033,72.44999999999999,49.92005813568527,2028.0,Wilton 11-W2E,178.79389499999996,205.70910499999997,95.57551058511204,False,0.0,49.92005813568527,26.794547550573213,0.0,8925.401632705605,19194.41211334539,10302.58391683805
2033,72.44999999999999,49.92005813568527,2028.0,Scunthorpe Power Station-chp,1562.2594042965,0.0,96.72056387395656,False,5.113046864398198,49.92005813568527,20.53644739733049,8408.321630015596,77988.0802855023,77988.0802855023,32083.25807731994
2033,72.44999999999999,49.92005813568527,2029.0,Ferrybridge FM1-W2E,285.29098500000003,328.238015,98.85154951082956,False,0.0,49.92005813568527,23.5185086248557,0.0,14241.742556786916,30627.403347928845,14429.287078099092
2033,72.44999999999999,49.92005813568527,2029.0,Ferrybridge FM2-W2E,283.559325,326.24567499999995,98.9301306912529,False,0.0,49.92005813568527,23.439927444432357,0.0,14155.297988915672,30441.50105143155,14293.784955252073
2033,72.44999999999999,49.92005813568527,2029.0,Drax-BECCS,0.0,10924.999999999998,99.24068628496312,False,0.0,49.92005813568527,23.129371850722137,0.0,0.0,545376.6351323614,252688.3874691393
2033,72.44999999999999,49.92005813568527,2032.0,Kemsley-W2E,245.02989,281.91610999999995,99.80091077600858,False,0.0,49.92005813568527,22.569147359676677,0.0,12231.906353780565,26305.174954366805,11892.721924592184
2033,72.44999999999999,49.92005813568527,2032.0,Allington-W2E,202.60422000000003,233.10378,100.90154534306674,False,0.0,49.92005813568527,21.46851279261851,0.0,10114.014440935169,21750.568690183158,9354.002771846228
2033,72.44999999999999,49.92005813568527,2032.0,Scunthorpe Blast Furnaces-stove,994.2298168221,0.0,101.76356955343398,False,5.113046864398198,49.92005813568527,15.493441717853074,5351.098576203614,49632.01025599094,49632.01025599094,15404.041721084945
2033,72.44999999999999,49.92005813568527,2032.0,Edmonton-W2E,209.53086,241.07314,102.28156448231805,False,0.0,49.92005813568527,20.08849365336721,0.0,10459.79271242013,22494.17787617232,9051.955594181878
2033,72.44999999999999,49.92005813568527,2032.0,Rookery South C-W2E,255.41985,293.8701499999999,103.38827027423388,False,0.0,49.92005813568527,18.98178786145138,0.0,12750.57376100801,27420.58873335056,10426.506254416629
2033,72.44999999999999,49.92005813568527,2032.0,SELCHP-W2E,169.269765,194.751235,105.54933952858303,False,0.0,49.92005813568527,16.820718607102222,0.0,8449.956509413783,18171.949482610285,6123.094808075958
2033,72.44999999999999,49.92005813568527,2032.0,Lakeside-W2E,178.79389499999996,205.70910499999997,105.75229786444092,False,0.0,49.92005813568527,16.617760271244336,0.0,8925.401632705605,19194.41211334539,6389.57867757426
2033,72.44999999999999,49.92005813568527,2032.0,Trident Park-W2E,177.92806500000003,204.712935,106.89966600386146,False,0.0,49.92005813568527,15.4703921318238,0.0,8882.179348769989,19101.460965096747,5919.606315713191
2033,72.44999999999999,49.92005813568527,2032.0,Severnside-W2E,173.598915,199.732085,107.69026084360516,False,0.0,49.92005813568527,14.679797292080096,0.0,8666.067929091885,18636.705223853518,5480.423402849555
2033,72.44999999999999,49.92005813568527,2033.0,Avonmouth-W2E,169.269765,194.751235,108.09353634841528,False,0.0,49.92005813568527,14.27652178726997,0.0,8449.956509413783,18171.949482610285,5196.953737523802
2033,72.44999999999999,49.92005813568527,2033.0,Beddington Lane-W2E,143.29486500000002,164.866135,108.33273184526364,False,0.0,49.92005813568527,14.037326290421618,0.0,7153.2879913451725,15383.41503515091,4325.756506982617
2033,72.44999999999999,49.92005813568527,2033.0,Tyseley-W2E,157.148145,180.80485499999995,109.84350345016378,False,0.0,49.92005813568527,12.526554685521475,0.0,7844.844534315098,16870.63340712924,4233.386735636039
2033,72.44999999999999,49.92005813568527,2033.0,Allerton Park-W2E,117.31996499999998,134.98103499999996,110.24876424941378,False,0.0,49.92005813568527,12.121293886271474,0.0,5856.61947327656,12594.880587691525,3058.2145688001783
2033,72.44999999999999,49.92005813568527,2033.0,Four Ashes-W2E,143.29486500000002,164.866135,111.41254904821844,False,0.0,49.92005813568527,10.957509087466818,0.0,7153.2879913451725,15383.41503515091,3376.676957902863
2033,72.44999999999999,49.92005813568527,2033.0,Ardley-W2E,147.19109999999998,169.34889999999996,111.75263386171072,False,0.0,49.92005813568527,10.617424273974535,0.0,7347.7882690554625,15801.695202269813,3360.839479683899
2033,72.44999999999999,49.92005813568527,2033.0,Great Blakenham-W2E,127.709925,146.93507499999996,111.99950117220564,False,0.0,49.92005813568527,10.370556963479615,0.0,6375.286880504005,13710.29436667528,2848.2216172348585
2033,72.44999999999999,49.92005813568527,2033.0,North Hykeham-W2E,76.625955,88.16104499999999,112.24726485697003,False,0.0,49.92005813568527,10.122793278715221,0.0,3825.1721283024035,8226.176620005166,1668.1047360196449
2033,72.44999999999999,49.92005813568527,2033.0,Scunthorpe Sinter-sinter,633.6026468814001,0.0,112.48245883079248,False,5.113046864398198,49.92005813568527,4.774552440494574,3410.1473967487805,31629.48096724356,31629.48096724356,3025.1690639714107
2033,72.44999999999999,49.92005813568527,2033.0,Coventry-W2E,126.41118,145.44081999999997,114.86629159129888,False,0.0,49.92005813568527,7.50376654438638,0.0,6310.453454600574,13570.86764430231,2039.913942624526
2033,72.44999999999999,49.92005813568527,2033.0,Greatmoor-W2E,119.48454,137.47145999999998,115.52278790869914,False,0.0,49.92005813568527,6.847270226986112,0.0,5964.675183115612,12827.258458313141,1759.4471684454431
2033,72.44999999999999,49.92005813568527,2033.0,South Killingholme-crackers,381.3657875526,0.0,119.41657844198282,False,5.113046864398198,49.92005813568527,-2.159567170695766,2052.5696255100747,19037.80228558719,19037.80228558719,-823.585034825131
2033,72.44999999999999,49.92005813568527,2033.0,Marchwood-W2E,90.479235,104.09976499999998,119.76307582774996,False,0.0,49.92005813568527,2.606982307935297,0.0,4516.728671272329,9713.394991983503,507.2640104957421
2033,72.44999999999999,49.92005813568527,2033.0,New Rugby-cement,866.2032106008,0.0,119.94033644561048,False,1.8918273398273333,49.92005813568527,0.5378943502474414,1724.9546480640072,43240.91463050916,43240.91463050916,465.92581314836497
2033,72.44999999999999,49.92005813568527,2033.0,Dunbar-W2E,154.11774,177.31825999999995,120.88122377816076,False,0.0,49.92005813568527,1.488834357524496,0.0,7693.566540540426,16545.304388258977,493.4533041204887
2033,72.44999999999999,49.92005813568527,2033.0,Portsmouth-W2E,82.25384999999999,94.63614999999996,121.9344089585544,False,0.0,49.92005813568527,0.4356491771308555,0.0,4106.116973883934,8830.359083621363,77.06198294267699
2033,72.44999999999999,49.92005813568527,2033.0,Grangemouth Power Station-CCGT,502.2772817634001,0.0,122.37005813568526,True,5.113046864398198,49.92005813568527,-5.1130468643982,2703.3339795566353,25073.7111058629,25073.7111058629,-2568.167280578804
2033,72.44999999999999,49.92005813568527,,Newhurst-W2E,0.0,0.0,122.92780800610014,False,0.0,0.0,0.0,0.0,0.0,0.0,0.0
2033,72.44999999999999,49.92005813568527,,Fawley Refinery-crackers,0.0,0.0,123.76948009124162,False,5.113046864398198,0.0,-5.113046864398198,3232.253627780119,0.0,0.0,-3232.253627780119
2033,72.44999999999999,49.92005813568527,,South Killingholme-smr,0.0,0.0,124.23754446793583,False,5.113046864398198,0.0,-5.113046864398198,1211.016079050944,0.0,0.0,-1211.016079050944
2033,72.44999999999999,49.92005813568527,,Hope Cement Works-cement,0.0,0.0,124.28720193448665,False,1.8918273398273333,0.0,-1.8918273398273333,1998.3194402376043,0.0,0.0,-1998.3194402376043
2033,72.44999999999999,49.92005813568527,,Parc Adfer-W2E,0.0,0.0,125.7346990960452,False,0.0,0.0,0.0,0.0,0.0,0.0,0.0
2033,72.44999999999999,49.92005813568527,,Eastcroft-W2E,0.0,0.0,125.9173094124788,False,0.0,0.0,0.0,0.0,0.0,0.0,0.0
2033,72.44999999999999,49.92005813568527,,Tunstead Cement-cement,0.0,0.0,126.32727118201583,False,1.8918273398273333,0.0,-1.8918273398273333,1237.492409665247,0.0,0.0,-1237.492409665247
2033,72.44999999999999,49.92005813568527,,Stanlow Refinery-crackers,0.0,0.0,127.0371190337797,False,5.113046864398198,0.0,-5.113046864398198,1898.4081245897994,0.0,0.0,-1898.4081245897994
2033,72.44999999999999,49.92005813568527,,Fawley Refinery-smr,0.0,0.0,127.12699478695876,False,5.113046864398198,0.0,-5.113046864398198,1907.02964039027,0.0,0.0,-1907.02964039027
2033,72.44999999999999,49.92005813568527,,Millerhill-W2E,0.0,0.0,127.43285186483614,False,0.0,0.0,0.0,0.0,0.0,0.0,0.0
2033,72.44999999999999,49.92005813568527,,Padeswood-cement,0.0,0.0,127.4850460006812,False,1.8918273398273333,0.0,-1.8918273398273333,937.1519658667827,0.0,0.0,-937.1519658667827
2033,72.44999999999999,49.92005813568527,,South Killingholme-distillation,0.0,0.0,128.70945593540847,False,5.113046864398198,0.0,-5.113046864398198,1744.6841816835633,0.0,0.0,-1744.6841816835633
2033,72.44999999999999,49.92005813568527,,Ketton-cement,0.0,0.0,129.98256974643843,False,1.8918273398273333,0.0,-1.8918273398273333,1265.4937707691631,0.0,0.0,-1265.4937707691631
2033,72.44999999999999,49.92005813568527,,South Killingholme-power,0.0,0.0,130.1966886940948,False,5.113046864398198,0.0,-5.113046864398198,3058.3287420100105,0.0,0.0,-3058.3287420100105
2033,72.44999999999999,49.92005813568527,,Newhaven-W2E,0.0,0.0,130.2947760528612,False,0.0,0.0,0.0,0.0,0.0,0.0,0.0
2033,72.44999999999999,49.92005813568527,,Leeds-W2E,0.0,0.0,130.72273227888334,False,0.0,0.0,0.0,0.0,0.0,0.0,0.0
2033,72.44999999999999,49.92005813568527,,Ribblesdale-cement,0.0,0.0,131.22283623409905,False,1.8918273398273333,0.0,-1.8918273398273333,971.3454689928374,0.0,0.0,-971.3454689928374
2033,72.44999999999999,49.92005813568527,,Hanford-W2E,0.0,0.0,131.66934911672453,False,0.0,0.0,0.0,0.0,0.0,0.0,0.0
2033,72.44999999999999,49.92005813568527,,Fawley Refinery-distillation,0.0,0.0,132.12222727391224,False,5.113046864398198,0.0,-5.113046864398198,2747.4155836131017,0.0,0.0,-2747.4155836131017
2033,72.44999999999999,49.92005813568527,,Stanlow Refinery-smr,0.0,0.0,132.18064919232714,False,5.113046864398198,0.0,-5.113046864398198,1120.0607935079815,0.0,0.0,-1120.0607935079815
2033,72.44999999999999,49.92005813568527,,Kirklees-W2E,0.0,0.0,132.2826363227577,False,0.0,0.0,0.0,0.0,0.0,0.0,0.0
2033,72.44999999999999,49.92005813568527,,Lindsey Oil Refinery-crackers,0.0,0.0,132.48929210893525,False,5.113046864398198,0.0,-5.113046864398198,936.4882039963834,0.0,0.0,-936.4882039963834
2033,72.44999999999999,49.92005813568527,,South Killingholme-remaining,0.0,0.0,132.82916790483205,False,5.113046864398198,0.0,-5.113046864398198,1929.4154479794702,0.0,0.0,-1929.4154479794702
2033,72.44999999999999,49.92005813568527,,Fawley Refinery-power,0.0,0.0,134.32186480576613,False,5.113046864398198,0.0,-5.113046864398198,4816.057905392377,0.0,0.0,-4816.057905392377
2033,72.44999999999999,49.92005813568527,,Baldovie-W2E,0.0,0.0,134.50224562921326,False,0.0,0.0,0.0,0.0,0.0,0.0,0.0
2033,72.44999999999999,49.92005813568527,,Pembroke Refinery-crackers,0.0,0.0,135.6974630648525,False,5.113046864398198,0.0,-5.113046864398198,2439.01834508752,0.0,0.0,-2439.01834508752
2033,72.44999999999999,49.92005813568527,,Fawley Refinery-remaining,0.0,0.0,136.13383164089475,False,5.113046864398198,0.0,-5.113046864398198,3038.318410113312,0.0,0.0,-3038.318410113312
2033,72.44999999999999,49.92005813568527,,Stanlow Refinery-distillation,0.0,0.0,136.513911998797,False,5.113046864398198,0.0,-5.113046864398198,1613.6469059013295,0.0,0.0,-1613.6469059013295
2033,72.44999999999999,49.92005813568527,,Dunbar Works-cement,0.0,0.0,136.98298025518972,False,1.8918273398273333,0.0,-1.8918273398273333,838.4874257313344,0.0,0.0,-838.4874257313344
2033,72.44999999999999,49.92005813568527,,Stanlow Refinery-power,0.0,0.0,137.82970188412523,False,5.113046864398198,0.0,-5.113046864398198,2828.6281056388007,0.0,0.0,-2828.6281056388007
2033,72.44999999999999,49.92005813568527,,Hartlebury-W2E,0.0,0.0,138.13632582553586,False,0.0,0.0,0.0,0.0,0.0,0.0,0.0
2033,72.44999999999999,49.92005813568527,,Cauldon Cement-cement,0.0,0.0,138.4784310020895,False,1.8918273398273333,0.0,-1.8918273398273333,1016.2211899911007,0.0,0.0,-1016.2211899911007
2033,72.44999999999999,49.92005813568527,,Javelin Park-W2E,0.0,0.0,139.3228290773164,False,0.0,0.0,0.0,0.0,0.0,0.0,0.0
2033,72.44999999999999,49.92005813568527,,Sheffield-W2E,0.0,0.0,139.8343235952813,False,0.0,0.0,0.0,0.0,0.0,0.0,0.0
2033,72.44999999999999,49.92005813568527,,Pembroke Refinery-smr,0.0,0.0,139.8863360016444,False,5.113046864398198,0.0,-5.113046864398198,1439.0208236016367,0.0,0.0,-1439.0208236016367
2033,72.44999999999999,49.92005813568527,,Chineham-W2E,0.0,0.0,140.32141856258616,False,0.0,0.0,0.0,0.0,0.0,0.0,0.0
2033,72.44999999999999,49.92005813568527,,Stanlow Refinery-remaining,0.0,0.0,140.6432980315675,False,5.113046864398198,0.0,-5.113046864398198,1784.5036371144113,0.0,0.0,-1784.5036371144113
2033,72.44999999999999,49.92005813568527,,Grangemouth Refinery-crackers,0.0,0.0,140.79770433532283,False,5.113046864398198,0.0,-5.113046864398198,1040.9401515361187,0.0,0.0,-1040.9401515361187
2033,72.44999999999999,49.92005813568527,,Lindsey Oil Refinery-smr,0.0,0.0,141.9929815759613,False,5.113046864398198,0.0,-5.113046864398198,552.5280403578662,0.0,0.0,-552.5280403578662
2033,72.44999999999999,49.92005813568527,,Lindsey Oil Refinery-power,0.0,0.0,142.81115560903552,False,5.113046864398198,0.0,-5.113046864398198,1395.3674239546115,0.0,0.0,-1395.3674239546115
2033,72.44999999999999,49.92005813568527,,Wolverhampton-W2E,0.0,0.0,142.87736864384428,False,0.0,0.0,0.0,0.0,0.0,0.0,0.0
2033,72.44999999999999,49.92005813568527,,Devonport-W2E,0.0,0.0,143.82236892306247,False,0.0,0.0,0.0,0.0,0.0,0.0,0.0
2033,72.44999999999999,49.92005813568527,,Lindsey Oil Refinery-distillation,0.0,0.0,144.05717677984146,False,5.113046864398198,0.0,-5.113046864398198,796.014973396926,0.0,0.0,-796.014973396926
2033,72.44999999999999,49.92005813568527,,Pembroke Refinery-distillation,0.0,0.0,144.60895225355458,False,5.113046864398198,0.0,-5.113046864398198,2073.1655933243924,0.0,0.0,-2073.1655933243924
2033,72.44999999999999,49.92005813568527,,Cornwall-W2E,0.0,0.0,145.15316997971505,False,0.0,0.0,0.0,0.0,0.0,0.0,0.0
2033,72.44999999999999,49.92005813568527,,Pembroke Refinery-power,0.0,0.0,146.4191539632569,False,5.113046864398198,0.0,-5.113046864398198,3634.1373341804047,0.0,0.0,-3634.1373341804047
2033,72.44999999999999,49.92005813568527,,Lindsey Oil Refinery-remaining,0.0,0.0,148.07743604588833,False,5.113046864398198,0.0,-5.113046864398198,880.2989117566004,0.0,0.0,-880.2989117566004
2033,72.44999999999999,49.92005813568527,,Pembroke Refinery-remaining,0.0,0.0,148.6969572317184,False,5.113046864398198,0.0,-5.113046864398198,2292.6772443822692,0.0,0.0,-2292.6772443822692
2033,72.44999999999999,49.92005813568527,,Grangemouth Refinery-smr,0.0,0.0,149.4429641100151,False,5.113046864398198,0.0,-5.113046864398198,614.1546894063099,0.0,0.0,-614.1546894063099
2033,72.44999999999999,49.92005813568527,,Milton Keynes ACT-W2E,0.0,0.0,149.91840922239953,False,0.0,0.0,0.0,0.0,0.0,0.0,0.0
2033,72.44999999999999,49.92005813568527,,Belfast ACT-W2E,0.0,0.0,151.16178010182253,False,0.0,0.0,0.0,0.0,0.0,0.0,0.0
2033,72.44999999999999,49.92005813568527,,Grangemouth Refinery-power,0.0,0.0,151.2758042923232,False,5.113046864398198,0.0,-5.113046864398198,1551.0008257888169,0.0,0.0,-1551.0008257888169
2033,72.44999999999999,49.92005813568527,,Peterborough-W2E,0.0,0.0,151.58940342877088,False,0.0,0.0,0.0,0.0,0.0,0.0,0.0
2033,72.44999999999999,49.92005813568527,,Grangemouth Refinery-distillation,0.0,0.0,151.9931581726091,False,5.113046864398198,0.0,-5.113046864398198,884.7991288057009,0.0,0.0,-884.7991288057009
2033,72.44999999999999,49.92005813568527,,Pembroke Power Station-CCGT,0.0,0.0,153.5814237169616,False,5.113046864398198,0.0,-5.113046864398198,27054.96520097586,0.0,0.0,-27054.96520097586
2033,72.44999999999999,49.92005813568527,,NewLincs-W2E,0.0,0.0,154.91229031794154,False,0.0,0.0,0.0,0.0,0.0,0.0,0.0
2033,72.44999999999999,49.92005813568527,,Grangemouth Refinery-remaining,0.0,0.0,156.05875268873913,False,5.113046864398198,0.0,-5.113046864398198,978.4837424439514,0.0,0.0,-978.4837424439514
2033,72.44999999999999,49.92005813568527,,Dudley-W2E,0.0,0.0,157.17271920148522,False,0.0,0.0,0.0,0.0,0.0,0.0,0.0
2033,72.44999999999999,49.92005813568527,,Marchwood  Power  Station-CCGT,0.0,0.0,159.62812813767613,False,5.113046864398198,0.0,-5.113046864398198,9772.665204664932,0.0,0.0,-9772.665204664932
2033,72.44999999999999,49.92005813568527,,Baddesley-W2E,0.0,0.0,160.35967910131896,False,0.0,0.0,0.0,0.0,0.0,0.0,0.0
2033,72.44999999999999,49.92005813568527,,Enfield Power Station-CCGT,0.0,0.0,162.1675537167806,False,5.113046864398198,0.0,-5.113046864398198,4340.111115651732,0.0,0.0,-4340.111115651732
2033,72.44999999999999,49.92005813568527,,Battlefield-W2E,0.0,0.0,162.19804621799932,False,0.0,0.0,0.0,0.0,0.0,0.0,0.0
2033,72.44999999999999,49.92005813568527,,Saltend-CCGT,0.0,0.0,164.91708350379992,False,5.113046864398198,0.0,-5.113046864398198,11731.689199010654,0.0,0.0,-11731.689199010654
2033,72.44999999999999,49.92005813568527,,Immingham-CCGT,0.0,0.0,166.00773363458555,False,5.113046864398198,0.0,-5.113046864398198,11726.602857487766,0.0,0.0,-11726.602857487766
2033,72.44999999999999,49.92005813568527,,Didcot B-CCGT,0.0,0.0,168.98227960881977,False,5.113046864398198,0.0,-5.113046864398198,14333.46643739716,0.0,0.0,-14333.46643739716
2033,72.44999999999999,49.92005813568527,,Staythorpe Power Station-CCGT,0.0,0.0,169.40288726463294,False,5.113046864398198,0.0,-5.113046864398198,18274.946155778813,0.0,0.0,-18274.946155778813
2033,72.44999999999999,49.92005813568527,,Keadby-CCGT,0.0,0.0,176.90140497406722,False,5.113046864398198,0.0,-5.113046864398198,6087.727838949155,0.0,0.0,-6087.727838949155
2033,72.44999999999999,49.92005813568527,,Hooton Park ACT-W2E,0.0,0.0,179.27780846771287,False,0.0,0.0,0.0,0.0,0.0,0.0,0.0
2033,72.44999999999999,49.92005813568527,,Exeter-W2E,0.0,0.0,179.60333383475486,False,0.0,0.0,0.0,0.0,0.0,0.0,0.0
2033,72.44999999999999,49.92005813568527,,Bolton-W2E,0.0,0.0,181.92172711397333,False,0.0,0.0,0.0,0.0,0.0,0.0,0.0
2033,72.44999999999999,49.92005813568527,,West Burton B CCGT Power Station-CCGT,0.0,0.0,181.9230998694337,False,5.113046864398198,0.0,-5.113046864398198,11991.667707104558,0.0,0.0,-11991.667707104558
2033,72.44999999999999,49.92005813568527,,Levenseat ACT-W2E,0.0,0.0,183.8322948806435,False,0.0,0.0,0.0,0.0,0.0,0.0,0.0
2033,72.44999999999999,49.92005813568527,,Coolkeeragh-CCGT,0.0,0.0,184.70017000442445,False,5.113046864398198,0.0,-5.113046864398198,3886.9852552308985,0.0,0.0,-3886.9852552308985
2033,72.44999999999999,49.92005813568527,,Carrington CCGT-CCGT,0.0,0.0,189.2092334567789,False,5.113046864398198,0.0,-5.113046864398198,9007.634350709899,0.0,0.0,-9007.634350709899
2033,72.44999999999999,49.92005813568527,,Ballylumford-CCGT,0.0,0.0,195.1740589779237,False,5.113046864398198,0.0,-5.113046864398198,5614.777773574335,0.0,0.0,-5614.777773574335
2033,72.44999999999999,49.92005813568527,,Glasgow ACT-W2E,0.0,0.0,195.93562567320143,False,0.0,0.0,0.0,0.0,0.0,0.0,0.0
2033,72.44999999999999,49.92005813568527,,NESS-W2E,0.0,0.0,198.75501981615415,False,0.0,0.0,0.0,0.0,0.0,0.0,0.0
2033,72.44999999999999,49.92005813568527,,Energy Works ACT-W2E,0.0,0.0,201.40339180076796,False,0.0,0.0,0.0,0.0,0.0,0.0,0.0
2033,72.44999999999999,49.92005813568527,,Eco Park ACT-W2E,0.0,0.0,202.93011759687164,False,0.0,0.0,0.0,0.0,0.0,0.0,0.0
2033,72.44999999999999,49.92005813568527,,Kilroot-CCGT,0.0,0.0,207.3906503608189,False,5.113046864398198,0.0,-5.113046864398198,5703.6805473135355,0.0,0.0,-5703.6805473135355
2033,72.44999999999999,49.92005813568527,,Kings Lynn Power Station-CCGT,0.0,0.0,208.8847375922057,False,5.113046864398198,0.0,-5.113046864398198,3270.0280830322126,0.0,0.0,-3270.0280830322126
2033,72.44999999999999,49.92005813568527,,Spalding-CCGT,0.0,0.0,210.92034860788132,False,5.113046864398198,0.0,-5.113046864398198,7173.552037231589,0.0,0.0,-7173.552037231589
2033,72.44999999999999,49.92005813568527,,Seabank-CCGT,0.0,0.0,215.24318898826735,False,5.113046864398198,0.0,-5.113046864398198,8753.642665534324,0.0,0.0,-8753.642665534324
2033,72.44999999999999,49.92005813568527,,Shoreham Power Station-CCGT,0.0,0.0,223.96100678992715,False,5.113046864398198,0.0,-5.113046864398198,3143.5152311430006,0.0,0.0,-3143.5152311430006
2033,72.44999999999999,49.92005813568527,,Damhead Creek Power Station-CCGT,0.0,0.0,231.84613890879083,False,5.113046864398198,0.0,-5.113046864398198,5241.169869628457,0.0,0.0,-5241.169869628457
2033,72.44999999999999,49.92005813568527,,Cottam Development Centre-CCGT,0.0,0.0,238.4158800035795,False,5.113046864398198,0.0,-5.113046864398198,2961.751487552691,0.0,0.0,-2961.751487552691
2033,72.44999999999999,49.92005813568527,,Great Yarmouth Power Station-CCGT,0.0,0.0,240.013145571761,False,5.113046864398198,0.0,-5.113046864398198,3048.857666290612,0.0,0.0,-3048.857666290612
2033,72.44999999999999,49.92005813568527,,Little Barford-CCGT,0.0,0.0,240.7576776464302,False,5.113046864398198,0.0,-5.113046864398198,4716.12316402761,0.0,0.0,-4716.12316402761
2033,72.44999999999999,49.92005813568527,,South Humber-CCGT,0.0,0.0,246.5252661657621,False,5.113046864398198,0.0,-5.113046864398198,7617.977966266436,0.0,0.0,-7617.977966266436
2033,72.44999999999999,49.92005813568527,,Langage Energy Centre-CCGT,0.0,0.0,250.05603522765227,False,5.113046864398198,0.0,-5.113046864398198,5919.033861763502,0.0,0.0,-5919.033861763502
2033,72.44999999999999,49.92005813568527,,Grain CCGT-CCGT,0.0,0.0,256.5493066919562,False,5.113046864398198,0.0,-5.113046864398198,8399.749938354678,0.0,0.0,-8399.749938354678
2033,72.44999999999999,49.92005813568527,,Peterhead Power Station-CCGT,0.0,0.0,275.097064063588,False,5.113046864398198,0.0,-5.113046864398198,6907.189965330174,0.0,0.0,-6907.189965330174
2033,72.44999999999999,49.92005813568527,,Connahs Quay Power Station-CCGT,0.0,0.0,279.14393107084203,False,5.113046864398198,0.0,-5.113046864398198,7012.6903957120285,0.0,0.0,-7012.6903957120285
2033,72.44999999999999,49.92005813568527,,Medway-CCGT,0.0,0.0,311.36638697059976,False,5.113046864398198,0.0,-5.113046864398198,3293.1037966993167,0.0,0.0,-3293.1037966993167
2033,72.44999999999999,49.92005813568527,,Isle of Wight-W2E,0.0,0.0,378.6296091247897,False,0.0,0.0,0.0,0.0,0.0,0.0,0.0
2033,72.44999999999999,49.92005813568527,,Coryton-CCGT,0.0,0.0,386.8501086268143,False,5.113046864398198,0.0,-5.113046864398198,2754.6883837414753,0.0,0.0,-2754.6883837414753
2033,72.44999999999999,49.92005813568527,,Rye House-CCGT,0.0,0.0,392.2249091956061,False,5.113046864398198,0.0,-5.113046864398198,2471.769666383874,0.0,0.0,-2471.769666383874
2033,72.44999999999999,49.92005813568527,,Rocksavage-CCGT,0.0,0.0,430.77402140379735,False,5.113046864398198,0.0,-5.113046864398198,2463.5008755051185,0.0,0.0,-2463.5008755051185
2034,74.75,56.47283623409905,2026.0,Tees Valley-W2E,304.33924500000006,350.153755,88.11948048189508,False,0.0,56.47283623409905,43.10335575220397,0.0,17186.90034249435,36961.07600536419,28210.844616327235
2034,74.75,56.47283623409905,2027.0,Runcorn-W2E,411.702165,473.6788349999999,92.55278428419912,False,0.0,56.47283623409905,38.67005194989993,0.0,23249.988941269025,49999.976217782845,34237.72926545434
2034,74.75,56.47283623409905,2027.0,Riverside-W2E,342.00285,393.48714999999993,95.11886046105766,False,0.0,56.47283623409905,36.103975773041384,0.0,19313.87093964514,41535.20632181751,26554.113141314207
2034,74.75,56.47283623409905,2028.0,Wilton 11-W2E,178.79389499999996,205.70910499999997,95.57551058511204,False,0.0,56.47283623409905,35.64732564898701,0.0,10096.998351991699,21713.974950519783,13706.50365401245
2034,74.75,56.47283623409905,2028.0,Scunthorpe Power Station-chp,1562.2594042965,0.0,96.72056387395656,False,7.3517448820815074,56.47283623409905,27.150527478060976,12089.82376844263,88225.21949401738,88225.21949401738,42416.16688421129
2034,74.75,56.47283623409905,2029.0,Ferrybridge FM1-W2E,285.29098500000003,328.238015,98.85154951082956,False,0.0,56.47283623409905,32.37128672326949,0.0,16111.19107496981,34647.72274187055,19860.72317204081
2034,74.75,56.47283623409905,2029.0,Ferrybridge FM2-W2E,283.559325,326.24567499999995,98.9301306912529,False,0.0,56.47283623409905,32.29270554284615,0.0,16013.399323376669,34437.41789973477,19692.253303555295
2034,74.75,56.47283623409905,2029.0,Drax-BECCS,0.0,10924.999999999998,99.24068628496312,False,0.0,56.47283623409905,31.98214994913593,0.0,0.0,616965.735857532,349404.98819431
2034,74.75,56.47283623409905,2032.0,Kemsley-W2E,245.02989,281.91610999999995,99.80091077600858,False,0.0,56.47283623409905,31.42192545809047,0.0,13837.532850429303,29758.13516221355,16557.65793243894
2034,74.75,56.47283623409905,2032.0,Allington-W2E,202.60422000000003,233.10378,100.90154534306674,False,0.0,56.47283623409905,30.321290891032305,0.0,11441.634936397377,24605.66652988683,13211.229011549904
2034,74.75,56.47283623409905,2032.0,Scunthorpe Blast Furnaces-stove,994.2298168221,0.0,101.76356955343398,False,7.3517448820815074,56.47283623409905,22.107521798583562,7694.0252288786405,56146.97762445275,56146.97762445275,21979.95734819632
2034,74.75,56.47283623409905,2032.0,Edmonton-W2E,209.53086,241.07314,102.28156448231805,False,0.0,56.47283623409905,28.941271751781002,0.0,11832.801942769935,25446.885898429966,13041.052816439525
2034,74.75,56.47283623409905,2032.0,Rookery South C-W2E,255.41985,293.8701499999999,103.38827027423388,False,0.0,56.47283623409905,27.834565959865174,0.0,14424.283359988143,31019.964215028263,15289.24873609434
2034,74.75,56.47283623409905,2032.0,SELCHP-W2E,169.269765,194.751235,105.54933952858303,False,0.0,56.47283623409905,25.673496705516015,0.0,9559.143718229432,20557.29831877297,9345.691944238646
2034,74.75,56.47283623409905,2032.0,Lakeside-W2E,178.79389499999996,205.70910499999997,105.75229786444092,False,0.0,56.47283623409905,25.47053836965813,0.0,10096.998351991699,21713.974950519783,9793.498414748658
2034,74.75,56.47283623409905,2032.0,Trident Park-W2E,177.92806500000003,204.712935,106.89966600386146,False,0.0,56.47283623409905,24.323170230237594,0.0,10048.102476195132,21608.822529451896,9307.042180068343
2034,74.75,56.47283623409905,2032.0,Severnside-W2E,173.598915,199.732085,107.69026084360516,False,0.0,56.47283623409905,23.53257539049389,0.0,9803.623097212281,21083.060424112435,8785.439903108474
2034,74.75,56.47283623409905,2033.0,Avonmouth-W2E,169.269765,194.751235,108.09353634841528,False,0.0,56.47283623409905,23.129299885683764,0.0,9559.143718229432,20557.29831877297,8419.55087368649
2034,74.75,56.47283623409905,2033.0,Beddington Lane-W2E,143.29486500000002,164.866135,108.33273184526364,False,0.0,56.47283623409905,22.89010438883541,0.0,8092.267444332332,17402.7256867362,7053.83745856791
2034,74.75,56.47283623409905,2033.0,Tyseley-W2E,157.148145,180.80485499999995,109.84350345016378,False,0.0,56.47283623409905,21.37933278393527,0.0,8874.601457077451,19085.164423822473,7225.209652329275
2034,74.75,56.47283623409905,2033.0,Allerton Park-W2E,117.31996499999998,134.98103499999996,110.24876424941378,False,0.0,56.47283623409905,20.974071984685267,0.0,6625.391170435231,14248.15305469942,5291.779335808076
2034,74.75,56.47283623409905,2033.0,Four Ashes-W2E,143.29486500000002,164.866135,111.41254904821844,False,0.0,56.47283623409905,19.81028718588061,0.0,8092.267444332332,17402.7256867362,6104.757909488156
2034,74.75,56.47283623409905,2033.0,Ardley-W2E,147.19109999999998,169.34889999999996,111.75263386171072,False,0.0,56.47283623409905,19.47020237238833,0.0,8312.298885416894,17875.91158154171,6163.097858955801
2034,74.75,56.47283623409905,2033.0,Great Blakenham-W2E,127.709925,146.93507499999996,111.99950117220564,False,0.0,56.47283623409905,19.22333506189341,0.0,7212.141679994072,15509.982107514132,5279.5928580737145
2034,74.75,56.47283623409905,2033.0,North Hykeham-W2E,76.625955,88.16104499999999,112.24726485697003,False,0.0,56.47283623409905,18.975571377129015,0.0,4327.285007996444,9305.989264508478,3126.9274805229584
2034,74.75,56.47283623409905,2033.0,Scunthorpe Sinter-sinter,633.6026468814001,0.0,112.48245883079248,False,7.3517448820815074,56.47283623409905,11.388632521225063,4903.247385772242,35781.338514824994,35781.338514824994,7215.867709807793
2034,74.75,56.47283623409905,2033.0,Coventry-W2E,126.41118,145.44081999999997,114.86629159129888,False,0.0,56.47283623409905,16.356544642800174,0.0,7138.797866299217,15352.253475912294,4446.559374234513
2034,74.75,56.47283623409905,2033.0,Greatmoor-W2E,119.48454,137.47145999999998,115.52278790869914,False,0.0,56.47283623409905,15.700048325399905,0.0,6747.630859926657,14511.034107369152,4034.2216175014573
2034,74.75,56.47283623409905,2033.0,South Killingholme-crackers,381.3657875526,0.0,119.41657844198282,False,7.3517448820815074,56.47283623409905,4.4545129100347225,2951.2673440429585,21536.80766574619,21536.80766574619,1698.798824098616
2034,74.75,56.47283623409905,2033.0,Marchwood-W2E,90.479235,104.09976499999998,119.76307582774996,False,0.0,56.47283623409905,11.45976040634909,0.0,5109.619020741563,10988.428001594757,2229.8287201069993
2034,74.75,56.47283623409905,2033.0,New Rugby-cement,866.2032106008,0.0,119.94033644561048,False,2.7201456063701577,56.47283623409905,8.562354182118405,2480.2093237257795,48916.952057709794,48916.952057709794,7416.738682852149
2034,74.75,56.47283623409905,2033.0,Dunbar-W2E,154.11774,177.31825999999995,120.88122377816076,False,0.0,56.47283623409905,10.34161245593829,0.0,8703.465891789456,18717.130950084847,3427.582665946362
2034,74.75,56.47283623409905,2033.0,Portsmouth-W2E,82.25384999999999,94.63614999999996,121.9344089585544,False,0.0,56.47283623409905,9.288427275544649,0.0,4645.108200674147,9989.480001449776,1643.0299007710923
2034,74.75,56.47283623409905,2033.0,Grangemouth Power Station-CCGT,502.2772817634001,0.0,122.37005813568526,False,7.3517448820815074,56.47283623409905,1.5010332163322886,3886.96256377883,28365.022677132918,28365.022677132918,753.9348837359556
2034,74.75,56.47283623409905,2034.0,Newhurst-W2E,129.00867,148.42932999999996,122.92780800610014,False,0.0,56.47283623409905,8.295028227998912,0.0,7285.485493688927,15667.710739115972,2301.356041519562
2034,74.75,56.47283623409905,2034.0,Fawley Refinery-crackers,600.55012751238,0.0,123.76948009124162,False,7.3517448820815074,56.47283623409905,0.10161126077592542,4647.464554076355,33914.769001373934,33914.769001373934,61.0226556156757
2034,74.75,56.47283623409905,2034.0,South Killingholme-smr,225.005814656034,0.0,124.23754446793583,False,7.3517448820815074,56.47283623409905,-0.36645311591829,1741.2477329853455,12706.716522790251,12706.716522790251,-82.4540818804369
2034,74.75,56.47283623409905,2034.0,Hope Cement Works-cement,1003.4760721869,0.0,124.28720193448665,False,2.7201456063701577,56.47283623409905,4.215488693242243,2873.264240901873,56669.13988944775,56669.13988944775,4230.1420362430135
2034,74.75,56.47283623409905,2034.0,Parc Adfer-W2E,89.61340500000001,103.103595,125.7346990960452,False,0.0,56.47283623409905,5.488137138053844,0.0,5060.723144944994,10883.275580526866,1057.6573248343227
2034,74.75,56.47283623409905,2034.0,Eastcroft-W2E,80.52219,92.64380999999996,125.9173094124788,False,0.0,56.47283623409905,5.305526821620248,0.0,4547.316449081008,9779.175159313992,918.7368575926915
2034,74.75,56.47283623409905,2034.0,Tunstead Cement-cement,621.4191773385,0.0,126.32727118201583,False,2.7201456063701577,56.47283623409905,2.175419445713054,1779.3164683699777,35093.30343456567,35093.30343456567,1351.8473623211817
2034,74.75,56.47283623409905,2034.0,Stanlow Refinery-crackers,352.7227045224,0.0,127.0371190337797,False,7.3517448820815074,56.47283623409905,-3.1660276817621593,2729.607723964739,19919.251528542005,19919.251528542005,-1116.7298465039332
2034,74.75,56.47283623409905,2034.0,Fawley Refinery-smr,354.32457523230414,0.0,127.12699478695876,False,7.3517448820815074,56.47283623409905,-3.2559034349412173,2742.004086905049,20009.713710810618,20009.713710810618,-1153.646601582947
2034,74.75,56.47283623409905,2034.0,Millerhill-W2E,70.565145,81.18785499999998,127.43285186483614,False,0.0,56.47283623409905,3.7899843692629105,0.0,3985.0138774204534,8569.922317033232,575.1414979887544
2034,74.75,56.47283623409905,2034.0,Padeswood-cement,470.6002227744,0.0,127.4850460006812,False,2.7201456063701577,56.47283623409905,1.0176446270476944,1347.474871933265,26576.12931246922,26576.12931246922,478.9037881938162
2034,74.75,56.47283623409905,2034.0,South Killingholme-distillation,324.16091941971,0.0,128.70945593540847,False,7.3517448820815074,56.47283623409905,-4.838364583390927,2508.5772424365146,18306.28651588426,18306.28651588426,-1568.4087118397651
2034,74.75,56.47283623409905,2034.0,Ketton-cement,635.4803405793001,0.0,129.98256974643843,False,2.7201456063701577,56.47283623409905,-1.4798791187095404,1819.5779540646256,35887.3772035243,35887.3772035243,-940.4340863737332
2034,74.75,56.47283623409905,2034.0,South Killingholme-power,568.235023453374,0.0,130.1966886940948,False,7.3517448820815074,56.47283623409905,-6.325597342077259,4397.388342624007,32089.84342196182,32089.84342196182,-3594.4259540318712
2034,74.75,56.47283623409905,2034.0,Newhaven-W2E,91.77798,105.59401999999996,130.2947760528612,False,0.0,56.47283623409905,0.9280601812378393,0.0,5182.962834436417,11146.156633196595,183.17309409127478
2034,74.75,56.47283623409905,2034.0,Leeds-W2E,77.05887,88.65912999999998,130.72273227888334,False,0.0,56.47283623409905,0.5001039552157067,0.0,4351.732945894728,9358.565475042424,82.87622725043647
2034,74.75,56.47283623409905,2034.0,Ribblesdale-cement,487.7708319975,0.0,131.22283623409905,True,2.7201456063701577,56.47283623409905,-2.72014560637016,1396.6396690247534,27545.80231516506,27545.80231516506,-1326.8076855735171
2034,74.75,56.47283623409905,,Hanford-W2E,0.0,0.0,131.66934911672453,False,0.0,0.0,0.0,0.0,0.0,0.0,0.0
2034,74.75,56.47283623409905,,Fawley Refinery-distillation,0.0,0.0,132.12222727391224,False,7.3517448820815074,0.0,-7.3517448820815074,3950.344870964902,0.0,0.0,-3950.344870964902
2034,74.75,56.47283623409905,,Stanlow Refinery-smr,0.0,0.0,132.18064919232714,False,7.3517448820815074,0.0,-7.3517448820815074,1610.4685571391958,0.0,0.0,-1610.4685571391958
2034,74.75,56.47283623409905,,Kirklees-W2E,0.0,0.0,132.2826363227577,False,0.0,0.0,0.0,0.0,0.0,0.0,0.0
2034,74.75,56.47283623409905,,Lindsey Oil Refinery-crackers,0.0,0.0,132.48929210893525,False,7.3517448820815074,0.0,-7.3517448820815074,1346.5204883606036,0.0,0.0,-1346.5204883606036
2034,74.75,56.47283623409905,,South Killingholme-remaining,0.0,0.0,132.82916790483205,False,7.3517448820815074,0.0,-7.3517448820815074,2774.191303400381,0.0,0.0,-2774.191303400381
2034,74.75,56.47283623409905,,Fawley Refinery-power,0.0,0.0,134.32186480576613,False,7.3517448820815074,0.0,-7.3517448820815074,6924.722185573767,0.0,0.0,-6924.722185573767
2034,74.75,56.47283623409905,,Baldovie-W2E,0.0,0.0,134.50224562921326,False,0.0,0.0,0.0,0.0,0.0,0.0,0.0
2034,74.75,56.47283623409905,,Pembroke Refinery-crackers,0.0,0.0,135.6974630648525,False,7.3517448820815074,0.0,-7.3517448820815074,3506.9188903103386,0.0,0.0,-3506.9188903103386
2034,74.75,56.47283623409905,,Fawley Refinery-remaining,0.0,0.0,136.13383164089475,False,7.3517448820815074,0.0,-7.3517448820815074,4368.616680831774,0.0,0.0,-4368.616680831774
2034,74.75,56.47283623409905,,Stanlow Refinery-distillation,0.0,0.0,136.513911998797,False,7.3517448820815074,0.0,-7.3517448820815074,2320.166565370028,0.0,0.0,-2320.166565370028
2034,74.75,56.47283623409905,,Dunbar Works-cement,0.0,0.0,136.98298025518972,False,2.7201456063701577,0.0,-2.7201456063701577,1205.6110190837403,0.0,0.0,-1205.6110190837403
2034,74.75,56.47283623409905,,Stanlow Refinery-power,0.0,0.0,137.82970188412523,False,7.3517448820815074,0.0,-7.3517448820815074,4067.115508707461,0.0,0.0,-4067.115508707461
2034,74.75,56.47283623409905,,Hartlebury-W2E,0.0,0.0,138.13632582553586,False,0.0,0.0,0.0,0.0,0.0,0.0,0.0
2034,74.75,56.47283623409905,,Cauldon Cement-cement,0.0,0.0,138.4784310020895,False,2.7201456063701577,0.0,-2.7201456063701577,1461.1637895595907,0.0,0.0,-1461.1637895595907
2034,74.75,56.47283623409905,,Javelin Park-W2E,0.0,0.0,139.3228290773164,False,0.0,0.0,0.0,0.0,0.0,0.0,0.0
2034,74.75,56.47283623409905,,Sheffield-W2E,0.0,0.0,139.8343235952813,False,0.0,0.0,0.0,0.0,0.0,0.0,0.0
2034,74.75,56.47283623409905,,Pembroke Refinery-smr,0.0,0.0,139.8863360016444,False,7.3517448820815074,0.0,-7.3517448820815074,2069.0821452830996,0.0,0.0,-2069.0821452830996
2034,74.75,56.47283623409905,,Chineham-W2E,0.0,0.0,140.32141856258616,False,0.0,0.0,0.0,0.0,0.0,0.0,0.0
2034,74.75,56.47283623409905,,Stanlow Refinery-remaining,0.0,0.0,140.6432980315675,False,7.3517448820815074,0.0,-7.3517448820815074,2565.8312605268543,0.0,0.0,-2565.8312605268543
2034,74.75,56.47283623409905,,Grangemouth Refinery-crackers,0.0,0.0,140.79770433532283,False,7.3517448820815074,0.0,-7.3517448820815074,1496.7057088590818,0.0,0.0,-1496.7057088590818
2034,74.75,56.47283623409905,,Lindsey Oil Refinery-smr,0.0,0.0,141.9929815759613,False,7.3517448820815074,0.0,-7.3517448820815074,794.4470881327561,0.0,0.0,-794.4470881327561
2034,74.75,56.47283623409905,,Lindsey Oil Refinery-power,0.0,0.0,142.81115560903552,False,7.3517448820815074,0.0,-7.3517448820815074,2006.3155276572995,0.0,0.0,-2006.3155276572995
2034,74.75,56.47283623409905,,Wolverhampton-W2E,0.0,0.0,142.87736864384428,False,0.0,0.0,0.0,0.0,0.0,0.0,0.0
2034,74.75,56.47283623409905,,Devonport-W2E,0.0,0.0,143.82236892306247,False,0.0,0.0,0.0,0.0,0.0,0.0,0.0
2034,74.75,56.47283623409905,,Lindsey Oil Refinery-distillation,0.0,0.0,144.05717677984146,False,7.3517448820815074,0.0,-7.3517448820815074,1144.542415106513,0.0,0.0,-1144.542415106513
2034,74.75,56.47283623409905,,Pembroke Refinery-distillation,0.0,0.0,144.60895225355458,False,7.3517448820815074,0.0,-7.3517448820815074,2980.881056763788,0.0,0.0,-2980.881056763788
2034,74.75,56.47283623409905,,Cornwall-W2E,0.0,0.0,145.15316997971505,False,0.0,0.0,0.0,0.0,0.0,0.0,0.0
2034,74.75,56.47283623409905,,Pembroke Refinery-power,0.0,0.0,146.4191539632569,False,7.3517448820815074,0.0,-7.3517448820815074,5225.309146562404,0.0,0.0,-5225.309146562404
2034,74.75,56.47283623409905,,Lindsey Oil Refinery-remaining,0.0,0.0,148.07743604588833,False,7.3517448820815074,0.0,-7.3517448820815074,1265.7292590589675,0.0,0.0,-1265.7292590589675
2034,74.75,56.47283623409905,,Pembroke Refinery-remaining,0.0,0.0,148.6969572317184,False,7.3517448820815074,0.0,-7.3517448820815074,3296.5037568917182,0.0,0.0,-3296.5037568917182
2034,74.75,56.47283623409905,,Grangemouth Refinery-smr,0.0,0.0,149.4429641100151,False,7.3517448820815074,0.0,-7.3517448820815074,883.056368226858,0.0,0.0,-883.056368226858
2034,74.75,56.47283623409905,,Milton Keynes ACT-W2E,0.0,0.0,149.91840922239953,False,0.0,0.0,0.0,0.0,0.0,0.0,0.0
2034,74.75,56.47283623409905,,Belfast ACT-W2E,0.0,0.0,151.16178010182253,False,0.0,0.0,0.0,0.0,0.0,0.0,0.0
2034,74.75,56.47283623409905,,Grangemouth Refinery-power,0.0,0.0,151.2758042923232,False,7.3517448820815074,0.0,-7.3517448820815074,2230.0915062000313,0.0,0.0,-2230.0915062000313
2034,74.75,56.47283623409905,,Peterborough-W2E,0.0,0.0,151.58940342877088,False,0.0,0.0,0.0,0.0,0.0,0.0,0.0
2034,74.75,56.47283623409905,,Grangemouth Refinery-distillation,0.0,0.0,151.9931581726091,False,7.3517448820815074,0.0,-7.3517448820815074,1272.1998525302195,0.0,0.0,-1272.1998525302195
2034,74.75,56.47283623409905,,Pembroke Power Station-CCGT,0.0,0.0,153.5814237169616,False,7.3517448820815074,0.0,-7.3517448820815074,38900.71951737882,0.0,0.0,-38900.71951737882
2034,74.75,56.47283623409905,,NewLincs-W2E,0.0,0.0,154.91229031794154,False,0.0,0.0,0.0,0.0,0.0,0.0,0.0
2034,74.75,56.47283623409905,,Grangemouth Refinery-remaining,0.0,0.0,156.05875268873913,False,7.3517448820815074,0.0,-7.3517448820815074,1406.9033663275363,0.0,0.0,-1406.9033663275363
2034,74.75,56.47283623409905,,Dudley-W2E,0.0,0.0,157.17271920148522,False,0.0,0.0,0.0,0.0,0.0,0.0,0.0
2034,74.75,56.47283623409905,,Marchwood  Power  Station-CCGT,0.0,0.0,159.62812813767613,False,7.3517448820815074,0.0,-7.3517448820815074,14051.531955036691,0.0,0.0,-14051.531955036691
2034,74.75,56.47283623409905,,Baddesley-W2E,0.0,0.0,160.35967910131896,False,0.0,0.0,0.0,0.0,0.0,0.0,0.0
2034,74.75,56.47283623409905,,Enfield Power Station-CCGT,0.0,0.0,162.1675537167806,False,7.3517448820815074,0.0,-7.3517448820815074,6240.38670647177,0.0,0.0,-6240.38670647177
2034,74.75,56.47283623409905,,Battlefield-W2E,0.0,0.0,162.19804621799932,False,0.0,0.0,0.0,0.0,0.0,0.0,0.0
2034,74.75,56.47283623409905,,Saltend-CCGT,0.0,0.0,164.91708350379992,False,7.3517448820815074,0.0,-7.3517448820815074,16868.29561988551,0.0,0.0,-16868.29561988551
2034,74.75,56.47283623409905,,Immingham-CCGT,0.0,0.0,166.00773363458555,False,7.3517448820815074,0.0,-7.3517448820815074,16860.982273019912,0.0,0.0,-16860.982273019912
2034,74.75,56.47283623409905,,Didcot B-CCGT,0.0,0.0,168.98227960881977,False,7.3517448820815074,0.0,-7.3517448820815074,20609.23580758619,0.0,0.0,-20609.23580758619
2034,74.75,56.47283623409905,,Staythorpe Power Station-CCGT,0.0,0.0,169.40288726463294,False,7.3517448820815074,0.0,-7.3517448820815074,26276.45422273579,0.0,0.0,-26276.45422273579
2034,74.75,56.47283623409905,,Keadby-CCGT,0.0,0.0,176.90140497406722,False,7.3517448820815074,0.0,-7.3517448820815074,8753.180475447734,0.0,0.0,-8753.180475447734
2034,74.75,56.47283623409905,,Hooton Park ACT-W2E,0.0,0.0,179.27780846771287,False,0.0,0.0,0.0,0.0,0.0,0.0,0.0
2034,74.75,56.47283623409905,,Exeter-W2E,0.0,0.0,179.60333383475486,False,0.0,0.0,0.0,0.0,0.0,0.0,0.0
2034,74.75,56.47283623409905,,Bolton-W2E,0.0,0.0,181.92172711397333,False,0.0,0.0,0.0,0.0,0.0,0.0,0.0
2034,74.75,56.47283623409905,,West Burton B CCGT Power Station-CCGT,0.0,0.0,181.9230998694337,False,7.3517448820815074,0.0,-7.3517448820815074,17242.103198227647,0.0,0.0,-17242.103198227647
2034,74.75,56.47283623409905,,Levenseat ACT-W2E,0.0,0.0,183.8322948806435,False,0.0,0.0,0.0,0.0,0.0,0.0,0.0
2034,74.75,56.47283623409905,,Coolkeeragh-CCGT,0.0,0.0,184.70017000442445,False,7.3517448820815074,0.0,-7.3517448820815074,5588.864079428583,0.0,0.0,-5588.864079428583
2034,74.75,56.47283623409905,,Carrington CCGT-CCGT,0.0,0.0,189.2092334567789,False,7.3517448820815074,0.0,-7.3517448820815074,12951.539755794385,0.0,0.0,-12951.539755794385
2034,74.75,56.47283623409905,,Ballylumford-CCGT,0.0,0.0,195.1740589779237,False,7.3517448820815074,0.0,-7.3517448820815074,8073.153807433086,0.0,0.0,-8073.153807433086
2034,74.75,56.47283623409905,,Glasgow ACT-W2E,0.0,0.0,195.93562567320143,False,0.0,0.0,0.0,0.0,0.0,0.0,0.0
2034,74.75,56.47283623409905,,NESS-W2E,0.0,0.0,198.75501981615415,False,0.0,0.0,0.0,0.0,0.0,0.0,0.0
2034,74.75,56.47283623409905,,Energy Works ACT-W2E,0.0,0.0,201.40339180076796,False,0.0,0.0,0.0,0.0,0.0,0.0,0.0
2034,74.75,56.47283623409905,,Eco Park ACT-W2E,0.0,0.0,202.93011759687164,False,0.0,0.0,0.0,0.0,0.0,0.0,0.0
2034,74.75,56.47283623409905,,Kilroot-CCGT,0.0,0.0,207.3906503608189,False,7.3517448820815074,0.0,-7.3517448820815074,8200.981799073634,0.0,0.0,-8200.981799073634
2034,74.75,56.47283623409905,,Kings Lynn Power Station-CCGT,0.0,0.0,208.8847375922057,False,7.3517448820815074,0.0,-7.3517448820815074,4701.778188478312,0.0,0.0,-4701.778188478312
2034,74.75,56.47283623409905,,Spalding-CCGT,0.0,0.0,210.92034860788132,False,7.3517448820815074,0.0,-7.3517448820815074,10314.422275937803,0.0,0.0,-10314.422275937803
2034,74.75,56.47283623409905,,Seabank-CCGT,0.0,0.0,215.24318898826735,False,7.3517448820815074,0.0,-7.3517448820815074,12586.340272765477,0.0,0.0,-12586.340272765477
2034,74.75,56.47283623409905,,Shoreham Power Station-CCGT,0.0,0.0,223.96100678992715,False,7.3517448820815074,0.0,-7.3517448820815074,4519.872910459015,0.0,0.0,-4519.872910459015
2034,74.75,56.47283623409905,,Damhead Creek Power Station-CCGT,0.0,0.0,231.84613890879083,False,7.3517448820815074,0.0,-7.3517448820815074,7535.965303477805,0.0,0.0,-7535.965303477805
2034,74.75,56.47283623409905,,Cottam Development Centre-CCGT,0.0,0.0,238.4158800035795,False,7.3517448820815074,0.0,-7.3517448820815074,4258.525673258341,0.0,0.0,-4258.525673258341
2034,74.75,56.47283623409905,,Great Yarmouth Power Station-CCGT,0.0,0.0,240.013145571761,False,7.3517448820815074,0.0,-7.3517448820815074,4383.770448187577,0.0,0.0,-4383.770448187577
2034,74.75,56.47283623409905,,Little Barford-CCGT,0.0,0.0,240.7576776464302,False,7.3517448820815074,0.0,-7.3517448820815074,6781.031986196525,0.0,0.0,-6781.031986196525
2034,74.75,56.47283623409905,,South Humber-CCGT,0.0,0.0,246.5252661657621,False,7.3517448820815074,0.0,-7.3517448820815074,10953.43579095099,0.0,0.0,-10953.43579095099
2034,74.75,56.47283623409905,,Langage Energy Centre-CCGT,0.0,0.0,250.05603522765227,False,7.3517448820815074,0.0,-7.3517448820815074,8510.625475209423,0.0,0.0,-8510.625475209423
2034,74.75,56.47283623409905,,Grain CCGT-CCGT,0.0,0.0,256.5493066919562,False,7.3517448820815074,0.0,-7.3517448820815074,12077.499044658516,0.0,0.0,-12077.499044658516
2034,74.75,56.47283623409905,,Peterhead Power Station-CCGT,0.0,0.0,275.097064063588,False,7.3517448820815074,0.0,-7.3517448820815074,9931.436152239847,0.0,0.0,-9931.436152239847
2034,74.75,56.47283623409905,,Connahs Quay Power Station-CCGT,0.0,0.0,279.14393107084203,False,7.3517448820815074,0.0,-7.3517448820815074,10083.12892363174,0.0,0.0,-10083.12892363174
2034,74.75,56.47283623409905,,Medway-CCGT,0.0,0.0,311.36638697059976,False,7.3517448820815074,0.0,-7.3517448820815074,4734.957379741695,0.0,0.0,-4734.957379741695
2034,74.75,56.47283623409905,,Isle of Wight-W2E,0.0,0.0,378.6296091247897,False,0.0,0.0,0.0,0.0,0.0,0.0,0.0
2034,74.75,56.47283623409905,,Coryton-CCGT,0.0,0.0,386.8501086268143,False,7.3517448820815074,0.0,-7.3517448820815074,3960.801996146849,0.0,0.0,-3960.801996146849
2034,74.75,56.47283623409905,,Rye House-CCGT,0.0,0.0,392.2249091956061,False,7.3517448820815074,0.0,-7.3517448820815074,3554.0100602345588,0.0,0.0,-3554.0100602345588
2034,74.75,56.47283623409905,,Rocksavage-CCGT,0.0,0.0,430.77402140379735,False,7.3517448820815074,0.0,-7.3517448820815074,3542.120859404586,0.0,0.0,-3542.120859404586
2035,82.8,60.01115560903553,2026.0,Tees Valley-W2E,304.33924500000006,350.153755,88.11948048189508,False,0.0,60.01115560903553,54.69167512714044,0.0,18263.74978963139,39276.881268024496,35795.31852898753
2035,82.8,60.01115560903553,2027.0,Runcorn-W2E,411.702165,473.6788349999999,92.55278428419912,False,0.0,60.01115560903553,50.2583713248364,0.0,24706.72268839182,53132.736964283475,44497.807061954976
2035,82.8,60.01115560903553,2027.0,Riverside-W2E,342.00285,393.48714999999993,95.11886046105766,False,0.0,60.01115560903553,47.69229514797786,0.0,20523.98625008364,44137.60483888954,35077.20615838624
2035,82.8,60.01115560903553,2028.0,Wilton 11-W2E,178.79389499999996,205.70910499999997,95.57551058511204,False,0.0,60.01115560903553,47.23564502392348,0.0,10729.628254790558,23074.469365140983,18162.247218633645
2035,82.8,60.01115560903553,2028.0,Scunthorpe Power Station-chp,1562.2594042965,0.0,96.72056387395656,False,9.623830227976658,60.01115560903553,36.466761507102305,15826.230820009961,93752.9922129164,93752.9922129164,56970.54110870818
2035,82.8,60.01115560903553,2029.0,Ferrybridge FM1-W2E,285.29098500000003,328.238015,98.85154951082956,False,0.0,60.01115560903553,43.95960609820597,0.0,17120.64169469002,36818.584289655955,26970.493169826208
2035,82.8,60.01115560903553,2029.0,Ferrybridge FM2-W2E,283.559325,326.24567499999995,98.9301306912529,False,0.0,60.01115560903553,43.881024917782625,0.0,17016.72277696808,36595.102746167904,26758.86839998843
2035,82.8,60.01115560903553,2029.0,Drax-BECCS,0.0,10924.999999999998,99.24068628496312,False,0.0,60.01115560903553,43.570469324072405,0.0,0.0,655621.875028713,476007.37736549095
2035,82.8,60.01115560903553,2032.0,Kemsley-W2E,245.02989,281.91610999999995,99.80091077600858,False,0.0,60.01115560903553,43.010244833026945,0.0,14704.526857654857,31622.63840355883,22664.076473784215
2035,82.8,60.01115560903553,2032.0,Allington-W2E,202.60422000000003,233.10378,100.90154534306674,False,0.0,60.01115560903553,41.90961026596878,0.0,12158.513373467269,26147.34058810165,18260.352469764726
2035,82.8,60.01115560903553,2032.0,Scunthorpe Blast Furnaces-stove,994.2298168221,0.0,101.76356955343398,False,9.623830227976658,60.01115560903553,31.423755827624884,10071.893647040233,59664.880248453934,59664.880248453934,31242.435000361886
2035,82.8,60.01115560903553,2032.0,Edmonton-W2E,209.53086,241.07314,102.28156448231805,False,0.0,60.01115560903553,40.52959112671748,0.0,12574.189044355036,27041.266762053845,18262.7958800634
2035,82.8,60.01115560903553,2032.0,Rookery South C-W2E,255.41985,293.8701499999999,103.38827027423388,False,0.0,60.01115560903553,39.42288533480165,0.0,15328.040363986513,32963.52766448712,21654.596685553195
2035,82.8,60.01115560903553,2032.0,SELCHP-W2E,169.269765,194.751235,105.54933952858303,False,0.0,60.01115560903553,37.26181608045249,0.0,10158.074207319876,21845.32087595672,13564.083551422396
2035,82.8,60.01115560903553,2032.0,Lakeside-W2E,178.79389499999996,205.70910499999997,105.75229786444092,False,0.0,60.01115560903553,37.058857744594604,0.0,10729.628254790558,23074.469365140983,14249.241979369857
2035,82.8,60.01115560903553,2032.0,Trident Park-W2E,177.92806500000003,204.712935,106.89966600386146,False,0.0,60.01115560903553,35.91148960517407,0.0,10677.66879592959,22962.728593396965,13741.208294013411
2035,82.8,60.01115560903553,2032.0,Severnside-W2E,173.598915,199.732085,107.69026084360516,False,0.0,60.01115560903553,35.120894765430364,0.0,10417.871501624732,22404.024734676845,13111.718763672883
2035,82.8,60.01115560903553,2033.0,Avonmouth-W2E,169.269765,194.751235,108.09353634841528,False,0.0,60.01115560903553,34.71761926062024,0.0,10158.074207319876,21845.32087595672,12637.94248087024
2035,82.8,60.01115560903553,2033.0,Beddington Lane-W2E,143.29486500000002,164.866135,108.33273184526364,False,0.0,60.01115560903553,34.478423763771886,0.0,8599.290441490739,18493.097723636,10624.90554546771
2035,82.8,60.01115560903553,2033.0,Tyseley-W2E,157.148145,180.80485499999995,109.84350345016378,False,0.0,60.01115560903553,32.96765215887174,0.0,9430.641783266277,20280.95007154038,11141.516950047182
2035,82.8,60.01115560903553,2033.0,Allerton Park-W2E,117.31996499999998,134.98103499999996,110.24876424941378,False,0.0,60.01115560903553,32.56239135962174,0.0,7040.506675661601,15140.874571315268,8215.523902423924
2035,82.8,60.01115560903553,2033.0,Four Ashes-W2E,143.29486500000002,164.866135,111.41254904821844,False,0.0,60.01115560903553,31.398606560817086,0.0,8599.290441490739,18493.097723636,9675.825996387955
2035,82.8,60.01115560903553,2033.0,Ardley-W2E,147.19109999999998,169.34889999999996,111.75263386171072,False,0.0,60.01115560903553,31.058521747324804,0.0,8833.108006365108,18995.931196484104,9831.264473898193
2035,82.8,60.01115560903553,2033.0,Great Blakenham-W2E,127.709925,146.93507499999996,111.99950117220564,False,0.0,60.01115560903553,30.811654436829883,0.0,7664.020181993256,16481.76383224356,8462.266832803143
2035,82.8,60.01115560903553,2033.0,North Hykeham-W2E,76.625955,88.16104499999999,112.24726485697003,False,0.0,60.01115560903553,30.56389075206549,0.0,4598.412109195954,9889.058299346136,5036.5318653606155
2035,82.8,60.01115560903553,2033.0,Scunthorpe Sinter-sinter,633.6026468814001,0.0,112.48245883079248,False,9.623830227976658,60.01115560903553,20.704866550266388,6418.6150585086725,38023.22703629649,38023.22703629649,13118.658249574948
2035,82.8,60.01115560903553,2033.0,Coventry-W2E,126.41118,145.44081999999997,114.86629159129888,False,0.0,60.01115560903553,27.94486401773665,0.0,7586.080993701799,16314.152674627525,7596.867172949743
2035,82.8,60.01115560903553,2033.0,Greatmoor-W2E,119.48454,137.47145999999998,115.52278790869914,False,0.0,60.01115560903553,27.28836770033638,0.0,7170.405322814029,15420.22650067533,7011.909810807634
2035,82.8,60.01115560903553,2033.0,South Killingholme-crackers,381.3657875526,0.0,119.41657844198282,False,9.623830227976658,60.01115560903553,13.770746939076048,3863.3679938577225,22886.201620781463,22886.201620781463,5251.691751608293
2035,82.8,60.01115560903553,2033.0,Marchwood-W2E,90.479235,104.09976499999998,119.76307582774996,False,0.0,60.01115560903553,23.048079781285566,0.0,5429.7634509714935,11676.910647250523,4484.672315762764
2035,82.8,60.01115560903553,2033.0,New Rugby-cement,866.2032106008,0.0,119.94033644561048,False,3.560817184351363,60.01115560903553,19.310001979073675,3246.727660471212,51981.85566041078,51981.85566041078,16726.38571098142
2035,82.8,60.01115560903553,2033.0,Dunbar-W2E,154.11774,177.31825999999995,120.88122377816076,False,0.0,60.01115560903553,21.929931830874764,0.0,9248.783677252879,19889.857370436293,7268.368886297807
2035,82.8,60.01115560903553,2033.0,Portsmouth-W2E,82.25384999999999,94.63614999999996,121.9344089585544,False,0.0,60.01115560903553,20.876746650481124,0.0,4936.148591792266,10615.373315682291,3692.8877150036046
2035,82.8,60.01115560903553,2033.0,Grangemouth Power Station-CCGT,502.2772817634001,0.0,122.37005813568526,False,9.623830227976658,60.01115560903553,10.817267245373614,5088.243460063746,30142.240114786786,30142.240114786786,5433.2675881145215
2035,82.8,60.01115560903553,2034.0,Newhurst-W2E,129.00867,148.42932999999996,122.92780800610014,False,0.0,60.01115560903553,19.883347602935387,0.0,7741.959370284713,16649.374989859596,5516.396192263188
2035,82.8,60.01115560903553,2034.0,Fawley Refinery-crackers,600.55012751238,0.0,123.76948009124162,False,9.623830227976658,60.01115560903553,9.41784528981725,6083.781547967242,36039.70715317156,36039.70715317156,5655.888189691617
2035,82.8,60.01115560903553,2034.0,South Killingholme-smr,225.005814656034,0.0,124.23754446793583,False,9.623830227976658,60.01115560903553,8.949780913123035,2279.3871163760564,13502.858956261063,13502.858956261063,2013.7527453502726
2035,82.8,60.01115560903553,2034.0,Hope Cement Works-cement,1003.4760721869,0.0,124.28720193448665,False,3.560817184351363,60.01115560903553,14.963136490197513,3761.257728345813,60219.75871795182,60219.75871795182,15015.149432779877
2035,82.8,60.01115560903553,2034.0,Parc Adfer-W2E,89.61340500000001,103.103595,125.7346990960452,False,0.0,60.01115560903553,17.07645651299032,0.0,5377.803992110523,11565.1698755065,3290.9234698139553
2035,82.8,60.01115560903553,2034.0,Eastcroft-W2E,80.52219,92.64380999999996,125.9173094124788,False,0.0,60.01115560903553,16.893846196556723,0.0,4832.229674070324,10391.891772194242,2925.4397704729404
2035,82.8,60.01115560903553,2034.0,Tunstead Cement-cement,621.4191773385,0.0,126.32727118201583,False,3.560817184351363,60.01115560903553,12.923067242668324,2329.22114247623,37292.08294969957,37292.08294969957,8030.641814629068
2035,82.8,60.01115560903553,2034.0,Stanlow Refinery-crackers,352.7227045224,0.0,127.0371190337797,False,9.623830227976658,60.01115560903553,6.150206347279166,3573.203606185634,21167.297107933606,21167.297107933606,2169.3174161831384
2035,82.8,60.01115560903553,2034.0,Fawley Refinery-smr,354.32457523230414,0.0,127.12699478695876,False,9.623830227976658,60.01115560903553,6.060330594100108,3589.431113300672,21263.42722037122,21263.42722037122,2147.324063521858
2035,82.8,60.01115560903553,2034.0,Millerhill-W2E,70.565145,81.18785499999998,127.43285186483614,False,0.0,60.01115560903553,15.378303744199386,0.0,4234.695897169156,9106.872897137968,2333.703728093489
2035,82.8,60.01115560903553,2034.0,Padeswood-cement,470.6002227744,0.0,127.4850460006812,False,3.560817184351363,60.01115560903553,11.765292424002965,1763.917221278593,28241.2631985613,28241.2631985613,5536.749235741756
2035,82.8,60.01115560903553,2034.0,South Killingholme-distillation,324.16091941971,0.0,128.70945593540847,False,9.623830227976658,60.01115560903553,4.4778694456503985,3283.8627947790637,19453.271377664245,19453.271377664245,1451.5502765434603
2035,82.8,60.01115560903553,2034.0,Ketton-cement,635.4803405793001,0.0,129.98256974643843,False,3.560817184351363,60.01115560903553,9.26776867824573,2381.9255968970824,38135.909604987275,38135.909604987275,5889.484796061766
2035,82.8,60.01115560903553,2034.0,South Killingholme-power,568.235023453374,0.0,130.1966886940948,False,9.623830227976658,60.01115560903553,2.9906366869640664,5756.418310848005,34100.440414964374,34100.440414964374,1699.384507957547
2035,82.8,60.01115560903553,2034.0,Newhaven-W2E,91.77798,105.59401999999996,130.2947760528612,False,0.0,60.01115560903553,12.516379556174314,0.0,5507.7026392629505,11844.521804866557,2470.382865761236
2035,82.8,60.01115560903553,2034.0,Leeds-W2E,77.05887,88.65912999999998,130.72273227888334,False,0.0,60.01115560903553,12.088423330152182,0.0,4624.3918386264395,9944.928685218147,2003.2693374261587
2035,82.8,60.01115560903553,2034.0,Ribblesdale-cement,487.7708319975,0.0,131.22283623409905,False,3.560817184351363,60.01115560903553,8.02750219058511,1828.2765901074313,29271.691300550698,29271.691300550698,3915.5814223634534
2035,82.8,60.01115560903553,2035.0,Hanford-W2E,80.08927500000001,92.145725,131.66934911672453,False,0.0,60.01115560903553,11.141806492310991,0.0,4806.24994463984,10336.021386322234,1919.0090412031836
2035,82.8,60.01115560903553,2035.0,Fawley Refinery-distillation,510.4676083855231,0.0,132.12222727391224,False,9.623830227976658,60.01115560903553,1.0650981071466248,5171.214315772157,30633.751080195834,30633.751080195834,543.6980834510852
2035,82.8,60.01115560903553,2035.0,Stanlow Refinery-smr,208.10639566821592,0.0,132.18064919232714,False,9.623830227976658,60.01115560903553,1.0066761887317313,2108.1901276495237,12488.705293680823,12488.705293680823,209.49575324197727
2035,82.8,60.01115560903553,2035.0,Kirklees-W2E,57.14477999999999,65.74721999999997,132.2826363227577,False,0.0,60.01115560903553,10.528519286277827,0.0,3429.3242848241007,7374.890935105592,1293.8707921292544
2035,82.8,60.01115560903553,2035.0,Lindsey Oil Refinery-crackers,173.99875600422,0.0,132.48929210893525,False,9.623830227976658,60.01115560903553,0.6980332721236238,1762.6678817513132,10441.866422347852,10441.866422347852,121.45692099906572
2035,82.8,60.01115560903553,2035.0,South Killingholme-remaining,358.48384029944395,0.0,132.82916790483205,False,9.623830227976658,60.01115560903553,0.3581574762268218,3631.5659142262593,21513.029523534573,21513.029523534573,128.3936675097479
2035,82.8,60.01115560903553,2035.0,Fawley Refinery-power,894.8196899934462,0.0,134.32186480576613,False,9.623830227976658,60.01115560903553,-1.1345394247072562,9064.834506471188,53699.16365822563,53699.16365822563,-1015.2082163018898
2035,82.8,60.01115560903553,2035.0,Baldovie-W2E,81.38802,93.63997999999998,134.50224562921326,False,0.0,60.01115560903553,8.30890997982226,0.0,4884.189132931296,10503.632543938267,1454.2918959483304
2035,82.8,60.01115560903553,2035.0,Pembroke Refinery-crackers,453.1676492086801,0.0,135.6974630648525,False,9.623830227976658,60.01115560903553,-2.510137683793644,4590.745811363809,27195.114313642924,27195.114313642924,-1137.5131933548869
2035,82.8,60.01115560903553,2035.0,Fawley Refinery-remaining,564.5171198616373,0.0,136.13383164089475,False,9.623830227976658,60.01115560903553,-2.9465062598358855,5718.7546550892075,33877.32472398128,33877.32472398128,-1663.3532274568392
2035,82.8,60.01115560903553,2035.0,Stanlow Refinery-distillation,299.81429884404,0.0,136.513911998797,False,9.623830227976658,60.01115560903553,-3.32658661773813,3037.2230652577887,17992.202541743565,17992.202541743565,-997.358234341124
2035,82.8,60.01115560903553,2035.0,Dunbar Works-cement,421.0548381849,0.0,136.98298025518972,False,3.560817184351363,60.01115560903553,2.267358169494443,1578.2097930137625,25267.987414251307,25267.987414251307,954.6821271636938
2035,82.8,60.01115560903553,2035.0,Stanlow Refinery-power,525.5568297383759,0.0,137.82970188412523,False,9.623830227976658,60.01115560903553,-4.642376503066359,5324.073373216594,31539.272690821064,31539.272690821064,-2439.832677403483
2035,82.8,60.01115560903553,2035.0,Hartlebury-W2E,90.91214999999998,104.59784999999997,138.13632582553586,False,0.0,60.01115560903553,4.674829783499661,0.0,5455.743180401978,11732.781033122532,913.9759709720183
2035,82.8,60.01115560903553,2035.0,Cauldon Cement-cement,510.3056236515,0.0,138.4784310020895,False,3.560817184351363,60.01115560903553,0.7719074225946514,1912.742141020422,30624.03018911609,30624.03018911609,393.9086986883855
2035,82.8,60.01115560903553,2035.0,Javelin Park-W2E,81.38802,93.63997999999998,139.3228290773164,False,0.0,60.01115560903553,3.4883265317191103,0.0,4884.189132931296,10503.632543938267,610.5548161937323
2035,82.8,60.01115560903553,2035.0,Sheffield-W2E,100.003365,115.05763499999998,139.8343235952813,False,0.0,60.01115560903553,2.9768320137542332,0.0,6001.317498442178,12906.059136434787,640.2004697099991
2035,82.8,60.01115560903553,2035.0,Pembroke Refinery-smr,267.3689130331212,0.0,139.8863360016444,False,9.623830227976658,60.01115560903553,-6.6990106205855255,2708.5400287046464,16045.117445049324,16045.117445049324,-1791.1071880232867
2035,82.8,60.01115560903553,2035.0,Chineham-W2E,44.590245,51.30275499999999,140.32141856258616,False,0.0,60.01115560903553,2.4897370464493633,0.0,2675.9121313400187,5754.649744817244,238.7483545951688
2035,82.8,60.01115560903553,2035.0,Stanlow Refinery-remaining,331.559342251056,0.0,140.6432980315675,False,9.623830227976658,60.01115560903553,-7.4559726505086275,3358.8113898144957,19897.25928145759,19897.25928145759,-2472.0973878445034
2035,82.8,60.01115560903553,2035.0,Grangemouth Refinery-crackers,193.40584394892005,0.0,140.79770433532283,False,9.623830227976658,60.01115560903553,-7.610378954263965,1959.2684286978454,11606.508196915483,11606.508196915483,-1471.8917644205217
2035,82.8,60.01115560903553,2035.0,Lindsey Oil Refinery-smr,102.6592660424898,0.0,141.9929815759613,False,9.623830227976658,60.01115560903553,-8.805656194902426,1039.9740502332747,6160.701189185233,6160.701189185233,-903.9822019911866
2035,82.8,60.01115560903553,2035.0,Lindsey Oil Refinery-power,259.2581464462878,0.0,142.81115560903552,True,9.623830227976658,60.01115560903553,-9.623830227976654,2626.375143809457,15558.3809692983,15558.3809692983,-2495.0563866189827
2035,82.8,60.01115560903553,,Wolverhampton-W2E,0.0,0.0,142.87736864384428,False,0.0,0.0,0.0,0.0,0.0,0.0,0.0
2035,82.8,60.01115560903553,,Devonport-W2E,0.0,0.0,143.82236892306247,False,0.0,0.0,0.0,0.0,0.0,0.0,0.0
2035,82.8,60.01115560903553,,Lindsey Oil Refinery-distillation,0.0,0.0,144.05717677984146,False,9.623830227976658,0.0,-9.623830227976658,1498.2676994886162,0.0,0.0,-1498.2676994886162
2035,82.8,60.01115560903553,,Pembroke Refinery-distillation,0.0,0.0,144.60895225355458,False,9.623830227976658,0.0,-9.623830227976658,3902.133939659237,0.0,0.0,-3902.133939659237
2035,82.8,60.01115560903553,,Cornwall-W2E,0.0,0.0,145.15316997971505,False,0.0,0.0,0.0,0.0,0.0,0.0,0.0
2035,82.8,60.01115560903553,,Pembroke Refinery-power,0.0,0.0,146.4191539632569,False,9.623830227976658,0.0,-9.623830227976658,6840.211258932073,0.0,0.0,-6840.211258932073
2035,82.8,60.01115560903553,,Lindsey Oil Refinery-remaining,0.0,0.0,148.07743604588833,False,9.623830227976658,0.0,-9.623830227976658,1656.9078088462345,0.0,0.0,-1656.9078088462345
2035,82.8,60.01115560903553,,Pembroke Refinery-remaining,0.0,0.0,148.6969572317184,False,9.623830227976658,0.0,-9.623830227976658,4315.30106268198,0.0,0.0,-4315.30106268198
2035,82.8,60.01115560903553,,Grangemouth Refinery-smr,0.0,0.0,149.4429641100151,False,9.623830227976658,0.0,-9.623830227976658,1155.9683729317285,0.0,0.0,-1155.9683729317285
2035,82.8,60.01115560903553,,Milton Keynes ACT-W2E,0.0,0.0,149.91840922239953,False,0.0,0.0,0.0,0.0,0.0,0.0,0.0
2035,82.8,60.01115560903553,,Belfast ACT-W2E,0.0,0.0,151.16178010182253,False,0.0,0.0,0.0,0.0,0.0,0.0,0.0
2035,82.8,60.01115560903553,,Grangemouth Refinery-power,0.0,0.0,151.2758042923232,False,9.623830227976658,0.0,-9.623830227976658,2919.3099587597894,0.0,0.0,-2919.3099587597894
2035,82.8,60.01115560903553,,Peterborough-W2E,0.0,0.0,151.58940342877088,False,0.0,0.0,0.0,0.0,0.0,0.0,0.0
2035,82.8,60.01115560903553,,Grangemouth Refinery-distillation,0.0,0.0,151.9931581726091,False,9.623830227976658,0.0,-9.623830227976658,1665.3781643931684,0.0,0.0,-1665.3781643931684
2035,82.8,60.01115560903553,,Pembroke Power Station-CCGT,0.0,0.0,153.5814237169616,False,9.623830227976658,0.0,-9.623830227976658,50923.13816463595,0.0,0.0,-50923.13816463595
2035,82.8,60.01115560903553,,NewLincs-W2E,0.0,0.0,154.91229031794154,False,0.0,0.0,0.0,0.0,0.0,0.0,0.0
2035,82.8,60.01115560903553,,Grangemouth Refinery-remaining,0.0,0.0,156.05875268873913,False,9.623830227976658,0.0,-9.623830227976658,1841.712322975974,0.0,0.0,-1841.712322975974
2035,82.8,60.01115560903553,,Dudley-W2E,0.0,0.0,157.17271920148522,False,0.0,0.0,0.0,0.0,0.0,0.0,0.0
2035,82.8,60.01115560903553,,Marchwood  Power  Station-CCGT,0.0,0.0,159.62812813767613,False,9.623830227976658,0.0,-9.623830227976658,18394.212550527784,0.0,0.0,-18394.212550527784
2035,82.8,60.01115560903553,,Baddesley-W2E,0.0,0.0,160.35967910131896,False,0.0,0.0,0.0,0.0,0.0,0.0,0.0
2035,82.8,60.01115560903553,,Enfield Power Station-CCGT,0.0,0.0,162.1675537167806,False,9.623830227976658,0.0,-9.623830227976658,8169.002486250975,0.0,0.0,-8169.002486250975
2035,82.8,60.01115560903553,,Battlefield-W2E,0.0,0.0,162.19804621799932,False,0.0,0.0,0.0,0.0,0.0,0.0,0.0
2035,82.8,60.01115560903553,,Saltend-CCGT,0.0,0.0,164.91708350379992,False,9.623830227976658,0.0,-9.623830227976658,22081.507980067123,0.0,0.0,-22081.507980067123
2035,82.8,60.01115560903553,,Immingham-CCGT,0.0,0.0,166.00773363458555,False,9.623830227976658,0.0,-9.623830227976658,22071.93441491195,0.0,0.0,-22071.93441491195
2035,82.8,60.01115560903553,,Didcot B-CCGT,0.0,0.0,168.98227960881977,False,9.623830227976658,0.0,-9.623830227976658,26978.600280861585,0.0,0.0,-26978.600280861585
2035,82.8,60.01115560903553,,Staythorpe Power Station-CCGT,0.0,0.0,169.40288726463294,False,9.623830227976658,0.0,-9.623830227976658,34397.2945863719,0.0,0.0,-34397.2945863719
2035,82.8,60.01115560903553,,Keadby-CCGT,0.0,0.0,176.90140497406722,False,9.623830227976658,0.0,-9.623830227976658,11458.38494149409,0.0,0.0,-11458.38494149409
2035,82.8,60.01115560903553,,Hooton Park ACT-W2E,0.0,0.0,179.27780846771287,False,0.0,0.0,0.0,0.0,0.0,0.0,0.0
2035,82.8,60.01115560903553,,Exeter-W2E,0.0,0.0,179.60333383475486,False,0.0,0.0,0.0,0.0,0.0,0.0,0.0
2035,82.8,60.01115560903553,,Bolton-W2E,0.0,0.0,181.92172711397333,False,0.0,0.0,0.0,0.0,0.0,0.0,0.0
2035,82.8,60.01115560903553,,West Burton B CCGT Power Station-CCGT,0.0,0.0,181.9230998694337,False,9.623830227976658,0.0,-9.623830227976658,22570.842244190455,0.0,0.0,-22570.842244190455
2035,82.8,60.01115560903553,,Levenseat ACT-W2E,0.0,0.0,183.8322948806435,False,0.0,0.0,0.0,0.0,0.0,0.0,0.0
2035,82.8,60.01115560903553,,Coolkeeragh-CCGT,0.0,0.0,184.70017000442445,False,9.623830227976658,0.0,-9.623830227976658,7316.124257623745,0.0,0.0,-7316.124257623745
2035,82.8,60.01115560903553,,Carrington CCGT-CCGT,0.0,0.0,189.2092334567789,False,9.623830227976658,0.0,-9.623830227976658,16954.263484366857,0.0,0.0,-16954.263484366857
2035,82.8,60.01115560903553,,Ballylumford-CCGT,0.0,0.0,195.1740589779237,False,9.623830227976658,0.0,-9.623830227976658,10568.193387184241,0.0,0.0,-10568.193387184241
2035,82.8,60.01115560903553,,Glasgow ACT-W2E,0.0,0.0,195.93562567320143,False,0.0,0.0,0.0,0.0,0.0,0.0,0.0
2035,82.8,60.01115560903553,,NESS-W2E,0.0,0.0,198.75501981615415,False,0.0,0.0,0.0,0.0,0.0,0.0,0.0
2035,82.8,60.01115560903553,,Energy Works ACT-W2E,0.0,0.0,201.40339180076796,False,0.0,0.0,0.0,0.0,0.0,0.0,0.0
2035,82.8,60.01115560903553,,Eco Park ACT-W2E,0.0,0.0,202.93011759687164,False,0.0,0.0,0.0,0.0,0.0,0.0,0.0
2035,82.8,60.01115560903553,,Kilroot-CCGT,0.0,0.0,207.3906503608189,False,9.623830227976658,0.0,-9.623830227976658,10735.527116749616,0.0,0.0,-10735.527116749616
2035,82.8,60.01115560903553,,Kings Lynn Power Station-CCGT,0.0,0.0,208.8847375922057,False,9.623830227976658,0.0,-9.623830227976658,6154.881022300583,0.0,0.0,-6154.881022300583
2035,82.8,60.01115560903553,,Spalding-CCGT,0.0,0.0,210.92034860788132,False,9.623830227976658,0.0,-9.623830227976658,13502.134591914895,0.0,0.0,-13502.134591914895
2035,82.8,60.01115560903553,,Seabank-CCGT,0.0,0.0,215.24318898826735,False,9.623830227976658,0.0,-9.623830227976658,16476.1976808892,0.0,0.0,-16476.1976808892
2035,82.8,60.01115560903553,,Shoreham Power Station-CCGT,0.0,0.0,223.96100678992715,False,9.623830227976658,0.0,-9.623830227976658,5916.757210700778,0.0,0.0,-5916.757210700778
2035,82.8,60.01115560903553,,Damhead Creek Power Station-CCGT,0.0,0.0,231.84613890879083,False,9.623830227976658,0.0,-9.623830227976658,9864.984687017452,0.0,0.0,-9864.984687017452
2035,82.8,60.01115560903553,,Cottam Development Centre-CCGT,0.0,0.0,238.4158800035795,False,9.623830227976658,0.0,-9.623830227976658,5574.639593493976,0.0,0.0,-5574.639593493976
2035,82.8,60.01115560903553,,Great Yarmouth Power Station-CCGT,0.0,0.0,240.013145571761,False,9.623830227976658,0.0,-9.623830227976658,5738.591753177576,0.0,0.0,-5738.591753177576
2035,82.8,60.01115560903553,,Little Barford-CCGT,0.0,0.0,240.7576776464302,False,9.623830227976658,0.0,-9.623830227976658,8876.736292181798,0.0,0.0,-8876.736292181798
2035,82.8,60.01115560903553,,South Humber-CCGT,0.0,0.0,246.5252661657621,False,9.623830227976658,0.0,-9.623830227976658,14338.637718792763,0.0,0.0,-14338.637718792763
2035,82.8,60.01115560903553,,Langage Energy Centre-CCGT,0.0,0.0,250.05603522765227,False,9.623830227976658,0.0,-9.623830227976658,11140.86737516371,0.0,0.0,-11140.86737516371
2035,82.8,60.01115560903553,,Grain CCGT-CCGT,0.0,0.0,256.5493066919562,False,9.623830227976658,0.0,-9.623830227976658,15810.097092410939,0.0,0.0,-15810.097092410939
2035,82.8,60.01115560903553,,Peterhead Power Station-CCGT,0.0,0.0,275.097064063588,False,9.623830227976658,0.0,-9.623830227976658,13000.785117299229,0.0,0.0,-13000.785117299229
2035,82.8,60.01115560903553,,Connahs Quay Power Station-CCGT,0.0,0.0,279.14393107084203,False,9.623830227976658,0.0,-9.623830227976658,13199.359129605476,0.0,0.0,-13199.359129605476
2035,82.8,60.01115560903553,,Medway-CCGT,0.0,0.0,311.36638697059976,False,9.623830227976658,0.0,-9.623830227976658,6198.3143716539635,0.0,0.0,-6198.3143716539635
2035,82.8,60.01115560903553,,Isle of Wight-W2E,0.0,0.0,378.6296091247897,False,0.0,0.0,0.0,0.0,0.0,0.0,0.0
2035,82.8,60.01115560903553,,Coryton-CCGT,0.0,0.0,386.8501086268143,False,9.623830227976658,0.0,-9.623830227976658,5184.903256158137,0.0,0.0,-5184.903256158137
2035,82.8,60.01115560903553,,Rye House-CCGT,0.0,0.0,392.2249091956061,False,9.623830227976658,0.0,-9.623830227976658,4652.3906904852365,0.0,0.0,-4652.3906904852365
2035,82.8,60.01115560903553,,Rocksavage-CCGT,0.0,0.0,430.77402140379735,False,9.623830227976658,0.0,-9.623830227976658,4636.82708590303,0.0,0.0,-4636.82708590303
2036,88.55,65.03142371696161,2026.0,Tees Valley-W2E,304.33924500000006,350.153755,88.11948048189508,False,0.0,65.03142371696161,65.03142371696161,0.0,19791.614395295193,42562.61160278536,42562.61160278536
2036,88.55,65.03142371696161,2027.0,Runcorn-W2E,411.702165,473.6788349999999,92.55278428419912,False,0.0,65.03142371696161,61.02863943276249,0.0,26773.577937305443,57577.58696194718,54033.59780961867
2036,88.55,65.03142371696161,2027.0,Riverside-W2E,342.00285,393.48714999999993,95.11886046105766,False,0.0,65.03142371696161,58.462563255903945,0.0,22240.932250758466,47829.961829588094,42998.63064908479
2036,88.55,65.03142371696161,2028.0,Wilton 11-W2E,178.79389499999996,205.70910499999997,95.57551058511204,False,0.0,65.03142371696161,58.00591313184957,0.0,11627.221543750942,25004.777513442885,22303.44761693555
2036,88.55,65.03142371696161,2028.0,Scunthorpe Power Station-chp,1562.2594042965,0.0,96.72056387395656,False,12.699626608099985,65.03142371696161,44.16123323490506,20884.327473219226,101595.95327661373,101595.95327661373,68991.30192656157
2036,88.55,65.03142371696161,2029.0,Ferrybridge FM1-W2E,285.29098500000003,328.238015,98.85154951082956,False,0.0,65.03142371696161,54.72987420613205,0.0,18552.87892816434,39898.66436164374,33578.36499181399
2036,88.55,65.03142371696161,2029.0,Ferrybridge FM2-W2E,283.559325,326.24567499999995,98.9301306912529,False,0.0,65.03142371696161,54.65129302570871,0.0,18440.266612970627,39656.487339721774,33326.6317435423
2036,88.55,65.03142371696161,2029.0,Drax-BECCS,0.0,10924.999999999998,99.24068628496312,False,0.0,65.03142371696161,54.34073743199849,0.0,0.0,710468.3041078055,593672.5564445835
2036,88.55,65.03142371696161,2032.0,Kemsley-W2E,245.02989,281.91610999999995,99.80091077600858,False,0.0,65.03142371696161,53.78051294095303,0.0,15934.642599910494,34268.04860195805,28339.42617218343
2036,88.55,65.03142371696161,2032.0,Allington-W2E,202.60422000000003,233.10378,100.90154534306674,False,0.0,65.03142371696161,52.679878373894866,0.0,13175.64087766451,28334.71156486991,22953.044446532986
2036,88.55,65.03142371696161,2032.0,Scunthorpe Blast Furnaces-stove,994.2298168221,0.0,101.76356955343398,False,12.699626608099985,65.03142371696161,39.118227555427644,13290.892038189806,64656.180489795115,64656.180489795115,38892.508216838054
2036,88.55,65.03142371696161,2032.0,Edmonton-W2E,209.53086,241.07314,102.28156448231805,False,0.0,65.03142371696161,51.29985923464356,0.0,13626.090138439362,29303.419652557768,23115.921770567325
2036,88.55,65.03142371696161,2032.0,Rookery South C-W2E,255.41985,293.8701499999999,103.38827027423388,False,0.0,65.03142371696161,50.193153442727734,0.0,16610.316491072776,35721.11073348984,27570.597254555916
2036,88.55,65.03142371696161,2032.0,SELCHP-W2E,169.269765,194.751235,105.54933952858303,False,0.0,65.03142371696161,48.032084188378576,0.0,11007.85381018552,23672.803892872085,17484.687318337757
2036,88.55,65.03142371696161,2032.0,Lakeside-W2E,178.79389499999996,205.70910499999997,105.75229786444092,False,0.0,65.03142371696161,47.82912585252069,0.0,11627.221543750942,25004.777513442885,18390.44237767176
2036,88.55,65.03142371696161,2032.0,Trident Park-W2E,177.92806500000003,204.712935,106.89966600386146,False,0.0,65.03142371696161,46.681757713100154,0.0,11570.915386154089,24883.689002481908,17862.354453098356
2036,88.55,65.03142371696161,2032.0,Severnside-W2E,173.598915,199.732085,107.69026084360516,False,0.0,65.03142371696161,45.89116287335645,0.0,11289.384598169803,24278.246447676996,17132.593726673036
2036,88.55,65.03142371696161,2033.0,Avonmouth-W2E,169.269765,194.751235,108.09353634841528,False,0.0,65.03142371696161,45.487887368546325,0.0,11007.85381018552,23672.803892872085,16558.5462477856
2036,88.55,65.03142371696161,2033.0,Beddington Lane-W2E,143.29486500000002,164.866135,108.33273184526364,False,0.0,65.03142371696161,45.24869187169797,0.0,9318.669082279814,20040.14856404261,13943.88213587432
2036,88.55,65.03142371696161,2033.0,Tyseley-W2E,157.148145,180.80485499999995,109.84350345016378,False,0.0,65.03142371696161,43.73792026679783,0.0,10219.567603829522,21977.564739418325,14781.361367925125
2036,88.55,65.03142371696161,2033.0,Allerton Park-W2E,117.31996499999998,134.98103499999996,110.24876424941378,False,0.0,65.03142371696161,43.33265946754783,0.0,7629.484354374105,16407.493235213125,10932.873316321782
2036,88.55,65.03142371696161,2033.0,Four Ashes-W2E,143.29486500000002,164.866135,111.41254904821844,False,0.0,65.03142371696161,42.16887466874317,0.0,9318.669082279814,20040.14856404261,12994.802586794567
2036,88.55,65.03142371696161,2033.0,Ardley-W2E,147.19109999999998,169.34889999999996,111.75263386171072,False,0.0,65.03142371696161,41.82878985525089,0.0,9572.046791465667,20585.046863367028,13240.485140781115
2036,88.55,65.03142371696161,2033.0,Great Blakenham-W2E,127.709925,146.93507499999996,111.99950117220564,False,0.0,65.03142371696161,41.58192254475597,0.0,8305.158245536388,17860.55536674492,11420.267117304502
2036,88.55,65.03142371696161,2033.0,North Hykeham-W2E,76.625955,88.16104499999999,112.24726485697003,False,0.0,65.03142371696161,41.334158859991575,0.0,4983.094947321833,10716.333220046952,6811.332036061431
2036,88.55,65.03142371696161,2033.0,Scunthorpe Sinter-sinter,633.6026468814001,0.0,112.48245883079248,False,12.699626608099985,65.03142371696161,28.399338278069145,8470.017929786956,41204.082197532734,41204.082197532734,17993.895902664874
2036,88.55,65.03142371696161,2033.0,Coventry-W2E,126.41118,145.44081999999997,114.86629159129888,False,0.0,65.03142371696161,38.715132125662734,0.0,8220.699009141104,17678.922600303446,10524.786098625666
2036,88.55,65.03142371696161,2033.0,Greatmoor-W2E,119.48454,137.47145999999998,115.52278790869914,False,0.0,65.03142371696161,38.058635808262466,0.0,7770.249748366248,16710.214512615585,9779.394822747889
2036,88.55,65.03142371696161,2033.0,South Killingholme-crackers,381.3657875526,0.0,119.41657844198282,False,12.699626608099985,65.03142371696161,21.465218666878805,5098.108529496848,24800.760121485895,24800.760121485895,8186.100021883006
2036,88.55,65.03142371696161,2033.0,Marchwood-W2E,90.479235,104.09976499999998,119.76307582774996,False,0.0,65.03142371696161,33.81834788921165,0.0,5883.993468871543,12653.749395422672,6580.340313934913
2036,88.55,65.03142371696161,2033.0,New Rugby-cement,866.2032106008,0.0,119.94033644561048,False,4.698861844996994,65.03142371696161,28.942225426354128,4284.388648743153,56330.42801357316,56330.42801357316,25069.848586240056
2036,88.55,65.03142371696161,2033.0,Dunbar-W2E,154.11774,177.31825999999995,120.88122377816076,False,0.0,65.03142371696161,32.70019993880085,0.0,10022.496052240524,21553.754951054885,10838.023466916397
2036,88.55,65.03142371696161,2033.0,Portsmouth-W2E,82.25384999999999,94.63614999999996,121.9344089585544,False,0.0,65.03142371696161,31.64701475840721,0.0,5349.084971701402,11503.408541293335,5598.040440614649
2036,88.55,65.03142371696161,2033.0,Grangemouth Power Station-CCGT,502.2772817634001,0.0,122.37005813568526,False,12.699626608099985,65.03142371696161,18.51173897317637,6714.456770659589,32663.806733759386,32663.806733759386,9298.025932160623
2036,88.55,65.03142371696161,2034.0,Newhurst-W2E,129.00867,148.42932999999996,122.92780800610014,False,0.0,65.03142371696161,30.653615710861473,0.0,8389.617481931673,18042.188133186395,8504.477835589985
2036,88.55,65.03142371696161,2034.0,Fawley Refinery-crackers,600.55012751238,0.0,123.76948009124162,False,12.699626608099985,65.03142371696161,17.112317017620008,8028.170925109538,39054.62980553291,39054.62980553291,10276.804166963964
2036,88.55,65.03142371696161,2034.0,South Killingholme-smr,225.005814656034,0.0,124.23754446793583,False,12.699626608099985,65.03142371696161,16.644252640925792,3007.88403240314,14632.448471676678,14632.448471676678,3745.0536248123535
2036,88.55,65.03142371696161,2034.0,Hope Cement Works-cement,1003.4760721869,0.0,124.28720193448665,False,4.698861844996994,65.03142371696161,24.595359937477966,4963.363608385762,65257.47764021865,65257.47764021865,24680.855184083426
2036,88.55,65.03142371696161,2034.0,Parc Adfer-W2E,89.61340500000001,103.103595,125.7346990960452,False,0.0,65.03142371696161,27.846724620916405,0.0,5827.687311274687,12532.660884461691,5366.537228769147
2036,88.55,65.03142371696161,2034.0,Eastcroft-W2E,80.52219,92.64380999999996,125.9173094124788,False,0.0,65.03142371696161,27.66411430448281,0.0,5236.472656507689,11261.231519371371,4790.484017650068
2036,88.55,65.03142371696161,2034.0,Tunstead Cement-cement,621.4191773385,0.0,126.32727118201583,False,4.698861844996994,65.03142371696161,22.555290689948777,3073.645118047683,40411.77382734571,40411.77382734571,14016.290185178697
2036,88.55,65.03142371696161,2034.0,Stanlow Refinery-crackers,352.7227045224,0.0,127.0371190337797,False,12.699626608099985,65.03142371696161,13.844678075081923,4715.20699329859,22938.05965238885,22938.05965238885,4883.332293884871
2036,88.55,65.03142371696161,2034.0,Fawley Refinery-smr,354.32457523230414,0.0,127.12699478695876,False,12.699626608099985,65.03142371696161,13.754802321902865,4736.620845814627,23042.231585264413,23042.231585264413,4873.664490112544
2036,88.55,65.03142371696161,2034.0,Millerhill-W2E,70.565145,81.18785499999998,127.43285186483614,False,0.0,65.03142371696161,26.14857185212547,0.0,4588.951844143835,9868.713643320074,3968.124224275596
2036,88.55,65.03142371696161,2034.0,Padeswood-cement,470.6002227744,0.0,127.4850460006812,False,4.698861844996994,65.03142371696161,21.397515871283417,2327.668874780751,30603.802488538535,30603.802488538535,10069.675735844736
2036,88.55,65.03142371696161,2034.0,South Killingholme-distillation,324.16091941971,0.0,128.70945593540847,False,12.699626608099985,65.03142371696161,12.172341173453155,4333.39225007232,21080.64610326301,21080.64610326301,3945.7973062769665
2036,88.55,65.03142371696161,2034.0,Ketton-cement,635.4803405793001,0.0,129.98256974643843,False,4.698861844996994,65.03142371696161,18.899992125526182,3143.1940269408083,41326.19129201154,41326.19129201154,12010.573432875468
2036,88.55,65.03142371696161,2034.0,South Killingholme-power,568.235023453374,0.0,130.1966886940948,False,12.699626608099985,65.03142371696161,10.685108414766823,7596.181708950301,36953.13258101398,36953.13258101398,6071.65283066687
2036,88.55,65.03142371696161,2034.0,Newhaven-W2E,91.77798,105.59401999999996,130.2947760528612,False,0.0,65.03142371696161,23.2866476641004,0.0,5968.452705266828,12835.382161864145,4596.132222758823
2036,88.55,65.03142371696161,2034.0,Leeds-W2E,77.05887,88.65912999999998,130.72273227888334,False,0.0,65.03142371696161,22.858691438078267,0.0,5011.248026120262,10776.877475527443,3788.0966277354532
2036,88.55,65.03142371696161,2034.0,Ribblesdale-cement,487.7708319975,0.0,131.22283623409905,False,4.698861844996994,65.03142371696161,17.659725637865563,2412.5976332373593,31720.43165240432,31720.43165240432,8613.899067229268
2036,88.55,65.03142371696161,2035.0,Hanford-W2E,80.08927500000001,92.145725,131.66934911672453,False,0.0,65.03142371696161,21.912074600237077,0.0,5208.3195777092615,11200.687263890884,3774.026168771833
2036,88.55,65.03142371696161,2035.0,Fawley Refinery-distillation,510.4676083855231,0.0,132.12222727391224,False,12.699626608099985,65.03142371696161,8.759569834949382,6823.945286343108,33196.435334702976,33196.435334702976,4471.476664132582
2036,88.55,65.03142371696161,2035.0,Stanlow Refinery-smr,208.10639566821592,0.0,132.18064919232714,False,12.699626608099985,65.03142371696161,8.701147916534488,2781.9721260461674,13533.455194909415,13533.455194909415,1810.764531085999
2036,88.55,65.03142371696161,2035.0,Kirklees-W2E,57.14477999999999,65.74721999999997,132.2826363227577,False,0.0,65.03142371696161,21.298787394203913,0.0,3716.206401392553,7991.8417234248445,2617.4505804485066
2036,88.55,65.03142371696161,2035.0,Lindsey Oil Refinery-crackers,173.99875600422,0.0,132.48929210893525,False,12.699626608099985,65.03142371696161,8.39250499992638,2326.0202437131466,11315.38682793465,11315.38682793465,1460.2854297463869
2036,88.55,65.03142371696161,2035.0,South Killingholme-remaining,358.48384029944395,0.0,132.82916790483205,False,12.699626608099985,65.03142371696161,8.052629204029579,4792.2220177270365,23312.714514196738,23312.714514196738,2886.737441567978
2036,88.55,65.03142371696161,2035.0,Fawley Refinery-power,894.8196899934462,0.0,134.32186480576613,False,12.699626608099985,65.03142371696161,6.559932303095501,11961.97467841321,58191.39841024404,58191.39841024404,5869.95658983391
2036,88.55,65.03142371696161,2035.0,Baldovie-W2E,81.38802,93.63997999999998,134.50224562921326,False,0.0,65.03142371696161,19.079178087748346,0.0,5292.778814104546,11382.320030332354,3339.3903823424166
2036,88.55,65.03142371696161,2035.0,Pembroke Refinery-crackers,453.1676492086801,0.0,135.6974630648525,False,12.699626608099985,65.03142371696161,5.184334044009113,6057.957827179656,29470.137410509098,29470.137410509098,2349.372471436139
2036,88.55,65.03142371696161,2035.0,Fawley Refinery-remaining,564.5171198616373,0.0,136.13383164089475,False,12.699626608099985,65.03142371696161,4.747965467966871,7546.480669602966,36711.35201720094,36711.35201720094,2680.3077911791693
2036,88.55,65.03142371696161,2035.0,Stanlow Refinery-distillation,299.81429884404,0.0,136.513911998797,False,12.699626608099985,65.03142371696161,4.367885110064627,4007.925944303801,19497.35070453052,19497.35070453052,1309.5544117053487
2036,88.55,65.03142371696161,2035.0,Dunbar Works-cement,421.0548381849,0.0,136.98298025518972,False,4.698861844996994,65.03142371696161,11.899581616774896,2082.608961893063,27381.79559007894,27381.79559007894,5010.376412119164
2036,88.55,65.03142371696161,2035.0,Stanlow Refinery-power,525.5568297383759,0.0,137.82970188412523,False,12.699626608099985,65.03142371696161,3.052095224736398,7025.658420014897,34177.70888205937,34177.70888205937,1604.0494903720971
2036,88.55,65.03142371696161,2035.0,Hartlebury-W2E,90.91214999999998,104.59784999999997,138.13632582553586,False,0.0,65.03142371696161,15.445097891425746,0.0,5912.1465476699705,12714.29365090316,3019.6710887526465
2036,88.55,65.03142371696161,2035.0,Cauldon Cement-cement,510.3056236515,0.0,138.4784310020895,False,4.698861844996994,65.03142371696161,10.404130869875104,2524.0585518562416,33185.90123682904,33185.90123682904,5309.286492103438
2036,88.55,65.03142371696161,2035.0,Javelin Park-W2E,81.38802,93.63997999999998,139.3228290773164,False,0.0,65.03142371696161,14.258594639645196,0.0,5292.778814104546,11382.320030332354,2495.653302587819
2036,88.55,65.03142371696161,2035.0,Sheffield-W2E,100.003365,115.05763499999998,139.8343235952813,False,0.0,65.03142371696161,13.747100121680319,0.0,6503.361202436969,13985.72301599348,2956.4650992686907
2036,88.55,65.03142371696161,2035.0,Pembroke Refinery-smr,267.3689130331212,0.0,139.8863360016444,False,12.699626608099985,65.03142371696161,0.9954611072172241,3574.195118035997,17387.381072200365,17387.381072200365,266.15535420341655
2036,88.55,65.03142371696161,2035.0,Chineham-W2E,44.590245,51.30275499999999,140.32141856258616,False,0.0,65.03142371696161,13.260005154375449,0.0,2899.7671162381293,6236.0583144905995,1271.541674268525
2036,88.55,65.03142371696161,2035.0,Stanlow Refinery-remaining,331.559342251056,0.0,140.6432980315675,False,12.699626608099985,65.03142371696161,0.23849907729412223,4432.294573700674,21561.776073245517,21561.776073245517,79.07659719512294
2036,88.55,65.03142371696161,2035.0,Grangemouth Refinery-crackers,193.40584394892005,0.0,140.79770433532283,False,12.699626608099985,65.03142371696161,0.08409277353878508,2585.45473892183,12577.457387178776,12577.457387178776,16.26403383627414
2036,88.55,65.03142371696161,2035.0,Lindsey Oil Refinery-smr,102.6592660424898,0.0,141.9929815759613,False,12.699626608099985,65.03142371696161,-1.111184467099676,1372.3519437907564,6676.078228481443,6676.078228481443,-114.07338183026789
2036,88.55,65.03142371696161,2035.0,Lindsey Oil Refinery-power,259.2581464462878,0.0,142.81115560903552,False,12.699626608099985,65.03142371696161,-1.9293585001739046,3465.770163132589,16859.926373622628,16859.926373622628,-500.20190858547636
2036,88.55,65.03142371696161,2036.0,Wolverhampton-W2E,42.42567,48.81233,142.87736864384428,False,0.0,65.03142371696161,10.704055073117331,0.0,2759.0017222459865,5933.337037088144,976.616576761079
2036,88.55,65.03142371696161,2036.0,Devonport-W2E,111.259155,128.00784499999995,143.82236892306247,False,0.0,65.03142371696161,9.75905479389914,0.0,7235.341251196109,15559.87365848625,2335.019763371865
2036,88.55,65.03142371696161,2036.0,Lindsey Oil Refinery-distillation,147.89894260358702,0.0,144.05717677984146,False,12.699626608099985,65.03142371696161,-3.1753796709798365,1977.117207156175,9618.078803744453,9618.078803744453,-469.63529570284385
2036,88.55,65.03142371696161,2036.0,Pembroke Refinery-distillation,385.192501827378,0.0,144.60895225355458,False,12.699626608099985,65.03142371696161,-3.727155144692958,5149.264153102708,25049.61679893273,25049.61679893273,-1435.6722148830636
2036,88.55,65.03142371696161,2036.0,Cornwall-W2E,103.46668499999998,119.04231499999996,145.15316997971505,False,0.0,65.03142371696161,8.428253737246564,0.0,6728.585832824395,14470.07705983741,1875.3623108209954
2036,88.55,65.03142371696161,2036.0,Pembroke Refinery-power,675.2197973209334,0.0,146.4191539632569,False,12.699626608099985,65.03142371696161,-5.53735685439527,9026.357162497687,43910.50474165856,43910.50474165856,-3738.9329729184556
2036,88.55,65.03142371696161,2036.0,Lindsey Oil Refinery-remaining,163.5588306439668,0.0,148.07743604588833,False,12.699626608099985,65.03142371696161,-7.195638937026715,2186.459029090358,10636.46361825857,10636.46361825857,-1176.9102902762857
2036,88.55,65.03142371696161,2036.0,Pembroke Refinery-remaining,425.97759025615926,0.0,148.6969572317184,False,12.699626608099985,65.03142371696161,-7.815160122856767,5694.480357548877,27701.92916587855,27701.92916587855,-3329.083076600555
2036,88.55,65.03142371696161,2036.0,Grangemouth Refinery-smr,114.1094479298628,0.0,149.4429641100151,False,12.699626608099985,65.03142371696161,-8.561167001153493,1525.4182959638792,7420.699858435475,7420.699858435475,-976.9100401369841
2036,88.55,65.03142371696161,2036.0,Milton Keynes ACT-W2E,35.066115,40.344885,149.91840922239953,False,0.0,65.03142371696161,3.663014494562077,0.0,2280.3993826727037,4904.084693919792,276.2315860494208
2036,88.55,65.03142371696161,2036.0,Belfast ACT-W2E,48.48648,55.785519999999984,151.16178010182253,False,0.0,65.03142371696161,2.41964361513908,0.0,3153.144825423985,6780.95661381502,252.30107903778213
2036,88.55,65.03142371696161,2036.0,Grangemouth Refinery-power,288.1747074838908,0.0,151.2758042923232,False,12.699626608099985,65.03142371696161,-10.394007183461568,3852.3275609935263,18740.411506896373,18740.411506896373,-2995.2899796794973
2036,88.55,65.03142371696161,2036.0,Peterborough-W2E,36.797775,42.33722499999999,151.58940342877088,False,0.0,65.03142371696161,1.99202028819073,0.0,2393.0116978664173,5146.261715841757,157.6385255059734
2036,88.55,65.03142371696161,2036.0,Grangemouth Refinery-distillation,164.394967356582,0.0,151.9931581726091,False,12.699626608099985,65.03142371696161,-11.11136106374748,2197.6365280835553,10690.838779101956,10690.838779101956,-1826.651839361963
2036,88.55,65.03142371696161,2036.0,Pembroke Power Station-CCGT,5026.790800587,0.0,153.5814237169616,True,12.699626608099985,65.03142371696161,-12.69962660809999,67198.28021524935,326899.36248949793,326899.36248949793,-63838.36620448692
2036,88.55,65.03142371696161,,NewLincs-W2E,0.0,0.0,154.91229031794154,False,0.0,0.0,0.0,0.0,0.0,0.0,0.0
2036,88.55,65.03142371696161,,Grangemouth Refinery-remaining,0.0,0.0,156.05875268873913,False,12.699626608099985,0.0,-12.699626608099985,2430.3274545865193,0.0,0.0,-2430.3274545865193
2036,88.55,65.03142371696161,,Dudley-W2E,0.0,0.0,157.17271920148522,False,0.0,0.0,0.0,0.0,0.0,0.0,0.0
2036,88.55,65.03142371696161,,Marchwood  Power  Station-CCGT,0.0,0.0,159.62812813767613,False,12.699626608099985,0.0,-12.699626608099985,24273.04156536872,0.0,0.0,-24273.04156536872
2036,88.55,65.03142371696161,,Baddesley-W2E,0.0,0.0,160.35967910131896,False,0.0,0.0,0.0,0.0,0.0,0.0,0.0
2036,88.55,65.03142371696161,,Enfield Power Station-CCGT,0.0,0.0,162.1675537167806,False,12.699626608099985,0.0,-12.699626608099985,10779.832860563574,0.0,0.0,-10779.832860563574
2036,88.55,65.03142371696161,,Battlefield-W2E,0.0,0.0,162.19804621799932,False,0.0,0.0,0.0,0.0,0.0,0.0,0.0
2036,88.55,65.03142371696161,,Saltend-CCGT,0.0,0.0,164.91708350379992,False,12.699626608099985,0.0,-12.699626608099985,29138.804368704077,0.0,0.0,-29138.804368704077
2036,88.55,65.03142371696161,,Immingham-CCGT,0.0,0.0,166.00773363458555,False,12.699626608099985,0.0,-12.699626608099985,29126.171071991757,0.0,0.0,-29126.171071991757
2036,88.55,65.03142371696161,,Didcot B-CCGT,0.0,0.0,168.98227960881977,False,12.699626608099985,0.0,-12.699626608099985,35601.01766759414,0.0,0.0,-35601.01766759414
2036,88.55,65.03142371696161,,Staythorpe Power Station-CCGT,0.0,0.0,169.40288726463294,False,12.699626608099985,0.0,-12.699626608099985,45390.74227492718,0.0,0.0,-45390.74227492718
2036,88.55,65.03142371696161,,Keadby-CCGT,0.0,0.0,176.90140497406722,False,12.699626608099985,0.0,-12.699626608099985,15120.508866192304,0.0,0.0,-15120.508866192304
2036,88.55,65.03142371696161,,Hooton Park ACT-W2E,0.0,0.0,179.27780846771287,False,0.0,0.0,0.0,0.0,0.0,0.0,0.0
2036,88.55,65.03142371696161,,Exeter-W2E,0.0,0.0,179.60333383475486,False,0.0,0.0,0.0,0.0,0.0,0.0,0.0
2036,88.55,65.03142371696161,,Bolton-W2E,0.0,0.0,181.92172711397333,False,0.0,0.0,0.0,0.0,0.0,0.0,0.0
2036,88.55,65.03142371696161,,West Burton B CCGT Power Station-CCGT,0.0,0.0,181.9230998694337,False,12.699626608099985,0.0,-12.699626608099985,29784.530892728824,0.0,0.0,-29784.530892728824
2036,88.55,65.03142371696161,,Levenseat ACT-W2E,0.0,0.0,183.8322948806435,False,0.0,0.0,0.0,0.0,0.0,0.0,0.0
2036,88.55,65.03142371696161,,Coolkeeragh-CCGT,0.0,0.0,184.70017000442445,False,12.699626608099985,0.0,-12.699626608099985,9654.372956433413,0.0,0.0,-9654.372956433413
2036,88.55,65.03142371696161,,Carrington CCGT-CCGT,0.0,0.0,189.2092334567789,False,12.699626608099985,0.0,-12.699626608099985,22372.88174939795,0.0,0.0,-22372.88174939795
2036,88.55,65.03142371696161,,Ballylumford-CCGT,0.0,0.0,195.1740589779237,False,12.699626608099985,0.0,-12.699626608099985,13945.810219020088,0.0,0.0,-13945.810219020088
2036,88.55,65.03142371696161,,Glasgow ACT-W2E,0.0,0.0,195.93562567320143,False,0.0,0.0,0.0,0.0,0.0,0.0,0.0
2036,88.55,65.03142371696161,,NESS-W2E,0.0,0.0,198.75501981615415,False,0.0,0.0,0.0,0.0,0.0,0.0,0.0
2036,88.55,65.03142371696161,,Energy Works ACT-W2E,0.0,0.0,201.40339180076796,False,0.0,0.0,0.0,0.0,0.0,0.0,0.0
2036,88.55,65.03142371696161,,Eco Park ACT-W2E,0.0,0.0,202.93011759687164,False,0.0,0.0,0.0,0.0,0.0,0.0,0.0
2036,88.55,65.03142371696161,,Kilroot-CCGT,0.0,0.0,207.3906503608189,False,12.699626608099985,0.0,-12.699626608099985,14166.624160463423,0.0,0.0,-14166.624160463423
2036,88.55,65.03142371696161,,Kings Lynn Power Station-CCGT,0.0,0.0,208.8847375922057,False,12.699626608099985,0.0,-12.699626608099985,8121.993940964573,0.0,0.0,-8121.993940964573
2036,88.55,65.03142371696161,,Spalding-CCGT,0.0,0.0,210.92034860788132,False,12.699626608099985,0.0,-12.699626608099985,17817.445202966806,0.0,0.0,-17817.445202966806
2036,88.55,65.03142371696161,,Seabank-CCGT,0.0,0.0,215.24318898826735,False,12.699626608099985,0.0,-12.699626608099985,21742.025109739214,0.0,0.0,-21742.025109739214
2036,88.55,65.03142371696161,,Shoreham Power Station-CCGT,0.0,0.0,223.96100678992715,False,12.699626608099985,0.0,-12.699626608099985,7807.765258394508,0.0,0.0,-7807.765258394508
2036,88.55,65.03142371696161,,Damhead Creek Power Station-CCGT,0.0,0.0,231.84613890879083,False,12.699626608099985,0.0,-12.699626608099985,13017.854539406739,0.0,0.0,-13017.854539406739
2036,88.55,65.03142371696161,,Cottam Development Centre-CCGT,0.0,0.0,238.4158800035795,False,12.699626608099985,0.0,-12.699626608099985,7356.306131242727,0.0,0.0,-7356.306131242727
2036,88.55,65.03142371696161,,Great Yarmouth Power Station-CCGT,0.0,0.0,240.013145571761,False,12.699626608099985,0.0,-12.699626608099985,7572.657745958509,0.0,0.0,-7572.657745958509
2036,88.55,65.03142371696161,,Little Barford-CCGT,0.0,0.0,240.7576776464302,False,12.699626608099985,0.0,-12.699626608099985,11713.759879259602,0.0,0.0,-11713.759879259602
2036,88.55,65.03142371696161,,South Humber-CCGT,0.0,0.0,246.5252661657621,False,12.699626608099985,0.0,-12.699626608099985,18921.29648839108,0.0,0.0,-18921.29648839108
2036,88.55,65.03142371696161,,Langage Energy Centre-CCGT,0.0,0.0,250.05603522765227,False,12.699626608099985,0.0,-12.699626608099985,14701.512017911842,0.0,0.0,-14701.512017911842
2036,88.55,65.03142371696161,,Grain CCGT-CCGT,0.0,0.0,256.5493066919562,False,12.699626608099985,0.0,-12.699626608099985,20863.037372349743,0.0,0.0,-20863.037372349743
2036,88.55,65.03142371696161,,Peterhead Power Station-CCGT,0.0,0.0,275.097064063588,False,12.699626608099985,0.0,-12.699626608099985,17155.863381907948,0.0,0.0,-17155.863381907948
2036,88.55,65.03142371696161,,Connahs Quay Power Station-CCGT,0.0,0.0,279.14393107084203,False,12.699626608099985,0.0,-12.699626608099985,17417.90206615558,0.0,0.0,-17417.90206615558
2036,88.55,65.03142371696161,,Medway-CCGT,0.0,0.0,311.36638697059976,False,12.699626608099985,0.0,-12.699626608099985,8179.308680113193,0.0,0.0,-8179.308680113193
2036,88.55,65.03142371696161,,Isle of Wight-W2E,0.0,0.0,378.6296091247897,False,0.0,0.0,0.0,0.0,0.0,0.0,0.0
2036,88.55,65.03142371696161,,Coryton-CCGT,0.0,0.0,386.8501086268143,False,12.699626608099985,0.0,-12.699626608099985,6842.009240864784,0.0,0.0,-6842.009240864784
2036,88.55,65.03142371696161,,Rye House-CCGT,0.0,0.0,392.2249091956061,False,12.699626608099985,0.0,-12.699626608099985,6139.304539309696,0.0,0.0,-6139.304539309696
2036,88.55,65.03142371696161,,Rocksavage-CCGT,0.0,0.0,430.77402140379735,False,12.699626608099985,0.0,-12.699626608099985,6118.766773972196,0.0,0.0,-6118.766773972196
2037,96.6,72.38227960881977,2026.0,Tees Valley-W2E,304.33924500000006,350.153755,88.11948048189508,False,0.0,72.38227960881977,72.38227960881977,0.0,22028.76832752711,47373.69532801528,47373.69532801528
2037,96.6,72.38227960881977,2027.0,Runcorn-W2E,411.702165,473.6788349999999,92.55278428419912,False,0.0,72.38227960881977,72.38227960881977,0.0,29799.94122258645,64085.89510233645,64085.89510233645
2037,96.6,72.38227960881977,2027.0,Riverside-W2E,342.00285,393.48714999999993,95.11886046105766,False,0.0,72.38227960881977,72.38227960881977,0.0,24754.945915713248,53236.44282949086,53236.44282949086
2037,96.6,72.38227960881977,2028.0,Wilton 11-W2E,178.79389499999996,205.70910499999997,95.57551058511204,False,0.0,72.38227960881977,72.38227960881977,0.0,12941.509700239962,27831.203656430025,27831.203656430025
2037,96.6,72.38227960881977,2028.0,Scunthorpe Power Station-chp,1562.2594042965,0.0,96.72056387395656,False,17.293534594388756,72.38227960881977,54.96818114047444,28438.933740642835,113079.89702329747,113079.89702329747,85874.5579237797
2037,96.6,72.38227960881977,2029.0,Ferrybridge FM1-W2E,285.29098500000003,328.238015,98.85154951082956,False,0.0,72.38227960881977,70.13073009799021,0.0,20650.01184614561,44408.62762611959,43027.236706289834
2037,96.6,72.38227960881977,2029.0,Ferrybridge FM2-W2E,283.559325,326.24567499999995,98.9301306912529,False,0.0,72.38227960881977,70.05214891756687,0.0,20524.670347838197,44139.076016856336,42718.15067067686
2037,96.6,72.38227960881977,2029.0,Drax-BECCS,0.0,10924.999999999998,99.24068628496312,False,0.0,72.38227960881977,69.74159332385665,0.0,0.0,790776.4047263559,761926.9070631338
2037,96.6,72.38227960881977,2032.0,Kemsley-W2E,245.02989,281.91610999999995,99.80091077600858,False,0.0,72.38227960881977,69.18136883281119,0.0,17735.822010498352,38141.552710749136,36454.84558097452
2037,96.6,72.38227960881977,2032.0,Allington-W2E,202.60422000000003,233.10378,100.90154534306674,False,0.0,72.38227960881977,68.08073426575302,0.0,14664.955301966836,31537.538283799648,29663.32056546272
2037,96.6,72.38227960881977,2032.0,Scunthorpe Blast Furnaces-stove,994.2298168221,0.0,101.76356955343398,False,17.293534594388756,72.38227960881977,49.925175460997025,18098.681823142928,71964.62059664291,71964.62059664291,49637.09805339827
2037,96.6,72.38227960881977,2032.0,Edmonton-W2E,209.53086,241.07314,102.28156448231805,False,0.0,72.38227960881977,66.70071512650172,0.0,15166.321295196469,32615.744720852625,30055.60903886218
2037,96.6,72.38227960881977,2032.0,Rookery South C-W2E,255.41985,293.8701499999999,103.38827027423388,False,0.0,72.38227960881977,65.59400933458589,0.0,18487.871000342806,39758.86236632861,36030.13338739468
2037,96.6,72.38227960881977,2032.0,SELCHP-W2E,169.269765,194.751235,105.54933952858303,False,0.0,72.38227960881977,63.43294008023673,0.0,12252.131459549215,26348.669805482183,23090.922280947856
2037,96.6,72.38227960881977,2032.0,Lakeside-W2E,178.79389499999996,205.70910499999997,105.75229786444092,False,0.0,72.38227960881977,63.22998174437885,0.0,12941.509700239962,27831.203656430025,24312.117670658896
2037,96.6,72.38227960881977,2032.0,Trident Park-W2E,177.92806500000003,204.712935,106.89966600386146,False,0.0,72.38227960881977,62.08261360495831,0.0,12878.838951086262,27696.42785179841,23755.353352414855
2037,96.6,72.38227960881977,2032.0,Severnside-W2E,173.598915,199.732085,107.69026084360516,False,0.0,72.38227960881977,61.29201876521461,0.0,12565.485205317736,27022.548828640294,22882.210657636337
2037,96.6,72.38227960881977,2033.0,Avonmouth-W2E,169.269765,194.751235,108.09353634841528,False,0.0,72.38227960881977,60.88874326040448,0.0,12252.131459549215,26348.669805482183,22164.7812103957
2037,96.6,72.38227960881977,2033.0,Beddington Lane-W2E,143.29486500000002,164.866135,108.33273184526364,False,0.0,72.38227960881977,60.64954776355613,0.0,10372.008984938084,22305.395666533514,18689.825288365224
2037,96.6,72.38227960881977,2033.0,Tyseley-W2E,157.148145,180.80485499999995,109.84350345016378,False,0.0,72.38227960881977,59.138776158655986,0.0,11374.740971397352,24461.808540639468,19986.126819146266
2037,96.6,72.38227960881977,2033.0,Allerton Park-W2E,117.31996499999998,134.98103499999996,110.24876424941378,False,0.0,72.38227960881977,58.733515359405985,0.0,8491.886510326947,18262.121527584834,14818.524658693485
2037,96.6,72.38227960881977,2033.0,Four Ashes-W2E,143.29486500000002,164.866135,111.41254904821844,False,0.0,72.38227960881977,57.56973056060133,0.0,10372.008984938084,22305.395666533514,17740.74573928547
2037,96.6,72.38227960881977,2033.0,Ardley-W2E,147.19109999999998,169.34889999999996,111.75263386171072,False,0.0,72.38227960881977,57.229645747109046,0.0,10654.02735612975,22911.886787375806,18115.472064789894
2037,96.6,72.38227960881977,2033.0,Great Blakenham-W2E,127.709925,146.93507499999996,111.99950117220564,False,0.0,72.38227960881977,56.982778436614126,0.0,9243.935500171403,19879.431183164306,15650.035183723885
2037,96.6,72.38227960881977,2033.0,North Hykeham-W2E,76.625955,88.16104499999999,112.24726485697003,False,0.0,72.38227960881977,56.73501475184973,0.0,5546.361300102842,11927.658709898582,9349.19287591306
2037,96.6,72.38227960881977,2033.0,Scunthorpe Sinter-sinter,633.6026468814001,0.0,112.48245883079248,False,17.293534594388756,72.38227960881977,39.206286183638525,11533.925571515554,45861.6039474578,45861.6039474578,24841.20670034304
2037,96.6,72.38227960881977,2033.0,Coventry-W2E,126.41118,145.44081999999997,114.86629159129888,False,0.0,72.38227960881977,54.11598801752089,0.0,9149.929376440847,19677.26747621687,14711.539574539089
2037,96.6,72.38227960881977,2033.0,Greatmoor-W2E,119.48454,137.47145999999998,115.52278790869914,False,0.0,72.38227960881977,53.45949170012062,0.0,8648.56338321121,18599.06103916389,13736.737149296192
2037,96.6,72.38227960881977,2033.0,South Killingholme-crackers,381.3657875526,0.0,119.41657844198282,False,17.293534594388756,72.38227960881977,32.272166572448185,6942.276252797054,27604.125067870053,27604.125067870053,12307.500220930395
2037,96.6,72.38227960881977,2033.0,Marchwood-W2E,90.479235,104.09976499999998,119.76307582774996,False,0.0,72.38227960881977,49.21920378106981,0.0,6549.093286562113,14084.071584004541,9577.023452516782
2037,96.6,72.38227960881977,2033.0,New Rugby-cement,866.2032106008,0.0,119.94033644561048,False,6.398607799923839,72.38227960881977,42.643335363285445,5834.204862809843,62697.76298776451,62697.76298776451,36937.79400240449
2037,96.6,72.38227960881977,2033.0,Dunbar-W2E,154.11774,177.31825999999995,120.88122377816076,False,0.0,72.38227960881977,48.10105583065901,0.0,11155.393349359387,23990.093224428783,15942.421540290296
2037,96.6,72.38227960881977,2033.0,Portsmouth-W2E,82.25384999999999,94.63614999999996,121.9344089585544,False,0.0,72.38227960881977,47.04787065026537,0.0,5953.721169601919,12803.701440004124,8322.297839325438
2037,96.6,72.38227960881977,2033.0,Grangemouth Power Station-CCGT,502.2772817634001,0.0,122.37005813568526,False,17.293534594388756,72.38227960881977,29.31868687874575,9143.315313843063,36355.974649756376,36355.974649756376,14726.110350328681
2037,96.6,72.38227960881977,2034.0,Newhurst-W2E,129.00867,148.42932999999996,122.92780800610014,False,0.0,72.38227960881977,46.05447160271963,0.0,9337.94162390196,20081.59489011174,12777.260492515328
2037,96.6,72.38227960881977,2034.0,Fawley Refinery-crackers,600.55012751238,0.0,123.76948009124162,False,17.293534594388756,72.38227960881977,27.919264923189388,10932.246742947289,43469.18724871345,43469.18724871345,16766.918109673305
2037,96.6,72.38227960881977,2034.0,South Killingholme-smr,225.005814656034,0.0,124.23754446793583,False,17.293534594388756,72.38227960881977,27.451200546495173,4095.942989150262,16286.433790043331,16286.433790043331,6176.679742250312
2037,96.6,72.38227960881977,2034.0,Hope Cement Works-cement,1003.4760721869,0.0,124.28720193448665,False,6.398607799923839,72.38227960881977,38.29646987440928,6758.789286875827,72633.88563779241,72633.88563779241,38429.591168196166
2037,96.6,72.38227960881977,2034.0,Parc Adfer-W2E,89.61340500000001,103.103595,125.7346990960452,False,0.0,72.38227960881977,43.24758051277456,0.0,6486.422537408409,13949.29577937292,8334.543973680376
2037,96.6,72.38227960881977,2034.0,Eastcroft-W2E,80.52219,92.64380999999996,125.9173094124788,False,0.0,72.38227960881977,43.064970196340965,0.0,5828.379671294511,12534.14983074088,7457.388629019577
2037,96.6,72.38227960881977,2034.0,Tunstead Cement-cement,621.4191773385,0.0,126.32727118201583,False,6.398607799923839,72.38227960881977,36.256400626880094,4185.492205410928,44979.73664839807,44979.73664839807,22530.422650810906
2037,96.6,72.38227960881977,2034.0,Stanlow Refinery-crackers,352.7227045224,0.0,127.0371190337797,False,17.293534594388756,72.38227960881977,24.651625980651303,6420.865571457356,25530.873423119476,25530.873423119476,8695.188186769989
2037,96.6,72.38227960881977,2034.0,Fawley Refinery-smr,354.32457523230414,0.0,127.12699478695876,False,17.293534594388756,72.38227960881977,24.561750227472245,6450.025578338899,25646.820476740937,25646.820476740937,8702.831716311053
2037,96.6,72.38227960881977,2034.0,Millerhill-W2E,70.565145,81.18785499999998,127.43285186483614,False,0.0,72.38227960881977,41.54942774398363,0.0,5107.66605602691,10984.228077477226,6305.250308432747
2037,96.6,72.38227960881977,2034.0,Padeswood-cement,470.6002227744,0.0,127.4850460006812,False,6.398607799923839,72.38227960881977,35.098625808214734,3169.669743252813,34063.11690882949,34063.11690882949,16517.42112442116
2037,96.6,72.38227960881977,2034.0,South Killingholme-distillation,324.16091941971,0.0,128.70945593540847,False,17.293534594388756,72.38227960881977,22.979289079022536,5900.934814877495,23463.506307689546,23463.506307689546,7448.987475467246
2037,96.6,72.38227960881977,2034.0,Ketton-cement,635.4803405793001,0.0,129.98256974643843,False,6.398607799923839,72.38227960881977,32.6011020624575,4280.199435714702,45997.51569771892,45997.51569771892,20717.359441911016
2037,96.6,72.38227960881977,2034.0,South Killingholme-power,568.235023453374,0.0,130.1966886940948,False,17.293534594388756,72.38227960881977,21.492056320336204,10343.991616667608,41130.14635112638,41130.14635112638,12212.539127247477
2037,96.6,72.38227960881977,2034.0,Newhaven-W2E,91.77798,105.59401999999996,130.2947760528612,False,0.0,72.38227960881977,38.68750355595856,0.0,6643.099410292669,14286.235290951972,7635.829951846651
2037,96.6,72.38227960881977,2034.0,Leeds-W2E,77.05887,88.65912999999998,130.72273227888334,False,0.0,72.38227960881977,38.259547329936424,0.0,5577.696674679693,11995.046612214392,6340.295664422403
2037,96.6,72.38227960881977,2034.0,Ribblesdale-cement,487.7708319975,0.0,131.22283623409905,False,6.398607799923839,72.38227960881977,31.36083557479688,3285.320263362678,35305.9647466697,35305.9647466697,15296.900860455471
2037,96.6,72.38227960881977,2035.0,Hanford-W2E,80.08927500000001,92.145725,131.66934911672453,False,0.0,72.38227960881977,37.312930492095234,0.0,5797.0442967176605,12466.761928425074,6426.592583306023
2037,96.6,72.38227960881977,2035.0,Fawley Refinery-distillation,510.4676083855231,0.0,132.12222727391224,False,17.293534594388756,72.38227960881977,19.566517740518762,9292.409731505197,36948.80916140645,36948.80916140645,9988.07351543552
2037,96.6,72.38227960881977,2035.0,Stanlow Refinery-smr,208.10639566821592,0.0,132.18064919232714,False,17.293534594388756,72.38227960881977,19.50809582210387,3788.3106871598397,15063.215319640485,15063.215319640485,4059.7595078882177
2037,96.6,72.38227960881977,2035.0,Kirklees-W2E,57.14477999999999,65.74721999999997,132.2826363227577,False,0.0,72.38227960881977,36.69964328606207,0.0,4136.269444144491,8895.203105687076,4510.092562710739
2037,96.6,72.38227960881977,2035.0,Lindsey Oil Refinery-crackers,173.99875600422,0.0,132.48929210893525,False,17.293534594388756,72.38227960881977,19.19945290549576,3167.4247435153547,12594.426608684262,12594.426608684262,3340.68092151787
2037,96.6,72.38227960881977,2035.0,South Killingholme-remaining,358.48384029944395,0.0,132.82916790483205,False,17.293534594388756,72.38227960881977,18.85957710959896,6525.739677629231,25947.877563797847,25947.877563797847,6760.853628672522
2037,96.6,72.38227960881977,2035.0,Fawley Refinery-power,894.8196899934462,0.0,134.32186480576613,False,17.293534594388756,72.38227960881977,17.36688020866488,16289.047646991456,64769.08900058305,64769.08900058305,15540.226364470826
2037,96.6,72.38227960881977,2035.0,Baldovie-W2E,81.38802,93.63997999999998,134.50224562921326,False,0.0,72.38227960881977,34.4800339796065,0.0,5891.050420448216,12668.925635372505,6034.971387382566
2037,96.6,72.38227960881977,2035.0,Pembroke Refinery-crackers,453.1676492086801,0.0,135.6974630648525,False,17.293534594388756,72.38227960881977,15.991281949578493,8249.337282787514,32801.307494694236,32801.307494694236,7246.731648923685
2037,96.6,72.38227960881977,2035.0,Fawley Refinery-remaining,564.5171198616373,0.0,136.13383164089475,False,17.293534594388756,72.38227960881977,15.554913373536252,10276.31193837045,40861.036013790654,40861.036013790654,8781.01489732595
2037,96.6,72.38227960881977,2035.0,Stanlow Refinery-distillation,299.81429884404,0.0,136.513911998797,False,17.293534594388756,72.38227960881977,15.174833015634007,5457.735735738752,21701.242409651557,21701.242409651557,4549.631920657699
2037,96.6,72.38227960881977,2035.0,Dunbar Works-cement,421.0548381849,0.0,136.98298025518972,False,6.398607799923839,72.38227960881977,25.600691553706213,2835.962917690075,30476.909028145797,30476.909028145797,10779.295039567305
2037,96.6,72.38227960881977,2035.0,Stanlow Refinery-power,525.5568297383759,0.0,137.82970188412523,False,17.293534594388756,72.38227960881977,13.859043130305778,9567.08970147146,38041.00140044801,38041.00140044801,7283.714770770922
2037,96.6,72.38227960881977,2035.0,Hartlebury-W2E,90.91214999999998,104.59784999999997,138.13632582553586,False,0.0,72.38227960881977,30.845953783283903,0.0,6580.428661138963,14151.45948632035,6030.692424169834
2037,96.6,72.38227960881977,2035.0,Cauldon Cement-cement,510.3056236515,0.0,138.4784310020895,False,6.398607799923839,72.38227960881977,24.10524080680642,3437.100572464724,36937.08433709603,36937.08433709603,12301.039943186937
2037,96.6,72.38227960881977,2035.0,Javelin Park-W2E,81.38802,93.63997999999998,139.3228290773164,False,0.0,72.38227960881977,29.659450531503353,0.0,5891.050420448216,12668.925635372505,5191.234307627968
2037,96.6,72.38227960881977,2035.0,Sheffield-W2E,100.003365,115.05763499999998,139.8343235952813,False,0.0,72.38227960881977,29.147956013538476,0.0,7238.471527252861,15566.605434952387,6268.5885682275975
2037,96.6,72.38227960881977,2035.0,Pembroke Refinery-smr,267.3689130331212,0.0,139.8863360016444,False,17.293534594388756,72.38227960881977,11.802409012786612,4867.108996844632,19352.771421869595,19352.771421869595,3155.5972689210694
2037,96.6,72.38227960881977,2035.0,Chineham-W2E,44.590245,51.30275499999999,140.32141856258616,False,0.0,72.38227960881977,28.660861046233606,0.0,3227.543581415778,6940.953938528554,2748.375948306479
2037,96.6,72.38227960881977,2035.0,Stanlow Refinery-remaining,331.559342251056,0.0,140.6432980315675,False,17.293534594388756,72.38227960881977,11.04544698286351,6035.613637169914,23999.02101773231,23999.02101773231,3662.2211365071366
2037,96.6,72.38227960881977,2035.0,Grangemouth Refinery-crackers,193.40584394892005,0.0,140.79770433532283,False,17.293534594388756,72.38227960881977,10.891040679108173,3520.7059506185287,13999.155874690494,13999.155874690494,2106.3909140249357
2037,96.6,72.38227960881977,2035.0,Lindsey Oil Refinery-smr,102.6592660424898,0.0,141.9929815759613,False,17.293534594388756,72.38227960881977,9.695763438469712,1868.7805986740593,7430.7116991237135,7430.7116991237135,995.3599583149079
2037,96.6,72.38227960881977,2035.0,Lindsey Oil Refinery-power,259.2581464462878,0.0,142.81115560903552,False,17.293534594388756,72.38227960881977,8.877589405395483,4719.4628678378795,18765.695646939548,18765.695646939548,2301.5873741540354
2037,96.6,72.38227960881977,2036.0,Wolverhampton-W2E,42.42567,48.81233,142.87736864384428,False,0.0,72.38227960881977,26.10491096497549,0.0,3070.8667085315165,6604.014426949499,2381.7598666224335
2037,96.6,72.38227960881977,2036.0,Devonport-W2E,111.259155,128.00784499999995,143.82236892306247,False,0.0,72.38227960881977,25.159910685757296,0.0,8053.1912662510185,17318.690895163476,6019.93635004909
2037,96.6,72.38227960881977,2036.0,Lindsey Oil Refinery-distillation,147.89894260358702,0.0,144.05717677984146,False,17.293534594388756,72.38227960881977,7.631568234589551,2692.311031988052,10705.262617381622,10705.262617381622,1128.700872302918
2037,96.6,72.38227960881977,2036.0,Pembroke Refinery-distillation,385.192501827378,0.0,144.60895225355458,False,17.293534594388756,72.38227960881977,7.07979276087643,7011.936690369386,27881.111370490096,27881.111370490096,2727.083085981352
2037,96.6,72.38227960881977,2036.0,Cornwall-W2E,103.46668499999998,119.04231499999996,145.15316997971505,False,0.0,72.38227960881977,23.82910962910472,0.0,7489.154523867677,16105.708653478876,5302.191354462461
2037,96.6,72.38227960881977,2036.0,Pembroke Refinery-power,675.2197973209334,0.0,146.4191539632569,False,17.293534594388756,72.38227960881977,5.2695910511741175,12291.512551353393,48873.948167094415,48873.948167094415,3558.132201537992
2037,96.6,72.38227960881977,2036.0,Lindsey Oil Refinery-remaining,163.5588306439668,0.0,148.07743604588833,False,17.293534594388756,72.38227960881977,3.611308968542673,2977.3792589044338,11838.761012163204,11838.761012163204,590.6614719889094
2037,96.6,72.38227960881977,2036.0,Pembroke Refinery-remaining,425.97759025615926,0.0,148.6969572317184,False,17.293534594388756,72.38227960881977,2.9917877827126205,7754.3770458202625,30833.22904501258,30833.22904501258,1274.4345502377398
2037,96.6,72.38227960881977,2036.0,Grangemouth Refinery-smr,114.1094479298628,0.0,149.4429641100151,False,17.293534594388756,72.38227960881977,2.245780904415895,2077.2165108649315,8259.50196606739,8259.50196606739,256.26481917432574
2037,96.6,72.38227960881977,2036.0,Milton Keynes ACT-W2E,35.066115,40.344885,149.91840922239953,False,0.0,72.38227960881977,19.063870386420234,0.0,2538.165340725029,5458.420087580708,1437.6255297103362
2037,96.6,72.38227960881977,2036.0,Belfast ACT-W2E,48.48648,55.785519999999984,151.16178010182253,False,0.0,72.38227960881977,17.820499506997237,0.0,3509.561952607448,7547.445059370854,1858.1791245936158
2037,96.6,72.38227960881977,2036.0,Grangemouth Refinery-power,288.1747074838908,0.0,151.2758042923232,False,17.293534594388756,72.38227960881977,0.4129407221078196,5245.851866421607,20858.742253288834,20858.742253288834,118.99907180160757
2037,96.6,72.38227960881977,2036.0,Peterborough-W2E,36.797775,42.33722499999999,151.58940342877088,False,0.0,72.38227960881977,17.392876180048887,0.0,2663.506839032438,5727.971696843952,1376.3852565081686
2037,96.6,72.38227960881977,2036.0,Grangemouth Refinery-distillation,164.394967356582,0.0,151.9931581726091,False,17.293534594388756,72.38227960881977,-0.3044131581780931,2992.600058025749,11899.282493486917,11899.282493486917,-50.04399120160165
2037,96.6,72.38227960881977,2036.0,Pembroke Power Station-CCGT,5026.790800587,0.0,153.5814237169616,False,17.293534594388756,72.38227960881977,-1.8926787025306027,91506.29537758573,363850.5772631313,363850.5772631313,-9514.099890347774
2037,96.6,72.38227960881977,2037.0,NewLincs-W2E,24.24324,27.892759999999992,154.91229031794154,False,0.0,72.38227960881977,14.069989290878226,0.0,1754.780976303724,3773.722529685427,733.5529616692271
2037,96.6,72.38227960881977,2037.0,Grangemouth Refinery-remaining,181.8014933119848,0.0,156.05875268873913,False,17.293534594388756,72.38227960881977,-4.370007674308127,3309.463593581416,13159.206522209062,13159.206522209062,-794.4739209740512
2037,96.6,72.38227960881977,2037.0,Dudley-W2E,29.871135,34.367864999999995,157.17271920148522,False,0.0,72.38227960881977,11.809560407334544,0.0,2162.1408458028027,4649.765259790973,758.6343510067636
2037,96.6,72.38227960881977,2037.0,Marchwood  Power  Station-CCGT,1815.7533444639,0.0,159.62812813767613,False,17.293534594388756,72.38227960881977,-7.939383123245122,33053.46660775109,131428.36627963567,131428.36627963567,-14415.961459012575
2037,96.6,72.38227960881977,2037.0,Baddesley-W2E,41.55984,47.81616,160.35967910131896,False,0.0,72.38227960881977,8.622600507500806,0.0,3008.1959593778124,6469.238622317876,770.6535429583921
2037,96.6,72.38227960881977,2037.0,Enfield Power Station-CCGT,806.3891587964999,0.0,162.1675537167806,False,17.293534594388756,72.38227960881977,-10.478808702349582,14679.282962302443,58368.28556552923,58368.28556552923,-8449.997734677123
2037,96.6,72.38227960881977,2037.0,Battlefield-W2E,39.82818,45.82381999999999,162.19804621799932,False,0.0,72.38227960881977,6.784233390820447,0.0,2882.854461070404,6199.68701305463,581.0831583905529
2037,96.6,72.38227960881977,2037.0,Saltend-CCGT,2179.7384288931,0.0,164.91708350379992,False,17.293534594388756,72.38227960881977,-13.228338489368909,39679.34939661202,157774.43643422986,157774.43643422986,-28834.317755683107
2037,96.6,72.38227960881977,2037.0,Immingham-CCGT,2178.7933907240995,0.0,166.00773363458555,False,17.293534594388756,72.38227960881977,-14.318988620154542,39662.14618580295,157706.03241724026,157706.03241724026,-31198.11776744631
2037,96.6,72.38227960881977,2037.0,Didcot B-CCGT,2663.1465497294994,0.0,168.98227960881977,True,17.293534594388756,72.38227960881977,-17.29353459438876,48479.17577649913,192764.61820178427,192764.61820178427,-46055.21698767416
2037,96.6,72.38227960881977,,Staythorpe Power Station-CCGT,0.0,0.0,169.40288726463294,False,17.293534594388756,0.0,-17.293534594388756,61810.193009594135,0.0,0.0,-61810.193009594135
2037,96.6,72.38227960881977,,Keadby-CCGT,0.0,0.0,176.90140497406722,False,17.293534594388756,0.0,-17.293534594388756,20590.136326959306,0.0,0.0,-20590.136326959306
2037,96.6,72.38227960881977,,Hooton Park ACT-W2E,0.0,0.0,179.27780846771287,False,0.0,0.0,0.0,0.0,0.0,0.0,0.0
2037,96.6,72.38227960881977,,Exeter-W2E,0.0,0.0,179.60333383475486,False,0.0,0.0,0.0,0.0,0.0,0.0,0.0
2037,96.6,72.38227960881977,,Bolton-W2E,0.0,0.0,181.92172711397333,False,0.0,0.0,0.0,0.0,0.0,0.0,0.0
2037,96.6,72.38227960881977,,West Burton B CCGT Power Station-CCGT,0.0,0.0,181.9230998694337,False,17.293534594388756,0.0,-17.293534594388756,40558.658239803844,0.0,0.0,-40558.658239803844
2037,96.6,72.38227960881977,,Levenseat ACT-W2E,0.0,0.0,183.8322948806435,False,0.0,0.0,0.0,0.0,0.0,0.0,0.0
2037,96.6,72.38227960881977,,Coolkeeragh-CCGT,0.0,0.0,184.70017000442445,False,17.293534594388756,0.0,-17.293534594388756,13146.704061576454,0.0,0.0,-13146.704061576454
2037,96.6,72.38227960881977,,Carrington CCGT-CCGT,0.0,0.0,189.2092334567789,False,17.293534594388756,0.0,-17.293534594388756,30465.95120069188,0.0,0.0,-30465.95120069188
2037,96.6,72.38227960881977,,Ballylumford-CCGT,0.0,0.0,195.1740589779237,False,17.293534594388756,0.0,-17.293534594388756,18990.507273306863,0.0,0.0,-18990.507273306863
2037,96.6,72.38227960881977,,Glasgow ACT-W2E,0.0,0.0,195.93562567320143,False,0.0,0.0,0.0,0.0,0.0,0.0,0.0
2037,96.6,72.38227960881977,,NESS-W2E,0.0,0.0,198.75501981615415,False,0.0,0.0,0.0,0.0,0.0,0.0,0.0
2037,96.6,72.38227960881977,,Energy Works ACT-W2E,0.0,0.0,201.40339180076796,False,0.0,0.0,0.0,0.0,0.0,0.0,0.0
2037,96.6,72.38227960881977,,Eco Park ACT-W2E,0.0,0.0,202.93011759687164,False,0.0,0.0,0.0,0.0,0.0,0.0,0.0
2037,96.6,72.38227960881977,,Kilroot-CCGT,0.0,0.0,207.3906503608189,False,17.293534594388756,0.0,-17.293534594388756,19291.197494611326,0.0,0.0,-19291.197494611326
2037,96.6,72.38227960881977,,Kings Lynn Power Station-CCGT,0.0,0.0,208.8847375922057,False,17.293534594388756,0.0,-17.293534594388756,11060.00889064729,0.0,0.0,-11060.00889064729
2037,96.6,72.38227960881977,,Spalding-CCGT,0.0,0.0,210.92034860788132,False,17.293534594388756,0.0,-17.293534594388756,24262.650746330237,0.0,0.0,-24262.650746330237
2037,96.6,72.38227960881977,,Seabank-CCGT,0.0,0.0,215.24318898826735,False,17.293534594388756,0.0,-17.293534594388756,29606.891209504436,0.0,0.0,-29606.891209504436
2037,96.6,72.38227960881977,,Shoreham Power Station-CCGT,0.0,0.0,223.96100678992715,False,17.293534594388756,0.0,-17.293534594388756,10632.11248390501,0.0,0.0,-10632.11248390501
2037,96.6,72.38227960881977,,Damhead Creek Power Station-CCGT,0.0,0.0,231.84613890879083,False,17.293534594388756,0.0,-17.293534594388756,17726.876920803617,0.0,0.0,-17726.876920803617
2037,96.6,72.38227960881977,,Cottam Development Centre-CCGT,0.0,0.0,238.4158800035795,False,17.293534594388756,0.0,-17.293534594388756,10017.344485263833,0.0,0.0,-10017.344485263833
2037,96.6,72.38227960881977,,Great Yarmouth Power Station-CCGT,0.0,0.0,240.013145571761,False,17.293534594388756,0.0,-17.293534594388756,10311.95819707587,0.0,0.0,-10311.95819707587
2037,96.6,72.38227960881977,,Little Barford-CCGT,0.0,0.0,240.7576776464302,False,17.293534594388756,0.0,-17.293534594388756,15951.044700254082,0.0,0.0,-15951.044700254082
2037,96.6,72.38227960881977,,South Humber-CCGT,0.0,0.0,246.5252661657621,False,17.293534594388756,0.0,-17.293534594388756,25765.804420105942,0.0,0.0,-25765.804420105942
2037,96.6,72.38227960881977,,Langage Energy Centre-CCGT,0.0,0.0,250.05603522765227,False,17.293534594388756,0.0,-17.293534594388756,20019.573371505445,0.0,0.0,-20019.573371505445
2037,96.6,72.38227960881977,,Grain CCGT-CCGT,0.0,0.0,256.5493066919562,False,17.293534594388756,0.0,-17.293534594388756,28409.94225079308,0.0,0.0,-28409.94225079308
2037,96.6,72.38227960881977,,Peterhead Power Station-CCGT,0.0,0.0,275.097064063588,False,17.293534594388756,0.0,-17.293534594388756,23361.75117955063,0.0,0.0,-23361.75117955063
2037,96.6,72.38227960881977,,Connahs Quay Power Station-CCGT,0.0,0.0,279.14393107084203,False,17.293534594388756,0.0,-17.293534594388756,23718.578603769092,0.0,0.0,-23718.578603769092
2037,96.6,72.38227960881977,,Medway-CCGT,0.0,0.0,311.36638697059976,False,17.293534594388756,0.0,-17.293534594388756,11138.05641557238,0.0,0.0,-11138.05641557238
2037,96.6,72.38227960881977,,Isle of Wight-W2E,0.0,0.0,378.6296091247897,False,0.0,0.0,0.0,0.0,0.0,0.0,0.0
2037,96.6,72.38227960881977,,Coryton-CCGT,0.0,0.0,386.8501086268143,False,17.293534594388756,0.0,-17.293534594388756,9317.008062784702,0.0,0.0,-9317.008062784702
2037,96.6,72.38227960881977,,Rye House-CCGT,0.0,0.0,392.2249091956061,False,17.293534594388756,0.0,-17.293534594388756,8360.110002629794,0.0,0.0,-8360.110002629794
2037,96.6,72.38227960881977,,Rocksavage-CCGT,0.0,0.0,430.77402140379735,False,17.293534594388756,0.0,-17.293534594388756,8332.142994912498,0.0,0.0,-8332.142994912498
2038,108.1,73.82309986943372,2026.0,Tees Valley-W2E,304.33924500000006,350.153755,88.11948048189508,False,0.0,73.82309986943372,73.82309986943372,0.0,22467.26647782306,48316.70210284529,48316.70210284529
2038,108.1,73.82309986943372,2027.0,Runcorn-W2E,411.702165,473.6788349999999,92.55278428419912,False,0.0,73.82309986943372,73.82309986943372,0.0,30393.13004325708,65361.56998549908,65361.56998549908
2038,108.1,73.82309986943372,2027.0,Riverside-W2E,342.00285,393.48714999999993,95.11886046105766,False,0.0,73.82309986943372,73.82309986943372,0.0,25247.71055118096,54296.15172296981,54296.15172296981
2038,108.1,73.82309986943372,2028.0,Wilton 11-W2E,178.79389499999996,205.70910499999997,95.57551058511204,False,0.0,73.82309986943372,73.82309986943372,0.0,13199.119566630043,28385.203369096867,28385.203369096867
2038,108.1,73.82309986943372,2028.0,Scunthorpe Power Station-chp,1562.2594042965,0.0,96.72056387395656,False,19.997313131119615,73.82309986943372,53.82578673831411,32885.25315763527,115330.83202534255,115330.83202534255,84089.84152558904
2038,108.1,73.82309986943372,2029.0,Ferrybridge FM1-W2E,285.29098500000003,328.238015,98.85154951082956,False,0.0,73.82309986943372,73.82309986943372,0.0,21061.06487750412,45292.6126397938,45292.6126397938
2038,108.1,73.82309986943372,2029.0,Ferrybridge FM2-W2E,283.559325,326.24567499999995,98.9301306912529,False,0.0,73.82309986943372,73.82309986943372,0.0,20933.228368384214,45017.69541588002,45017.69541588002
2038,108.1,73.82309986943372,2029.0,Drax-BECCS,0.0,10924.999999999998,99.24068628496312,False,0.0,73.82309986943372,73.82309986943372,0.0,0.0,806517.3660735632,806517.3660735632
2038,108.1,73.82309986943372,2032.0,Kemsley-W2E,245.02989,281.91610999999995,99.80091077600858,False,0.0,73.82309986943372,73.82309986943372,0.0,18088.866040466357,38900.78718379862,38900.78718379862
2038,108.1,73.82309986943372,2032.0,Allington-W2E,202.60422000000003,233.10378,100.90154534306674,False,0.0,73.82309986943372,73.82309986943372,0.0,14956.871567028722,32165.31519791123,32165.31519791123
2038,108.1,73.82309986943372,2032.0,Scunthorpe Blast Furnaces-stove,994.2298168221,0.0,101.76356955343398,False,19.997313131119615,73.82309986943372,53.82578673831411,20928.34207503919,73397.12706042668,73397.12706042668,53515.20208913946
2038,108.1,73.82309986943372,2032.0,Edmonton-W2E,209.53086,241.07314,102.28156448231805,False,0.0,73.82309986943372,73.82309986943372,0.0,15468.217603508334,33264.98409356631,33264.98409356631
2038,108.1,73.82309986943372,2032.0,Rookery South C-W2E,255.41985,293.8701499999999,103.38827027423388,False,0.0,73.82309986943372,73.82309986943372,0.0,18855.88509518578,40550.29052728124,40550.29052728124
2038,108.1,73.82309986943372,2032.0,SELCHP-W2E,169.269765,194.751235,105.54933952858303,False,0.0,73.82309986943372,73.82309986943372,0.0,12496.018766470577,26873.158637571134,26873.158637571134
2038,108.1,73.82309986943372,2032.0,Lakeside-W2E,178.79389499999996,205.70910499999997,105.75229786444092,False,0.0,73.82309986943372,73.82309986943372,0.0,13199.119566630043,28385.203369096867,28385.203369096867
2038,108.1,73.82309986943372,2032.0,Trident Park-W2E,177.92806500000003,204.712935,106.89966600386146,False,0.0,73.82309986943372,73.82309986943372,0.0,13135.201312070096,28247.74475713999,28247.74475713999
2038,108.1,73.82309986943372,2032.0,Severnside-W2E,173.598915,199.732085,107.69026084360516,False,0.0,73.82309986943372,73.82309986943372,0.0,12815.610039270336,27560.451697355562,27560.451697355562
2038,108.1,73.82309986943372,2033.0,Avonmouth-W2E,169.269765,194.751235,108.09353634841528,False,0.0,73.82309986943372,73.82309986943372,0.0,12496.018766470577,26873.158637571134,26873.158637571134
2038,108.1,73.82309986943372,2033.0,Beddington Lane-W2E,143.29486500000002,164.866135,108.33273184526364,False,0.0,73.82309986943372,73.59036802417008,0.0,10578.471129672023,22749.40027886457,22677.681400696278
2038,108.1,73.82309986943372,2033.0,Tyseley-W2E,157.148145,180.80485499999995,109.84350345016378,False,0.0,73.82309986943372,72.07959641926993,0.0,11601.16320263125,24948.73807017473,24359.51584868153
2038,108.1,73.82309986943372,2033.0,Allerton Park-W2E,117.31996499999998,134.98103499999996,110.24876424941378,False,0.0,73.82309986943372,71.67433562001993,0.0,8660.923492873468,18625.641920157992,18083.506551266644
2038,108.1,73.82309986943372,2033.0,Four Ashes-W2E,143.29486500000002,164.866135,111.41254904821844,False,0.0,73.82309986943372,70.51055082121528,0.0,10578.471129672023,22749.40027886457,21728.601851616524
2038,108.1,73.82309986943372,2033.0,Ardley-W2E,147.19109999999998,169.34889999999996,111.75263386171072,False,0.0,73.82309986943372,70.170466007723,0.0,10866.103275191805,23367.96403267055,22211.759310084635
2038,108.1,73.82309986943372,2033.0,Great Blakenham-W2E,127.709925,146.93507499999996,111.99950117220564,False,0.0,73.82309986943372,69.92359869722807,0.0,9427.94254759289,20275.14526364062,19204.166764200203
2038,108.1,73.82309986943372,2033.0,North Hykeham-W2E,76.625955,88.16104499999999,112.24726485697003,False,0.0,73.82309986943372,69.67583501246368,0.0,5656.765528555734,12165.087158184373,11481.671824198851
2038,108.1,73.82309986943372,2033.0,Scunthorpe Sinter-sinter,633.6026468814001,0.0,112.48245883079248,False,19.997313131119615,73.82309986943372,49.44332790752162,13337.211084624807,46774.51147826315,46774.51147826315,31327.423432830696
2038,108.1,73.82309986943372,2033.0,Coventry-W2E,126.41118,145.44081999999997,114.86629159129888,False,0.0,73.82309986943372,67.05680827813484,0.0,9332.065165752962,20068.957345705294,18229.52744402751
2038,108.1,73.82309986943372,2033.0,Greatmoor-W2E,119.48454,137.47145999999998,115.52278790869914,False,0.0,73.82309986943372,66.40031196073457,0.0,8820.719129273348,18969.288450050208,17061.95856018251
2038,108.1,73.82309986943372,2033.0,South Killingholme-crackers,381.3657875526,0.0,119.41657844198282,False,19.997313131119615,73.82309986943372,42.50920829633128,8027.674811774086,28153.604621280832,28153.604621280832,16211.557700167898
2038,108.1,73.82309986943372,2033.0,Marchwood-W2E,90.479235,104.09976499999998,119.76307582774996,False,0.0,73.82309986943372,62.160024041683755,0.0,6679.457601514963,14364.424949494542,12095.035318006781
2038,108.1,73.82309986943372,2033.0,New Rugby-cement,866.2032106008,0.0,119.94033644561048,False,7.399005858514258,73.82309986943372,54.58375756530897,6746.360663051767,63945.80612340699,63945.80612340699,47280.62604972634
2038,108.1,73.82309986943372,2033.0,Dunbar-W2E,154.11774,177.31825999999995,120.88122377816076,False,0.0,73.82309986943372,61.041876091272954,0.0,11377.44931167142,24467.632928325627,20231.47524418714
2038,108.1,73.82309986943372,2033.0,Portsmouth-W2E,82.25384999999999,94.63614999999996,121.9344089585544,False,0.0,73.82309986943372,59.98869091087931,0.0,6072.23418319542,13058.568135904125,10611.399535225437
2038,108.1,73.82309986943372,2033.0,Grangemouth Power Station-CCGT,502.2772817634001,0.0,122.37005813568526,False,19.997313131119615,73.82309986943372,39.55572860262885,10572.83798112664,37079.66593376718,37079.66593376718,19867.943840699194
2038,108.1,73.82309986943372,2034.0,Newhurst-W2E,129.00867,148.42932999999996,122.92780800610014,False,0.0,73.82309986943372,58.99529186333358,0.0,9523.819929432817,20481.333181575952,16367.53578397954
2038,108.1,73.82309986943372,2034.0,Fawley Refinery-crackers,600.55012751238,0.0,123.76948009124162,False,19.997313131119615,73.82309986943372,38.15630664707248,12641.462053472502,44334.47203994758,44334.47203994758,22914.77482230085
2038,108.1,73.82309986943372,2034.0,South Killingholme-smr,225.005814656034,0.0,124.23754446793583,False,19.997313131119615,73.82309986943372,37.68824227037827,4736.32813894671,16610.626726555693,16610.626726555693,8480.073655000439
2038,108.1,73.82309986943372,2034.0,Hope Cement Works-cement,1003.4760721869,0.0,124.28720193448665,False,7.399005858514258,73.82309986943372,50.23689207643281,7815.500354726052,74079.7142936406,74079.7142936406,50411.519139735996
2038,108.1,73.82309986943372,2034.0,Parc Adfer-W2E,89.61340500000001,103.103595,125.7346990960452,False,0.0,73.82309986943372,56.18840077338851,0.0,6615.539346955012,14226.966337537659,10828.460031845114
2038,108.1,73.82309986943372,2034.0,Eastcroft-W2E,80.52219,92.64380999999996,125.9173094124788,False,0.0,73.82309986943372,56.00579045695491,0.0,5944.397674075517,12783.650911990355,9698.298710269051
2038,108.1,73.82309986943372,2034.0,Tunstead Cement-cement,621.4191773385,0.0,126.32727118201583,False,7.399005858514258,73.82309986943372,48.19682282890362,4839.878035495445,45875.08998944143,45875.08998944143,29950.429992666726
2038,108.1,73.82309986943372,2034.0,Stanlow Refinery-crackers,352.7227045224,0.0,127.0371190337797,False,19.997313131119615,73.82309986943372,34.8886677045344,7424.743548199804,26039.0834421739,26039.0834421739,12306.025229926687
2038,108.1,73.82309986943372,2034.0,Fawley Refinery-smr,354.32457523230414,0.0,127.12699478695876,False,19.997313131119615,73.82309986943372,34.79879195135534,7458.462611548775,26157.33850356907,26157.33850356907,12330.067176761306
2038,108.1,73.82309986943372,2034.0,Millerhill-W2E,70.565145,81.18785499999998,127.43285186483614,False,0.0,73.82309986943372,54.490248004597575,0.0,5209.337746636072,11202.876874486174,8269.058605441694
2038,108.1,73.82309986943372,2034.0,Padeswood-cement,470.6002227744,0.0,127.4850460006812,False,7.399005858514258,73.82309986943372,47.03904801023826,3665.2355845535794,34741.167244452285,34741.167244452285,22136.58647271382
2038,108.1,73.82309986943372,2034.0,South Killingholme-distillation,324.16091941971,0.0,128.70945593540847,False,19.997313131119615,73.82309986943372,33.21633080290563,6823.523590007972,23930.563928088708,23930.563928088708,10767.436332819123
2038,108.1,73.82309986943372,2034.0,Ketton-cement,635.4803405793001,0.0,129.98256974643843,False,7.399005858514258,73.82309986943372,44.541524264481026,4949.392382017765,46913.12864764743,46913.12864764743,28305.26300951356
2038,108.1,73.82309986943372,2034.0,South Killingholme-power,568.235023453374,0.0,130.1966886940948,False,19.997313131119615,73.82309986943372,31.7290980442193,11961.235469543384,41948.870885708435,41948.870885708435,18029.584771311354
2038,108.1,73.82309986943372,2034.0,Newhaven-W2E,91.77798,105.59401999999996,130.2947760528612,False,0.0,73.82309986943372,51.628323816572504,0.0,6775.33498335489,14570.612867429869,10189.985528324545
2038,108.1,73.82309986943372,2034.0,Leeds-W2E,77.05887,88.65912999999998,130.72273227888334,False,0.0,73.82309986943372,51.20036759055037,0.0,5688.72465583571,12233.816464162814,8484.822516370825
2038,108.1,73.82309986943372,2034.0,Ribblesdale-cement,487.7708319975,0.0,131.22283623409905,False,7.399005858514258,73.82309986943372,43.30125777682041,3798.9676248019746,36008.75484394822,36008.75484394822,21121.09053233791
2038,108.1,73.82309986943372,2035.0,Hanford-W2E,80.08927500000001,92.145725,131.66934911672453,False,0.0,73.82309986943372,50.25375075270918,0.0,5912.438546795543,12714.921606011918,8655.454760892866
2038,108.1,73.82309986943372,2035.0,Fawley Refinery-distillation,510.4676083855231,0.0,132.12222727391224,False,19.997313131119615,73.82309986943372,29.803559464401857,10745.24274545163,37684.30123395545,37684.30123395545,15213.751721168937
2038,108.1,73.82309986943372,2035.0,Stanlow Refinery-smr,208.10639566821592,0.0,132.18064919232714,False,19.997313131119615,73.82309986943372,29.745137545986964,4380.598693437884,15363.059230882593,15363.059230882593,6190.153363350669
2038,108.1,73.82309986943372,2035.0,Kirklees-W2E,57.14477999999999,65.74721999999997,132.2826363227577,False,0.0,73.82309986943372,49.64046354667602,0.0,4218.604800956818,9072.268389154446,6100.415846178107
2038,108.1,73.82309986943372,2035.0,Lindsey Oil Refinery-crackers,173.99875600422,0.0,132.48929210893525,False,19.997313131119615,73.82309986943372,29.436494629378856,3662.639587622807,12845.127541656764,12845.127541656764,5121.913446636824
2038,108.1,73.82309986943372,2035.0,South Killingholme-remaining,358.48384029944395,0.0,132.82916790483205,False,19.997313131119615,73.82309986943372,29.096618833482054,7546.014323067641,26464.38834400398,26464.38834400398,10430.667659155773
2038,108.1,73.82309986943372,2035.0,Fawley Refinery-power,894.8196899934462,0.0,134.32186480576613,False,19.997313131119615,73.82309986943372,27.603921932547976,18835.778459674024,66058.3633395219,66058.3633395219,24700.53286628587
2038,108.1,73.82309986943372,2035.0,Baldovie-W2E,81.38802,93.63997999999998,134.50224562921326,False,0.0,73.82309986943372,47.42085424022045,0.0,6008.3159286354685,12921.109523947242,8299.977275957302
2038,108.1,73.82309986943372,2035.0,Pembroke Refinery-crackers,453.1676492086801,0.0,135.6974630648525,False,19.997313131119615,73.82309986943372,26.22832367346159,9539.0898759151,33454.24062512889,33454.24062512889,11885.82778178696
2038,108.1,73.82309986943372,2035.0,Fawley Refinery-remaining,564.5171198616373,0.0,136.13383164089475,False,19.997313131119615,73.82309986943372,25.791955097419347,11882.974330264153,41674.40371755073,41674.40371755073,14560.000207195844
2038,108.1,73.82309986943372,2035.0,Stanlow Refinery-distillation,299.81429884404,0.0,136.513911998797,False,19.997313131119615,73.82309986943372,25.411874739517103,6311.032015969833,22133.220925847814,22133.220925847814,7618.843407340893
2038,108.1,73.82309986943372,2035.0,Dunbar Works-cement,421.0548381849,0.0,136.98298025518972,False,7.399005858514258,73.82309986943372,37.54111375572974,3279.354962616682,31083.573369832127,31083.573369832127,15806.86757769971
2038,108.1,73.82309986943372,2035.0,Stanlow Refinery-power,525.5568297383759,0.0,137.82970188412523,False,19.997313131119615,73.82309986943372,24.096084854188874,11062.867886817707,38798.2343288391,38798.2343288391,12663.8619650744
2038,108.1,73.82309986943372,2035.0,Hartlebury-W2E,90.91214999999998,104.59784999999997,138.13632582553586,False,0.0,73.82309986943372,43.78677404389785,0.0,6711.416728794938,14433.154255472982,8560.752193322465
2038,108.1,73.82309986943372,2035.0,Cauldon Cement-cement,510.3056236515,0.0,138.4784310020895,False,7.399005858514258,73.82309986943372,36.04566300882995,3974.4782095054957,37672.34301875834,37672.34301875834,18394.30454165277
2038,108.1,73.82309986943372,2035.0,Javelin Park-W2E,81.38802,93.63997999999998,139.3228290773164,False,0.0,73.82309986943372,42.6002707921173,0.0,6008.3159286354685,12921.109523947242,7456.240196202705
2038,108.1,73.82309986943372,2035.0,Sheffield-W2E,100.003365,115.05763499999998,139.8343235952813,False,0.0,73.82309986943372,42.08877627415242,0.0,7382.558401674432,15876.469681020284,9051.654314295492
2038,108.1,73.82309986943372,2035.0,Pembroke Refinery-smr,267.3689130331212,0.0,139.8863360016444,False,19.997313131119615,73.82309986943372,22.039450736669707,5628.063026789909,19738.001968826044,19738.001968826044,5892.663987310402
2038,108.1,73.82309986943372,2035.0,Chineham-W2E,44.590245,51.30275499999999,140.32141856258616,False,0.0,73.82309986943372,41.60168130684755,0.0,3291.790109837518,7079.118515779608,3989.3100255575323
2038,108.1,73.82309986943372,2035.0,Stanlow Refinery-remaining,331.559342251056,0.0,140.6432980315675,False,19.997313131119615,73.82309986943372,21.282488706746605,6979.258935307815,24476.738435643463,24476.738435643463,7056.4079570744325
2038,108.1,73.82309986943372,2035.0,Grangemouth Refinery-crackers,193.40584394892005,0.0,140.79770433532283,False,19.997313131119615,73.82309986943372,21.128082402991268,4071.1549714052735,14277.818933173237,14277.818933173237,4086.294608172853
2038,108.1,73.82309986943372,2035.0,Lindsey Oil Refinery-smr,102.6592660424898,0.0,141.9929815759613,False,19.997313131119615,73.82309986943372,19.932805162352807,2160.957356697456,7578.625249577491,7578.625249577491,2046.287148135091
2038,108.1,73.82309986943372,2035.0,Lindsey Oil Refinery-power,259.2581464462878,0.0,142.81115560903552,False,19.997313131119615,73.82309986943372,19.114631129278578,5457.332985557983,19139.24003706858,19139.24003706858,4955.623836581278
2038,108.1,73.82309986943372,2036.0,Wolverhampton-W2E,42.42567,48.81233,142.87736864384428,False,0.0,73.82309986943372,39.045731225589435,0.0,3131.9944734376377,6735.471985887393,3562.4544255603287
2038,108.1,73.82309986943372,2036.0,Devonport-W2E,111.259155,128.00784499999995,143.82236892306247,False,0.0,73.82309986943372,38.10073094637124,0.0,8213.495710953806,17663.431636459794,9116.247591345405
2038,108.1,73.82309986943372,2036.0,Lindsey Oil Refinery-distillation,147.89894260358702,0.0,144.05717677984146,False,19.997313131119615,73.82309986943372,17.868609958472646,3113.2436494793865,10918.35841040825,10918.35841040825,2642.7485186540293
2038,108.1,73.82309986943372,2036.0,Pembroke Refinery-distillation,385.192501827378,0.0,144.60895225355458,False,19.997313131119615,73.82309986943372,17.316834484759525,8108.2263945278355,28436.104531359557,28436.104531359557,6670.314798915136
2038,108.1,73.82309986943372,2036.0,Cornwall-W2E,103.46668499999998,119.04231499999996,145.15316997971505,False,0.0,73.82309986943372,36.76992988971867,0.0,7638.231419914238,16426.304128847823,8181.64032983141
2038,108.1,73.82309986943372,2036.0,Pembroke Refinery-power,675.2197973209334,0.0,146.4191539632569,False,19.997313131119615,73.82309986943372,15.506632775057213,14213.243915113497,49846.818531442055,49846.818531442055,10470.385439504274
2038,108.1,73.82309986943372,2036.0,Lindsey Oil Refinery-remaining,163.5588306439668,0.0,148.07743604588833,False,19.997313131119615,73.82309986943372,13.848350692425768,3442.881212365439,12074.419889157356,12074.419889157356,2265.0200456007265
2038,108.1,73.82309986943372,2036.0,Pembroke Refinery-remaining,425.97759025615926,0.0,148.6969572317184,False,19.997313131119615,73.82309986943372,13.228829506595716,8966.744483360195,31446.98618762116,31446.98618762116,5635.184915129219
2038,108.1,73.82309986943372,2036.0,Grangemouth Refinery-smr,114.1094479298628,0.0,149.4429641100151,False,19.997313131119615,73.82309986943372,12.48282262829899,2401.981433129111,8423.913170572208,8423.913170572208,1424.4079987215966
2038,108.1,73.82309986943372,2036.0,Milton Keynes ACT-W2E,35.066115,40.344885,149.91840922239953,False,0.0,73.82309986943372,32.00469064703418,0.0,2588.689309678048,5567.0737842538665,2413.5057263834947
2038,108.1,73.82309986943372,2036.0,Belfast ACT-W2E,48.48648,55.785519999999984,151.16178010182253,False,0.0,73.82309986943372,30.761319767611184,0.0,3579.422255357301,7697.682269585592,3207.544334808353
2038,108.1,73.82309986943372,2036.0,Grangemouth Refinery-power,288.1747074838908,0.0,151.2758042923232,False,19.997313131119615,73.82309986943372,10.649982445990915,6066.020907393857,21273.95021042812,21273.95021042812,3069.055576082004
2038,108.1,73.82309986943372,2036.0,Peterborough-W2E,36.797775,42.33722499999999,151.58940342877088,False,0.0,73.82309986943372,30.333696440662834,0.0,2716.5258187979516,5841.991008167637,2400.4570678318532
2038,108.1,73.82309986943372,2036.0,Grangemouth Refinery-distillation,164.394967356582,0.0,151.9931581726091,False,19.997313131119615,73.82309986943372,9.932628565705002,3460.4817256944825,12136.146093197249,12136.146093197249,1632.8741488241276
2038,108.1,73.82309986943372,2036.0,Pembroke Power Station-CCGT,5026.790800587,0.0,153.5814237169616,False,19.997313131119615,73.82309986943372,8.344363021352493,105812.95756207337,371093.2792944848,371093.2792944848,41945.36727249306
2038,108.1,73.82309986943372,2037.0,NewLincs-W2E,24.24324,27.892759999999992,154.91229031794154,False,0.0,73.82309986943372,27.010809551492173,0.0,1789.7111276786504,3848.841134792796,1408.2355667765958
2038,108.1,73.82309986943372,2037.0,Grangemouth Refinery-remaining,181.8014933119848,0.0,156.05875268873913,False,19.997313131119615,73.82309986943372,5.867034049574968,3826.885673120956,13421.149797182841,13421.149797182841,1066.635551524991
2038,108.1,73.82309986943372,2037.0,Dudley-W2E,29.871135,34.367864999999995,157.17271920148522,False,0.0,73.82309986943372,24.75038066794849,0.0,2205.179782318337,4742.322112512552,1589.939703728343
2038,108.1,73.82309986943372,2037.0,Marchwood  Power  Station-CCGT,1815.7533444639,0.0,159.62812813767613,False,19.997313131119615,73.82309986943372,2.2976586006379733,38221.250734865585,134044.54048661678,134044.54048661678,4171.9812885446445
2038,108.1,73.82309986943372,2037.0,Baddesley-W2E,41.55984,47.81616,160.35967910131896,False,0.0,73.82309986943372,21.563420768114753,0.0,3068.076218877686,6598.013373930508,1927.2522945710243
2038,108.1,73.82309986943372,2037.0,Enfield Power Station-CCGT,806.3891587964999,0.0,162.1675537167806,False,19.997313131119615,73.82309986943372,-0.24176697846648665,16974.333172625,59530.14740346266,59530.14740346266,-194.9582703903617
2038,108.1,73.82309986943372,2037.0,Battlefield-W2E,39.82818,45.82381999999999,162.19804621799932,False,0.0,73.82309986943372,19.725053651434393,0.0,2940.2397097577827,6323.096150016736,1689.4902953526584
2038,108.1,73.82309986943372,2037.0,Saltend-CCGT,2179.7384288931,0.0,164.91708350379992,False,19.997313131119615,73.82309986943372,-2.9912967654858136,45883.0651647474,160915.04772541785,160915.04772541785,-6520.2445119530585
2038,108.1,73.82309986943372,2037.0,Immingham-CCGT,2178.7933907240995,0.0,166.00773363458555,False,19.997313131119615,73.82309986943372,-4.081946896271447,45863.17229718282,160845.28207828733,160845.28207828733,-8893.71891888298
2038,108.1,73.82309986943372,2037.0,Didcot B-CCGT,2663.1465497294994,0.0,168.98227960881977,False,19.997313131119615,73.82309986943372,-7.056492870505664,56058.71102000172,196601.73370761867,196601.73370761867,-18792.47464127797
2038,108.1,73.82309986943372,2038.0,Staythorpe Power Station-CCGT,3395.4703151412,0.0,169.40288726463294,False,19.997313131119615,73.82309986943372,-7.477100526318836,71473.98223084207,250664.14417836638,250664.14417836638,-25388.272880442248
2038,108.1,73.82309986943372,2038.0,Keadby-CCGT,1131.0949420923002,0.0,176.90140497406722,False,19.997313131119615,73.82309986943372,-14.975618235753117,23809.326040047723,83500.93487189124,83500.93487189124,-16938.84604116557
2038,108.1,73.82309986943372,2038.0,Hooton Park ACT-W2E,35.499030000000005,40.84297,179.27780846771287,False,0.0,73.82309986943372,2.64529140172084,0.0,2620.648436958024,5635.80309023231,201.9468361901724
2038,108.1,73.82309986943372,2038.0,Exeter-W2E,27.273645,31.379354999999997,179.60333383475486,False,0.0,73.82309986943372,2.3197660346788496,0.0,2013.4250186384816,4329.946276641896,136.06123723201856
2038,108.1,73.82309986943372,2038.0,Bolton-W2E,35.066115,40.344885,181.92172711397333,False,0.0,73.82309986943372,0.0013727554603804037,0.0,2588.689309678048,5567.0737842538665,0.10352086202274663
2038,108.1,73.82309986943372,2038.0,West Burton B CCGT Power Station-CCGT,2228.0422268514,0.0,181.9230998694337,True,19.997313131119615,73.82309986943372,-19.99731313111961,46899.85061021525,164480.9838261664,164480.9838261664,-44554.85807970448
2038,108.1,73.82309986943372,,Levenseat ACT-W2E,0.0,0.0,183.8322948806435,False,0.0,0.0,0.0,0.0,0.0,0.0,0.0
2038,108.1,73.82309986943372,,Coolkeeragh-CCGT,0.0,0.0,184.70017000442445,False,19.997313131119615,0.0,-19.997313131119615,15202.141374083778,0.0,0.0,-15202.141374083778
2038,108.1,73.82309986943372,,Carrington CCGT-CCGT,0.0,0.0,189.2092334567789,False,19.997313131119615,0.0,-19.997313131119615,35229.187108766346,0.0,0.0,-35229.187108766346
2038,108.1,73.82309986943372,,Ballylumford-CCGT,0.0,0.0,195.1740589779237,False,19.997313131119615,0.0,-19.997313131119615,21959.601051501788,0.0,0.0,-21959.601051501788
2038,108.1,73.82309986943372,,Glasgow ACT-W2E,0.0,0.0,195.93562567320143,False,0.0,0.0,0.0,0.0,0.0,0.0,0.0
2038,108.1,73.82309986943372,,NESS-W2E,0.0,0.0,198.75501981615415,False,0.0,0.0,0.0,0.0,0.0,0.0,0.0
2038,108.1,73.82309986943372,,Energy Works ACT-W2E,0.0,0.0,201.40339180076796,False,0.0,0.0,0.0,0.0,0.0,0.0,0.0
2038,108.1,73.82309986943372,,Eco Park ACT-W2E,0.0,0.0,202.93011759687164,False,0.0,0.0,0.0,0.0,0.0,0.0,0.0
2038,108.1,73.82309986943372,,Kilroot-CCGT,0.0,0.0,207.3906503608189,False,19.997313131119615,0.0,-19.997313131119615,22307.303048341815,0.0,0.0,-22307.303048341815
2038,108.1,73.82309986943372,,Kings Lynn Power Station-CCGT,0.0,0.0,208.8847375922057,False,19.997313131119615,0.0,-19.997313131119615,12789.19932834344,0.0,0.0,-12789.19932834344
2038,108.1,73.82309986943372,,Spalding-CCGT,0.0,0.0,210.92034860788132,False,19.997313131119615,0.0,-19.997313131119615,28056.02415846139,0.0,0.0,-28056.02415846139
2038,108.1,73.82309986943372,,Seabank-CCGT,0.0,0.0,215.24318898826735,False,19.997313131119615,0.0,-19.997313131119615,34235.816346506654,0.0,0.0,-34235.816346506654
2038,108.1,73.82309986943372,,Shoreham Power Station-CCGT,0.0,0.0,223.96100678992715,False,19.997313131119615,0.0,-19.997313131119615,12294.402941485503,0.0,0.0,-12294.402941485503
2038,108.1,73.82309986943372,,Damhead Creek Power Station-CCGT,0.0,0.0,231.84613890879083,False,19.997313131119615,0.0,-19.997313131119615,20498.40688653371,0.0,0.0,-20498.40688653371
2038,108.1,73.82309986943372,,Cottam Development Centre-CCGT,0.0,0.0,238.4158800035795,False,19.997313131119615,0.0,-19.997313131119615,11583.518298168672,0.0,0.0,-11583.518298168672
2038,108.1,73.82309986943372,,Great Yarmouth Power Station-CCGT,0.0,0.0,240.013145571761,False,19.997313131119615,0.0,-19.997313131119615,11924.193746306286,0.0,0.0,-11924.193746306286
2038,108.1,73.82309986943372,,Little Barford-CCGT,0.0,0.0,240.7576776464302,False,19.997313131119615,0.0,-19.997313131119615,18444.930034312703,0.0,0.0,-18444.930034312703
2038,108.1,73.82309986943372,,South Humber-CCGT,0.0,0.0,246.5252661657621,False,19.997313131119615,0.0,-19.997313131119615,29794.190207433177,0.0,0.0,-29794.190207433177
2038,108.1,73.82309986943372,,Langage Energy Centre-CCGT,0.0,0.0,250.05603522765227,False,19.997313131119615,0.0,-19.997313131119615,23149.55773074385,0.0,0.0,-23149.55773074385
2038,108.1,73.82309986943372,,Grain CCGT-CCGT,0.0,0.0,256.5493066919562,False,19.997313131119615,0.0,-19.997313131119615,32851.728958316795,0.0,0.0,-32851.728958316795
2038,108.1,73.82309986943372,,Peterhead Power Station-CCGT,0.0,0.0,275.097064063588,False,19.997313131119615,0.0,-19.997313131119615,27014.272361669813,0.0,0.0,-27014.272361669813
2038,108.1,73.82309986943372,,Connahs Quay Power Station-CCGT,0.0,0.0,279.14393107084203,False,19.997313131119615,0.0,-19.997313131119615,27426.88840016218,0.0,0.0,-27426.88840016218
2038,108.1,73.82309986943372,,Medway-CCGT,0.0,0.0,311.36638697059976,False,19.997313131119615,0.0,-19.997313131119615,12879.449287744008,0.0,0.0,-12879.449287744008
2038,108.1,73.82309986943372,,Isle of Wight-W2E,0.0,0.0,378.6296091247897,False,0.0,0.0,0.0,0.0,0.0,0.0,0.0
2038,108.1,73.82309986943372,,Coryton-CCGT,0.0,0.0,386.8501086268143,False,19.997313131119615,0.0,-19.997313131119615,10773.686932521337,0.0,0.0,-10773.686932521337
2038,108.1,73.82309986943372,,Rye House-CCGT,0.0,0.0,392.2249091956061,False,19.997313131119615,0.0,-19.997313131119615,9667.18149032634,0.0,0.0,-9667.18149032634
2038,108.1,73.82309986943372,,Rocksavage-CCGT,0.0,0.0,430.77402140379735,False,19.997313131119615,0.0,-19.997313131119615,9634.841947035711,0.0,0.0,-9634.841947035711
2039,110.39999999999999,121.44613890879084,2026.0,Tees Valley-W2E,304.33924500000006,350.153755,88.11948048189508,False,0.0,121.44613890879084,121.44613890879084,0.0,36960.82622366654,79485.64779283125,79485.64779283125
2039,110.39999999999999,121.44613890879084,2027.0,Runcorn-W2E,411.702165,473.6788349999999,92.55278428419912,False,0.0,121.44613890879084,121.44613890879084,0.0,49999.638319639926,107526.10391320413,107526.10391320413
2039,110.39999999999999,121.44613890879084,2027.0,Riverside-W2E,342.00285,393.48714999999993,95.11886046105766,False,0.0,121.44613890879084,121.44613890879084,0.0,41534.925628302364,89322.42070602658,89322.42070602658
2039,110.39999999999999,121.44613890879084,2028.0,Wilton 11-W2E,178.79389499999996,205.70910499999997,95.57551058511204,False,0.0,121.44613890879084,121.44613890879084,0.0,21713.82820821376,46696.4047488468,46696.4047488468
2039,110.39999999999999,121.44613890879084,2028.0,Scunthorpe Power Station-chp,1562.2594042965,0.0,96.72056387395656,False,38.403499318287814,121.44613890879084,83.04263959050303,63153.924176725646,189730.37262575756,189730.37262575756,129734.14465786821
2039,110.39999999999999,121.44613890879084,2029.0,Ferrybridge FM1-W2E,285.29098500000003,328.238015,98.85154951082956,False,0.0,121.44613890879084,121.44613890879084,0.0,34647.48859373577,74510.72815857154,74510.72815857154
2039,110.39999999999999,121.44613890879084,2029.0,Ferrybridge FM2-W2E,283.559325,326.24567499999995,98.9301306912529,False,0.0,121.44613890879084,121.44613890879084,0.0,34437.18517283297,74058.4627372752,74058.4627372752
2039,110.39999999999999,121.44613890879084,2029.0,Drax-BECCS,0.0,10924.999999999998,99.24068628496312,False,0.0,121.44613890879084,121.44613890879084,0.0,0.0,1326799.0675785397,1326799.0675785397
2039,110.39999999999999,121.44613890879084,2032.0,Kemsley-W2E,245.02989,281.91610999999995,99.80091077600858,False,0.0,121.44613890879084,121.44613890879084,0.0,29757.93405774574,63995.55711343169,63995.55711343169
2039,110.39999999999999,121.44613890879084,2032.0,Allington-W2E,202.60422000000003,233.10378,100.90154534306674,False,0.0,121.44613890879084,121.44613890879084,0.0,24605.500245627223,52915.05429167144,52915.05429167144
2039,110.39999999999999,121.44613890879084,2032.0,Scunthorpe Blast Furnaces-stove,994.2298168221,0.0,101.76356955343398,False,38.403499318287814,121.44613890879084,83.04263959050303,40191.477992156775,120745.37244103843,120745.37244103843,82563.46834848949
2039,110.39999999999999,121.44613890879084,2032.0,Edmonton-W2E,209.53086,241.07314,102.28156448231805,False,0.0,121.44613890879084,121.44613890879084,0.0,25446.713929238405,54724.11597685679,54724.11597685679
2039,110.39999999999999,121.44613890879084,2032.0,Rookery South C-W2E,255.41985,293.8701499999999,103.38827027423388,False,0.0,121.44613890879084,121.44613890879084,0.0,31019.75458316252,66709.14964120972,66709.14964120972
2039,110.39999999999999,121.44613890879084,2032.0,SELCHP-W2E,169.269765,194.751235,105.54933952858303,False,0.0,121.44613890879084,121.44613890879084,0.0,20557.159393248385,44208.94493171696,44208.94493171696
2039,110.39999999999999,121.44613890879084,2032.0,Lakeside-W2E,178.79389499999996,205.70910499999997,105.75229786444092,False,0.0,121.44613890879084,121.44613890879084,0.0,21713.82820821376,46696.4047488468,46696.4047488468
2039,110.39999999999999,121.44613890879084,2032.0,Trident Park-W2E,177.92806500000003,204.712935,106.89966600386146,False,0.0,121.44613890879084,121.44613890879084,0.0,21608.67649776237,46470.27203819864,46470.27203819864
2039,110.39999999999999,121.44613890879084,2032.0,Severnside-W2E,173.598915,199.732085,107.69026084360516,False,0.0,121.44613890879084,121.44613890879084,0.0,21082.917945505375,45339.6084849578,45339.6084849578
2039,110.39999999999999,121.44613890879084,2033.0,Avonmouth-W2E,169.269765,194.751235,108.09353634841528,False,0.0,121.44613890879084,121.44613890879084,0.0,20557.159393248385,44208.94493171696,44208.94493171696
2039,110.39999999999999,121.44613890879084,2033.0,Beddington Lane-W2E,143.29486500000002,164.866135,108.33273184526364,False,0.0,121.44613890879084,121.44613890879084,0.0,17402.60807970643,37424.9636122719,37424.9636122719
2039,110.39999999999999,121.44613890879084,2033.0,Tyseley-W2E,157.148145,180.80485499999995,109.84350345016378,False,0.0,121.44613890879084,121.44613890879084,0.0,19085.035446928807,41043.08698264259,41043.08698264259
2039,110.39999999999999,121.44613890879084,2033.0,Allerton Park-W2E,117.31996499999998,134.98103499999996,110.24876424941378,False,0.0,121.44613890879084,121.44613890879084,0.0,14248.056766164478,30640.98229282683,30640.98229282683
2039,110.39999999999999,121.44613890879084,2033.0,Four Ashes-W2E,143.29486500000002,164.866135,111.41254904821844,False,0.0,121.44613890879084,120.4335898605724,0.0,17402.60807970643,37424.9636122719,37112.93548502386
2039,110.39999999999999,121.44613890879084,2033.0,Ardley-W2E,147.19109999999998,169.34889999999996,111.75263386171072,False,0.0,121.44613890879084,120.09350504708011,0.0,17875.790776737722,38442.56081018865,38014.398087602734
2039,110.39999999999999,121.44613890879084,2033.0,Great Blakenham-W2E,127.709925,146.93507499999996,111.99950117220564,False,0.0,121.44613890879084,119.8466377365852,0.0,15509.87729158126,33354.57482060486,32915.27982116444
2039,110.39999999999999,121.44613890879084,2033.0,North Hykeham-W2E,76.625955,88.16104499999999,112.24726485697003,False,0.0,121.44613890879084,119.5988740518208,0.0,9305.926374948756,20012.744892362913,19708.33965837739
2039,110.39999999999999,121.44613890879084,2033.0,Scunthorpe Sinter-sinter,633.6026468814001,0.0,112.48245883079248,False,38.403499318287814,121.44613890879084,80.96018075971054,25613.2198079739,76948.59506613607,76948.59506613607,51296.5848213492
2039,110.39999999999999,121.44613890879084,2033.0,Coventry-W2E,126.41118,145.44081999999997,114.86629159129888,False,0.0,121.44613890879084,116.97984731749196,0.0,15352.149725904163,33015.37575463261,31801.205452954822
2039,110.39999999999999,121.44613890879084,2033.0,Greatmoor-W2E,119.48454,137.47145999999998,115.52278790869914,False,0.0,121.44613890879084,116.32335100009169,0.0,14510.936042292975,31206.314069447257,29889.982979579556
2039,110.39999999999999,121.44613890879084,2033.0,South Killingholme-crackers,381.3657875526,0.0,119.41657844198282,False,38.403499318287814,121.44613890879084,74.0260611485202,15416.611328731125,46315.402410173476,46315.402410173476,28231.00710932233
2039,110.39999999999999,121.44613890879084,2033.0,Marchwood-W2E,90.479235,104.09976499999998,119.76307582774996,False,0.0,121.44613890879084,112.08306308104088,0.0,10988.35374217113,23630.86826273361,21809.01033124585
2039,110.39999999999999,121.44613890879084,2033.0,New Rugby-cement,866.2032106008,0.0,119.94033644561048,False,14.20929474776649,121.44613890879084,97.69650771541386,12955.933400935177,105197.03543786537,105197.03543786537,84625.02864757732
2039,110.39999999999999,121.44613890879084,2033.0,Dunbar-W2E,154.11774,177.31825999999995,120.88122377816076,False,0.0,121.44613890879084,110.96491513063008,0.0,18717.00446034891,40251.622495373995,36777.767611235504
2039,110.39999999999999,121.44613890879084,2033.0,Portsmouth-W2E,82.25384999999999,94.63614999999996,121.9344089585544,False,0.0,121.44613890879084,109.91172995023643,0.0,9989.412492882844,21482.607511576003,19442.285910897313
2039,110.39999999999999,121.44613890879084,2033.0,Grangemouth Power Station-CCGT,502.2772817634001,0.0,122.37005813568526,False,38.403499318287814,121.44613890879084,71.07258145481777,20304.426576623362,60999.63653176776,60999.63653176776,35698.143021033706
2039,110.39999999999999,121.44613890879084,2034.0,Newhurst-W2E,129.00867,148.42932999999996,122.92780800610014,False,0.0,121.44613890879084,108.9183309026907,0.0,15667.604857258357,33693.77388657711,30218.083888980702
2039,110.39999999999999,121.44613890879084,2034.0,Fawley Refinery-crackers,600.55012751238,0.0,123.76948009124162,False,38.403499318287814,121.44613890879084,69.6731594992614,24277.08043423089,72934.49420756055,72934.49420756055,41842.22482147182
2039,110.39999999999999,121.44613890879084,2034.0,South Killingholme-smr,225.005814656034,0.0,124.23754446793583,False,38.403499318287814,121.44613890879084,69.20509512256719,9095.800683951364,27326.08742200235,27326.08742200235,15571.548806401555
2039,110.39999999999999,121.44613890879084,2034.0,Hope Cement Works-cement,1003.4760721869,0.0,124.28720193448665,False,14.20929474776649,121.44613890879084,93.3496422265377,15009.144507404912,121868.29445445808,121868.29445445808,93674.13232153843
2039,110.39999999999999,121.44613890879084,2034.0,Parc Adfer-W2E,89.61340500000001,103.103595,125.7346990960452,False,0.0,121.44613890879084,106.11143981274563,0.0,10883.202031719733,23404.735552085447,20449.4783463929
2039,110.39999999999999,121.44613890879084,2034.0,Eastcroft-W2E,80.52219,92.64380999999996,125.9173094124788,False,0.0,121.44613890879084,105.92882949631203,0.0,9779.109071980049,21030.342090279668,18343.271688558365
2039,110.39999999999999,121.44613890879084,2034.0,Tunstead Cement-cement,621.4191773385,0.0,126.32727118201583,False,14.20929474776649,121.44613890879084,91.30957297900851,9294.661318649813,75468.95973163801,75468.95973163801,56741.5197237452
2039,110.39999999999999,121.44613890879084,2034.0,Stanlow Refinery-crackers,352.7227045224,0.0,127.0371190337797,False,38.403499318287814,121.44613890879084,66.40552055672332,14258.72225544276,42836.81056971178,42836.81056971178,23422.734805985277
2039,110.39999999999999,121.44613890879084,2034.0,Fawley Refinery-smr,354.32457523230414,0.0,127.12699478695876,False,38.403499318287814,121.44613890879084,66.31564480354426,14323.477456196226,43031.35158246072,43031.35158246072,23497.262676272177
2039,110.39999999999999,121.44613890879084,2034.0,Millerhill-W2E,70.565145,81.18785499999998,127.43285186483614,False,0.0,121.44613890879084,104.4132870439547,0.0,8569.864401788967,18429.815917825734,15845.029548781256
2039,110.39999999999999,121.44613890879084,2034.0,Padeswood-cement,470.6002227744,0.0,127.4850460006812,False,14.20929474776649,121.44613890879084,90.15179816034315,7038.8392355431815,57152.580025567695,57152.580025567695,42425.45629777023
2039,110.39999999999999,121.44613890879084,2034.0,South Killingholme-distillation,324.16091941971,0.0,128.70945593540847,False,38.403499318287814,121.44613890879084,64.73318365509455,13104.119629421457,39368.09204864746,39368.09204864746,20983.968330600394
2039,110.39999999999999,121.44613890879084,2034.0,Ketton-cement,635.4803405793001,0.0,129.98256974643843,False,14.20929474776649,121.44613890879084,87.65427441458591,9504.97627968664,77176.6337157994,77176.6337157994,55702.56815821249
2039,110.39999999999999,121.44613890879084,2034.0,South Killingholme-power,568.235023453374,0.0,130.1966886940948,False,38.403499318287814,121.44613890879084,63.24595089640822,22970.750879809373,69009.94959115848,69009.94959115848,35938.56439095146
2039,110.39999999999999,121.44613890879084,2034.0,Newhaven-W2E,91.77798,105.59401999999996,130.2947760528612,False,0.0,121.44613890879084,101.55136285592963,0.0,11146.081307848228,23970.06732870586,20043.39558960054
2039,110.39999999999999,121.44613890879084,2034.0,Leeds-W2E,77.05887,88.65912999999998,130.72273227888334,False,0.0,121.44613890879084,101.12340662990749,0.0,9358.502230174456,20125.811247686997,16757.968699895006
2039,110.39999999999999,121.44613890879084,2034.0,Ribblesdale-cement,487.7708319975,0.0,131.22283623409905,False,14.20929474776649,121.44613890879084,86.4140079269253,7295.662653911334,59237.884218424864,59237.884218424864,42150.232542754915
2039,110.39999999999999,121.44613890879084,2035.0,Hanford-W2E,80.08927500000001,92.145725,131.66934911672453,False,0.0,121.44613890879084,100.1767897920663,0.0,9726.533216754351,20917.275734955594,17253.94938983654
2039,110.39999999999999,121.44613890879084,2035.0,Fawley Refinery-distillation,510.4676083855231,0.0,132.12222727391224,False,38.403499318287814,121.44613890879084,61.320412316590776,20635.518369096262,61994.320076426484,61994.320076426484,31302.084220464265
2039,110.39999999999999,121.44613890879084,2035.0,Stanlow Refinery-smr,208.10639566821592,0.0,132.18064919232714,False,38.403499318287814,121.44613890879084,61.26199039817588,8412.646130711228,25273.71823612994,25273.71823612994,12749.012013225234
2039,110.39999999999999,121.44613890879084,2035.0,Kirklees-W2E,57.14477999999999,65.74721999999997,132.2826363227577,False,0.0,121.44613890879084,99.56350258603314,0.0,6940.012889792291,14924.75890277912,12235.557959802782
2039,110.39999999999999,121.44613890879084,2035.0,Lindsey Oil Refinery-crackers,173.99875600422,0.0,132.48929210893525,False,38.403499318287814,121.44613890879084,60.953347481567775,7033.8537974642,21131.47709164531,21131.47709164531,10605.80663608575
2039,110.39999999999999,121.44613890879084,2035.0,South Killingholme-remaining,358.48384029944395,0.0,132.82916790483205,False,38.403499318287814,121.44613890879084,60.61347168567097,14491.614649007259,43536.47826556306,43536.47826556306,21728.95010376094
2039,110.39999999999999,121.44613890879084,2035.0,Fawley Refinery-power,894.8196899934462,0.0,134.32186480576613,False,38.403499318287814,121.44613890879084,59.120774784736895,36172.84984700402,108672.39636926523,108672.39636926523,52902.43336505062
2039,110.39999999999999,121.44613890879084,2035.0,Baldovie-W2E,81.38802,93.63997999999998,134.50224562921326,False,0.0,121.44613890879084,97.34389327957757,0.0,9884.260782431447,21256.47480092784,17037.9069529379
2039,110.39999999999999,121.44613890879084,2035.0,Pembroke Refinery-crackers,453.1676492086801,0.0,135.6974630648525,False,38.403499318287814,121.44613890879084,57.74517652565051,18319.18263942699,55035.461274767564,55035.461274767564,26168.245899269295
2039,110.39999999999999,121.44613890879084,2035.0,Fawley Refinery-remaining,564.5171198616373,0.0,136.13383164089475,False,38.403499318287814,121.44613890879084,57.308807949608266,22820.45560817704,68558.42455510693,68558.42455510693,32351.80320641656
2039,110.39999999999999,121.44613890879084,2035.0,Stanlow Refinery-distillation,299.81429884404,0.0,136.513911998797,False,38.403499318287814,121.44613890879084,56.92872759170602,12119.913917126347,36411.288984255014,36411.288984255014,17068.046546990696
2039,110.39999999999999,121.44613890879084,2035.0,Dunbar Works-cement,421.0548381849,0.0,136.98298025518972,False,14.20929474776649,121.44613890879084,80.65386390583463,6297.781369202494,51135.48436642182,51135.48436642182,33959.699615858146
2039,110.39999999999999,121.44613890879084,2035.0,Stanlow Refinery-power,525.5568297383759,0.0,137.82970188412523,False,38.403499318287814,121.44613890879084,55.61293770637779,21245.49616060971,63826.84774887053,63826.84774887053,29227.7592334017
2039,110.39999999999999,121.44613890879084,2035.0,Hartlebury-W2E,90.91214999999998,104.59784999999997,138.13632582553586,False,0.0,121.44613890879084,93.70981308325497,0.0,11040.929597396827,23743.93461805769,18321.205555907174
2039,110.39999999999999,121.44613890879084,2035.0,Cauldon Cement-cement,510.3056236515,0.0,138.4784310020895,False,14.20929474776649,121.44613890879084,79.15841315893483,7632.718966217856,61974.647655917215,61974.647655917215,40394.98339433334
2039,110.39999999999999,121.44613890879084,2035.0,Javelin Park-W2E,81.38802,93.63997999999998,139.3228290773164,False,0.0,121.44613890879084,92.52330983147442,0.0,9884.260782431447,21256.47480092784,16194.169873183302
2039,110.39999999999999,121.44613890879084,2035.0,Sheffield-W2E,100.003365,115.05763499999998,139.8343235952813,False,0.0,121.44613890879084,92.01181531350954,0.0,12145.022557136512,26118.328079863466,19788.153013138675
2039,110.39999999999999,121.44613890879084,2035.0,Pembroke Refinery-smr,267.3689130331212,0.0,139.8863360016444,False,38.403499318287814,121.44613890879084,53.556303588858626,10808.31775726192,32470.922152112857,32470.922152112857,14319.290676624978
2039,110.39999999999999,121.44613890879084,2035.0,Chineham-W2E,44.590245,51.30275499999999,140.32141856258616,False,0.0,121.44613890879084,91.52472034620467,0.0,5415.313088247017,11645.834598380681,8776.580008158606
2039,110.39999999999999,121.44613890879084,2035.0,Stanlow Refinery-remaining,331.559342251056,0.0,140.6432980315675,False,38.403499318287814,121.44613890879084,52.799341558935524,13403.198920116194,40266.60193552908,40266.60193552908,17506.11495856951
2039,110.39999999999999,121.44613890879084,2035.0,Grangemouth Refinery-crackers,193.40584394892005,0.0,140.79770433532283,False,38.403499318287814,121.44613890879084,52.64493525518019,7818.380206573926,23488.39298999247,23488.39298999247,10181.83813266438
2039,110.39999999999999,121.44613890879084,2035.0,Lindsey Oil Refinery-smr,102.6592660424898,0.0,141.9929815759613,False,38.403499318287814,121.44613890879084,51.449658014541725,4149.973740503879,12467.571484070731,12467.571484070731,5281.784129909956
2039,110.39999999999999,121.44613890879084,2035.0,Lindsey Oil Refinery-power,259.2581464462878,0.0,142.81115560903552,False,38.403499318287814,121.44613890879084,50.6314839814675,10480.44215822166,31485.900866551507,31485.900866551507,13126.624688860176
2039,110.39999999999999,121.44613890879084,2036.0,Wolverhampton-W2E,42.42567,48.81233,142.87736864384428,False,0.0,121.44613890879084,88.96877026494656,0.0,5152.43381211852,11080.50282176026,8117.332661433194
2039,110.39999999999999,121.44613890879084,2036.0,Devonport-W2E,111.259155,128.00784499999995,143.82236892306247,False,0.0,121.44613890879084,88.02376998572836,0.0,13511.994793004693,29058.05331828965,21061.183373175263
2039,110.39999999999999,121.44613890879084,2036.0,Lindsey Oil Refinery-distillation,147.89894260358702,0.0,144.05717677984146,False,38.403499318287814,121.44613890879084,49.385462810661565,5978.7757278445715,17961.755527898513,17961.755527898513,7304.057729685616
2039,110.39999999999999,121.44613890879084,2036.0,Pembroke Refinery-distillation,385.192501827378,0.0,144.60895225355458,False,38.403499318287814,121.44613890879084,48.833687336948444,15571.30524351294,46780.14208355242,46780.14208355242,18810.37019877512
2039,110.39999999999999,121.44613890879084,2036.0,Cornwall-W2E,103.46668499999998,119.04231499999996,145.15316997971505,False,0.0,121.44613890879084,86.69296892907579,0.0,12565.629398942105,27022.858922456136,19289.96582343972
2039,110.39999999999999,121.44613890879084,2036.0,Pembroke Refinery-power,675.2197973209334,0.0,146.4191539632569,False,38.403499318287814,121.44613890879084,47.02348562724613,27295.582132746204,82002.83729940368,82002.83729940368,31751.188434552958
2039,110.39999999999999,121.44613890879084,2036.0,Lindsey Oil Refinery-remaining,163.5588306439668,0.0,148.07743604588833,False,38.403499318287814,121.44613890879084,45.36520354461469,6611.822569616349,19863.588466146586,19863.588466146586,7419.879643682715
2039,110.39999999999999,121.44613890879084,2036.0,Pembroke Refinery-remaining,425.97759025615926,0.0,148.6969572317184,False,38.403499318287814,121.44613890879084,44.745682358784634,17220.031681061366,51733.333598281504,51733.333598281504,19060.657945562616
2039,110.39999999999999,121.44613890879084,2036.0,Grangemouth Refinery-smr,114.1094479298628,0.0,149.4429641100151,False,38.403499318287814,121.44613890879084,43.99967548048791,4612.844321878615,13858.151864095553,13858.151864095553,5020.778678171596
2039,110.39999999999999,121.44613890879084,2036.0,Milton Keynes ACT-W2E,35.066115,40.344885,149.91840922239953,False,0.0,121.44613890879084,81.9277296863913,0.0,4258.644273281635,9158.374781250826,6178.252023380454
2039,110.39999999999999,121.44613890879084,2036.0,Belfast ACT-W2E,48.48648,55.785519999999984,151.16178010182253,False,0.0,121.44613890879084,80.6843588069683,0.0,5888.495785278309,12663.431796297438,8413.119461520198
2039,110.39999999999999,121.44613890879084,2036.0,Grangemouth Refinery-power,288.1747074838908,0.0,151.2758042923232,False,38.403499318287814,121.44613890879084,42.166835298179834,11649.386507795149,34997.705555088774,34997.705555088774,12151.415427574375
2039,110.39999999999999,121.44613890879084,2036.0,Peterborough-W2E,36.797775,42.33722499999999,151.58940342877088,False,0.0,121.44613890879084,80.25673548001996,0.0,4468.947694184431,9610.640202547162,6351.116762211378
2039,110.39999999999999,121.44613890879084,2036.0,Grangemouth Refinery-distillation,164.394967356582,0.0,151.9931581726091,False,38.403499318287814,121.44613890879084,41.44948141789392,6645.623175587837,19965.13404149359,19965.13404149359,6814.086144641923
2039,110.39999999999999,121.44613890879084,2036.0,Pembroke Power Station-CCGT,5026.790800587,0.0,153.5814237169616,False,38.403499318287814,121.44613890879084,39.86121587354141,203206.69166686138,610484.3338335208,610484.3338335208,200373.99325333047
2039,110.39999999999999,121.44613890879084,2037.0,NewLincs-W2E,24.24324,27.892759999999992,154.91229031794154,False,0.0,121.44613890879084,76.9338485908493,0.0,2944.2478926391545,6331.715898148719,4011.0231301325184
2039,110.39999999999999,121.44613890879084,2037.0,Grangemouth Refinery-remaining,181.8014933119848,0.0,156.05875268873913,False,38.403499318287814,121.44613890879084,37.38388690176389,7349.2773941794885,22079.08941059292,22079.08941059292,6796.446464547024
2039,110.39999999999999,121.44613890879084,2037.0,Dudley-W2E,29.871135,34.367864999999995,157.17271920148522,False,0.0,121.44613890879084,74.67341970730561,0.0,3627.7340105732437,7801.578517361814,4796.945808577604
2039,110.39999999999999,121.44613890879084,2037.0,Marchwood  Power  Station-CCGT,1815.7533444639,0.0,159.62812813767613,False,38.403499318287814,121.44613890879084,33.81451145282689,73401.349817156,220516.23289586435,220516.23289586435,61398.81226188328
2039,110.39999999999999,121.44613890879084,2037.0,Baddesley-W2E,41.55984,47.81616,160.35967910131896,False,0.0,121.44613890879084,71.48645980747187,0.0,5047.282101667122,10854.370111112092,6389.173831752607
2039,110.39999999999999,121.44613890879084,2037.0,Enfield Power Station-CCGT,806.3891587964999,0.0,162.1675537167806,False,38.403499318287814,121.44613890879084,31.275085873722432,32598.06895801692,97932.84979374273,97932.84979374273,25219.89018899933
2039,110.39999999999999,121.44613890879084,2037.0,Battlefield-W2E,39.82818,45.82381999999999,162.19804621799932,False,0.0,121.44613890879084,69.64809269079151,0.0,4836.978680764326,10402.104689815751,5965.498435151674
2039,110.39999999999999,121.44613890879084,2037.0,Saltend-CCGT,2179.7384288931,0.0,164.91708350379992,False,38.403499318287814,121.44613890879084,28.525556086703105,88115.35080846518,264720.81602018094,264720.81602018094,62178.25080773223
2039,110.39999999999999,121.44613890879084,2037.0,Immingham-CCGT,2178.7933907240995,0.0,166.00773363458555,False,38.403499318287814,121.44613890879084,27.434905955917472,88077.14788985575,264606.04478343436,264606.04478343436,59774.99177189022
2039,110.39999999999999,121.44613890879084,2037.0,Didcot B-CCGT,2663.1465497294994,0.0,168.98227960881977,False,38.403499318287814,121.44613890879084,24.460359981683254,107656.99653372358,323428.86581291584,323428.86581291584,65141.52329036128
2039,110.39999999999999,121.44613890879084,2038.0,Staythorpe Power Station-CCGT,3395.4703151412,0.0,169.40288726463294,False,38.403499318287814,121.44613890879084,24.039752325870083,137260.99150820167,412366.759553314,412366.759553314,81626.26540583848
2039,110.39999999999999,121.44613890879084,2038.0,Keadby-CCGT,1131.0949420923002,0.0,176.90140497406722,False,38.403499318287814,121.44613890879084,16.5412346164358,45724.2145658531,137367.11345637223,137367.11345637223,18709.706810612606
2039,110.39999999999999,121.44613890879084,2038.0,Hooton Park ACT-W2E,35.499030000000005,40.84297,179.27780846771287,False,0.0,121.44613890879084,52.56833044107796,0.0,4311.220128507334,9271.441136574913,4013.1714825327745
2039,110.39999999999999,121.44613890879084,2038.0,Exeter-W2E,27.273645,31.379354999999997,179.60333383475486,False,0.0,121.44613890879084,52.24280507403597,0.0,3312.2788792190486,7123.180385417309,3064.197246007431
2039,110.39999999999999,121.44613890879084,2038.0,Bolton-W2E,35.066115,40.344885,181.92172711397333,False,0.0,121.44613890879084,49.9244117948175,0.0,4258.644273281635,9158.374781250826,3764.8498178589825
2039,110.39999999999999,121.44613890879084,2038.0,West Burton B CCGT Power Station-CCGT,2228.0422268514,0.0,181.9230998694337,False,38.403499318287814,121.44613890879084,11.519539721069307,90068.01909474128,270587.1257768468,270587.1257768468,25666.020932434414
2039,110.39999999999999,121.44613890879084,2039.0,Levenseat ACT-W2E,25.10907,28.888929999999995,183.8322948806435,False,0.0,121.44613890879084,48.01384402814733,0.0,3049.399603090553,6557.848608796887,2592.651549831899
2039,110.39999999999999,121.44613890879084,2039.0,Coolkeeragh-CCGT,722.1987379346999,0.0,184.70017000442445,False,38.403499318287814,121.44613890879084,8.74246958607857,29194.693410466913,87708.24824697101,87708.24824697101,6313.800501498442
2039,110.39999999999999,121.44613890879084,2039.0,Carrington CCGT-CCGT,1673.6112263625,0.0,189.2092334567789,False,38.403499318287814,121.44613890879084,4.233406133724131,67655.29220072749,203253.621476132,203253.621476132,7085.076031152573
2039,110.39999999999999,121.44613890879084,2039.0,Ballylumford-CCGT,1043.2211998752,0.0,195.1740589779237,False,38.403499318287814,121.44613890879084,-1.7314193874206723,42171.94172445331,126695.186752639,126695.186752639,-1806.2534108321775
2039,110.39999999999999,121.44613890879084,2039.0,Glasgow ACT-W2E,60.60809999999999,69.73189999999998,195.93562567320143,False,0.0,121.44613890879084,35.910513235589406,0.0,7360.619731597885,15829.289745371796,4680.5762951267225
2039,110.39999999999999,121.44613890879084,2039.0,NESS-W2E,42.858585,49.31041499999999,198.75501981615415,False,0.0,121.44613890879084,33.09111909263669,0.0,5205.009667344219,11193.56917708434,3049.9753556492306
2039,110.39999999999999,121.44613890879084,2039.0,Energy Works ACT-W2E,13.420365,15.440635,201.40339180076796,False,0.0,121.44613890879084,30.44274710802287,0.0,1629.8515119966748,3505.0570150466124,878.608124284648
2039,110.39999999999999,121.44613890879084,2039.0,Eco Park ACT-W2E,13.85328,15.938719999999996,202.93011759687164,False,0.0,121.44613890879084,28.916021311919195,0.0,1682.427367222374,3618.123370370696,861.4661069246965
2039,110.39999999999999,121.44613890879084,2039.0,Kilroot-CCGT,1059.7392638186998,0.0,207.3906503608189,False,38.403499318287814,121.44613890879084,-13.94801077031589,42839.68010065713,128701.24184082556,128701.24184082556,-14781.254665469856
2039,110.39999999999999,121.44613890879084,2039.0,Kings Lynn Power Station-CCGT,607.5685909533,0.0,208.8847375922057,False,38.403499318287814,121.44613890879084,-15.44209800170269,24560.799966829625,73786.8594935328,73786.8594935328,-9382.133724257274
2039,110.39999999999999,121.44613890879084,2039.0,Spalding-CCGT,1332.8402058705,0.0,210.92034860788132,False,38.403499318287814,121.44613890879084,-17.477709017378302,53879.7136184572,161868.29678537013,161868.29678537013,-23294.993284867192
2039,110.39999999999999,121.44613890879084,2039.0,Seabank-CCGT,1626.4197752931002,0.0,215.24318898826735,False,38.403499318287814,121.44613890879084,-21.80054939776433,65747.59024391409,197522.40195425024,197522.40195425024,-35456.84465277799
2039,110.39999999999999,121.44613890879084,2039.0,Shoreham Power Station-CCGT,584.0626047023999,0.0,223.96100678992715,False,38.403499318287814,121.44613890879084,-30.518367199424134,23610.57667529055,70932.14822211784,70932.14822211784,-17824.637037759945
2039,110.39999999999999,121.44613890879084,2039.0,Damhead Creek Power Station-CCGT,973.8051514482,0.0,231.84613890879083,True,38.403499318287814,121.44613890879084,-38.403499318287814,39365.8162839854,118264.87569287421,118264.87569287421,-37397.52546978611
2039,110.39999999999999,121.44613890879084,,Cottam Development Centre-CCGT,0.0,0.0,238.4158800035795,False,38.403499318287814,0.0,-38.403499318287814,22245.370373024147,0.0,0.0,-22245.370373024147
2039,110.39999999999999,121.44613890879084,,Great Yarmouth Power Station-CCGT,0.0,0.0,240.013145571761,False,38.403499318287814,0.0,-38.403499318287814,22899.614733480274,0.0,0.0,-22899.614733480274
2039,110.39999999999999,121.44613890879084,,Little Barford-CCGT,0.0,0.0,240.7576776464302,False,38.403499318287814,0.0,-38.403499318287814,35422.25164721092,0.0,0.0,-35422.25164721092
2039,110.39999999999999,121.44613890879084,,South Humber-CCGT,0.0,0.0,246.5252661657621,False,38.403499318287814,0.0,-38.403499318287814,57217.74499492651,0.0,0.0,-57217.74499492651
2039,110.39999999999999,121.44613890879084,,Langage Energy Centre-CCGT,0.0,0.0,250.05603522765227,False,38.403499318287814,0.0,-38.403499318287814,44457.173756398086,0.0,0.0,-44457.173756398086
2039,110.39999999999999,121.44613890879084,,Grain CCGT-CCGT,0.0,0.0,256.5493066919562,False,38.403499318287814,0.0,-38.403499318287814,63089.54319927975,0.0,0.0,-63089.54319927975
2039,110.39999999999999,121.44613890879084,,Peterhead Power Station-CCGT,0.0,0.0,275.097064063588,False,38.403499318287814,0.0,-38.403499318287814,51879.099128120884,0.0,0.0,-51879.099128120884
2039,110.39999999999999,121.44613890879084,,Connahs Quay Power Station-CCGT,0.0,0.0,279.14393107084203,False,38.403499318287814,0.0,-38.403499318287814,52671.500569707416,0.0,0.0,-52671.500569707416
2039,110.39999999999999,121.44613890879084,,Medway-CCGT,0.0,0.0,311.36638697059976,False,38.403499318287814,0.0,-38.403499318287814,24734.118963816356,0.0,0.0,-24734.118963816356
2039,110.39999999999999,121.44613890879084,,Isle of Wight-W2E,0.0,0.0,378.6296091247897,False,0.0,0.0,0.0,0.0,0.0,0.0,0.0
2039,110.39999999999999,121.44613890879084,,Coryton-CCGT,0.0,0.0,386.8501086268143,False,38.403499318287814,0.0,-38.403499318287814,20690.143523564686,0.0,0.0,-20690.143523564686
2039,110.39999999999999,121.44613890879084,,Rye House-CCGT,0.0,0.0,392.2249091956061,False,38.403499318287814,0.0,-38.403499318287814,18565.17399808933,0.0,0.0,-18565.17399808933
2039,110.39999999999999,121.44613890879084,,Rocksavage-CCGT,0.0,0.0,430.77402140379735,False,38.403499318287814,0.0,-38.403499318287814,18503.068073129707,0.0,0.0,-18503.068073129707
2040,108.1,234.36999999999998,2026.0,Tees Valley-W2E,304.33924500000006,350.153755,88.11948048189508,False,0.0,234.36999999999998,234.36999999999998,0.0,71327.98885065001,153393.52440999998,153393.52440999998
2040,108.1,234.36999999999998,2027.0,Runcorn-W2E,411.702165,473.6788349999999,92.55278428419912,False,0.0,234.36999999999998,234.36999999999998,0.0,96490.63641104999,207506.74496999994,207506.74496999994
2040,108.1,234.36999999999998,2027.0,Riverside-W2E,342.00285,393.48714999999993,95.11886046105766,False,0.0,234.36999999999998,234.36999999999998,0.0,80155.2079545,172376.79129999998,172376.79129999998
2040,108.1,234.36999999999998,2028.0,Wilton 11-W2E,178.79389499999996,205.70910499999997,95.57551058511204,False,0.0,234.36999999999998,234.36999999999998,0.0,41903.92517114999,90115.96810999997,90115.96810999997
2040,108.1,234.36999999999998,2028.0,Scunthorpe Power Station-chp,1562.2594042965,0.0,96.72056387395656,False,84.3732,234.36999999999998,149.99679999999998,138750.342284831,366146.73658497067,366146.73658497067,234333.9114143812
2040,108.1,234.36999999999998,2029.0,Ferrybridge FM1-W2E,285.29098500000003,328.238015,98.85154951082956,False,0.0,234.36999999999998,234.36999999999998,0.0,66863.64815445,143792.79173,143792.79173
2040,108.1,234.36999999999998,2029.0,Ferrybridge FM2-W2E,283.559325,326.24567499999995,98.9301306912529,False,0.0,234.36999999999998,234.36999999999998,0.0,66457.79900024999,142919.99784999999,142919.99784999999
2040,108.1,234.36999999999998,2029.0,Drax-BECCS,0.0,10924.999999999998,99.24068628496312,False,0.0,234.36999999999998,234.36999999999998,0.0,0.0,2560492.2499999995,2560492.2499999995
2040,108.1,234.36999999999998,2032.0,Kemsley-W2E,245.02989,281.91610999999995,99.80091077600858,False,0.0,234.36999999999998,234.36999999999998,0.0,57427.65531929999,123500.33401999997,123500.33401999997
2040,108.1,234.36999999999998,2032.0,Allington-W2E,202.60422000000003,233.10378,100.90154534306674,False,0.0,234.36999999999998,234.36999999999998,0.0,47484.351041400005,102116.88395999999,102116.88395999999
2040,108.1,234.36999999999998,2032.0,Scunthorpe Blast Furnaces-stove,994.2298168221,0.0,101.76356955343398,False,84.3732,234.36999999999998,149.99679999999998,88301.4222954678,233017.64216859557,233017.64216859557,149131.29098790116
2040,108.1,234.36999999999998,2032.0,Edmonton-W2E,209.53086,241.07314,102.28156448231805,False,0.0,234.36999999999998,234.36999999999998,0.0,49107.747658199994,105608.05947999998,105608.05947999998
2040,108.1,234.36999999999998,2032.0,Rookery South C-W2E,255.41985,293.8701499999999,103.38827027423388,False,0.0,234.36999999999998,234.36999999999998,0.0,59862.75024449999,128737.09729999998,128737.09729999998
2040,108.1,234.36999999999998,2032.0,SELCHP-W2E,169.269765,194.751235,105.54933952858303,False,0.0,234.36999999999998,234.36999999999998,0.0,39671.754823049996,85315.60177,85315.60177
2040,108.1,234.36999999999998,2032.0,Lakeside-W2E,178.79389499999996,205.70910499999997,105.75229786444092,False,0.0,234.36999999999998,234.36999999999998,0.0,41903.92517114999,90115.96810999997,90115.96810999997
2040,108.1,234.36999999999998,2032.0,Trident Park-W2E,177.92806500000003,204.712935,106.89966600386146,False,0.0,234.36999999999998,234.36999999999998,0.0,41701.000594050005,89679.57117,89679.57117
2040,108.1,234.36999999999998,2032.0,Severnside-W2E,173.598915,199.732085,107.69026084360516,False,0.0,234.36999999999998,234.36999999999998,0.0,40686.37770855,87497.58647,87497.58647
2040,108.1,234.36999999999998,2033.0,Avonmouth-W2E,169.269765,194.751235,108.09353634841528,False,0.0,234.36999999999998,234.36999999999998,0.0,39671.754823049996,85315.60177,85315.60177
2040,108.1,234.36999999999998,2033.0,Beddington Lane-W2E,143.29486500000002,164.866135,108.33273184526364,False,0.0,234.36999999999998,234.13726815473632,0.0,33584.01751005,72223.69357,72151.97469183171
2040,108.1,234.36999999999998,2033.0,Tyseley-W2E,157.148145,180.80485499999995,109.84350345016378,False,0.0,234.36999999999998,232.6264965498362,0.0,36830.81074365,79206.04460999998,78616.82238850679
2040,108.1,234.36999999999998,2033.0,Allerton Park-W2E,117.31996499999998,134.98103499999996,110.24876424941378,False,0.0,234.36999999999998,232.22123575058617,0.0,27496.280197049993,59131.785369999976,58589.650001108625
2040,108.1,234.36999999999998,2033.0,Four Ashes-W2E,143.29486500000002,164.866135,111.41254904821844,False,0.0,234.36999999999998,231.05745095178153,0.0,33584.01751005,72223.69357,71202.89514275196
2040,108.1,234.36999999999998,2033.0,Ardley-W2E,147.19109999999998,169.34889999999996,111.75263386171072,False,0.0,234.36999999999998,230.71736613828926,0.0,34497.17810699999,74187.47979999999,73031.27507741407
2040,108.1,234.36999999999998,2033.0,Great Blakenham-W2E,127.709925,146.93507499999996,111.99950117220564,False,0.0,234.36999999999998,230.47049882779433,0.0,29931.375122249996,64368.54864999999,63297.57015055957
2040,108.1,234.36999999999998,2033.0,North Hykeham-W2E,76.625955,88.16104499999999,112.24726485697003,False,0.0,234.36999999999998,230.22273514302992,0.0,17958.82507335,38621.12918999999,37937.71385601447
2040,108.1,234.36999999999998,2033.0,Scunthorpe Sinter-sinter,633.6026468814001,0.0,112.48245883079248,False,84.3732,234.36999999999998,145.61434116920748,56272.71878510921,148497.45234959372,148497.45234959372,92261.63198870109
2040,108.1,234.36999999999998,2033.0,Coventry-W2E,126.41118,145.44081999999997,114.86629159129888,False,0.0,234.36999999999998,227.6037084087011,0.0,29626.988256599998,63713.95323999999,61874.52333832221
2040,108.1,234.36999999999998,2033.0,Greatmoor-W2E,119.48454,137.47145999999998,115.52278790869914,False,0.0,234.36999999999998,226.94721209130083,0.0,28003.591639799997,60222.777719999984,58315.44783013229
2040,108.1,234.36999999999998,2033.0,South Killingholme-crackers,381.3657875526,0.0,119.41657844198282,False,84.3732,234.36999999999998,138.68022155801714,33870.58091192951,89380.69962870286,89380.69962870286,52887.89191244226
2040,108.1,234.36999999999998,2033.0,Marchwood-W2E,90.479235,104.09976499999998,119.76307582774996,False,0.0,234.36999999999998,222.70692417225,0.0,21205.61830695,45603.480229999994,43334.09059851223
2040,108.1,234.36999999999998,2033.0,New Rugby-cement,866.2032106008,0.0,119.94033644561048,False,31.218083999999998,234.36999999999998,191.31157955438948,28464.425883795222,203012.04646850948,203012.04646850948,165714.70443512255
2040,108.1,234.36999999999998,2033.0,Dunbar-W2E,154.11774,177.31825999999995,120.88122377816076,False,0.0,234.36999999999998,221.58877622183923,0.0,36120.5747238,77678.65531999998,73442.4976358615
2040,108.1,234.36999999999998,2033.0,Portsmouth-W2E,82.25384999999999,94.63614999999996,121.9344089585544,False,0.0,234.36999999999998,220.53559104144557,0.0,19277.834824499994,41457.70929999998,39010.54069932129
2040,108.1,234.36999999999998,2033.0,Grangemouth Power Station-CCGT,502.2772817634001,0.0,122.37005813568526,False,84.3732,234.36999999999998,135.7267418643147,44609.2016312418,117718.72652688806,117718.72652688806,68172.45896621067
2040,108.1,234.36999999999998,2034.0,Newhurst-W2E,129.00867,148.42932999999996,122.92780800610014,False,0.0,234.36999999999998,219.54219199389985,0.0,30235.761987899994,65023.14405999999,60909.34666240359
2040,108.1,234.36999999999998,2034.0,Fawley Refinery-crackers,600.55012751238,0.0,123.76948009124162,False,84.3732,234.36999999999998,134.32731990875834,53337.195809081626,140750.93338507647,140750.93338507647,80670.28909960108
2040,108.1,234.36999999999998,2034.0,South Killingholme-smr,225.005814656034,0.0,124.23754446793583,False,84.3732,234.36999999999998,133.85925553206414,19983.64273803841,52734.61278093469,52734.61278093469,30119.11084024232
2040,108.1,234.36999999999998,2034.0,Hope Cement Works-cement,1003.4760721869,0.0,124.28720193448665,False,31.218083999999998,234.36999999999998,186.96471406551333,32975.36875107443,235184.68703844372,235184.68703844372,187614.61690800817
2040,108.1,234.36999999999998,2034.0,Parc Adfer-W2E,89.61340500000001,103.103595,125.7346990960452,False,0.0,234.36999999999998,216.73530090395477,0.0,21002.69372985,45167.083289999995,41768.57698430745
2040,108.1,234.36999999999998,2034.0,Eastcroft-W2E,80.52219,92.64380999999996,125.9173094124788,False,0.0,234.36999999999998,216.55269058752117,0.0,18871.985670299997,40584.91541999998,37499.56321827868
2040,108.1,234.36999999999998,2034.0,Tunstead Cement-cement,621.4191773385,0.0,126.32727118201583,False,31.218083999999998,234.36999999999998,184.92464481798413,20420.543239330727,145642.01259282423,145642.01259282423,114915.72065240602
2040,108.1,234.36999999999998,2034.0,Stanlow Refinery-crackers,352.7227045224,0.0,127.0371190337797,False,84.3732,234.36999999999998,131.05968096622027,31326.677150746695,82667.62025891489,82667.62025891489,46227.72512424813
2040,108.1,234.36999999999998,2034.0,Fawley Refinery-smr,354.32457523230414,0.0,127.12699478695876,False,84.3732,234.36999999999998,130.9698052130412,31468.945527358155,83043.05069719511,83043.05069719511,46405.82060036844
2040,108.1,234.36999999999998,2034.0,Millerhill-W2E,70.565145,81.18785499999998,127.43285186483614,False,0.0,234.36999999999998,215.03714813516382,0.0,16538.353033649997,35566.350609999994,32632.532340955513
2040,108.1,234.36999999999998,2034.0,Padeswood-cement,470.6002227744,0.0,127.4850460006812,False,31.218083999999998,234.36999999999998,183.76686999931877,15464.460299989401,110294.5742116361,110294.5742116361,86480.72996023361
2040,108.1,234.36999999999998,2034.0,South Killingholme-distillation,324.16091941971,0.0,128.70945593540847,False,84.3732,234.36999999999998,129.3873440645915,28789.99377514008,75973.59468439742,75973.59468439742,41942.32041325234
2040,108.1,234.36999999999998,2034.0,Ketton-cement,635.4803405793001,0.0,129.98256974643843,False,31.218083999999998,234.36999999999998,181.26934625356154,20882.60910795073,148937.52742157056,148937.52742157056,115193.10589380037
2040,108.1,234.36999999999998,2034.0,South Killingholme-power,568.235023453374,0.0,130.1966886940948,False,84.3732,234.36999999999998,127.90011130590517,50467.16555877495,133177.24244676725,133177.24244676725,72677.32274760016
2040,108.1,234.36999999999998,2034.0,Newhaven-W2E,91.77798,105.59401999999996,130.2947760528612,False,0.0,234.36999999999998,212.17522394713876,0.0,21510.0051726,46258.07563999999,41877.44830089466
2040,108.1,234.36999999999998,2034.0,Leeds-W2E,77.05887,88.65912999999998,130.72273227888334,False,0.0,234.36999999999998,211.74726772111663,0.0,18060.2873619,38839.32765999999,35090.333712208
2040,108.1,234.36999999999998,2034.0,Ribblesdale-cement,487.7708319975,0.0,131.22283623409905,False,31.218083999999998,234.36999999999998,180.02907976590092,16028.706111629306,114318.84989525407,114318.84989525407,87812.93402115778
2040,108.1,234.36999999999998,2035.0,Hanford-W2E,80.08927500000001,92.145725,131.66934911672453,False,0.0,234.36999999999998,210.80065088327544,0.0,18770.52338175,40366.71695,36307.25010488095
2040,108.1,234.36999999999998,2035.0,Fawley Refinery-distillation,510.4676083855231,0.0,132.12222727391224,False,84.3732,234.36999999999998,125.97457272608773,45336.61643771939,119638.29337731503,119638.29337731503,64305.93885687415
2040,108.1,234.36999999999998,2035.0,Stanlow Refinery-smr,208.10639566821592,0.0,132.18064919232714,False,84.3732,234.36999999999998,125.91615080767284,18482.739518940547,48773.89595275976,48773.89595275976,26203.956301000308
2040,108.1,234.36999999999998,2035.0,Kirklees-W2E,57.14477999999999,65.74721999999997,132.2826363227577,False,0.0,234.36999999999998,210.18736367724227,0.0,13393.022088599997,28802.19803999999,25830.34549702365
2040,108.1,234.36999999999998,2035.0,Lindsey Oil Refinery-crackers,173.99875600422,0.0,132.48929210893525,False,84.3732,234.36999999999998,125.60750789106473,15453.507200100268,40780.08844470904,40780.08844470904,21855.55011783551
2040,108.1,234.36999999999998,2035.0,South Killingholme-remaining,358.48384029944395,0.0,132.82916790483205,False,84.3732,234.36999999999998,125.26763209516793,31838.346057213737,84017.85765098067,84017.85765098067,44906.42181869368
2040,108.1,234.36999999999998,2035.0,Fawley Refinery-power,894.8196899934462,0.0,134.32186480576613,False,84.3732,234.36999999999998,123.77493519423385,79472.42175553161,209718.89074376397,209718.89074376397,110756.24913946322
2040,108.1,234.36999999999998,2035.0,Baldovie-W2E,81.38802,93.63997999999998,134.50224562921326,False,0.0,234.36999999999998,207.9677543707867,0.0,19074.9102474,41021.31235999999,36400.18011201005
2040,108.1,234.36999999999998,2035.0,Pembroke Refinery-crackers,453.1676492086801,0.0,135.6974630648525,False,84.3732,234.36999999999998,122.39933693514746,40247.5838949619,106208.90194503833,106208.90194503833,55467.419783601945
2040,108.1,234.36999999999998,2035.0,Fawley Refinery-remaining,564.5171198616373,0.0,136.13383164089475,False,84.3732,234.36999999999998,121.96296835910522,50136.96406053673,132305.87738197192,132305.87738197192,68850.18362785807
2040,108.1,234.36999999999998,2035.0,Stanlow Refinery-distillation,299.81429884404,0.0,136.513911998797,False,84.3732,234.36999999999998,121.58288800120297,26627.675578134687,70267.47722007765,70267.47722007765,36452.28831751412
2040,108.1,234.36999999999998,2035.0,Dunbar Works-cement,421.0548381849,0.0,136.98298025518972,False,31.218083999999998,234.36999999999998,174.26893574481025,13836.342428486962,98682.622425395,98682.622425395,73376.77854068582
2040,108.1,234.36999999999998,2035.0,Stanlow Refinery-power,525.5568297383759,0.0,137.82970188412523,False,84.3732,234.36999999999998,120.26709811587475,46676.748954612565,123174.75418578314,123174.75418578314,63207.19480761333
2040,108.1,234.36999999999998,2035.0,Hartlebury-W2E,90.91214999999998,104.59784999999997,138.13632582553586,False,0.0,234.36999999999998,204.3336741744641,0.0,21307.080595499992,45821.67869999998,39949.27663784946
2040,108.1,234.36999999999998,2035.0,Cauldon Cement-cement,510.3056236515,0.0,138.4784310020895,False,31.218083999999998,234.36999999999998,172.77348499791046,16769.22507876307,119600.32901520205,119600.32901520205,88167.28101230178
2040,108.1,234.36999999999998,2035.0,Javelin Park-W2E,81.38802,93.63997999999998,139.3228290773164,False,0.0,234.36999999999998,203.14717092268356,0.0,19074.9102474,41021.31235999999,35556.44303225545
2040,108.1,234.36999999999998,2035.0,Sheffield-W2E,100.003365,115.05763499999998,139.8343235952813,False,0.0,234.36999999999998,202.63567640471868,0.0,23437.788655049997,50403.84656999999,43579.0312032752
2040,108.1,234.36999999999998,2035.0,Pembroke Refinery-smr,267.3689130331212,0.0,139.8863360016444,False,84.3732,234.36999999999998,118.21046399835558,23746.07449802752,62663.25214757261,62663.25214757261,31605.803268381238
2040,108.1,234.36999999999998,2035.0,Chineham-W2E,44.590245,51.30275499999999,140.32141856258616,False,0.0,234.36999999999998,202.1485814374138,0.0,10450.61572065,22474.44241,19384.633919777923
2040,108.1,234.36999999999998,2035.0,Stanlow Refinery-remaining,331.559342251056,0.0,140.6432980315675,False,84.3732,234.36999999999998,117.45350196843248,29447.07652170189,77707.56304338,77707.56304338,38942.80585773659
2040,108.1,234.36999999999998,2035.0,Grangemouth Refinery-crackers,193.40584394892005,0.0,140.79770433532283,False,84.3732,234.36999999999998,117.29909566467714,17177.126265969495,45328.52764630839,45328.52764630839,22686.330591471993
2040,108.1,234.36999999999998,2035.0,Lindsey Oil Refinery-smr,102.6592660424898,0.0,141.9929815759613,False,84.3732,234.36999999999998,116.10381842403868,9117.569248059159,24060.25218237833,24060.25218237833,11919.132784142315
2040,108.1,234.36999999999998,2035.0,Lindsey Oil Refinery-power,259.2581464462878,0.0,142.81115560903552,False,84.3732,234.36999999999998,115.28564439096445,23025.725728149402,60762.33178261647,60762.33178261647,29888.74247666732
2040,108.1,234.36999999999998,2036.0,Wolverhampton-W2E,42.42567,48.81233,142.87736864384428,False,0.0,234.36999999999998,199.5926313561557,0.0,9943.304277899999,21383.45006,18210.432499672934
2040,108.1,234.36999999999998,2036.0,Devonport-W2E,111.259155,128.00784499999995,143.82236892306247,False,0.0,234.36999999999998,198.6476310769375,0.0,26075.80815735,56077.00678999998,47529.82274488559
2040,108.1,234.36999999999998,2036.0,Lindsey Oil Refinery-distillation,147.89894260358702,0.0,144.05717677984146,False,84.3732,234.36999999999998,114.03962322015852,13135.48112008523,34663.075178002684,34663.075178002684,16866.339689172913
2040,108.1,234.36999999999998,2036.0,Pembroke Refinery-distillation,385.192501827378,0.0,144.60895225355458,False,84.3732,234.36999999999998,113.4878477464454,34210.44631071761,90277.56665328257,90277.56665328257,43714.66800045787
2040,108.1,234.36999999999998,2036.0,Cornwall-W2E,103.46668499999998,119.04231499999996,145.15316997971505,False,0.0,234.36999999999998,197.31683002028493,0.0,24249.486963449996,52149.43432999998,43904.77053098357
2040,108.1,234.36999999999998,2036.0,Pembroke Refinery-power,675.2197973209334,0.0,146.4191539632569,False,84.3732,234.36999999999998,111.67764603674308,59968.90000349322,158251.26389810714,158251.26389810714,75406.9575222086
2040,108.1,234.36999999999998,2036.0,Lindsey Oil Refinery-remaining,163.5588306439668,0.0,148.07743604588833,False,84.3732,234.36999999999998,110.01936395411164,14526.296768094253,38333.28313802649,38333.28313802649,17994.63851652749
2040,108.1,234.36999999999998,2036.0,Pembroke Refinery-remaining,425.97759025615926,0.0,148.6969572317184,False,84.3732,234.36999999999998,109.39984276828159,37832.728861264186,99836.36782833604,99836.36782833604,46601.8813968353
2040,108.1,234.36999999999998,2036.0,Grangemouth Refinery-smr,114.1094479298628,0.0,149.4429641100151,False,84.3732,234.36999999999998,108.65383588998486,10134.504496922,26743.83131132194,26743.83131132194,12398.429228868084
2040,108.1,234.36999999999998,2036.0,Milton Keynes ACT-W2E,35.066115,40.344885,149.91840922239953,False,0.0,234.36999999999998,192.55159077760044,0.0,8218.44537255,17674.07607,14520.508012129627
2040,108.1,234.36999999999998,2036.0,Belfast ACT-W2E,48.48648,55.785519999999984,151.16178010182253,False,0.0,234.36999999999998,191.30821989817744,0.0,11363.776317599999,24438.228639999994,19948.090705222756
2040,108.1,234.36999999999998,2036.0,Grangemouth Refinery-power,288.1747074838908,0.0,151.2758042923232,False,84.3732,234.36999999999998,106.82099570767679,25593.918136294546,67539.50619299948,67539.50619299948,30783.109191197713
2040,108.1,234.36999999999998,2036.0,Peterborough-W2E,36.797775,42.33722499999999,151.58940342877088,False,0.0,234.36999999999998,190.8805965712291,0.0,8624.29452675,18546.869949999997,15105.336009664212
2040,108.1,234.36999999999998,2036.0,Grangemouth Refinery-distillation,164.394967356582,0.0,151.9931581726091,False,84.3732,234.36999999999998,106.10364182739087,14600.55732607407,38529.24849936212,38529.24849936212,17442.90473462839
2040,108.1,234.36999999999998,2036.0,Pembroke Power Station-CCGT,5026.790800587,0.0,153.5814237169616,False,84.3732,234.36999999999998,104.51537628303836,446448.86902746005,1178128.9599335752,1178128.9599335752,525376.932019466
2040,108.1,234.36999999999998,2037.0,NewLincs-W2E,24.24324,27.892759999999992,154.91229031794154,False,0.0,234.36999999999998,187.55770968205843,0.0,5681.8881587999995,12219.114319999997,9778.508751983798
2040,108.1,234.36999999999998,2037.0,Grangemouth Refinery-remaining,181.8014933119848,0.0,156.05875268873913,False,84.3732,234.36999999999998,102.03804731126084,16146.49869001132,42608.81598752987,42608.81598752987,18550.66937582618
2040,108.1,234.36999999999998,2037.0,Dudley-W2E,29.871135,34.367864999999995,157.17271920148522,False,0.0,234.36999999999998,185.29728079851475,0.0,7000.897909949999,15055.694429999996,11903.312021215786
2040,108.1,234.36999999999998,2037.0,Marchwood  Power  Station-CCGT,1815.7533444639,0.0,159.62812813767613,False,84.3732,234.36999999999998,98.46867186232384,161264.1264032858,425558.1113420042,425558.1113420042,178794.82025893286
2040,108.1,234.36999999999998,2037.0,Baddesley-W2E,41.55984,47.81616,160.35967910131896,False,0.0,234.36999999999998,182.110320898681,0.0,9740.3797008,20947.05312,16276.292040640516
2040,108.1,234.36999999999998,2037.0,Enfield Power Station-CCGT,806.3891587964999,0.0,162.1675537167806,False,84.3732,234.36999999999998,95.92924628321938,71618.56186628301,188993.42714713566,188993.42714713566,77356.30421430754
2040,108.1,234.36999999999998,2037.0,Battlefield-W2E,39.82818,45.82381999999999,162.19804621799932,False,0.0,234.36999999999998,180.27195378200065,0.0,9334.530546599999,20074.259239999996,15440.653385335918
2040,108.1,234.36999999999998,2037.0,Saltend-CCGT,2179.7384288931,0.0,164.91708350379992,False,84.3732,234.36999999999998,93.17971649620006,193591.05937756138,510865.29557967576,510865.29557967576,203107.40884013157
2040,108.1,234.36999999999998,2037.0,Immingham-CCGT,2178.7933907240995,0.0,166.00773363458555,False,84.3732,234.36999999999998,92.08906636541442,193507.12685709752,510643.8069840071,510643.8069840071,200643.0491549179
2040,108.1,234.36999999999998,2037.0,Didcot B-CCGT,2663.1465497294994,0.0,168.98227960881977,False,84.3732,234.36999999999998,89.1145203911802,236524.41733646006,624161.6568601027,624161.6568601027,237325.02751057068
2040,108.1,234.36999999999998,2038.0,Staythorpe Power Station-CCGT,3395.4703151412,0.0,169.40288726463294,False,84.3732,234.36999999999998,88.69391273536704,301564.9431510226,795796.377759643,795796.377759643,301157.5478266628
2040,108.1,234.36999999999998,2038.0,Keadby-CCGT,1131.0949420923002,0.0,176.90140497406722,False,84.3732,234.36999999999998,81.19539502593275,100456.94712436007,265094.7215781724,265094.7215781724,91839.70063501885
2040,108.1,234.36999999999998,2038.0,Hooton Park ACT-W2E,35.499030000000005,40.84297,179.27780846771287,False,0.0,234.36999999999998,163.1921915322871,0.0,8319.9076611,17892.274540000002,12458.418285957863
2040,108.1,234.36999999999998,2038.0,Exeter-W2E,27.273645,31.379354999999997,179.60333383475486,False,0.0,234.36999999999998,162.8666661652451,0.0,6392.124178649999,13746.503609999996,9552.61857059012
2040,108.1,234.36999999999998,2038.0,Bolton-W2E,35.066115,40.344885,181.92172711397333,False,0.0,234.36999999999998,160.54827288602664,0.0,8218.44537255,17674.07607,12107.105806608155
2040,108.1,234.36999999999998,2038.0,West Burton B CCGT Power Station-CCGT,2228.0422268514,0.0,181.9230998694337,False,84.3732,234.36999999999998,76.17370013056626,197881.10780481953,522186.25670716254,522186.25670716254,169718.2204664176
2040,108.1,234.36999999999998,2039.0,Levenseat ACT-W2E,25.10907,28.888929999999995,183.8322948806435,False,0.0,234.36999999999998,158.63770511935647,0.0,5884.812735899999,12655.511259999996,8566.118801035009
2040,108.1,234.36999999999998,2039.0,Coolkeeragh-CCGT,722.1987379346999,0.0,184.70017000442445,False,84.3732,234.36999999999998,73.39662999557552,64141.28269001265,169261.7182097556,169261.7182097556,53006.95355146478
2040,108.1,234.36999999999998,2039.0,Carrington CCGT-CCGT,1673.6112263625,0.0,189.2092334567789,False,84.3732,234.36999999999998,68.88756654322108,148639.9312885563,392244.2631225791,392244.2631225791,115291.00472352856
2040,108.1,234.36999999999998,2039.0,Ballylumford-CCGT,1043.2211998752,0.0,195.1740589779237,False,84.3732,234.36999999999998,62.92274102207628,92652.53783295813,244499.75261475059,244499.75261475059,65642.33738848689
2040,108.1,234.36999999999998,2039.0,Glasgow ACT-W2E,60.60809999999999,69.73189999999998,195.93562567320143,False,0.0,234.36999999999998,146.53437432679854,0.0,14204.720396999997,30547.78579999999,19099.29034975492
2040,108.1,234.36999999999998,2039.0,NESS-W2E,42.858585,49.31041499999999,198.75501981615415,False,0.0,234.36999999999998,143.71498018384582,0.0,10044.766566449998,21601.648529999995,13246.066008564883
2040,108.1,234.36999999999998,2039.0,Energy Works ACT-W2E,13.420365,15.440635,201.40339180076796,False,0.0,234.36999999999998,141.066608199232,0.0,3145.3309450499996,6764.152569999999,4071.323379238035
2040,108.1,234.36999999999998,2039.0,Eco Park ACT-W2E,13.85328,15.938719999999996,202.93011759687164,False,0.0,234.36999999999998,139.53988240312833,0.0,3246.7932335999994,6982.351039999998,4157.172176553999
2040,108.1,234.36999999999998,2039.0,Kilroot-CCGT,1059.7392638186998,0.0,207.3906503608189,False,84.3732,234.36999999999998,50.70614963918106,94119.57142529257,248371.09126118865,248371.09126118865,53735.29768970657
2040,108.1,234.36999999999998,2039.0,Kings Lynn Power Station-CCGT,607.5685909533,0.0,208.8847375922057,False,84.3732,234.36999999999998,49.212062407794264,53960.532882337866,142395.85066172492,142395.85066172492,29899.703415009426
2040,108.1,234.36999999999998,2039.0,Spalding-CCGT,1332.8402058705,0.0,210.92034860788132,False,84.3732,234.36999999999998,47.17645139211865,118374.72974521355,312377.7590498691,312377.7590498691,62878.671185711064
2040,108.1,234.36999999999998,2039.0,Seabank-CCGT,1626.4197752931002,0.0,215.24318898826735,False,84.3732,234.36999999999998,42.853611011732625,144448.67472079978,381184.0027354439,381184.0027354439,69697.9603922001
2040,108.1,234.36999999999998,2039.0,Shoreham Power Station-CCGT,584.0626047023999,0.0,223.96100678992715,False,84.3732,234.36999999999998,34.13579321007282,51872.874693764774,136886.75266410146,136886.75266410146,19937.44029585763
2040,108.1,234.36999999999998,2039.0,Damhead Creek Power Station-CCGT,973.8051514482,0.0,231.84613890879083,False,84.3732,234.36999999999998,26.25066109120914,86487.42821491505,228230.7133449146,228230.7133449146,25563.02899954029
2040,108.1,234.36999999999998,2040.0,Cottam Development Centre-CCGT,550.2910471575,0.0,238.4158800035795,False,84.3732,234.36999999999998,19.68091999642047,48873.49113687282,128971.71272230326,128971.71272230326,10830.234073853202
2040,108.1,234.36999999999998,2040.0,Great Yarmouth Power Station-CCGT,566.475305193,0.0,240.013145571761,False,84.3732,234.36999999999998,18.083654428238987,50310.87812643161,132764.8172780834,132764.8172780834,10243.943661241427
2040,108.1,234.36999999999998,2040.0,Little Barford-CCGT,876.2518953272998,0.0,240.7576776464302,False,84.3732,234.36999999999998,17.339122353569763,77823.34359455721,205367.15670785925,205367.15670785925,15193.438825627458
2040,108.1,234.36999999999998,2040.0,South Humber-CCGT,1415.4141864696,0.0,246.5252661657621,False,84.3732,234.36999999999998,11.571533834237869,125708.44656614405,331730.62288288015,331730.62288288015,16378.513148193244
2040,108.1,234.36999999999998,2040.0,Langage Energy Centre-CCGT,1099.7517366462,0.0,250.05603522765227,False,84.3732,234.36999999999998,8.0407647723477,97673.2349751549,257748.81451776988,257748.81451776988,8842.84502235297
2040,108.1,234.36999999999998,2040.0,Grain CCGT-CCGT,1560.6667908717,0.0,256.5493066919562,False,84.3732,234.36999999999998,1.5474933080437836,138608.89608376432,365773.4757766003,365773.4757766003,2415.121414960123
2040,108.1,234.36999999999998,2040.0,Peterhead Power Station-CCGT,1283.3503468848,0.0,275.097064063588,False,84.3732,234.36999999999998,-17.00026406358802,113979.34261871642,300778.82079939055,300778.82079939055,-21817.294783138885
2040,108.1,234.36999999999998,2040.0,Connahs Quay Power Station-CCGT,1302.9522420993,0.0,279.14393107084203,False,84.3732,234.36999999999998,-21.047131070842056,115720.26327693963,305372.9169808129,305372.9169808129,-27423.4066185115
2040,108.1,234.36999999999998,2040.0,Medway-CCGT,611.8560400155001,0.0,311.36638697059976,False,84.3732,234.36999999999998,-53.26958697059982,54341.31793203767,143400.70009843275,143400.70009843275,-32593.318537092484
2040,108.1,234.36999999999998,,Isle of Wight-W2E,0.0,0.0,378.6296091247897,False,0.0,0.0,0.0,0.0,0.0,0.0,0.0
2040,108.1,234.36999999999998,,Coryton-CCGT,0.0,0.0,386.8501086268143,False,84.3732,0.0,-84.3732,45456.62891483239,0.0,0.0,-45456.62891483239
2040,108.1,234.36999999999998,,Rye House-CCGT,0.0,0.0,392.2249091956061,False,84.3732,0.0,-84.3732,40788.03147060264,0.0,0.0,-40788.03147060264
2040,108.1,234.36999999999998,,Rocksavage-CCGT,0.0,0.0,430.77402140379735,False,84.3732,0.0,-84.3732,40651.58360202761,0.0,0.0,-40651.58360202761
2041,103.49999999999999,237.03799999999995,2026.0,Tees Valley-W2E,304.33924500000006,350.153755,88.11948048189508,False,0.0,237.03799999999995,237.03799999999995,0.0,72139.96595631,155139.71173399998,155139.71173399998
2041,103.49999999999999,237.03799999999995,2027.0,Runcorn-W2E,411.702165,473.6788349999999,92.55278428419912,False,0.0,237.03799999999995,237.03799999999995,0.0,97589.05778726998,209868.94147799994,209868.94147799994
2041,103.49999999999999,237.03799999999995,2027.0,Riverside-W2E,342.00285,393.48714999999993,95.11886046105766,False,0.0,237.03799999999995,237.03799999999995,0.0,81067.67155829999,174339.07861999996,174339.07861999996
2041,103.49999999999999,237.03799999999995,2028.0,Wilton 11-W2E,178.79389499999996,205.70910499999997,95.57551058511204,False,0.0,237.03799999999995,237.03799999999995,0.0,42380.947283009984,91141.82211399997,91141.82211399997
2041,103.49999999999999,237.03799999999995,2028.0,Scunthorpe Power Station-chp,1562.2594042965,0.0,96.72056387395656,False,97.0907648,237.03799999999995,139.94723519999997,159664.16882014694,370314.8446756337,370314.8446756337,218633.88429649413
2041,103.49999999999999,237.03799999999995,2029.0,Ferrybridge FM1-W2E,285.29098500000003,328.238015,98.85154951082956,False,0.0,237.03799999999995,237.03799999999995,0.0,67624.80450243,145429.68710199997,145429.68710199997
2041,103.49999999999999,237.03799999999995,2029.0,Ferrybridge FM2-W2E,283.559325,326.24567499999995,98.9301306912529,False,0.0,237.03799999999995,237.03799999999995,0.0,67214.33527935,144546.95758999995,144546.95758999995
2041,103.49999999999999,237.03799999999995,2029.0,Drax-BECCS,0.0,10924.999999999998,99.24068628496312,False,0.0,237.03799999999995,237.03799999999995,0.0,0.0,2589640.149999999,2589640.149999999
2041,103.49999999999999,237.03799999999995,2032.0,Kemsley-W2E,245.02989,281.91610999999995,99.80091077600858,False,0.0,237.03799999999995,237.03799999999995,0.0,58081.39506581999,124906.22594799995,124906.22594799995
2041,103.49999999999999,237.03799999999995,2032.0,Allington-W2E,202.60422000000003,233.10378,100.90154534306674,False,0.0,237.03799999999995,237.03799999999995,0.0,48024.899100359995,103279.35290399998,103279.35290399998
2041,103.49999999999999,237.03799999999995,2032.0,Scunthorpe Blast Furnaces-stove,994.2298168221,0.0,101.76356955343398,False,97.0907648,237.03799999999995,139.94723519999997,101611.08768654906,235670.2473198769,235670.2473198769,139139.71401765532
2041,103.49999999999999,237.03799999999995,2032.0,Edmonton-W2E,209.53086,241.07314,102.28156448231805,False,0.0,237.03799999999995,237.03799999999995,0.0,49666.775992679984,106810.27095199998,106810.27095199998
2041,103.49999999999999,237.03799999999995,2032.0,Rookery South C-W2E,255.41985,293.8701499999999,103.38827027423388,False,0.0,237.03799999999995,237.03799999999995,0.0,60544.210404299985,130202.60301999997,130202.60301999997
2041,103.49999999999999,237.03799999999995,2032.0,SELCHP-W2E,169.269765,194.751235,105.54933952858303,False,0.0,237.03799999999995,234.9886604714169,0.0,40123.366556069996,86286.80979799999,85540.80717346566
2041,103.49999999999999,237.03799999999995,2032.0,Lakeside-W2E,178.79389499999996,205.70910499999997,105.75229786444092,False,0.0,237.03799999999995,234.785702135559,0.0,42380.947283009984,91141.82211399997,90275.80682822883
2041,103.49999999999999,237.03799999999995,2032.0,Trident Park-W2E,177.92806500000003,204.712935,106.89966600386146,False,0.0,237.03799999999995,233.6383339961385,0.0,42175.71267147,90700.45735799999,89399.60575861644
2041,103.49999999999999,237.03799999999995,2032.0,Severnside-W2E,173.598915,199.732085,107.69026084360516,False,0.0,237.03799999999995,232.84773915639477,0.0,41149.53961376999,88493.633578,86929.27930699602
2041,103.49999999999999,237.03799999999995,2033.0,Avonmouth-W2E,169.269765,194.751235,108.09353634841528,False,0.0,237.03799999999995,232.44446365158467,0.0,40123.366556069996,86286.80979799999,84614.6661029135
2041,103.49999999999999,237.03799999999995,2033.0,Beddington Lane-W2E,143.29486500000002,164.866135,108.33273184526364,False,0.0,237.03799999999995,232.2052681547363,0.0,33966.32820987,73045.867118,71556.60763983171
2041,103.49999999999999,237.03799999999995,2033.0,Tyseley-W2E,157.148145,180.80485499999995,109.84350345016378,False,0.0,237.03799999999995,230.69449654983617,0.0,37250.081994509994,80107.70321399998,77963.89719250677
2041,103.49999999999999,237.03799999999995,2033.0,Allerton Park-W2E,117.31996499999998,134.98103499999996,110.24876424941378,False,0.0,237.03799999999995,230.28923575058616,0.0,27809.28986366999,59804.92443799997,58102.20446910862
2041,103.49999999999999,237.03799999999995,2033.0,Four Ashes-W2E,143.29486500000002,164.866135,111.41254904821844,False,0.0,237.03799999999995,229.1254509517815,0.0,33966.32820987,73045.867118,70607.52809075195
2041,103.49999999999999,237.03799999999995,2033.0,Ardley-W2E,147.19109999999998,169.34889999999996,111.75263386171072,False,0.0,237.03799999999995,228.78536613828922,0.0,34889.88396179999,75032.00851999997,72419.71979741406
2041,103.49999999999999,237.03799999999995,2033.0,Great Blakenham-W2E,127.709925,146.93507499999996,111.99950117220564,False,0.0,237.03799999999995,228.53849882779429,0.0,30272.105202149993,65101.30150999998,62766.95601055956
2041,103.49999999999999,237.03799999999995,2033.0,North Hykeham-W2E,76.625955,88.16104499999999,112.24726485697003,False,0.0,237.03799999999995,228.2907351430299,0.0,18163.263121289998,39060.780905999985,37619.34537201446
2041,103.49999999999999,237.03799999999995,2033.0,Scunthorpe Sinter-sinter,633.6026468814001,0.0,112.48245883079248,False,97.0907648,237.03799999999995,130.96477636920747,64754.70059475734,150187.9042114733,150187.9042114733,82979.62895576049
2041,103.49999999999999,237.03799999999995,2033.0,Coventry-W2E,126.41118,145.44081999999997,114.86629159129888,False,0.0,237.03799999999995,225.67170840870108,0.0,29964.253284839993,64439.25437599998,61349.3052743222
2041,103.49999999999999,237.03799999999995,2033.0,Greatmoor-W2E,119.48454,137.47145999999998,115.52278790869914,False,0.0,237.03799999999995,225.01521209130078,0.0,28322.376392519993,60908.336327999976,57819.00883813228
2041,103.49999999999999,237.03799999999995,2033.0,South Killingholme-crackers,381.3657875526,0.0,119.41657844198282,False,97.0907648,237.03799999999995,124.03065675801712,38975.890507406584,90398.18354989319,90398.18354989319,47301.04909518741
2041,103.49999999999999,237.03799999999995,2033.0,Marchwood-W2E,90.479235,104.09976499999998,119.76307582774996,False,0.0,237.03799999999995,220.77492417225,0.0,21447.016905929995,46122.617001999984,42958.16397051223
2041,103.49999999999999,237.03799999999995,2033.0,New Rugby-cement,866.2032106008,0.0,119.94033644561048,False,35.923582976,237.03799999999995,184.67408057838946,32754.866221153094,205323.0766343924,205323.0766343924,159965.28151175182
2041,103.49999999999999,237.03799999999995,2033.0,Dunbar-W2E,154.11774,177.31825999999995,120.88122377816076,False,0.0,237.03799999999995,219.65677622183918,0.0,36531.760854119995,78562.92656799997,72802.16328386148
2041,103.49999999999999,237.03799999999995,2033.0,Portsmouth-W2E,82.25384999999999,94.63614999999996,121.9344089585544,False,0.0,237.03799999999995,218.60359104144555,0.0,19497.28809629999,41929.65181999998,38668.78921932129
2041,103.49999999999999,237.03799999999995,2033.0,Grangemouth Power Station-CCGT,502.2772817634001,0.0,122.37005813568526,False,97.0907648,237.03799999999995,121.07717706431468,51333.14255586696,119058.8023146328,119058.8023146328,60814.315379449865
2041,103.49999999999999,237.03799999999995,2034.0,Newhurst-W2E,129.00867,148.42932999999996,122.92780800610014,False,0.0,237.03799999999995,217.6101919938998,0.0,30579.957119459992,65763.34864399998,60373.33644640357
2041,103.49999999999999,237.03799999999995,2034.0,Fawley Refinery-crackers,600.55012751238,0.0,123.76948009124162,False,97.0907648,237.03799999999995,119.67775510875832,61376.7065062258,142353.2011252795,142353.2011252795,71872.49109096019
2041,103.49999999999999,237.03799999999995,2034.0,South Killingholme-smr,225.005814656034,0.0,124.23754446793583,False,97.0907648,237.03799999999995,119.2096907320641,22995.775399369886,53334.92829443698,53334.92829443698,26822.87357806195
2041,103.49999999999999,237.03799999999995,2034.0,Hope Cement Works-cement,1003.4760721869,0.0,124.28720193448665,False,35.923582976,237.03799999999995,180.3272150895133,37945.74309856491,237861.96119903834,237861.96119903834,180954.04550642706
2041,103.49999999999999,237.03799999999995,2034.0,Parc Adfer-W2E,89.61340500000001,103.103595,125.7346990960452,False,0.0,237.03799999999995,214.80330090395472,0.0,21241.78229439,45681.252246,41396.247740307444
2041,103.49999999999999,237.03799999999995,2034.0,Eastcroft-W2E,80.52219,92.64380999999996,125.9173094124788,False,0.0,237.03799999999995,214.62069058752115,0.0,19086.818873219996,41046.92230799998,37165.006506278674
2041,103.49999999999999,237.03799999999995,2034.0,Tunstead Cement-cement,621.4191773385,0.0,126.32727118201583,False,35.923582976,237.03799999999995,178.2871458419841,23498.52987368133,147299.95895796333,147299.95895796333,110791.05149915494
2041,103.49999999999999,237.03799999999995,2034.0,Stanlow Refinery-crackers,352.7227045224,0.0,127.0371190337797,False,97.0907648,237.03799999999995,116.41011616622023,36048.544362530774,83608.68443458065,83608.68443458065,41060.49100791596
2041,103.49999999999999,237.03799999999995,2034.0,Fawley Refinery-smr,354.32457523230414,0.0,127.12699478695876,False,97.0907648,237.03799999999995,116.32024041304118,36212.25683867322,83988.3886639149,83988.3886639149,41215.119775270316
2041,103.49999999999999,237.03799999999995,2034.0,Millerhill-W2E,70.565145,81.18785499999998,127.43285186483614,False,0.0,237.03799999999995,213.1051481351638,0.0,16726.620840509997,35971.22761399999,32339.345544955508
2041,103.49999999999999,237.03799999999995,2034.0,Padeswood-cement,470.6002227744,0.0,127.4850460006812,False,35.923582976,237.03799999999995,177.12937102331875,17795.417001431833,111550.1356059982,111550.1356059982,83357.12146346316
2041,103.49999999999999,237.03799999999995,2034.0,South Killingholme-distillation,324.16091941971,0.0,128.70945593540847,False,97.0907648,237.03799999999995,114.73777926459147,33129.5069312956,76838.4560174092,76838.4560174092,37193.50401858571
2041,103.49999999999999,237.03799999999995,2034.0,Ketton-cement,635.4803405793001,0.0,129.98256974643843,False,35.923582976,237.03799999999995,174.63184727756152,24030.242888860234,150632.9889702361,150632.9889702361,110975.10578393712
2041,103.49999999999999,237.03799999999995,2034.0,South Killingholme-power,568.235023453374,0.0,130.1966886940948,False,97.0907648,237.03799999999995,113.25054650590513,58074.0768560358,134693.29348934084,134693.29348934084,64352.926949890425
2041,103.49999999999999,237.03799999999995,2034.0,Newhaven-W2E,91.77798,105.59401999999996,130.2947760528612,False,0.0,237.03799999999995,210.24322394713874,0.0,21754.868823239995,46784.66413599998,41496.12559689466
2041,103.49999999999999,237.03799999999995,2034.0,Leeds-W2E,77.05887,88.65912999999998,130.72273227888334,False,0.0,237.03799999999995,209.81526772111658,0.0,18265.880427059998,39281.46328399998,34770.16653620799
2041,103.49999999999999,237.03799999999995,2034.0,Ribblesdale-cement,487.7708319975,0.0,131.22283623409905,False,35.923582976,237.03799999999995,173.3915807899009,18444.71153319447,115620.22247502339,115620.22247502339,84575.3556232517
2041,103.49999999999999,237.03799999999995,2035.0,Hanford-W2E,80.08927500000001,92.145725,131.66934911672453,False,0.0,237.03799999999995,208.8686508832754,0.0,18984.20156745,40826.239929999996,35974.49208488094
2041,103.49999999999999,237.03799999999995,2035.0,Fawley Refinery-distillation,510.4676083855231,0.0,132.12222727391224,False,97.0907648,237.03799999999995,111.3250079260877,52170.200530291935,121000.2209564876,121000.2209564876,56827.810549529386
2041,103.49999999999999,237.03799999999995,2035.0,Stanlow Refinery-smr,208.10639566821592,0.0,132.18064919232714,False,97.0907648,237.03799999999995,111.2665860076728,21268.641173893157,49329.123816402556,49329.123816402556,23155.288172364333
2041,103.49999999999999,237.03799999999995,2035.0,Kirklees-W2E,57.14477999999999,65.74721999999997,132.2826363227577,False,0.0,237.03799999999995,208.25536367724226,0.0,13545.484361639996,29130.073895999987,25592.91815302365
2041,103.49999999999999,237.03799999999995,2035.0,Lindsey Oil Refinery-crackers,173.99875600422,0.0,132.48929210893525,False,97.0907648,237.03799999999995,110.95794309106469,17782.8129417877,41244.317125728296,41244.317125728296,19306.544066632294
2041,103.49999999999999,237.03799999999995,2035.0,South Killingholme-remaining,358.48384029944395,0.0,132.82916790483205,False,97.0907648,237.03799999999995,110.61806729516789,36637.33707696219,84974.29253689958,84974.29253689958,39654.78957047411
2041,103.49999999999999,237.03799999999995,2035.0,Fawley Refinery-power,894.8196899934462,0.0,134.32186480576613,False,97.0907648,237.03799999999995,109.12537039423381,91451.29269427642,212106.26967666647,212106.26967666647,97647.5301065883
2041,103.49999999999999,237.03799999999995,2035.0,Baldovie-W2E,81.38802,93.63997999999998,134.50224562921326,False,0.0,237.03799999999995,206.03575437078666,0.0,19292.053484759996,41488.28706399998,36062.02601601004
2041,103.49999999999999,237.03799999999995,2035.0,Pembroke Refinery-crackers,453.1676492086801,0.0,135.6974630648525,False,97.0907648,237.03799999999995,107.74977213514742,46314.09857293565,107417.95323312709,107417.95323312709,48828.7109412557
2041,103.49999999999999,237.03799999999995,2035.0,Fawley Refinery-remaining,564.5171198616373,0.0,136.13383164089475,False,97.0907648,237.03799999999995,107.31340355910518,57694.10411585225,133812.00905776274,133812.00905776274,60580.253499735634
2041,103.49999999999999,237.03799999999995,2035.0,Stanlow Refinery-distillation,299.81429884404,0.0,136.513911998797,False,97.0907648,237.03799999999995,106.93332320120294,30641.262708151156,71067.38176939354,71067.38176939354,32060.139318631776
2041,103.49999999999999,237.03799999999995,2035.0,Dunbar Works-cement,421.0548381849,0.0,136.98298025518972,False,35.923582976,237.03799999999995,167.63143676881023,15921.893070506849,99805.9967336723,99805.9967336723,70582.02748339369
2041,103.49999999999999,237.03799999999995,2035.0,Stanlow Refinery-power,525.5568297383759,0.0,137.82970188412523,False,97.0907648,237.03799999999995,105.61753331587471,53712.33110017085,124576.93980752512,124576.93980752512,55508.01597427841
2041,103.49999999999999,237.03799999999995,2035.0,Hartlebury-W2E,90.91214999999998,104.59784999999997,138.13632582553586,False,0.0,237.03799999999995,202.40167417446406,0.0,21549.63421169999,46343.299379999975,39571.55131784946
2041,103.49999999999999,237.03799999999995,2035.0,Cauldon Cement-cement,510.3056236515,0.0,138.4784310020895,False,35.923582976,237.03799999999995,166.13598602191044,19296.84885722536,120961.82441910423,120961.82441910423,84780.1279578679
2041,103.49999999999999,237.03799999999995,2035.0,Javelin Park-W2E,81.38802,93.63997999999998,139.3228290773164,False,0.0,237.03799999999995,201.2151709226835,0.0,19292.053484759996,41488.28706399998,35218.28893625544
2041,103.49999999999999,237.03799999999995,2035.0,Sheffield-W2E,100.003365,115.05763499999998,139.8343235952813,False,0.0,237.03799999999995,200.70367640471864,0.0,23704.597632869994,50977.629317999985,43163.53335127519
2041,103.49999999999999,237.03799999999995,2035.0,Pembroke Refinery-smr,267.3689130331212,0.0,139.8863360016444,False,97.0907648,237.03799999999995,103.56089919835554,27325.31815803203,63376.59240754497,63376.59240754497,27688.965051396954
2041,103.49999999999999,237.03799999999995,2035.0,Chineham-W2E,44.590245,51.30275499999999,140.32141856258616,False,0.0,237.03799999999995,200.21658143741377,0.0,10569.582494309998,22730.284933999996,19199.368643777918
2041,103.49999999999999,237.03799999999995,2035.0,Stanlow Refinery-remaining,331.559342251056,0.0,140.6432980315675,False,97.0907648,237.03799999999995,102.80393716843244,33885.631700778926,78592.1633685058,78592.1633685058,34085.60578838435
2041,103.49999999999999,237.03799999999995,2035.0,Grangemouth Refinery-crackers,193.40584394892005,0.0,140.79770433532283,False,97.0907648,237.03799999999995,102.6495308646771,19766.232953463263,45844.5344379641,45844.5344379641,19853.01914784359
2041,103.49999999999999,237.03799999999995,2035.0,Lindsey Oil Refinery-smr,102.6592660424898,0.0,141.9929815759613,False,97.0907648,237.03799999999995,101.45425362403864,10491.85963565474,24334.147104179694,24334.147104179694,10415.219213932418
2041,103.49999999999999,237.03799999999995,2035.0,Lindsey Oil Refinery-power,259.2581464462878,0.0,142.81115560903552,False,97.0907648,237.03799999999995,100.63607959096441,26496.391283263674,61454.03251733516,61454.03251733516,26090.723460374527
2041,103.49999999999999,237.03799999999995,2036.0,Wolverhampton-W2E,42.42567,48.81233,142.87736864384428,False,0.0,237.03799999999995,197.66063135615565,0.0,10056.495965459997,21626.873043999996,18034.16068367293
2041,103.49999999999999,237.03799999999995,2036.0,Devonport-W2E,111.259155,128.00784499999995,143.82236892306247,False,0.0,237.03799999999995,196.71563107693748,0.0,26372.647582889997,56715.371145999976,47067.55890088559
2041,103.49999999999999,237.03799999999995,2036.0,Lindsey Oil Refinery-distillation,147.89894260358702,0.0,144.05717677984146,False,97.0907648,237.03799999999995,99.39005842015848,15115.391000519545,35057.669556869056,35057.669556869056,14699.68454565018
2041,103.49999999999999,237.03799999999995,2036.0,Pembroke Refinery-distillation,385.192501827378,0.0,144.60895225355458,False,97.0907648,237.03799999999995,98.83828294644536,39366.983786995304,91305.26024815801,91305.26024815801,38071.76548446356
2041,103.49999999999999,237.03799999999995,2036.0,Cornwall-W2E,103.46668499999998,119.04231499999996,145.15316997971505,False,0.0,237.03799999999995,195.38483002028488,0.0,24525.536079029993,52743.08834199998,43474.88314298356
2041,103.49999999999999,237.03799999999995,2036.0,Pembroke Refinery-power,675.2197973209334,0.0,146.4191539632569,False,97.0907648,237.03799999999995,97.02808123674305,69008.00687367411,160052.75031735937,160052.75031735937,65515.2813471127
2041,103.49999999999999,237.03799999999995,2036.0,Lindsey Oil Refinery-remaining,163.5588306439668,0.0,148.07743604588833,False,97.0907648,237.03799999999995,95.3697991541116,16715.844165280436,38769.65809818459,38769.65809818459,15598.572828396467
2041,103.49999999999999,237.03799999999995,2036.0,Pembroke Refinery-remaining,425.97759025615926,0.0,148.6969572317184,False,97.0907648,237.03799999999995,94.75027796828155,43535.25265855951,100972.87603913946,100972.87603913946,40361.495085029834
2041,103.49999999999999,237.03799999999995,2036.0,Grangemouth Refinery-smr,114.1094479298628,0.0,149.4429641100151,False,97.0907648,237.03799999999995,94.00427108998483,11662.077442543323,27048.275318398813,27048.275318398813,10726.77547712733
2041,103.49999999999999,237.03799999999995,2036.0,Milton Keynes ACT-W2E,35.066115,40.344885,149.91840922239953,False,0.0,237.03799999999995,190.61959077760042,0.0,8312.001767369999,17875.272617999995,14374.813960129626
2041,103.49999999999999,237.03799999999995,2036.0,Belfast ACT-W2E,48.48648,55.785519999999984,151.16178010182253,False,0.0,237.03799999999995,189.3762198981774,0.0,11493.138246239998,24716.426335999993,19746.63720122275
2041,103.49999999999999,237.03799999999995,2036.0,Grangemouth Refinery-power,288.1747074838908,0.0,151.2758042923232,False,97.0907648,237.03799999999995,92.17143090767675,29451.68710066026,68308.3563125665,68308.3563125665,26561.4751401914
2041,103.49999999999999,237.03799999999995,2036.0,Peterborough-W2E,36.797775,42.33722499999999,151.58940342877088,False,0.0,237.03799999999995,188.94859657122907,0.0,8722.470990449998,18758.002129999993,14952.447189664212
2041,103.49999999999999,237.03799999999995,2036.0,Grangemouth Refinery-distillation,164.394967356582,0.0,151.9931581726091,False,97.0907648,237.03799999999995,91.45407702739084,16801.298010443774,38967.85427226948,38967.85427226948,15034.590007544251
2041,103.49999999999999,237.03799999999995,2036.0,Pembroke Power Station-CCGT,5026.790800587,0.0,153.5814237169616,False,97.0907648,237.03799999999995,89.86581148303833,513742.06665115384,1191540.4377895412,1191540.4377895412,451736.6344502227
2041,103.49999999999999,237.03799999999995,2037.0,NewLincs-W2E,24.24324,27.892759999999992,154.91229031794154,False,0.0,237.03799999999995,185.6257096820584,0.0,5746.569123119999,12358.213167999997,9677.781999983798
2041,103.49999999999999,237.03799999999995,2037.0,Grangemouth Refinery-remaining,181.8014933119848,0.0,156.05875268873913,False,97.0907648,237.03799999999995,87.3884825112608,18580.258976255463,43093.86237168625,43093.86237168625,15887.356618815484
2041,103.49999999999999,237.03799999999995,2037.0,Dudley-W2E,29.871135,34.367864999999995,157.17271920148522,False,0.0,237.03799999999995,183.36528079851473,0.0,7080.594098129998,15227.084081999994,11779.202273215786
2041,103.49999999999999,237.03799999999995,2037.0,Marchwood  Power  Station-CCGT,1815.7533444639,0.0,159.62812813767613,False,97.0907648,237.03799999999995,83.81910706232381,185571.45358121884,430402.5412650338,430402.5412650338,152194.82397839215
2041,103.49999999999999,237.03799999999995,2037.0,Baddesley-W2E,41.55984,47.81616,160.35967910131896,False,0.0,237.03799999999995,180.17832089868097,0.0,9851.26135392,21185.508287999997,16103.61760864051
2041,103.49999999999999,237.03799999999995,2037.0,Enfield Power Station-CCGT,806.3891587964999,0.0,162.1675537167806,False,97.0907648,237.03799999999995,81.27968148321935,82413.62121471667,191144.87342280473,191144.87342280473,65543.0539785007
2041,103.49999999999999,237.03799999999995,2037.0,Battlefield-W2E,39.82818,45.82381999999999,162.19804621799932,False,0.0,237.03799999999995,178.33995378200063,0.0,9440.792130839998,20302.778775999992,15275.173721335916
2041,103.49999999999999,237.03799999999995,2037.0,Saltend-CCGT,2179.7384288931,0.0,164.91708350379992,False,97.0907648,237.03799999999995,78.53015169620002,222771.02223703318,516680.8377079625,516680.8377079625,171175.18947901184
2041,103.49999999999999,237.03799999999995,2037.0,Immingham-CCGT,2178.7933907240995,0.0,166.00773363458555,False,97.0907648,237.03799999999995,77.43950156541439,222674.4385753559,516456.82775045896,516456.82775045896,168724.67419169343
2041,103.49999999999999,237.03799999999995,2037.0,Didcot B-CCGT,2663.1465497294994,0.0,168.98227960881977,False,97.0907648,237.03799999999995,74.46495559118017,272175.72135549306,631266.931854781,631266.931854781,198311.08955841186
2041,103.49999999999999,237.03799999999995,2038.0,Staythorpe Power Station-CCGT,3395.4703151412,0.0,169.40288726463294,False,97.0907648,237.03799999999995,74.044347935367,347019.7997397433,804855.4925604396,804855.4925604396,251415.38541852526
2041,103.49999999999999,237.03799999999995,2038.0,Keadby-CCGT,1131.0949420923002,0.0,176.90140497406722,False,97.0907648,237.03799999999995,66.54583022593272,115598.81367279279,268112.4828836746,268112.4828836746,75269.65198588542
2041,103.49999999999999,237.03799999999995,2038.0,Hooton Park ACT-W2E,35.499030000000005,40.84297,179.27780846771287,False,0.0,237.03799999999995,161.26019153228708,0.0,8414.61907314,18095.954996,12310.925541957862
2041,103.49999999999999,237.03799999999995,2038.0,Exeter-W2E,27.273645,31.379354999999997,179.60333383475486,False,0.0,237.03799999999995,160.93466616524506,0.0,6464.8902635099985,13902.989813999995,9439.300974590118
2041,103.49999999999999,237.03799999999995,2038.0,Bolton-W2E,35.066115,40.344885,181.92172711397333,False,0.0,237.03799999999995,158.6162728860266,0.0,8312.001767369999,17875.272617999995,11961.411754608152
2041,103.49999999999999,237.03799999999995,2038.0,West Burton B CCGT Power Station-CCGT,2228.0422268514,0.0,181.9230998694337,False,97.0907648,237.03799999999995,61.524135330566224,227707.7092754711,528130.6733684021,528130.6733684021,137078.37148702165
2041,103.49999999999999,237.03799999999995,2039.0,Levenseat ACT-W2E,25.10907,28.888929999999995,183.8322948806435,False,0.0,237.03799999999995,156.70570511935642,0.0,5951.803734659999,12799.577923999996,8461.794665035006
2041,103.49999999999999,237.03799999999995,2039.0,Coolkeeragh-CCGT,722.1987379346999,0.0,184.70017000442445,False,97.0907648,237.03799999999995,58.74706519557549,73809.29242492083,171188.54444256535,171188.54444256535,42427.05634161215
2041,103.49999999999999,237.03799999999995,2039.0,Carrington CCGT-CCGT,1673.6112263625,0.0,189.2092334567789,False,97.0907648,237.03799999999995,54.23800174322105,171044.41467936954,396709.4578745142,396709.4578745142,90773.3286129236
2041,103.49999999999999,237.03799999999995,2039.0,Ballylumford-CCGT,1043.2211998752,0.0,195.1740589779237,False,97.0907648,237.03799999999995,48.273176222076245,106618.04647521774,247283.0667760176,247283.0667760176,50359.60082018135
2041,103.49999999999999,237.03799999999995,2039.0,Glasgow ACT-W2E,60.60809999999999,69.73189999999998,195.93562567320143,False,0.0,237.03799999999995,144.6023743267985,0.0,14366.422807799996,30895.532919999987,18847.473469754914
2041,103.49999999999999,237.03799999999995,2039.0,NESS-W2E,42.858585,49.31041499999999,198.75501981615415,False,0.0,237.03799999999995,141.78298018384578,0.0,10159.113271229997,21847.55542199999,13067.995500564879
2041,103.49999999999999,237.03799999999995,2039.0,Energy Works ACT-W2E,13.420365,15.440635,201.40339180076796,False,0.0,237.03799999999995,139.134608199232,0.0,3181.1364788699993,6841.153717999999,4015.5639272380345
2041,103.49999999999999,237.03799999999995,2039.0,Eco Park ACT-W2E,13.85328,15.938719999999996,202.93011759687164,False,0.0,237.03799999999995,137.60788240312831,0.0,3283.753784639999,7061.836095999997,4099.614032553998
2041,103.49999999999999,237.03799999999995,2039.0,Kilroot-CCGT,1059.7392638186998,0.0,207.3906503608189,False,97.0907648,237.03799999999995,36.05658483918103,108306.20590815427,251198.47561705692,251198.47561705692,38210.57867329019
2041,103.49999999999999,237.03799999999995,2039.0,Kings Lynn Power Station-CCGT,607.5685909533,0.0,208.8847375922057,False,97.0907648,237.03799999999995,34.56249760779423,62093.99912012027,144016.8436623883,144016.8436623883,20999.087971394343
2041,103.49999999999999,237.03799999999995,2039.0,Spalding-CCGT,1332.8402058705,0.0,210.92034860788132,False,97.0907648,237.03799999999995,32.526886592118615,136217.34204648033,315933.77671913157,315933.77671913157,43353.14222176578
2041,103.49999999999999,237.03799999999995,2039.0,Seabank-CCGT,1626.4197752931002,0.0,215.24318898826735,False,97.0907648,237.03799999999995,28.20404621173259,166221.410388475,385523.2906959258,385523.2906959258,45871.61850204233
2041,103.49999999999999,237.03799999999995,2039.0,Shoreham Power Station-CCGT,584.0626047023999,0.0,223.96100678992715,False,97.0907648,237.03799999999995,19.486228410072783,59691.66840172221,138445.03169344744,138445.03169344744,11381.177321013014
2041,103.49999999999999,237.03799999999995,2039.0,Damhead Creek Power Station-CCGT,973.8051514482,0.0,231.84613890879083,False,97.0907648,237.03799999999995,11.601096291209103,99523.67044240591,230828.8254889784,230828.8254889784,11297.207330826033
2041,103.49999999999999,237.03799999999995,2040.0,Cottam Development Centre-CCGT,550.2910471575,0.0,238.4158800035795,False,97.0907648,237.03799999999995,5.0313551964204635,56240.18803275215,130439.88923611946,130439.88923611946,2768.709719659546
2041,103.49999999999999,237.03799999999995,2040.0,Great Yarmouth Power Station-CCGT,566.475305193,0.0,240.013145571761,False,97.0907648,237.03799999999995,3.434089628238951,57894.23223315978,134276.17339233833,134276.17339233833,1945.3269702167759
2041,103.49999999999999,237.03799999999995,2040.0,Little Barford-CCGT,876.2518953272998,0.0,240.7576776464302,False,97.0907648,237.03799999999995,2.6895575535697276,89553.64913134433,207704.99676459245,207704.99676459245,2356.7299039073296
2041,103.49999999999999,237.03799999999995,2040.0,South Humber-CCGT,1415.4141864696,0.0,246.5252661657621,False,97.0907648,237.03799999999995,-3.0780309657621387,144656.4693401087,335506.947932381,335506.947932381,-4356.688695332455
2041,103.49999999999999,237.03799999999995,2040.0,Langage Energy Centre-CCGT,1099.7517366462,0.0,250.05603522765227,False,97.0907648,237.03799999999995,-6.608800027652308,112395.51284327132,260682.95215114192,260682.95215114192,-7268.03930755808
2041,103.49999999999999,237.03799999999995,2040.0,Grain CCGT-CCGT,1560.6667908717,0.0,256.5493066919562,False,97.0907648,237.03799999999995,-13.102071491956224,159501.40244599475,369937.3347746459,369937.3347746459,-20447.967869122906
2041,103.49999999999999,237.03799999999995,2040.0,Peterhead Power Station-CCGT,1283.3503468848,0.0,275.097064063588,False,97.0907648,237.03799999999995,-31.649828863588027,131159.43861620055,304202.7995248792,304202.7995248792,-40617.81885093025
2041,103.49999999999999,237.03799999999995,2040.0,Connahs Quay Power Station-CCGT,1302.9522420993,0.0,279.14393107084203,False,97.0907648,237.03799999999995,-35.69669587084206,133162.76808767978,308849.1935627338,308849.1935627338,-46511.0899204505
2041,103.49999999999999,237.03799999999995,2040.0,Medway-CCGT,611.8560400155001,0.0,311.36638697059976,False,97.0907648,237.03799999999995,-67.9191517705998,62532.17986589927,145033.1320131941,145033.1320131941,-41556.743243570934
2041,103.49999999999999,237.03799999999995,,Isle of Wight-W2E,0.0,0.0,378.6296091247897,False,0.0,0.0,0.0,0.0,0.0,0.0,0.0
2041,103.49999999999999,237.03799999999995,,Coryton-CCGT,0.0,0.0,386.8501086268143,False,97.0907648,0.0,-97.0907648,52308.30247721873,0.0,0.0,-52308.30247721873
2041,103.49999999999999,237.03799999999995,,Rye House-CCGT,0.0,0.0,392.2249091956061,False,97.0907648,0.0,-97.0907648,46936.00776274077,0.0,0.0,-46936.00776274077
2041,103.49999999999999,237.03799999999995,,Rocksavage-CCGT,0.0,0.0,430.77402140379735,False,97.0907648,0.0,-97.0907648,46778.993119284314,0.0,0.0,-46778.993119284314
2042,100.05,238.55599999999998,2026.0,Tees Valley-W2E,304.33924500000006,350.153755,88.11948048189508,False,0.0,238.55599999999998,238.55599999999998,0.0,72601.95293022001,156133.232108,156133.232108
2042,100.05,238.55599999999998,2027.0,Runcorn-W2E,411.702165,473.6788349999999,92.55278428419912,False,0.0,238.55599999999998,238.55599999999998,0.0,98214.02167373999,211212.94983599996,211212.94983599996
2042,100.05,238.55599999999998,2027.0,Riverside-W2E,342.00285,393.48714999999993,95.11886046105766,False,0.0,238.55599999999998,238.55599999999998,0.0,81586.8318846,175455.55244,175455.55244
2042,100.05,238.55599999999998,2028.0,Wilton 11-W2E,178.79389499999996,205.70910499999997,95.57551058511204,False,0.0,238.55599999999998,238.55599999999998,0.0,42652.35641561999,91725.49766799998,91725.49766799998
2042,100.05,238.55599999999998,2028.0,Scunthorpe Power Station-chp,1562.2594042965,0.0,96.72056387395656,False,110.30829439999998,238.55599999999998,128.24770560000002,181400.17926137568,372686.3544513558,372686.3544513558,200356.18415304893
2042,100.05,238.55599999999998,2029.0,Ferrybridge FM1-W2E,285.29098500000003,328.238015,98.85154951082956,False,0.0,238.55599999999998,238.55599999999998,0.0,68057.87621766,146361.024124,146361.024124
2042,100.05,238.55599999999998,2029.0,Ferrybridge FM2-W2E,283.559325,326.24567499999995,98.9301306912529,False,0.0,238.55599999999998,238.55599999999998,0.0,67644.7783347,145472.64157999997,145472.64157999997
2042,100.05,238.55599999999998,2029.0,Drax-BECCS,0.0,10924.999999999998,99.24068628496312,False,0.0,238.55599999999998,238.55599999999998,0.0,0.0,2606224.2999999993,2606224.2999999993
2042,100.05,238.55599999999998,2032.0,Kemsley-W2E,245.02989,281.91610999999995,99.80091077600858,False,0.0,238.55599999999998,238.55599999999998,0.0,58453.350438839996,125706.12997599997,125706.12997599997
2042,100.05,238.55599999999998,2032.0,Allington-W2E,202.60422000000003,233.10378,100.90154534306674,False,0.0,238.55599999999998,237.70445465693325,0.0,48332.45230632,103940.757648,103569.73252966307
2042,100.05,238.55599999999998,2032.0,Scunthorpe Blast Furnaces-stove,994.2298168221,0.0,101.76356955343398,False,110.30829439999998,238.55599999999998,126.53413604656602,115443.99508975817,237179.48818181286,237179.48818181286,125804.01090332001
2042,100.05,238.55599999999998,2032.0,Edmonton-W2E,209.53086,241.07314,102.28156448231805,False,0.0,238.55599999999998,236.32443551768193,0.0,49984.84383815999,107494.28782399998,106488.73594200955
2042,100.05,238.55599999999998,2032.0,Rookery South C-W2E,255.41985,293.8701499999999,103.38827027423388,False,0.0,238.55599999999998,235.2177297257661,0.0,60931.9377366,131036.42523999998,129202.74676106605
2042,100.05,238.55599999999998,2032.0,SELCHP-W2E,169.269765,194.751235,105.54933952858303,False,0.0,238.55599999999998,233.05666047141693,0.0,40380.318059339996,86839.39367599999,84837.51860146566
2042,100.05,238.55599999999998,2032.0,Lakeside-W2E,178.79389499999996,205.70910499999997,105.75229786444092,False,0.0,238.55599999999998,232.85370213555905,0.0,42652.35641561999,91725.49766799998,89532.94703222884
2042,100.05,238.55599999999998,2032.0,Trident Park-W2E,177.92806500000003,204.712935,106.89966600386146,False,0.0,238.55599999999998,231.70633399613854,0.0,42445.807474140005,91281.306396,88660.34334661646
2042,100.05,238.55599999999998,2032.0,Severnside-W2E,173.598915,199.732085,107.69026084360516,False,0.0,238.55599999999998,230.9157391563948,0.0,41413.06276674,89060.350036,86208.00381499603
2042,100.05,238.55599999999998,2033.0,Avonmouth-W2E,169.269765,194.751235,108.09353634841528,False,0.0,238.55599999999998,230.5124636515847,0.0,40380.318059339996,86839.39367599999,83911.37753091352
2042,100.05,238.55599999999998,2033.0,Beddington Lane-W2E,143.29486500000002,164.866135,108.33273184526364,False,0.0,238.55599999999998,230.27326815473634,0.0,34183.849814940004,73513.65551600001,70961.24058783172
2042,100.05,238.55599999999998,2033.0,Tyseley-W2E,157.148145,180.80485499999995,109.84350345016378,False,0.0,238.55599999999998,228.76249654983621,0.0,37488.632878619996,80620.71586799998,77310.97199650679
2042,100.05,238.55599999999998,2033.0,Allerton Park-W2E,117.31996499999998,134.98103499999996,110.24876424941378,False,0.0,238.55599999999998,228.3572357505862,0.0,27987.381570539994,60187.917355999976,57614.758937108636
2042,100.05,238.55599999999998,2033.0,Four Ashes-W2E,143.29486500000002,164.866135,111.41254904821844,False,0.0,238.55599999999998,227.19345095178153,0.0,34183.849814940004,73513.65551600001,70012.16103875196
2042,100.05,238.55599999999998,2033.0,Ardley-W2E,147.19109999999998,169.34889999999996,111.75263386171072,False,0.0,238.55599999999998,226.85336613828926,0.0,35113.32005159999,75512.51623999998,71808.16451741407
2042,100.05,238.55599999999998,2033.0,Great Blakenham-W2E,127.709925,146.93507499999996,111.99950117220564,False,0.0,238.55599999999998,226.60649882779433,0.0,30465.9688683,65518.21261999999,62236.34187055957
2042,100.05,238.55599999999998,2033.0,North Hykeham-W2E,76.625955,88.16104499999999,112.24726485697003,False,0.0,238.55599999999998,226.35873514302995,0.0,18279.58132098,39310.92757199999,37300.97688801447
2042,100.05,238.55599999999998,2033.0,Scunthorpe Sinter-sinter,633.6026468814001,0.0,112.48245883079248,False,110.30829439999998,238.55599999999998,115.81524676920752,73570.13400506601,151149.71302943927,151149.71302943927,73380.84690219241
2042,100.05,238.55599999999998,2033.0,Coventry-W2E,126.41118,145.44081999999997,114.86629159129888,False,0.0,238.55599999999998,223.73970840870112,0.0,30156.145456079998,64851.92571199999,60824.087210322214
2042,100.05,238.55599999999998,2033.0,Greatmoor-W2E,119.48454,137.47145999999998,115.52278790869914,False,0.0,238.55599999999998,223.08321209130082,0.0,28503.753924239998,61298.39553599999,57322.56984613228
2042,100.05,238.55599999999998,2033.0,South Killingholme-crackers,381.3657875526,0.0,119.41657844198282,False,110.30829439999998,238.55599999999998,108.8811271580172,44281.904807831634,90977.09681539804,90977.09681539804,41523.53680823201
2042,100.05,238.55599999999998,2033.0,Marchwood-W2E,90.479235,104.09976499999998,119.76307582774996,False,0.0,238.55599999999998,218.84292417225004,0.0,21584.36438466,46417.987923999994,42582.237342512235
2042,100.05,238.55599999999998,2033.0,New Rugby-cement,866.2032106008,0.0,119.94033644561048,False,40.81406892799999,238.55599999999998,177.8515946263895,37213.976361174675,206637.97310808444,206637.97310808444,154055.6222758506
2042,100.05,238.55599999999998,2033.0,Dunbar-W2E,154.11774,177.31825999999995,120.88122377816076,False,0.0,238.55599999999998,217.72477622183922,0.0,36765.711583439996,79066.04641599998,72161.82893186148
2042,100.05,238.55599999999998,2033.0,Portsmouth-W2E,82.25384999999999,94.63614999999996,121.9344089585544,False,0.0,238.55599999999998,216.6715910414456,0.0,19622.149440599995,42198.17083999998,38327.0377393213
2042,100.05,238.55599999999998,2033.0,Grangemouth Power Station-CCGT,502.2772817634001,0.0,122.37005813568526,False,110.30829439999998,238.55599999999998,105.92764746431476,58321.42133388304,119821.25922834966,119821.25922834966,53205.05083196774
2042,100.05,238.55599999999998,2034.0,Newhurst-W2E,129.00867,148.42932999999996,122.92780800610014,False,0.0,238.55599999999998,215.67819199389984,0.0,30775.792280519996,66184.49952799999,59837.32623040358
2042,100.05,238.55599999999998,2034.0,Fawley Refinery-crackers,600.55012751238,0.0,123.76948009124162,False,110.30829439999998,238.55599999999998,104.5282255087584,69732.27396588752,143264.8362188433,143264.8362188433,62774.43915792766
2042,100.05,238.55599999999998,2034.0,South Killingholme-smr,225.005814656034,0.0,124.23754446793583,False,110.30829439999998,238.55599999999998,104.06016113206417,26126.32383662066,53676.48712108484,53676.48712108484,23414.14132875826
2042,100.05,238.55599999999998,2034.0,Hope Cement Works-cement,1003.4760721869,0.0,124.28720193448665,False,40.81406892799999,238.55599999999998,173.50472913751335,43111.517450352454,239385.23787661808,239385.23787661808,174107.84410076388
2042,100.05,238.55599999999998,2034.0,Parc Adfer-W2E,89.61340500000001,103.103595,125.7346990960452,False,0.0,238.55599999999998,212.87130090395476,0.0,21377.815443180003,45973.796652,41023.91849630745
2042,100.05,238.55599999999998,2034.0,Eastcroft-W2E,80.52219,92.64380999999996,125.9173094124788,False,0.0,238.55599999999998,212.6886905875212,0.0,19209.051557639996,41309.788295999984,36830.449794278684
2042,100.05,238.55599999999998,2034.0,Tunstead Cement-cement,621.4191773385,0.0,126.32727118201583,False,40.81406892799999,238.55599999999998,171.46465988998415,26697.521196920625,148243.2732691632,148243.2732691632,106551.42789145965
2042,100.05,238.55599999999998,2034.0,Stanlow Refinery-crackers,352.7227045224,0.0,127.0371190337797,False,110.30829439999998,238.55599999999998,101.2605865662203,40956.04203370643,84144.11750004566,84144.11750004566,35716.907955161834
2042,100.05,238.55599999999998,2034.0,Fawley Refinery-smr,354.32457523230414,0.0,127.12699478695876,False,110.30829439999998,238.55599999999998,101.17071081304124,41142.041639873634,84526.25336911753,84526.25336911753,35847.26913478112
2042,100.05,238.55599999999998,2034.0,Millerhill-W2E,70.565145,81.18785499999998,127.43285186483614,False,0.0,238.55599999999998,211.17314813516384,0.0,16833.73873062,36201.588668,32046.158748955517
2042,100.05,238.55599999999998,2034.0,Padeswood-cement,470.6002227744,0.0,127.4850460006812,False,40.81406892799999,238.55599999999998,170.3068850713188,20218.010452470015,112264.50674416976,112264.50674416976,80146.45805457675
2042,100.05,238.55599999999998,2034.0,South Killingholme-distillation,324.16091941971,0.0,128.70945593540847,False,110.30829439999998,238.55599999999998,99.58824966459153,37639.61908665689,77330.53229308834,77330.53229308834,32282.61857467362
2042,100.05,238.55599999999998,2034.0,Ketton-cement,635.4803405793001,0.0,129.98256974643843,False,40.81406892799999,238.55599999999998,167.80936132556155,27301.619392413115,151597.6481272355,151597.6481272355,106639.55008756269
2042,100.05,238.55599999999998,2034.0,South Killingholme-power,568.235023453374,0.0,130.1966886940948,False,110.30829439999998,238.55599999999998,98.1010169059052,65980.03816366912,135555.87425494308,135555.87425494308,55744.433642326876
2042,100.05,238.55599999999998,2034.0,Newhaven-W2E,91.77798,105.59401999999996,130.2947760528612,False,0.0,238.55599999999998,208.31122394713879,0.0,21894.18779688,47084.27483199999,41114.802892894666
2042,100.05,238.55599999999998,2034.0,Leeds-W2E,77.05887,88.65912999999998,130.72273227888334,False,0.0,238.55599999999998,207.88326772111662,0.0,18382.855791719998,39533.02320799999,34449.999360208
2042,100.05,238.55599999999998,2034.0,Ribblesdale-cement,487.7708319975,0.0,131.22283623409905,False,40.81406892799999,238.55599999999998,166.56909483790093,20955.697219172493,116360.6585979956,116360.6585979956,81247.54597415343
2042,100.05,238.55599999999998,2035.0,Hanford-W2E,80.08927500000001,92.145725,131.66934911672453,False,0.0,238.55599999999998,206.93665088327543,0.0,19105.7770869,41087.69266,35641.73406488095
2042,100.05,238.55599999999998,2035.0,Fawley Refinery-distillation,510.4676083855231,0.0,132.12222727391224,False,110.30829439999998,238.55599999999998,96.17547832608776,59272.43287100441,121775.11078601684,121775.11078601684,49094.46640645173
2042,100.05,238.55599999999998,2035.0,Stanlow Refinery-smr,208.10639566821592,0.0,132.18064919232714,False,110.30829439999998,238.55599999999998,96.11705640767286,24164.06479988679,49645.02932502692,49645.02932502692,20002.574171239397
2042,100.05,238.55599999999998,2035.0,Kirklees-W2E,57.14477999999999,65.74721999999997,132.2826363227577,False,0.0,238.55599999999998,206.3233636772423,0.0,13632.230137679997,29316.62395199999,25355.490809023653
2042,100.05,238.55599999999998,2035.0,Lindsey Oil Refinery-crackers,173.99875600422,0.0,132.48929210893525,False,110.30829439999998,238.55599999999998,95.80841349106475,20203.690528997122,41508.447237342705,41508.447237342705,16670.544762183195
2042,100.05,238.55599999999998,2035.0,South Killingholme-remaining,358.48384029944395,0.0,132.82916790483205,False,110.30829439999998,238.55599999999998,95.46853769516795,41624.99051936174,85518.47100647415,85518.47100647415,34223.928020736035
2042,100.05,238.55599999999998,2035.0,Fawley Refinery-power,894.8196899934462,0.0,134.32186480576613,False,110.30829439999998,238.55599999999998,93.97584079423387,103901.08820917239,213464.60596607655,213464.60596607655,84091.4327263698
2042,100.05,238.55599999999998,2035.0,Baldovie-W2E,81.38802,93.63997999999998,134.50224562921326,False,0.0,238.55599999999998,204.1037543707867,0.0,19415.60049912,41753.97956799999,35723.871920010046
2042,100.05,238.55599999999998,2035.0,Pembroke Refinery-crackers,453.1676492086801,0.0,135.6974630648525,False,110.30829439999998,238.55599999999998,92.60024253514749,52619.10574891263,108105.86172462588,108105.86172462588,41963.43422580641
2042,100.05,238.55599999999998,2035.0,Fawley Refinery-remaining,564.5171198616373,0.0,136.13383164089475,False,110.30829439999998,238.55599999999998,92.16387395910525,65548.33752793427,134668.94604571274,134668.94604571274,52028.08468268505
2042,100.05,238.55599999999998,2035.0,Stanlow Refinery-distillation,299.81429884404,0.0,136.513911998797,False,110.30829439999998,238.55599999999998,91.783793601203,34812.63572865046,71522.4998750388,71522.4998750388,27518.093723790764
2042,100.05,238.55599999999998,2035.0,Dunbar Works-cement,421.0548381849,0.0,136.98298025518972,False,40.81406892799999,238.55599999999998,160.80895081681027,18089.432829627778,100445.157978037,100445.157978037,67709.38676485559
2042,100.05,238.55599999999998,2035.0,Stanlow Refinery-power,525.5568297383759,0.0,137.82970188412523,False,110.30829439999998,238.55599999999998,90.46800371587477,61024.50263022257,125374.73507506799,125374.73507506799,47546.07722567475
2042,100.05,238.55599999999998,2035.0,Hartlebury-W2E,90.91214999999998,104.59784999999997,138.13632582553586,False,0.0,238.55599999999998,200.4696741744641,0.0,21687.638855399993,46640.083559999985,39193.82599784946
2042,100.05,238.55599999999998,2035.0,Cauldon Cement-cement,510.3056236515,0.0,138.4784310020895,False,40.81406892799999,238.55599999999998,159.31350006991048,21923.840945324573,121736.46835580723,121736.46835580723,81298.57500927895
2042,100.05,238.55599999999998,2035.0,Javelin Park-W2E,81.38802,93.63997999999998,139.3228290773164,False,0.0,238.55599999999998,199.28317092268355,0.0,19415.60049912,41753.97956799999,34880.13484025545
2042,100.05,238.55599999999998,2035.0,Sheffield-W2E,100.003365,115.05763499999998,139.8343235952813,False,0.0,238.55599999999998,198.77167640471868,0.0,23856.40274094,51304.09191599999,42748.035499275196
2042,100.05,238.55599999999998,2035.0,Pembroke Refinery-smr,267.3689130331212,0.0,139.8863360016444,False,110.30829439999998,238.55599999999998,88.4113695983556,31045.27239185845,63782.458417529255,63782.458417529255,23638.451789281877
2042,100.05,238.55599999999998,2035.0,Chineham-W2E,44.590245,51.30275499999999,140.32141856258616,False,0.0,238.55599999999998,198.2845814374138,0.0,10637.27048622,22875.850508,19014.103367777923
2042,100.05,238.55599999999998,2035.0,Stanlow Refinery-remaining,331.559342251056,0.0,140.6432980315675,False,110.30829439999998,238.55599999999998,87.6544075684325,38498.67951168404,79095.47045004292,79095.47045004292,29062.637718795468
2042,100.05,238.55599999999998,2035.0,Grangemouth Refinery-crackers,193.40584394892005,0.0,140.79770433532283,False,110.30829439999998,238.55599999999998,87.50000126467717,22457.125024208344,46138.12450907857,46138.12450907857,16923.011590126458
2042,100.05,238.55599999999998,2035.0,Lindsey Oil Refinery-smr,102.6592660424898,0.0,141.9929815759613,False,110.30829439999998,238.55599999999998,86.3047240240387,11920.1774121083,24489.983870032196,24489.983870032196,8859.97962430745
2042,100.05,238.55599999999998,2035.0,Lindsey Oil Refinery-power,259.2581464462878,0.0,142.81115560903552,False,110.30829439999998,238.55599999999998,85.48654999096448,30103.498888205715,61847.58638364063,61847.58638364063,22163.08449674537
2042,100.05,238.55599999999998,2036.0,Wolverhampton-W2E,42.42567,48.81233,142.87736864384428,False,0.0,238.55599999999998,195.7286313561557,0.0,10120.898132519998,21765.372327999998,17857.888867672933
2042,100.05,238.55599999999998,2036.0,Devonport-W2E,111.259155,128.00784499999995,143.82236892306247,False,0.0,238.55599999999998,194.78363107693752,0.0,26541.53898018,57078.57845199998,46605.295056885596
2042,100.05,238.55599999999998,2036.0,Lindsey Oil Refinery-distillation,147.89894260358702,0.0,144.05717677984146,False,110.30829439999998,238.55599999999998,84.24052882015854,17173.136949647556,35282.180151741304,35282.180151741304,12459.085136868447
2042,100.05,238.55599999999998,2036.0,Pembroke Refinery-distillation,385.192501827378,0.0,144.60895225355458,False,110.30829439999998,238.55599999999998,83.68875334644542,44726.239886575735,91889.98246593199,91889.98246593199,32236.280276331665
2042,100.05,238.55599999999998,2036.0,Cornwall-W2E,103.46668499999998,119.04231499999996,145.15316997971505,False,0.0,238.55599999999998,193.45283002028492,0.0,24682.598506859995,53080.85700399998,43044.99575498357
2042,100.05,238.55599999999998,2036.0,Pembroke Refinery-power,675.2197973209334,0.0,146.4191539632569,False,110.30829439999998,238.55599999999998,81.87855163674311,78402.46756587981,161077.73396969258,161077.73396969258,55286.01904109326
2042,100.05,238.55599999999998,2036.0,Lindsey Oil Refinery-remaining,163.5588306439668,0.0,148.07743604588833,False,110.30829439999998,238.55599999999998,80.22026955411167,18991.469097257293,39017.94040310214,39017.94040310214,13120.733482214315
2042,100.05,238.55599999999998,2036.0,Pembroke Refinery-remaining,425.97759025615926,0.0,148.6969572317184,False,110.30829439999998,238.55599999999998,79.60074836828161,49461.959403977875,101619.51002114832,101619.51002114832,33908.134972507505
2042,100.05,238.55599999999998,2036.0,Grangemouth Refinery-smr,114.1094479298628,0.0,149.4429641100151,False,110.30829439999998,238.55599999999998,78.85474148998489,13249.70376428292,27221.49346035635,27221.49346035635,8998.071018074223
2042,100.05,238.55599999999998,2036.0,Milton Keynes ACT-W2E,35.066115,40.344885,149.91840922239953,False,0.0,238.55599999999998,188.68759077760046,0.0,8365.232129940001,17989.746516,14229.119908129629
2042,100.05,238.55599999999998,2036.0,Belfast ACT-W2E,48.48648,55.785519999999984,151.16178010182253,False,0.0,238.55599999999998,187.44421989817744,0.0,11566.740722879998,24874.711231999998,19545.183697222757
2042,100.05,238.55599999999998,2036.0,Grangemouth Refinery-power,288.1747074838908,0.0,151.2758042923232,False,110.30829439999998,238.55599999999998,77.02190130767681,33461.11628607043,68745.80551852705,68745.80551852705,22195.763879192873
2042,100.05,238.55599999999998,2036.0,Peterborough-W2E,36.797775,42.33722499999999,151.58940342877088,False,0.0,238.55599999999998,187.01659657122912,0.0,8778.3300129,18878.129059999996,14799.558369664215
2042,100.05,238.55599999999998,2036.0,Grangemouth Refinery-distillation,164.394967356582,0.0,151.9931581726091,False,110.30829439999998,238.55599999999998,76.3045474273909,19088.55627057709,39217.40583271677,39217.40583271677,12544.08358348469
2042,100.05,238.55599999999998,2036.0,Pembroke Power Station-CCGT,5026.790800587,0.0,153.5814237169616,False,110.30829439999998,238.55599999999998,74.71628188303839,583680.7573877499,1199171.1062248324,1199171.1062248324,375583.11842372257
2042,100.05,238.55599999999998,2037.0,NewLincs-W2E,24.24324,27.892759999999992,154.91229031794154,False,0.0,238.55599999999998,183.69370968205845,0.0,5783.370361439999,12437.355615999999,9577.055247983799
2042,100.05,238.55599999999998,2037.0,Grangemouth Refinery-remaining,181.8014933119848,0.0,156.05875268873913,False,110.30829439999998,238.55599999999998,72.23895291126087,21109.697522755836,43369.83703853385,43369.83703853385,13133.149514561379
2042,100.05,238.55599999999998,2037.0,Dudley-W2E,29.871135,34.367864999999995,157.17271920148522,False,0.0,238.55599999999998,181.43328079851477,0.0,7125.9384810599995,15324.598883999997,11655.092525215789
2042,100.05,238.55599999999998,2037.0,Marchwood  Power  Station-CCGT,1815.7533444639,0.0,159.62812813767613,False,110.30829439999998,238.55599999999998,68.66957746232387,210834.3731356931,433158.8548419301,433158.8548419301,124687.01494013742
2042,100.05,238.55599999999998,2037.0,Baddesley-W2E,41.55984,47.81616,160.35967910131896,False,0.0,238.55599999999998,178.246320898681,0.0,9914.349191039999,21321.181056,15930.943176640514
2042,100.05,238.55599999999998,2037.0,Enfield Power Station-CCGT,806.3891587964999,0.0,162.1675537167806,False,110.30829439999998,238.55599999999998,66.13015188321941,93633.0660310449,192368.97216585782,192368.97216585782,53326.63754819408
2042,100.05,238.55599999999998,2037.0,Battlefield-W2E,39.82818,45.82381999999999,162.19804621799932,False,0.0,238.55599999999998,176.40795378200067,0.0,9501.25130808,20432.798511999994,15109.694057335919
2042,100.05,238.55599999999998,2037.0,Saltend-CCGT,2179.7384288931,0.0,164.91708350379992,False,110.30829439999998,238.55599999999998,63.380622096200085,253098.13508350897,519989.6806430223,519989.6806430223,138153.17763023847
2042,100.05,238.55599999999998,2037.0,Immingham-CCGT,2178.7933907240995,0.0,166.00773363458555,False,110.30829439999998,238.55599999999998,62.28997196541445,252988.40292712444,519764.2361175782,519764.2361175782,135716.97922663446
2042,100.05,238.55599999999998,2037.0,Didcot B-CCGT,2663.1465497294994,0.0,168.98227960881977,False,110.30829439999998,238.55599999999998,59.315425991180234,309228.58277674305,635309.5883172704,635309.5883172704,157965.67207414712
2042,100.05,238.55599999999998,2038.0,Staythorpe Power Station-CCGT,3395.4703151412,0.0,169.40288726463294,False,110.30829439999998,238.55599999999998,58.89481833536706,394261.62015690125,810009.816498824,810009.816498824,199975.60737337254
2042,100.05,238.55599999999998,2038.0,Keadby-CCGT,1131.0949420923002,0.0,176.90140497406722,False,110.30829439999998,238.55599999999998,51.39630062593278,131335.9514385983,269829.48500577075,269829.48500577075,58134.09568024789
2042,100.05,238.55599999999998,2038.0,Hooton Park ACT-W2E,35.499030000000005,40.84297,179.27780846771287,False,0.0,238.55599999999998,159.32819153228712,0.0,8468.50660068,18211.842152,12163.432797957865
2042,100.05,238.55599999999998,2038.0,Exeter-W2E,27.273645,31.379354999999997,179.60333383475486,False,0.0,238.55599999999998,159.0026661652451,0.0,6506.291656619999,13992.025067999997,9325.98337859012
2042,100.05,238.55599999999998,2038.0,Bolton-W2E,35.066115,40.344885,181.92172711397333,False,0.0,238.55599999999998,156.68427288602663,0.0,8365.232129940001,17989.746516,11815.717702608155
2042,100.05,238.55599999999998,2038.0,West Burton B CCGT Power Station-CCGT,2228.0422268514,0.0,181.9230998694337,False,110.30829439999998,238.55599999999998,46.37460573056629,258706.88199490085,531512.8414687625,531512.8414687625,103324.57982128659
2042,100.05,238.55599999999998,2039.0,Levenseat ACT-W2E,25.10907,28.888929999999995,183.8322948806435,False,0.0,238.55599999999998,154.77370511935646,0.0,5989.91930292,12881.546887999997,8357.470529035008
2042,100.05,238.55599999999998,2039.0,Coolkeeragh-CCGT,722.1987379346999,0.0,184.70017000442445,False,110.30829439999998,238.55599999999998,43.59753559557555,83857.37999937823,172284.84212675027,172284.84212675027,31486.085184187818
2042,100.05,238.55599999999998,2039.0,Carrington CCGT-CCGT,1673.6112263625,0.0,189.2092334567789,False,110.30829439999998,238.55599999999998,39.08847214322111,194329.68407235754,399249.99971613253,399249.99971613253,65418.9058002527
2042,100.05,238.55599999999998,2039.0,Ballylumford-CCGT,1043.2211998752,0.0,195.1740589779237,False,110.30829439999998,238.55599999999998,33.12364662207631,121132.58025279452,248866.6765574282,248866.6765574282,34555.29037332456
2042,100.05,238.55599999999998,2039.0,Glasgow ACT-W2E,60.60809999999999,69.73189999999998,195.93562567320143,False,0.0,238.55599999999998,142.67037432679854,0.0,14458.425903599997,31093.38903999999,18595.65658975492
2042,100.05,238.55599999999998,2039.0,NESS-W2E,42.858585,49.31041499999999,198.75501981615415,False,0.0,238.55599999999998,139.85098018384582,0.0,10224.172603259998,21987.467963999996,12889.924992564884
2042,100.05,238.55599999999998,2039.0,Energy Works ACT-W2E,13.420365,15.440635,201.40339180076796,False,0.0,238.55599999999998,137.20260819923203,0.0,3201.5085929399997,6884.9647159999995,3959.8044752380356
2042,100.05,238.55599999999998,2039.0,Eco Park ACT-W2E,13.85328,15.938719999999996,202.93011759687164,False,0.0,238.55599999999998,135.67588240312836,0.0,3304.78306368,7107.060351999999,4042.055888553999
2042,100.05,238.55599999999998,2039.0,Kilroot-CCGT,1059.7392638186998,0.0,207.3906503608189,False,110.30829439999998,238.55599999999998,20.90705523918109,123050.55863216042,252807.15981953373,252807.15981953373,22156.027327786658
2042,100.05,238.55599999999998,2039.0,Kings Lynn Power Station-CCGT,607.5685909533,0.0,208.8847375922057,False,110.30829439999998,238.55599999999998,19.41296800779429,70547.2157884945,144939.13278345542,144939.13278345542,11794.70961871707
2042,100.05,238.55599999999998,2039.0,Spalding-CCGT,1332.8402058705,0.0,210.92034860788132,False,110.30829439999998,238.55599999999998,17.377356992118678,154761.39980770496,317957.028151643,317957.028151643,23161.240070860633
2042,100.05,238.55599999999998,2039.0,Seabank-CCGT,1626.4197752931002,0.0,215.24318898826735,False,110.30829439999998,238.55599999999998,13.054516611732652,188850.09620106642,387992.19591482077,387992.19591482077,21232.123974214264
2042,100.05,238.55599999999998,2039.0,Shoreham Power Station-CCGT,584.0626047023999,0.0,223.96100678992715,False,110.30829439999998,238.55599999999998,4.336698810072846,67817.84183951911,139331.6387273857,139331.6387273857,2532.903602820945
2042,100.05,238.55599999999998,2039.0,Damhead Creek Power Station-CCGT,973.8051514482,0.0,231.84613890879083,False,110.30829439999998,238.55599999999998,-3.548433308790834,113072.40561493122,232307.0617088768,232307.0617088768,-3455.4826356708954
2042,100.05,238.55599999999998,2040.0,Cottam Development Centre-CCGT,550.2910471575,0.0,238.4158800035795,False,110.30829439999998,238.55599999999998,-10.118174403579474,63896.491405825036,131275.23104570457,131275.23104570457,-5567.940787867961
2042,100.05,238.55599999999998,2040.0,Great Yarmouth Power Station-CCGT,566.475305193,0.0,240.013145571761,False,110.30829439999998,238.55599999999998,-11.715439971760986,65775.71024795715,135136.0829056213,135136.0829056213,-6636.507433473576
2042,100.05,238.55599999999998,2040.0,Little Barford-CCGT,876.2518953272998,0.0,240.7576776464302,False,110.30829439999998,238.55599999999998,-12.45997204643021,101745.10740875977,209035.14714169933,209035.14714169933,-10918.074121409645
2042,100.05,238.55599999999998,2040.0,South Humber-CCGT,1415.4141864696,0.0,246.5252661657621,False,110.30829439999998,238.55599999999998,-18.227560565762076,164349.39450423693,337655.5466674419,337655.5466674419,-25799.547809513493
2042,100.05,238.55599999999998,2040.0,Langage Energy Centre-CCGT,1099.7517366462,0.0,250.05603522765227,False,110.30829439999998,238.55599999999998,-21.758329627652245,127696.56666618977,262352.3752873709,262352.3752873709,-23928.760794531023
2042,100.05,238.55599999999998,2040.0,Grain CCGT-CCGT,1560.6667908717,0.0,256.5493066919562,False,110.30829439999998,238.55599999999998,-28.25160109195616,181215.25455555652,372306.4269631892,372306.4269631892,-44091.33561317064
2042,100.05,238.55599999999998,2040.0,Peterhead Power Station-CCGT,1283.3503468848,0.0,275.097064063588,False,110.30829439999998,238.55599999999998,-46.799358463587964,149014.93461316905,306150.92535145034,306150.92535145034,-60059.97291823172
2042,100.05,238.55599999999998,2040.0,Connahs Quay Power Station-CCGT,1302.9522420993,0.0,279.14393107084203,False,110.30829439999998,238.55599999999998,-50.846225470842,151290.9889585575,310827.0750662406,310827.0750662406,-66250.20347952012
2042,100.05,238.55599999999998,2040.0,Medway-CCGT,611.8560400155001,0.0,311.36638697059976,False,110.30829439999998,238.55599999999998,-83.06868137059973,71045.04862362942,145961.92948193764,145961.92948193764,-50826.0744327245
2042,100.05,238.55599999999998,,Isle of Wight-W2E,0.0,0.0,378.6296091247897,False,0.0,0.0,0.0,0.0,0.0,0.0,0.0
2042,100.05,238.55599999999998,,Coryton-CCGT,0.0,0.0,386.8501086268143,False,110.30829439999998,0.0,-110.30829439999998,59429.33543789833,0.0,0.0,-59429.33543789833
2042,100.05,238.55599999999998,,Rye House-CCGT,0.0,0.0,392.2249091956061,False,110.30829439999998,0.0,-110.30829439999998,53325.6790480354,0.0,0.0,-53325.6790480354
2042,100.05,238.55599999999998,,Rocksavage-CCGT,0.0,0.0,430.77402140379735,False,110.30829439999998,0.0,-110.30829439999998,53147.28908941078,0.0,0.0,-53147.28908941078
2043,97.74999999999999,238.92399999999998,2026.0,Tees Valley-W2E,304.33924500000006,350.153755,88.11948048189508,False,0.0,238.92399999999998,238.92399999999998,0.0,72713.94977238,156374.085532,156374.085532
2043,97.74999999999999,238.92399999999998,2027.0,Runcorn-W2E,411.702165,473.6788349999999,92.55278428419912,False,0.0,238.92399999999998,238.92399999999998,0.0,98365.52807045999,211538.77004399995,211538.77004399995
2043,97.74999999999999,238.92399999999998,2027.0,Riverside-W2E,342.00285,393.48714999999993,95.11886046105766,False,0.0,238.92399999999998,238.92399999999998,0.0,81712.6889334,175726.21276,175726.21276
2043,97.74999999999999,238.92399999999998,2028.0,Wilton 11-W2E,178.79389499999996,205.70910499999997,95.57551058511204,False,0.0,238.92399999999998,238.92399999999998,0.0,42718.15256897999,91866.99477199998,91866.99477199998
2043,97.74999999999999,238.92399999999998,2028.0,Scunthorpe Power Station-chp,1562.2594042965,0.0,96.72056387395656,False,123.8582016,238.92399999999998,115.06579839999998,203682.7792093177,373261.26591213694,373261.26591213694,179762.62566328511
2043,97.74999999999999,238.92399999999998,2029.0,Ferrybridge FM1-W2E,285.29098500000003,328.238015,98.85154951082956,False,0.0,238.92399999999998,237.82245048917042,0.0,68162.86330014,146586.80279599997,145910.97022617023
2043,97.74999999999999,238.92399999999998,2029.0,Ferrybridge FM2-W2E,283.559325,326.24567499999995,98.9301306912529,False,0.0,238.92399999999998,237.74386930874707,0.0,67749.1281663,145697.04982,144977.4002238205
2043,97.74999999999999,238.92399999999998,2029.0,Drax-BECCS,0.0,10924.999999999998,99.24068628496312,False,0.0,238.92399999999998,237.43331371503683,0.0,0.0,2610244.6999999993,2593958.952336777
2043,97.74999999999999,238.92399999999998,2032.0,Kemsley-W2E,245.02989,281.91610999999995,99.80091077600858,False,0.0,238.92399999999998,236.87308922399137,0.0,58543.521438359996,125900.04610399996,124819.32687422534
2043,97.74999999999999,238.92399999999998,2032.0,Allington-W2E,202.60422000000003,233.10378,100.90154534306674,False,0.0,238.92399999999998,235.77245465693323,0.0,48407.01065928,104101.09819199999,102727.94467366308
2043,97.74999999999999,238.92399999999998,2032.0,Scunthorpe Blast Furnaces-stove,994.2298168221,0.0,101.76356955343398,False,123.8582016,238.92399999999998,111.05222884656598,129624.75483019235,237545.36475440342,237545.36475440342,110411.43714380723
2043,97.74999999999999,238.92399999999998,2032.0,Edmonton-W2E,209.53086,241.07314,102.28156448231805,False,0.0,238.92399999999998,234.39243551768192,0.0,50061.951194639994,107660.11009599999,105618.16901400955
2043,97.74999999999999,238.92399999999998,2032.0,Rookery South C-W2E,255.41985,293.8701499999999,103.38827027423388,False,0.0,238.92399999999998,233.2857297257661,0.0,61025.93224139999,131238.56395999997,128141.51848106604
2043,97.74999999999999,238.92399999999998,2032.0,SELCHP-W2E,169.269765,194.751235,105.54933952858303,False,0.0,238.92399999999998,231.12466047141692,0.0,40442.609332859996,86973.353404,84134.23002946566
2043,97.74999999999999,238.92399999999998,2032.0,Lakeside-W2E,178.79389499999996,205.70910499999997,105.75229786444092,False,0.0,238.92399999999998,230.92170213555903,0.0,42718.15256897999,91866.99477199998,88790.08723622884
2043,97.74999999999999,238.92399999999998,2032.0,Trident Park-W2E,177.92806500000003,204.712935,106.89966600386146,False,0.0,238.92399999999998,229.77433399613852,0.0,42511.28500206,91422.118284,87921.08093461645
2043,97.74999999999999,238.92399999999998,2032.0,Severnside-W2E,173.598915,199.732085,107.69026084360516,False,0.0,238.92399999999998,228.9837391563948,0.0,41476.94716746,89197.735844,85486.72832299603
2043,97.74999999999999,238.92399999999998,2033.0,Avonmouth-W2E,169.269765,194.751235,108.09353634841528,False,0.0,238.92399999999998,228.5804636515847,0.0,40442.609332859996,86973.353404,83208.08895891352
2043,97.74999999999999,238.92399999999998,2033.0,Beddington Lane-W2E,143.29486500000002,164.866135,108.33273184526364,False,0.0,238.92399999999998,228.34126815473633,0.0,34236.58232526,73627.058764,70365.87353583172
2043,97.74999999999999,238.92399999999998,2033.0,Tyseley-W2E,157.148145,180.80485499999995,109.84350345016378,False,0.0,238.92399999999998,226.8304965498362,0.0,37546.46339598,80745.08257199998,76658.04680050678
2043,97.74999999999999,238.92399999999998,2033.0,Allerton Park-W2E,117.31996499999998,134.98103499999996,110.24876424941378,False,0.0,238.92399999999998,226.42523575058618,0.0,28030.555317659993,60280.76412399998,57127.31340510863
2043,97.74999999999999,238.92399999999998,2033.0,Four Ashes-W2E,143.29486500000002,164.866135,111.41254904821844,False,0.0,238.92399999999998,225.2614509517815,0.0,34236.58232526,73627.058764,69416.79398675196
2043,97.74999999999999,238.92399999999998,2033.0,Ardley-W2E,147.19109999999998,169.34889999999996,111.75263386171072,False,0.0,238.92399999999998,224.92136613828924,0.0,35167.48637639999,75629.00295999998,71196.60923741407
2043,97.74999999999999,238.92399999999998,2033.0,Great Blakenham-W2E,127.709925,146.93507499999996,111.99950117220564,False,0.0,238.92399999999998,224.6744988277943,0.0,30512.966120699995,65619.28197999999,61705.72773055956
2043,97.74999999999999,238.92399999999998,2033.0,North Hykeham-W2E,76.625955,88.16104499999999,112.24726485697003,False,0.0,238.92399999999998,224.42673514302993,0.0,18307.779672419998,39371.569187999994,36982.60840401447
2043,97.74999999999999,238.92399999999998,2033.0,Scunthorpe Sinter-sinter,633.6026468814001,0.0,112.48245883079248,False,123.8582016,238.92399999999998,100.33333956920748,82607.24670708428,151382.87880349162,151382.87880349162,63571.46952150018
2043,97.74999999999999,238.92399999999998,2033.0,Coventry-W2E,126.41118,145.44081999999997,114.86629159129888,False,0.0,238.92399999999998,221.8077084087011,0.0,30202.664770319996,64951.967247999986,60298.869146322206
2043,97.74999999999999,238.92399999999998,2033.0,Greatmoor-W2E,119.48454,137.47145999999998,115.52278790869914,False,0.0,238.92399999999998,221.1512120913008,0.0,28547.724234959995,61392.95534399999,56826.13085413228
2043,97.74999999999999,238.92399999999998,2033.0,South Killingholme-crackers,381.3657875526,0.0,119.41657844198282,False,123.8582016,238.92399999999998,93.39921995801714,49721.34799792916,91117.4394252174,91117.4394252174,35619.26707608772
2043,97.74999999999999,238.92399999999998,2033.0,Marchwood-W2E,90.479235,104.09976499999998,119.76307582774996,False,0.0,238.92399999999998,216.91092417225002,0.0,21617.660743139997,46489.59299599999,42206.310714512234
2043,97.74999999999999,238.92399999999998,2033.0,New Rugby-cement,866.2032106008,0.0,119.94033644561048,False,45.827534592,238.92399999999998,170.9061289623895,41785.21852369434,206956.73588958554,206956.73588958554,148039.43761857616
2043,97.74999999999999,238.92399999999998,2033.0,Dunbar-W2E,154.11774,177.31825999999995,120.88122377816076,False,0.0,238.92399999999998,215.7927762218392,0.0,36822.42691176,79188.01486399997,71521.49457986148
2043,97.74999999999999,238.92399999999998,2033.0,Portsmouth-W2E,82.25384999999999,94.63614999999996,121.9344089585544,False,0.0,238.92399999999998,214.73959104144558,0.0,19652.418857399996,42263.26635999998,37985.28625932129
2043,97.74999999999999,238.92399999999998,2033.0,Grangemouth Power Station-CCGT,502.2772817634001,0.0,122.37005813568526,False,123.8582016,238.92399999999998,90.44574026431471,65485.432446053914,120006.09726803859,120006.09726803859,45428.8405670385
2043,97.74999999999999,238.92399999999998,2034.0,Newhurst-W2E,129.00867,148.42932999999996,122.92780800610014,False,0.0,238.92399999999998,213.74619199389983,0.0,30823.267471079995,66286.59671199998,59301.31601440358
2043,97.74999999999999,238.92399999999998,2034.0,Fawley Refinery-crackers,600.55012751238,0.0,123.76948009124162,False,123.8582016,238.92399999999998,89.04631830875834,78297.95659403587,143485.83866576786,143485.83866576786,53476.7778148328
2043,97.74999999999999,238.92399999999998,2034.0,South Killingholme-smr,225.005814656034,0.0,124.23754446793583,False,123.8582016,238.92399999999998,88.57825393206411,29335.595318778203,53759.289260878264,53759.289260878264,19930.622186793134
2043,97.74999999999999,238.92399999999998,2034.0,Hope Cement Works-cement,1003.4760721869,0.0,124.28720193448665,False,45.827534592,238.92399999999998,166.5592634735133,48407.19411619942,239754.51707118287,239754.51707118287,167138.23549674414
2043,97.74999999999999,238.92399999999998,2034.0,Parc Adfer-W2E,89.61340500000001,103.103595,125.7346990960452,False,0.0,238.92399999999998,210.93930090395475,0.0,21410.793176220002,46044.716508,40651.58925230745
2043,97.74999999999999,238.92399999999998,2034.0,Eastcroft-W2E,80.52219,92.64380999999996,125.9173094124788,False,0.0,238.92399999999998,210.75669058752118,0.0,19238.683723559996,41373.51338399998,36495.89308227868
2043,97.74999999999999,238.92399999999998,2034.0,Tunstead Cement-cement,621.4191773385,0.0,126.32727118201583,False,45.827534592,238.92399999999998,164.51919422598414,29976.95667959189,148471.9555264238,148471.9555264238,102235.38233230397
2043,97.74999999999999,238.92399999999998,2034.0,Stanlow Refinery-crackers,352.7227045224,0.0,127.0371190337797,False,123.8582016,238.92399999999998,85.77867936622027,45986.94720592911,84273.9194553099,84273.9194553099,30256.087776413005
2043,97.74999999999999,238.92399999999998,2034.0,Fawley Refinery-smr,354.32457523230414,0.0,127.12699478695876,False,123.8582016,238.92399999999998,85.68880361304122,46195.79439048116,84656.64481280303,84656.64481280303,30361.648942355157
2043,97.74999999999999,238.92399999999998,2034.0,Millerhill-W2E,70.565145,81.18785499999998,127.43285186483614,False,0.0,238.92399999999998,209.24114813516383,0.0,16859.70670398,36257.433772,31752.97195295551
2043,97.74999999999999,238.92399999999998,2034.0,Padeswood-cement,470.6002227744,0.0,127.4850460006812,False,45.827534592,238.92399999999998,163.36141940731878,22701.52419810181,112437.68762615073,112437.68762615073,76877.9203658264
2043,97.74999999999999,238.92399999999998,2034.0,South Killingholme-distillation,324.16091941971,0.0,128.70945593540847,False,123.8582016,238.92399999999998,84.10634246459148,42263.145798239784,77449.82351143479,77449.82351143479,27263.989302350972
2043,97.74999999999999,238.92399999999998,2034.0,Ketton-cement,635.4803405793001,0.0,129.98256974643843,False,45.827534592,238.92399999999998,160.86389566156154,30655.260305719803,151831.5048925687,151831.5048925687,102225.84320192212
2043,97.74999999999999,238.92399999999998,2034.0,South Killingholme-power,568.235023453374,0.0,130.1966886940948,False,123.8582016,238.92399999999998,82.61910970590515,74084.80851691443,135764.9847435739,135764.9847435739,46947.071741431886
2043,97.74999999999999,238.92399999999998,2034.0,Newhaven-W2E,91.77798,105.59401999999996,130.2947760528612,False,0.0,238.92399999999998,206.37922394713877,0.0,21927.962093519996,47156.907727999984,40733.48018889467
2043,97.74999999999999,238.92399999999998,2034.0,Leeds-W2E,77.05887,88.65912999999998,130.72273227888334,False,0.0,238.92399999999998,205.9512677211166,0.0,18411.21345588,39594.007431999984,34129.832184208
2043,97.74999999999999,238.92399999999998,2034.0,Ribblesdale-cement,487.7708319975,0.0,131.22283623409905,False,45.827534592,238.92399999999998,159.62362917390092,23529.82597508847,116540.15826417068,116540.15826417068,77859.75040861407
2043,97.74999999999999,238.92399999999998,2035.0,Hanford-W2E,80.08927500000001,92.145725,131.66934911672453,False,0.0,238.92399999999998,205.00465088327542,0.0,19135.249940100002,41151.07514,35308.97604488095
2043,97.74999999999999,238.92399999999998,2035.0,Fawley Refinery-distillation,510.4676083855231,0.0,132.12222727391224,False,123.8582016,238.92399999999998,80.6935711260877,66553.2631049305,121962.96286590271,121962.96286590271,41191.45426482109
2043,97.74999999999999,238.92399999999998,2035.0,Stanlow Refinery-smr,208.10639566821592,0.0,132.18064919232714,False,123.8582016,238.92399999999998,80.63514920767284,27132.298851498173,49721.612478632815,49721.612478632815,16780.69026577759
2043,97.74999999999999,238.92399999999998,2035.0,Kirklees-W2E,57.14477999999999,65.74721999999997,132.2826363227577,False,0.0,238.92399999999998,204.39136367724228,0.0,13653.259416719997,29361.84820799999,25118.063465023653
2043,97.74999999999999,238.92399999999998,2035.0,Lindsey Oil Refinery-crackers,173.99875600422,0.0,132.48929210893525,False,123.8582016,238.92399999999998,80.32650629106473,22685.445262441994,41572.47877955226,41572.47877955226,13976.712168810416
2043,97.74999999999999,238.92399999999998,2035.0,South Killingholme-remaining,358.48384029944395,0.0,132.82916790483205,False,123.8582016,238.92399999999998,79.9866304951679,46738.06711805341,85650.39305970434,85650.39305970434,28673.914472520402
2043,97.74999999999999,238.92399999999998,2035.0,Fawley Refinery-power,894.8196899934462,0.0,134.32186480576613,False,123.8582016,238.92399999999998,78.49393359423385,116663.95532511343,213793.89961199413,213793.89961199413,70237.91732515849
2043,97.74999999999999,238.92399999999998,2035.0,Baldovie-W2E,81.38802,93.63997999999998,134.50224562921326,False,0.0,238.92399999999998,202.1717543707867,0.0,19445.551290479998,41818.389871999985,35385.71782401005
2043,97.74999999999999,238.92399999999998,2035.0,Pembroke Refinery-crackers,453.1676492086801,0.0,135.6974630648525,False,123.8582016,238.92399999999998,77.11833533514744,59082.663215038716,108272.62741953466,108272.62741953466,34947.53473471545
2043,97.74999999999999,238.92399999999998,2035.0,Fawley Refinery-remaining,564.5171198616373,0.0,136.13383164089475,False,123.8582016,238.92399999999998,76.6819667591052,73600.07919839372,134876.6883458218,134876.6883458218,43288.28302017588
2043,97.74999999999999,238.92399999999998,2035.0,Stanlow Refinery-distillation,299.81429884404,0.0,136.513911998797,False,123.8582016,238.92399999999998,76.30188640120298,39088.90512503974,71632.83153701341,71632.83153701341,22876.396571854264
2043,97.74999999999999,238.92399999999998,2035.0,Dunbar Works-cement,421.0548381849,0.0,136.98298025518972,False,45.827534592,238.92399999999998,153.86348515281026,20311.479117944702,100600.10615848904,100600.10615848904,64784.964843581285
2043,97.74999999999999,238.92399999999998,2035.0,Stanlow Refinery-power,525.5568297383759,0.0,137.82970188412523,False,123.8582016,238.92399999999998,74.98609651587475,68520.55133683437,125568.13998841171,125568.13998841171,39409.455159339006
2043,97.74999999999999,238.92399999999998,2035.0,Hartlebury-W2E,90.91214999999998,104.59784999999997,138.13632582553586,False,0.0,238.92399999999998,198.5376741744641,0.0,21721.094526599994,46712.03123999998,38816.10067784946
2043,97.74999999999999,238.92399999999998,2035.0,Cauldon Cement-cement,510.3056236515,0.0,138.4784310020895,False,45.827534592,238.92399999999998,152.36803440591046,24616.893284611844,121924.26082531098,121924.26082531098,77754.26482206135
2043,97.74999999999999,238.92399999999998,2035.0,Javelin Park-W2E,81.38802,93.63997999999998,139.3228290773164,False,0.0,238.92399999999998,197.35117092268354,0.0,19445.551290479998,41818.389871999985,34541.980744255445
2043,97.74999999999999,238.92399999999998,2035.0,Sheffield-W2E,100.003365,115.05763499999998,139.8343235952813,False,0.0,238.92399999999998,196.83967640471866,0.0,23893.203979259997,51383.23436399999,42332.537647275196
2043,97.74999999999999,238.92399999999998,2035.0,Pembroke Refinery-smr,267.3689130331212,0.0,139.8863360016444,False,123.8582016,238.92399999999998,72.92946239835555,34858.77129687284,63880.85017752544,63880.85017752544,19499.071089538207
2043,97.74999999999999,238.92399999999998,2035.0,Chineham-W2E,44.590245,51.30275499999999,140.32141856258616,False,0.0,238.92399999999998,196.3525814374138,0.0,10653.679696379999,22911.139131999997,18828.83809177792
2043,97.74999999999999,238.92399999999998,2035.0,Stanlow Refinery-remaining,331.559342251056,0.0,140.6432980315675,False,123.8582016,238.92399999999998,72.17250036843245,43227.73037357336,79217.4842879913,79217.4842879913,23929.466750771564
2043,97.74999999999999,238.92399999999998,2035.0,Grangemouth Refinery-crackers,193.40584394892005,0.0,140.79770433532283,False,123.8582016,238.92399999999998,72.01809406467714,25215.684221519452,46209.29785965177,46209.29785965177,13928.720262171593
2043,97.74999999999999,238.92399999999998,2035.0,Lindsey Oil Refinery-smr,102.6592660424898,0.0,141.9929815759613,False,123.8582016,238.92399999999998,70.82281682403868,13384.412704840775,24527.76247993583,24527.76247993583,7270.61839421751
2043,97.74999999999999,238.92399999999998,2035.0,Lindsey Oil Refinery-power,259.2581464462878,0.0,142.81115560903552,False,123.8582016,238.92399999999998,70.00464279096445,33801.313441038576,61942.99338153286,61942.99338153286,18149.27393261993
2043,97.74999999999999,238.92399999999998,2036.0,Wolverhampton-W2E,42.42567,48.81233,142.87736864384428,False,0.0,238.92399999999998,193.79663135615567,0.0,10136.510779079998,21798.947912,17681.617051672933
2043,97.74999999999999,238.92399999999998,2036.0,Devonport-W2E,111.259155,128.00784499999995,143.82236892306247,False,0.0,238.92399999999998,192.8516310769375,0.0,26582.482349219998,57166.62870799998,46143.031212885595
2043,97.74999999999999,238.92399999999998,2036.0,Lindsey Oil Refinery-distillation,147.89894260358702,0.0,144.05717677984146,False,123.8582016,238.92399999999998,68.75862162015852,19282.628473075696,35336.60696261942,35336.60696261942,10169.327432501583
2043,97.74999999999999,238.92399999999998,2036.0,Pembroke Refinery-distillation,385.192501827378,0.0,144.60895225355458,False,123.8582016,238.92399999999998,68.2068461464454,50220.26373278291,92031.73330660445,92031.73330660445,26272.76570890436
2043,97.74999999999999,238.92399999999998,2036.0,Cornwall-W2E,103.46668499999998,119.04231499999996,145.15316997971505,False,0.0,238.92399999999998,191.5208300202849,0.0,24720.674246939994,53162.74031599999,42615.108366983564
2043,97.74999999999999,238.92399999999998,2036.0,Pembroke Refinery-power,675.2197973209334,0.0,146.4191539632569,False,123.8582016,238.92399999999998,66.39664443674309,88033.16819040767,161326.21485510666,161326.21485510666,44832.328799367744
2043,97.74999999999999,238.92399999999998,2036.0,Lindsey Oil Refinery-remaining,163.5588306439668,0.0,148.07743604588833,False,123.8582016,238.92399999999998,64.73836235411164,21324.318546695475,39078.13005277912,39078.13005277912,10588.530844443902
2043,97.74999999999999,238.92399999999998,2036.0,Pembroke Refinery-remaining,425.97759025615926,0.0,148.6969572317184,False,123.8582016,238.92399999999998,64.11884116828156,55537.703422136394,101776.26977436259,101776.26977436259,27313.189450882
2043,97.74999999999999,238.92399999999998,2036.0,Grangemouth Refinery-smr,114.1094479298628,0.0,149.4429641100151,False,123.8582016,238.92399999999998,63.37283428998484,14877.253690696472,27263.485737194536,27263.485737194536,7231.439134580848
2043,97.74999999999999,238.92399999999998,2036.0,Milton Keynes ACT-W2E,35.066115,40.344885,149.91840922239953,False,0.0,238.92399999999998,186.75559077760045,0.0,8378.13646026,18017.497764,14083.425856129628
2043,97.74999999999999,238.92399999999998,2036.0,Belfast ACT-W2E,48.48648,55.785519999999984,151.16178010182253,False,0.0,238.92399999999998,185.51221989817742,0.0,11584.583747519999,24913.083327999997,19343.730193222753
2043,97.74999999999999,238.92399999999998,2036.0,Grangemouth Refinery-power,288.1747074838908,0.0,151.2758042923232,False,123.8582016,238.92399999999998,61.53999410767676,37571.36949006398,68851.85381088112,68851.85381088112,17734.269800540114
2043,97.74999999999999,238.92399999999998,2036.0,Peterborough-W2E,36.797775,42.33722499999999,151.58940342877088,False,0.0,238.92399999999998,185.0845965712291,0.0,8791.8715941,18907.250739999996,14646.669549664213
2043,97.74999999999999,238.92399999999998,2036.0,Grangemouth Refinery-distillation,164.394967356582,0.0,151.9931581726091,False,123.8582016,238.92399999999998,60.82264022739088,21433.331588291534,39277.903180703994,39277.903180703994,9998.935954723054
2043,97.74999999999999,238.92399999999998,2036.0,Pembroke Power Station-CCGT,5026.790800587,0.0,153.5814237169616,False,123.8582016,238.92399999999998,59.23437468303837,655378.1772422421,1201020.9652394485,1201020.9652394485,297758.8097352208
2043,97.74999999999999,238.92399999999998,2037.0,NewLincs-W2E,24.24324,27.892759999999992,154.91229031794154,False,0.0,238.92399999999998,181.76170968205844,0.0,5792.291873759999,12456.541663999998,9476.328495983798
2043,97.74999999999999,238.92399999999998,2037.0,Grangemouth Refinery-remaining,181.8014933119848,0.0,156.05875268873913,False,123.8582016,238.92399999999998,56.757045711260844,23702.743168228277,43436.73998807266,43436.73998807266,10318.515666283805
2043,97.74999999999999,238.92399999999998,2037.0,Dudley-W2E,29.871135,34.367864999999995,157.17271920148522,False,0.0,238.92399999999998,179.50128079851476,0.0,7136.931058739999,15348.238835999997,11530.982777215788
2043,97.74999999999999,238.92399999999998,2037.0,Marchwood  Power  Station-CCGT,1815.7533444639,0.0,159.62812813767613,False,123.8582016,238.92399999999998,53.18767026232382,236732.57241524628,433827.05207269284,433827.05207269284,96575.69016305759
2043,97.74999999999999,238.92399999999998,2037.0,Baddesley-W2E,41.55984,47.81616,160.35967910131896,False,0.0,238.92399999999998,176.314320898681,0.0,9929.64321216,21354.071423999998,15758.268744640513
2043,97.74999999999999,238.92399999999998,2037.0,Enfield Power Station-CCGT,806.3891587964999,0.0,162.1675537167806,False,123.8582016,238.92399999999998,50.64824468321939,105134.64315607506,192665.72337629495,192665.72337629495,40842.195424620586
2043,97.74999999999999,238.92399999999998,2037.0,Battlefield-W2E,39.82818,45.82381999999999,162.19804621799932,False,0.0,238.92399999999998,174.47595378200066,0.0,9515.90807832,20464.318447999995,14944.214393335918
2043,97.74999999999999,238.92399999999998,2037.0,Saltend-CCGT,2179.7384288931,0.0,164.91708350379992,False,123.8582016,238.92399999999998,47.89871489620003,284187.87553800934,520791.82438485493,520791.82438485493,104406.66955384158
2043,97.74999999999999,238.92399999999998,2037.0,Immingham-CCGT,2178.7933907240995,0.0,166.00773363458555,False,123.8582016,238.92399999999998,46.80806476541443,284064.6642453191,520566.0320853647,520566.0320853647,101985.10214347055
2043,97.74999999999999,238.92399999999998,2037.0,Didcot B-CCGT,2663.1465497294994,0.0,168.98227960881977,False,123.8582016,238.92399999999998,43.83351879118021,347213.2023649904,636289.6262475708,636289.6262475708,116735.08433123476
2043,97.74999999999999,238.92399999999998,2038.0,Staythorpe Power Station-CCGT,3395.4703151412,0.0,169.40288726463294,False,123.8582016,238.92399999999998,43.41291113536704,442691.41770481504,811259.349574796,811259.349574796,147407.25105400162
2043,97.74999999999999,238.92399999999998,2038.0,Keadby-CCGT,1131.0949420923002,0.0,176.90140497406722,False,123.8582016,238.92399999999998,35.91439342593276,147468.82670148258,270245.7279444607,270245.7279444607,40622.5887523855
2043,97.74999999999999,238.92399999999998,2038.0,Hooton Park ACT-W2E,35.499030000000005,40.84297,179.27780846771287,False,0.0,238.92399999999998,157.3961915322871,0.0,8481.57024372,18239.936008,12015.940053957864
2043,97.74999999999999,238.92399999999998,2038.0,Exeter-W2E,27.273645,31.379354999999997,179.60333383475486,False,0.0,238.92399999999998,157.0706661652451,0.0,6516.328357979999,14013.609371999997,9212.665782590118
2043,97.74999999999999,238.92399999999998,2038.0,Bolton-W2E,35.066115,40.344885,181.92172711397333,False,0.0,238.92399999999998,154.75227288602662,0.0,8378.13646026,18017.497764,11670.023650608153
2043,97.74999999999999,238.92399999999998,2038.0,West Burton B CCGT Power Station-CCGT,2228.0422268514,0.0,181.9230998694337,False,123.8582016,238.92399999999998,30.892698530566236,290485.5824280775,532332.7610082438,532332.7610082438,68830.23682749177
2043,97.74999999999999,238.92399999999998,2039.0,Levenseat ACT-W2E,25.10907,28.888929999999995,183.8322948806435,False,0.0,238.92399999999998,152.84170511935645,0.0,5999.1594406799995,12901.418151999997,8253.146393035007
2043,97.74999999999999,238.92399999999998,2039.0,Coolkeeragh-CCGT,722.1987379346999,0.0,184.70017000442445,False,123.8582016,238.92399999999998,28.115628395575527,94158.14408250699,172550.61126231024,172550.61126231024,20305.07134352566
2043,97.74999999999999,238.92399999999998,2039.0,Carrington CCGT-CCGT,1673.6112263625,0.0,189.2092334567789,False,123.8582016,238.92399999999998,23.606564943221088,218200.50176297873,399865.8886474339,399865.8886474339,39508.21210483024
2043,97.74999999999999,238.92399999999998,2039.0,Ballylumford-CCGT,1043.2211998752,0.0,195.1740589779237,False,123.8582016,238.92399999999998,17.641739422076284,136012.10703951202,249250.58195898225,249250.58195898225,18404.23656778404
2043,97.74999999999999,238.92399999999998,2039.0,Glasgow ACT-W2E,60.60809999999999,69.73189999999998,195.93562567320143,False,0.0,238.92399999999998,140.73837432679852,0.0,14480.729684399997,31141.35415999999,18343.839709754917
2043,97.74999999999999,238.92399999999998,2039.0,NESS-W2E,42.858585,49.31041499999999,198.75501981615415,False,0.0,238.92399999999998,137.9189801838458,0.0,10239.944562539999,22021.386155999993,12711.854484564881
2043,97.74999999999999,238.92399999999998,2039.0,Energy Works ACT-W2E,13.420365,15.440635,201.40339180076796,False,0.0,238.92399999999998,135.27060819923202,0.0,3206.44728726,6895.585564,3904.0450232380354
2043,97.74999999999999,238.92399999999998,2039.0,Eco Park ACT-W2E,13.85328,15.938719999999996,202.93011759687164,False,0.0,238.92399999999998,133.74388240312834,0.0,3309.8810707199996,7118.023807999998,3984.497744553999
2043,97.74999999999999,238.92399999999998,2039.0,Kilroot-CCGT,1059.7392638186998,0.0,207.3906503608189,False,123.8582016,238.92399999999998,5.425148039181067,138165.6835594654,253197.143868619,253197.143868619,5749.242389149207
2043,97.74999999999999,238.92399999999998,2039.0,Kings Lynn Power Station-CCGT,607.5685909533,0.0,208.8847375922057,False,123.8582016,238.92399999999998,3.9310608077942675,79213.00318328607,145162.71802492623,145162.71802492623,2388.3890759433043
2043,97.74999999999999,238.92399999999998,2039.0,Spalding-CCGT,1332.8402058705,0.0,210.92034860788132,False,123.8582016,238.92399999999998,1.8954497921186544,173771.7799150462,318447.5133474033,318447.5133474033,2526.331691144624
2043,97.74999999999999,238.92399999999998,2039.0,Seabank-CCGT,1626.4197752931002,0.0,215.24318898826735,False,123.8582016,238.92399999999998,-2.4273905882673716,212047.81938366263,388590.71839212865,388590.71839212865,-3947.956055118405
2043,97.74999999999999,238.92399999999998,2039.0,Shoreham Power Station-CCGT,584.0626047023999,0.0,223.96100678992715,False,123.8582016,238.92399999999998,-11.145208389927177,76148.36193710628,139546.57376591617,139546.57376591617,-6509.4994421719075
2043,97.74999999999999,238.92399999999998,2039.0,Damhead Creek Power Station-CCGT,973.8051514482,0.0,231.84613890879083,False,123.8582016,238.92399999999998,-19.030340508790914,126961.84712335763,232665.42200460972,232665.42200460972,-18531.84362127395
2043,97.74999999999999,238.92399999999998,2040.0,Cottam Development Centre-CCGT,550.2910471575,0.0,238.4158800035795,False,123.8582016,238.92399999999998,-25.600081603579497,71745.32574474605,131477.73815105853,131477.73815105853,-14087.495712951213
2043,97.74999999999999,238.92399999999998,2040.0,Great Yarmouth Power Station-CCGT,566.475305193,0.0,240.013145571761,False,123.8582016,238.92399999999998,-27.197347171761066,73855.3816337012,135344.54581793235,135344.54581793235,-15406.625539563327
2043,97.74999999999999,238.92399999999998,2040.0,Little Barford-CCGT,876.2518953272998,0.0,240.7576776464302,False,123.8582016,238.92399999999998,-27.94187924643029,114243.14095140087,209357.60783917978,209357.60783917978,-24484.124648691086
2043,97.74999999999999,238.92399999999998,2040.0,South Humber-CCGT,1415.4141864696,0.0,246.5252661657621,False,123.8582016,238.92399999999998,-33.709467765762156,184537.532268686,338176.4190880627,338176.4190880627,-47712.85889399945
2043,97.74999999999999,238.92399999999998,2040.0,Langage Energy Centre-CCGT,1099.7517366462,0.0,250.05603522765227,False,123.8582016,238.92399999999998,-37.240236827652325,143382.39190260542,262757.0839264567,262757.0839264567,-40955.01512432642
2043,97.74999999999999,238.92399999999998,2040.0,Grain CCGT-CCGT,1560.6667908717,0.0,256.5493066919562,False,123.8582016,238.92399999999998,-43.73350829195624,203475.1389623285,372880.75234223,372880.75234223,-68253.43403956822
2043,97.74999999999999,238.92399999999998,2040.0,Peterhead Power Station-CCGT,1283.3503468848,0.0,275.097064063588,False,123.8582016,238.92399999999998,-62.28126566358799,167319.4378819868,306623.19827910396,306623.19827910396,-79928.68389379003
2043,97.74999999999999,238.92399999999998,2040.0,Connahs Quay Power Station-CCGT,1302.9522420993,0.0,279.14393107084203,False,123.8582016,238.92399999999998,-66.32813267084202,169875.0752390601,311306.5614913331,311306.5614913331,-86422.38917773345
2043,97.74999999999999,238.92399999999998,2040.0,Medway-CCGT,611.8560400155001,0.0,311.36638697059976,False,123.8582016,238.92399999999998,-98.55058857059976,79771.9881625447,146187.09250466333,146187.09250466333,-60298.77286400397
2043,97.74999999999999,238.92399999999998,,Isle of Wight-W2E,0.0,0.0,378.6296091247897,False,0.0,0.0,0.0,0.0,0.0,0.0,0.0
2043,97.74999999999999,238.92399999999998,,Coryton-CCGT,0.0,0.0,386.8501086268143,False,123.8582016,0.0,-123.8582016,66729.43906583726,0.0,0.0,-66729.43906583726
2043,97.74999999999999,238.92399999999998,,Rye House-CCGT,0.0,0.0,392.2249091956061,False,123.8582016,0.0,-123.8582016,59876.02964866862,0.0,0.0,-59876.02964866862
2043,97.74999999999999,238.92399999999998,,Rocksavage-CCGT,0.0,0.0,430.77402140379735,False,123.8582016,0.0,-123.8582016,59675.72685567443,0.0,0.0,-59675.72685567443
2044,97.74999999999999,236.99199999999996,2026.0,Tees Valley-W2E,304.33924500000006,350.153755,88.11948048189508,False,0.0,236.99199999999996,236.99199999999996,0.0,72125.96635104,155109.605056,155109.605056
2044,97.74999999999999,236.99199999999996,2027.0,Runcorn-W2E,411.702165,473.6788349999999,92.55278428419912,False,0.0,236.99199999999996,236.99199999999996,0.0,97570.11948767999,209828.21395199993,209828.21395199993
2044,97.74999999999999,236.99199999999996,2027.0,Riverside-W2E,342.00285,393.48714999999993,95.11886046105766,False,0.0,236.99199999999996,236.99199999999996,0.0,81051.93942719999,174305.24607999998,174305.24607999998
2044,97.74999999999999,236.99199999999996,2028.0,Wilton 11-W2E,178.79389499999996,205.70910499999997,95.57551058511204,False,0.0,236.99199999999996,236.99199999999996,0.0,42372.722763839985,91124.13497599997,91124.13497599997
2044,97.74999999999999,236.99199999999996,2028.0,Scunthorpe Power Station-chp,1562.2594042965,0.0,96.72056387395656,False,136.88657919999997,236.99199999999996,100.10542079999999,225107.73229176592,370242.9807430361,370242.9807430361,156390.63506585843
2044,97.74999999999999,236.99199999999996,2029.0,Ferrybridge FM1-W2E,285.29098500000003,328.238015,98.85154951082956,False,0.0,236.99199999999996,235.8904504891704,0.0,67611.68111712,145401.46476799998,144725.63219817023
2044,97.74999999999999,236.99199999999996,2029.0,Ferrybridge FM2-W2E,283.559325,326.24567499999995,98.9301306912529,False,0.0,236.99199999999996,235.81186930874705,0.0,67201.29155039998,144518.90655999997,143799.2569638205
2044,97.74999999999999,236.99199999999996,2029.0,Drax-BECCS,0.0,10924.999999999998,99.24068628496312,False,0.0,236.99199999999996,235.50131371503682,0.0,0.0,2589137.599999999,2572851.852336777
2044,97.74999999999999,236.99199999999996,2032.0,Kemsley-W2E,245.02989,281.91610999999995,99.80091077600858,False,0.0,236.99199999999996,234.94108922399136,0.0,58070.12369087999,124881.98643199996,123801.26720222532
2044,97.74999999999999,236.99199999999996,2032.0,Allington-W2E,202.60422000000003,233.10378,100.90154534306674,False,0.0,236.99199999999996,233.84045465693322,0.0,48015.57930624,103259.310336,101886.15681766307
2044,97.74999999999999,236.99199999999996,2032.0,Scunthorpe Blast Furnaces-stove,994.2298168221,0.0,101.76356955343398,False,136.88657919999997,236.99199999999996,96.091851246566,143259.70375096827,235624.5127483031,235624.5127483031,95537.38366296979
2044,97.74999999999999,236.99199999999996,2032.0,Edmonton-W2E,209.53086,241.07314,102.28156448231805,False,0.0,236.99199999999996,232.4604355176819,0.0,49657.13757311999,106789.54316799997,104747.60208600953
2044,97.74999999999999,236.99199999999996,2032.0,Rookery South C-W2E,255.41985,293.8701499999999,103.38827027423388,False,0.0,236.99199999999996,231.35372972576607,0.0,60532.46109119999,130177.33567999997,127080.29020106603
2044,97.74999999999999,236.99199999999996,2032.0,SELCHP-W2E,169.269765,194.751235,105.54933952858303,False,0.0,236.99199999999996,229.1926604714169,0.0,40115.58014688,86270.06483199999,83430.94145746565
2044,97.74999999999999,236.99199999999996,2032.0,Lakeside-W2E,178.79389499999996,205.70910499999997,105.75229786444092,False,0.0,236.99199999999996,228.989702135559,0.0,42372.722763839985,91124.13497599997,88047.22744022883
2044,97.74999999999999,236.99199999999996,2032.0,Trident Park-W2E,177.92806500000003,204.712935,106.89966600386146,False,0.0,236.99199999999996,227.8423339961385,0.0,42167.52798048,90682.85587199999,87181.81852261644
2044,97.74999999999999,236.99199999999996,2032.0,Severnside-W2E,173.598915,199.732085,107.69026084360516,False,0.0,236.99199999999996,227.05173915639477,0.0,41141.55406367999,88476.460352,84765.45283099602
2044,97.74999999999999,236.99199999999996,2033.0,Avonmouth-W2E,169.269765,194.751235,108.09353634841528,False,0.0,236.99199999999996,226.64846365158468,0.0,40115.58014688,86270.06483199999,82504.80038691351
2044,97.74999999999999,236.99199999999996,2033.0,Beddington Lane-W2E,143.29486500000002,164.866135,108.33273184526364,False,0.0,236.99199999999996,226.4092681547363,0.0,33959.73664608,73031.691712,69770.5064838317
2044,97.74999999999999,236.99199999999996,2033.0,Tyseley-W2E,157.148145,180.80485499999995,109.84350345016378,False,0.0,236.99199999999996,224.89849654983618,0.0,37242.85317983999,80092.15737599999,76005.12160450678
2044,97.74999999999999,236.99199999999996,2033.0,Allerton Park-W2E,117.31996499999998,134.98103499999996,110.24876424941378,False,0.0,236.99199999999996,224.49323575058617,0.0,27803.89314527999,59793.318591999974,56639.867873108626
2044,97.74999999999999,236.99199999999996,2033.0,Four Ashes-W2E,143.29486500000002,164.866135,111.41254904821844,False,0.0,236.99199999999996,223.3294509517815,0.0,33959.73664608,73031.691712,68821.42693475194
2044,97.74999999999999,236.99199999999996,2033.0,Ardley-W2E,147.19109999999998,169.34889999999996,111.75263386171072,False,0.0,236.99199999999996,222.98936613828923,0.0,34883.11317119999,75017.44767999998,70585.05395741407
2044,97.74999999999999,236.99199999999996,2033.0,Great Blakenham-W2E,127.709925,146.93507499999996,111.99950117220564,False,0.0,236.99199999999996,222.7424988277943,0.0,30266.230545599996,65088.66783999999,61175.11359055956
2044,97.74999999999999,236.99199999999996,2033.0,North Hykeham-W2E,76.625955,88.16104499999999,112.24726485697003,False,0.0,236.99199999999996,222.4947351430299,0.0,18159.73832736,39053.20070399999,36664.239920014465
2044,97.74999999999999,236.99199999999996,2033.0,Scunthorpe Sinter-sinter,633.6026468814001,0.0,112.48245883079248,False,136.88657919999997,236.99199999999996,85.3729619692075,91296.52516174778,150158.75848971674,150158.75848971674,54092.53467579498
2044,97.74999999999999,236.99199999999996,2033.0,Coventry-W2E,126.41118,145.44081999999997,114.86629159129888,False,0.0,236.99199999999996,219.8757084087011,0.0,29958.438370559994,64426.749183999986,59773.651082322205
2044,97.74999999999999,236.99199999999996,2033.0,Greatmoor-W2E,119.48454,137.47145999999998,115.52278790869914,False,0.0,236.99199999999996,219.2192120913008,0.0,28316.880103679996,60896.516351999984,56329.69186213228
2044,97.74999999999999,236.99199999999996,2033.0,South Killingholme-crackers,381.3657875526,0.0,119.41657844198282,False,136.88657919999997,236.99199999999996,78.43884235801715,54951.429559988785,90380.64072366577,90380.64072366577,29913.890890579452
2044,97.74999999999999,236.99199999999996,2033.0,Marchwood-W2E,90.479235,104.09976499999998,119.76307582774996,False,0.0,236.99199999999996,214.97892417225,0.0,21442.85486112,46113.66636799999,41830.384086512226
2044,97.74999999999999,236.99199999999996,2033.0,New Rugby-cement,866.2032106008,0.0,119.94033644561048,False,50.64803430399999,236.99199999999996,164.15362925038949,46180.5157102571,205283.23128670477,205283.23128670477,142190.40068846077
2044,97.74999999999999,236.99199999999996,2033.0,Dunbar-W2E,154.11774,177.31825999999995,120.88122377816076,False,0.0,236.99199999999996,213.8607762218392,0.0,36524.67143808,78547.68051199996,70881.16022786147
2044,97.74999999999999,236.99199999999996,2033.0,Portsmouth-W2E,82.25384999999999,94.63614999999996,121.9344089585544,False,0.0,236.99199999999996,212.80759104144556,0.0,19493.504419199995,41921.51487999997,37643.53477932129
2044,97.74999999999999,236.99199999999996,2033.0,Grangemouth Power Station-CCGT,502.2772817634001,0.0,122.37005813568526,False,136.88657919999997,236.99199999999996,75.48536266431472,72373.7041162804,119035.6975596717,119035.6975596717,37914.58277195645
2044,97.74999999999999,236.99199999999996,2034.0,Newhurst-W2E,129.00867,148.42932999999996,122.92780800610014,False,0.0,236.99199999999996,211.8141919938998,0.0,30574.022720639994,65750.58649599999,58765.30579840358
2044,97.74999999999999,236.99199999999996,2034.0,Fawley Refinery-crackers,600.55012751238,0.0,123.76948009124162,False,136.88657919999997,236.99199999999996,74.08594070875836,86533.95009820368,142325.57581941393,142325.57581941393,44492.32113951945
2044,97.74999999999999,236.99199999999996,2034.0,South Killingholme-smr,225.005814656034,0.0,124.23754446793583,False,136.88657919999997,236.99199999999996,73.61787633206416,32421.343440393382,53324.5780269628,53324.5780269628,16564.45023734326
2044,97.74999999999999,236.99199999999996,2034.0,Hope Cement Works-cement,1003.4760721869,0.0,124.28720193448665,False,50.64803430399999,236.99199999999996,159.8067637615133,53499.04266038451,237815.80129971774,237815.80129971774,160362.26360830318
2044,97.74999999999999,236.99199999999996,2034.0,Parc Adfer-W2E,89.61340500000001,103.103595,125.7346990960452,False,0.0,236.99199999999996,209.00730090395473,0.0,21237.66007776,45672.387264,40279.26000830744
2044,97.74999999999999,236.99199999999996,2034.0,Eastcroft-W2E,80.52219,92.64380999999996,125.9173094124788,False,0.0,236.99199999999996,208.82469058752116,0.0,19083.114852479997,41038.95667199998,36161.336370278674
2044,97.74999999999999,236.99199999999996,2034.0,Tunstead Cement-cement,621.4191773385,0.0,126.32727118201583,False,50.64803430399999,236.99199999999996,157.76669451398413,33130.16822210927,147271.37367580578,147271.37367580578,98039.24951629447
2044,97.74999999999999,236.99199999999996,2034.0,Stanlow Refinery-crackers,352.7227045224,0.0,127.0371190337797,False,136.88657919999997,236.99199999999996,70.81830176622026,50824.21518762494,83592.45919017261,83592.45919017261,24979.22292866467
2044,97.74999999999999,236.99199999999996,2034.0,Fawley Refinery-smr,354.32457523230414,0.0,127.12699478695876,False,136.88657919999997,236.99199999999996,70.7284260130412,51055.03055794017,83972.08973345421,83972.08973345421,25060.819503920273
2044,97.74999999999999,236.99199999999996,2034.0,Millerhill-W2E,70.565145,81.18785499999998,127.43285186483614,False,0.0,236.99199999999996,207.3091481351638,0.0,16723.374843839996,35964.24697599999,31459.78515695551
2044,97.74999999999999,236.99199999999996,2034.0,Padeswood-cement,470.6002227744,0.0,127.4850460006812,False,50.64803430399999,236.99199999999996,156.60891969531878,25089.448659524052,111528.48799575058,111528.48799575058,73700.19249707513
2044,97.74999999999999,236.99199999999996,2034.0,South Killingholme-distillation,324.16091941971,0.0,128.70945593540847,False,136.88657919999997,236.99199999999996,69.14596486459152,46708.715125990464,76823.5446151159,76823.5446151159,22414.419544668952
2044,97.74999999999999,236.99199999999996,2034.0,Ketton-cement,635.4803405793001,0.0,129.98256974643843,False,50.64803430399999,236.99199999999996,154.11139594956154,33879.82114650314,150603.75687456946,150603.75687456946,97934.76238517874
2044,97.74999999999999,236.99199999999996,2034.0,South Killingholme-power,568.235023453374,0.0,130.1966886940948,False,136.88657919999997,236.99199999999996,67.65873210590519,81877.63004438327,134667.15467826198,134667.15467826198,38446.06122502458
2044,97.74999999999999,236.99199999999996,2034.0,Newhaven-W2E,91.77798,105.59401999999996,130.2947760528612,False,0.0,236.99199999999996,204.44722394713875,0.0,21750.647036159997,46775.585023999985,40352.15748489466
2044,97.74999999999999,236.99199999999996,2034.0,Leeds-W2E,77.05887,88.65912999999998,130.72273227888334,False,0.0,236.99199999999996,204.0192677211166,0.0,18262.33571904,39273.84025599998,33809.665008207994
2044,97.74999999999999,236.99199999999996,2034.0,Ribblesdale-cement,487.7708319975,0.0,131.22283623409905,False,50.64803430399999,236.99199999999996,152.87112946190092,26004.877717368418,115597.7850167515,115597.7850167515,74566.07800602895
2044,97.74999999999999,236.99199999999996,2035.0,Hanford-W2E,80.08927500000001,92.145725,131.66934911672453,False,0.0,236.99199999999996,203.0726508832754,0.0,18980.5174608,40818.31712,34976.21802488094
2044,97.74999999999999,236.99199999999996,2035.0,Fawley Refinery-distillation,510.4676083855231,0.0,132.12222727391224,False,136.88657919999997,236.99199999999996,65.73319352608775,73553.85758347315,120976.73944650186,120976.73944650186,33554.66609080476
2044,97.74999999999999,236.99199999999996,2035.0,Stanlow Refinery-smr,208.10639566821592,0.0,132.18064919232714,False,136.88657919999997,236.99199999999996,65.67477160767282,29986.286960698715,49319.55092220182,49319.55092220182,13667.340005606075
2044,97.74999999999999,236.99199999999996,2035.0,Kirklees-W2E,57.14477999999999,65.74721999999997,132.2826363227577,False,0.0,236.99199999999996,202.45936367724227,0.0,13542.855701759996,29124.42086399999,24880.63612102365
2044,97.74999999999999,236.99199999999996,2035.0,Lindsey Oil Refinery-crackers,173.99875600422,0.0,132.48929210893525,False,136.88657919999997,236.99199999999996,65.36612869106472,25071.678415234877,41236.3131829521,41236.3131829521,11373.625077057015
2044,97.74999999999999,236.99199999999996,2035.0,South Killingholme-remaining,358.48384029944395,0.0,132.82916790483205,False,136.88657919999997,236.99199999999996,65.02625289516794,51654.34378638946,84957.80228024581,84957.80228024581,23310.86085814264
2044,97.74999999999999,236.99199999999996,2035.0,Fawley Refinery-power,894.8196899934462,0.0,134.32186480576613,False,136.88657919999997,236.99199999999996,63.533555994233836,128935.58564632347,212065.10797092677,212065.10797092677,56851.07687894158
2044,97.74999999999999,236.99199999999996,2035.0,Baldovie-W2E,81.38802,93.63997999999998,134.50224562921326,False,0.0,236.99199999999996,200.23975437078667,0.0,19288.309635839996,41480.23577599999,35047.56372801004
2044,97.74999999999999,236.99199999999996,2035.0,Pembroke Refinery-crackers,453.1676492086801,0.0,135.6974630648525,False,136.88657919999997,236.99199999999996,62.15795773514748,65297.4413729282,107397.10752126349,107397.10752126349,28167.975586449273
2044,97.74999999999999,236.99199999999996,2035.0,Fawley Refinery-remaining,564.5171198616373,0.0,136.13383164089475,False,136.88657919999997,236.99199999999996,61.721589159105235,81341.91309231147,133786.04127024912,133786.04127024912,34842.89374538134
2044,97.74999999999999,236.99199999999996,2035.0,Stanlow Refinery-distillation,299.81429884404,0.0,136.513911998797,False,136.88657919999997,236.99199999999996,61.34150880120296,43200.5829094812,71053.59031164672,71053.59031164672,18391.061451268175
2044,97.74999999999999,236.99199999999996,2035.0,Dunbar Works-cement,421.0548381849,0.0,136.98298025518972,False,50.64803430399999,236.99199999999996,147.11098544081023,22447.99988237261,99786.6282111158,99786.6282111158,61941.79217000153
2044,97.74999999999999,236.99199999999996,2035.0,Stanlow Refinery-power,525.5568297383759,0.0,137.82970188412523,False,136.88657919999997,236.99199999999996,60.025718915874734,75728.08062956115,124552.76419335716,124552.76419335716,31546.926536193987
2044,97.74999999999999,236.99199999999996,2035.0,Hartlebury-W2E,90.91214999999998,104.59784999999997,138.13632582553586,False,0.0,236.99199999999996,196.60567417446407,0.0,21545.45225279999,46334.30591999998,38438.37535784946
2044,97.74999999999999,236.99199999999996,2035.0,Cauldon Cement-cement,510.3056236515,0.0,138.4784310020895,False,50.64803430399999,236.99199999999996,145.61553469391043,27206.291297079246,120938.35036041627,120938.35036041627,74308.4262453226
2044,97.74999999999999,236.99199999999996,2035.0,Javelin Park-W2E,81.38802,93.63997999999998,139.3228290773164,False,0.0,236.99199999999996,195.41917092268352,0.0,19288.309635839996,41480.23577599999,34203.826648255446
2044,97.74999999999999,236.99199999999996,2035.0,Sheffield-W2E,100.003365,115.05763499999998,139.8343235952813,False,0.0,236.99199999999996,194.90767640471864,0.0,23699.997478079997,50967.73651199999,41917.039795275196
2044,97.74999999999999,236.99199999999996,2035.0,Pembroke Refinery-smr,267.3689130331212,0.0,139.8863360016444,False,136.88657919999997,236.99199999999996,57.969084798355595,38525.49041002763,63364.29343754545,63364.29343754545,15499.131192061166
2044,97.74999999999999,236.99199999999996,2035.0,Chineham-W2E,44.590245,51.30275499999999,140.32141856258616,False,0.0,236.99199999999996,194.42058143741377,0.0,10567.531343039998,22725.873855999995,18643.57281577792
2044,97.74999999999999,236.99199999999996,2035.0,Stanlow Refinery-remaining,331.559342251056,0.0,140.6432980315675,False,136.88657919999997,236.99199999999996,57.212122768432494,47774.762276367444,78576.91163876226,78576.91163876226,18969.213793888142
2044,97.74999999999999,236.99199999999996,2035.0,Grangemouth Refinery-crackers,193.40584394892005,0.0,140.79770433532283,False,136.88657919999997,236.99199999999996,57.05771646467713,27868.06776363861,45835.63776914246,45835.63776914246,11035.29580664907
2044,97.74999999999999,236.99199999999996,2035.0,Lindsey Oil Refinery-smr,102.6592660424898,0.0,141.9929815759613,False,136.88657919999997,236.99199999999996,55.86243922403867,14792.290264988576,24329.42477794174,24329.42477794174,5734.797010083003
2044,97.74999999999999,236.99199999999996,2035.0,Lindsey Oil Refinery-power,259.2581464462878,0.0,142.81115560903552,False,136.88657919999997,236.99199999999996,55.04426519096444,37356.80083869997,61442.10664259863,61442.10664259863,14270.674165907361
2044,97.74999999999999,236.99199999999996,2036.0,Wolverhampton-W2E,42.42567,48.81233,142.87736864384428,False,0.0,236.99199999999996,191.86463135615566,0.0,10054.544384639998,21622.676095999996,17505.34523567293
2044,97.74999999999999,236.99199999999996,2036.0,Devonport-W2E,111.259155,128.00784499999995,143.82236892306247,False,0.0,236.99199999999996,190.9196310769375,0.0,26367.529661759996,56704.364863999974,45680.767368885594
2044,97.74999999999999,236.99199999999996,2036.0,Lindsey Oil Refinery-distillation,147.89894260358702,0.0,144.05717677984146,False,136.88657919999997,236.99199999999996,53.798244020158506,21310.92665294965,35050.86620550929,35050.86620550929,7956.703404511191
2044,97.74999999999999,236.99199999999996,2036.0,Pembroke Refinery-distillation,385.192501827378,0.0,144.60895225355458,False,136.88657919999997,236.99199999999996,53.246468546445385,55502.82516698897,91287.54139307396,91287.54139307396,20510.140432878088
2044,97.74999999999999,236.99199999999996,2036.0,Cornwall-W2E,103.46668499999998,119.04231499999996,145.15316997971505,False,0.0,236.99199999999996,189.5888300202849,0.0,24520.776611519992,52732.85292799998,42185.22097898356
2044,97.74999999999999,236.99199999999996,2036.0,Pembroke Refinery-power,675.2197973209334,0.0,146.4191539632569,False,136.88657919999997,236.99199999999996,51.43626683674307,97293.187645663,160021.6902066826,160021.6902066826,34730.785668451106
2044,97.74999999999999,236.99199999999996,2036.0,Lindsey Oil Refinery-remaining,163.5588306439668,0.0,148.07743604588833,False,136.88657919999997,236.99199999999996,49.77798475411163,23567.377710320787,38762.13439197497,38762.13439197497,8141.628978195705
2044,97.74999999999999,236.99199999999996,2036.0,Pembroke Refinery-remaining,425.97759025615926,0.0,148.6969572317184,False,136.88657919999997,236.99199999999996,49.158463568281604,61379.59489055251,100953.28106998769,100953.28106998769,20940.403851511794
2044,97.74999999999999,236.99199999999996,2036.0,Grangemouth Refinery-smr,114.1094479298628,0.0,149.4429641100151,False,136.88657919999997,236.99199999999996,48.41245668998488,16442.159980546774,27043.02628379404,27043.02628379404,5524.318705822568
2044,97.74999999999999,236.99199999999996,2036.0,Milton Keynes ACT-W2E,35.066115,40.344885,149.91840922239953,False,0.0,236.99199999999996,184.82359077760043,0.0,8310.38872608,17871.803711999997,13937.731804129626
2044,97.74999999999999,236.99199999999996,2036.0,Belfast ACT-W2E,48.48648,55.785519999999984,151.16178010182253,False,0.0,236.99199999999996,183.5802198981774,0.0,11490.907868159999,24711.629823999992,19142.276689222752
2044,97.74999999999999,236.99199999999996,2036.0,Grangemouth Refinery-power,288.1747074838908,0.0,151.2758042923232,False,136.88657919999997,236.99199999999996,46.5796165076768,41523.42096782153,68295.10027602225,68295.10027602225,13423.067361811574
2044,97.74999999999999,236.99199999999996,2036.0,Peterborough-W2E,36.797775,42.33722499999999,151.58940342877088,False,0.0,236.99199999999996,183.15259657122908,0.0,8720.7782928,18754.361919999996,14493.780729664211
2044,97.74999999999999,236.99199999999996,2036.0,Grangemouth Refinery-distillation,164.394967356582,0.0,151.9931581726091,False,136.88657919999997,236.99199999999996,45.86226262739086,23687.857599092815,38960.29210377107,38960.29210377107,7539.525167528911
2044,97.74999999999999,236.99199999999996,2036.0,Pembroke Power Station-CCGT,5026.790800587,0.0,153.5814237169616,False,136.88657919999997,236.99199999999996,44.27399708303835,724315.9968909301,1191309.2054127143,1191309.2054127143,222556.12124223288
2044,97.74999999999999,236.99199999999996,2037.0,NewLincs-W2E,24.24324,27.892759999999992,154.91229031794154,False,0.0,236.99199999999996,179.82970968205842,0.0,5745.453934079999,12355.814911999996,9375.601743983798
2044,97.74999999999999,236.99199999999996,2037.0,Grangemouth Refinery-remaining,181.8014933119848,0.0,156.05875268873913,False,136.88657919999997,236.99199999999996,41.79666811126083,26195.983697820284,43085.499502993895,43085.499502993895,7598.696678092634
2044,97.74999999999999,236.99199999999996,2037.0,Dudley-W2E,29.871135,34.367864999999995,157.17271920148522,False,0.0,236.99199999999996,177.56928079851474,0.0,7079.220025919999,15224.129087999996,11406.873029215787
2044,97.74999999999999,236.99199999999996,2037.0,Marchwood  Power  Station-CCGT,1815.7533444639,0.0,159.62812813767613,False,136.88657919999997,236.99199999999996,38.22729266232386,261633.96209960262,430319.01661118853,430319.01661118853,69411.33450141485
2044,97.74999999999999,236.99199999999996,2037.0,Baddesley-W2E,41.55984,47.81616,160.35967910131896,False,0.0,236.99199999999996,174.38232089868097,0.0,9849.349601279999,21181.396991999998,15585.59431264051
2044,97.74999999999999,236.99199999999996,2037.0,Enfield Power Station-CCGT,806.3891587964999,0.0,162.1675537167806,False,136.88657919999997,236.99199999999996,35.68786708321937,116193.52994907206,191107.77952150008,191107.77952150008,28778.30911647857
2044,97.74999999999999,236.99199999999996,2037.0,Battlefield-W2E,39.82818,45.82381999999999,162.19804621799932,False,0.0,236.99199999999996,172.54395378200064,0.0,9438.96003456,20298.838783999992,14778.734729335916
2044,97.74999999999999,236.99199999999996,2037.0,Saltend-CCGT,2179.7384288931,0.0,164.91708350379992,False,136.88657919999997,236.99199999999996,32.938337296200075,314080.98640206194,516580.5697402334,516580.5697402334,71796.95958837014
2044,97.74999999999999,236.99199999999996,2037.0,Immingham-CCGT,2178.7933907240995,0.0,166.00773363458555,False,136.88657919999997,236.99199999999996,31.847687165414413,313944.81477872736,516356.6032544857,516356.6032544857,69389.53030585365
2044,97.74999999999999,236.99199999999996,2037.0,Didcot B-CCGT,2663.1465497294994,0.0,168.98227960881977,False,136.88657919999997,236.99199999999996,28.873141191180196,383735.8116850041,631144.4271134934,631144.4271134934,76893.40634314422
2044,97.74999999999999,236.99199999999996,2038.0,Staythorpe Power Station-CCGT,3395.4703151412,0.0,169.40288726463294,False,136.88657919999997,236.99199999999996,28.452533535367024,489257.1749629734,804699.3009259432,804699.3009259432,96609.73300989823
2044,97.74999999999999,236.99199999999996,2038.0,Keadby-CCGT,1131.0949420923002,0.0,176.90140497406722,False,136.88657919999997,236.99199999999996,20.954015825932743,162980.75512993374,268060.4525163384,268060.4525163384,23700.98131723454
2044,97.74999999999999,236.99199999999996,2038.0,Hooton Park ACT-W2E,35.499030000000005,40.84297,179.27780846771287,False,0.0,236.99199999999996,155.4641915322871,0.0,8412.98611776,18092.443264,11868.447309957863
2044,97.74999999999999,236.99199999999996,2038.0,Exeter-W2E,27.273645,31.379354999999997,179.60333383475486,False,0.0,236.99199999999996,155.13866616524507,0.0,6463.635675839999,13900.291775999996,9099.348186590118
2044,97.74999999999999,236.99199999999996,2038.0,Bolton-W2E,35.066115,40.344885,181.92172711397333,False,0.0,236.99199999999996,152.8202728860266,0.0,8310.38872608,17871.803711999997,11524.329598608152
2044,97.74999999999999,236.99199999999996,2038.0,West Burton B CCGT Power Station-CCGT,2228.0422268514,0.0,181.9230998694337,False,136.88657919999997,236.99199999999996,15.932320930566277,321041.13552298787,528028.1834259669,528028.1834259669,35497.883805050056
2044,97.74999999999999,236.99199999999996,2039.0,Levenseat ACT-W2E,25.10907,28.888929999999995,183.8322948806435,False,0.0,236.99199999999996,150.90970511935643,0.0,5950.648717439999,12797.094015999995,8148.822257035007
2044,97.74999999999999,236.99199999999996,2039.0,Coolkeeragh-CCGT,722.1987379346999,0.0,184.70017000442445,False,136.88657919999997,236.99199999999996,13.155250795575512,104062.43656677718,171155.32330062037,171155.32330062037,9500.705521779091
2044,97.74999999999999,236.99199999999996,2039.0,Carrington CCGT-CCGT,1673.6112263625,0.0,189.2092334567789,False,136.88657919999997,236.99199999999996,8.646187343221072,241152.54282892574,396632.47175810154,396632.47175810154,14470.356202848145
2044,97.74999999999999,236.99199999999996,2039.0,Ballylumford-CCGT,1043.2211998752,0.0,195.1740589779237,False,136.88657919999997,236.99199999999996,2.681361822076269,150318.92778930062,247235.07860082336,247235.07860082336,2797.253497325958
2044,97.74999999999999,236.99199999999996,2039.0,Glasgow ACT-W2E,60.60809999999999,69.73189999999998,195.93562567320143,False,0.0,236.99199999999996,138.8063743267985,0.0,14363.634835199997,30889.53727999999,18092.022829754915
2044,97.74999999999999,236.99199999999996,2039.0,NESS-W2E,42.858585,49.31041499999999,198.75501981615415,False,0.0,236.99199999999996,135.9869801838458,0.0,10157.141776319997,21843.315647999993,12533.78397656488
2044,97.74999999999999,236.99199999999996,2039.0,Energy Works ACT-W2E,13.420365,15.440635,201.40339180076796,False,0.0,236.99199999999996,133.338608199232,0.0,3180.5191420799997,6839.826111999999,3848.2855712380347
2044,97.74999999999999,236.99199999999996,2039.0,Eco Park ACT-W2E,13.85328,15.938719999999996,202.93011759687164,False,0.0,236.99199999999996,131.81188240312832,0.0,3283.1165337599996,7060.465663999998,3926.9396005539984
2044,97.74999999999999,236.99199999999996,2039.0,Kilroot-CCGT,1059.7392638186998,0.0,207.3906503608189,False,136.88657919999997,236.99199999999996,-9.535229560818948,152699.03438744016,251149.72761092125,251149.72761092125,-10104.857155124575
2044,97.74999999999999,236.99199999999996,2039.0,Kings Lynn Power Station-CCGT,607.5685909533,0.0,208.8847375922057,False,136.88657919999997,236.99199999999996,-11.029316792205748,87545.2484683803,143988.89550720446,143988.89550720446,-6701.066462618017
2044,97.74999999999999,236.99199999999996,2039.0,Spalding-CCGT,1332.8402058705,0.0,210.92034860788132,False,136.88657919999997,236.99199999999996,-13.06492780788136,192050.4593703542,315872.4660696615,315872.4660696615,-17413.461069139816
2044,97.74999999999999,236.99199999999996,2039.0,Seabank-CCGT,1626.4197752931002,0.0,215.24318898826735,False,136.88657919999997,236.99199999999996,-17.387768188267387,234352.67303484748,385448.47538626235,385448.47538626235,-28279.81002961036
2044,97.74999999999999,236.99199999999996,2039.0,Shoreham Power Station-CCGT,584.0626047023999,0.0,223.96100678992715,False,136.88657919999997,236.99199999999996,-26.105585989927192,84158.24420668774,138418.16481363113,138418.16481363113,-15247.296550559355
2044,97.74999999999999,236.99199999999996,2039.0,Damhead Creek Power Station-CCGT,973.8051514482,0.0,231.84613890879083,False,136.88657919999997,236.99199999999996,-33.99071810879087,140316.69051482322,230784.0304520118,230784.0304520118,-33100.33639576417
2044,97.74999999999999,236.99199999999996,2040.0,Cottam Development Centre-CCGT,550.2910471575,0.0,238.4158800035795,False,136.88657919999997,236.99199999999996,-40.56045920357951,79292.06211555372,130414.57584795021,130414.57584795021,-22320.05756832683
2044,97.74999999999999,236.99199999999996,2040.0,Great Yarmouth Power Station-CCGT,566.475305193,0.0,240.013145571761,False,136.88657919999997,236.99199999999996,-42.157724771761025,81624.07024120606,134250.11552829944,134250.11552829944,-23881.310006325824
2044,97.74999999999999,236.99199999999996,2040.0,Little Barford-CCGT,876.2518953272998,0.0,240.7576776464302,False,136.88657919999997,236.99199999999996,-42.90225684643025,126260.13101986372,207664.68917740742,207664.68917740742,-37593.18387550313
2044,97.74999999999999,236.99199999999996,2040.0,South Humber-CCGT,1415.4141864696,0.0,246.5252661657621,False,136.88657919999997,236.99199999999996,-48.669845365762114,203948.63803892044,335441.8388798034,335441.8388798034,-68887.98958398141
2044,97.74999999999999,236.99199999999996,2040.0,Langage Energy Centre-CCGT,1099.7517366462,0.0,250.05603522765227,False,136.88657919999997,236.99199999999996,-52.20061442765228,158464.47705132377,260632.3635712562,260632.3635712562,-57407.716370809285
2044,97.74999999999999,236.99199999999996,2040.0,Grain CCGT-CCGT,1560.6667908717,0.0,256.5493066919562,False,136.88657919999997,236.99199999999996,-58.6938858919562,224878.25081417765,369865.54410226585,369865.54410226585,-91601.59853878903
2044,97.74999999999999,236.99199999999996,2040.0,Peterhead Power Station-CCGT,1283.3503468848,0.0,275.097064063588,False,136.88657919999997,236.99199999999996,-77.241643263588,184919.40936862485,304143.7654089225,304143.7654089225,-99128.08967627764
2044,97.74999999999999,236.99199999999996,2040.0,Connahs Quay Power Station-CCGT,1302.9522420993,0.0,279.14393107084203,False,136.88657919999997,236.99199999999996,-81.28851027084204,187743.8687178351,308789.25775959727,308789.25775959727,-105915.04671430562
2044,97.74999999999999,236.99199999999996,2040.0,Medway-CCGT,611.8560400155001,0.0,311.36638697059976,False,136.88657919999997,236.99199999999996,-113.51096617059977,88163.03187429484,145004.98663535336,145004.98663535336,-69452.37025947656
2044,97.74999999999999,236.99199999999996,,Isle of Wight-W2E,0.0,0.0,378.6296091247897,False,0.0,0.0,0.0,0.0,0.0,0.0,0.0
2044,97.74999999999999,236.99199999999996,,Coryton-CCGT,0.0,0.0,386.8501086268143,False,136.88657919999997,0.0,-136.88657919999997,73748.5651144583,0.0,0.0,-73748.5651144583
2044,97.74999999999999,236.99199999999996,,Rye House-CCGT,0.0,0.0,392.2249091956061,False,136.88657919999997,0.0,-136.88657919999997,66174.2603138525,0.0,0.0,-66174.2603138525
2044,97.74999999999999,236.99199999999996,,Rocksavage-CCGT,0.0,0.0,430.77402140379735,False,136.88657919999997,0.0,-136.88657919999997,65952.88810124983,0.0,0.0,-65952.88810124983
2045,97.74999999999999,235.05999999999995,2026.0,Tees Valley-W2E,304.33924500000006,350.153755,88.11948048189508,False,0.0,235.05999999999995,235.05999999999995,0.0,71537.9829297,153845.12457999997,153845.12457999997
2045,97.74999999999999,235.05999999999995,2027.0,Runcorn-W2E,411.702165,473.6788349999999,92.55278428419912,False,0.0,235.05999999999995,235.05999999999995,0.0,96774.71090489997,208117.65785999992,208117.65785999992
2045,97.74999999999999,235.05999999999995,2027.0,Riverside-W2E,342.00285,393.48714999999993,95.11886046105766,False,0.0,235.05999999999995,235.05999999999995,0.0,80391.18992099998,172884.27939999997,172884.27939999997
2045,97.74999999999999,235.05999999999995,2028.0,Wilton 11-W2E,178.79389499999996,205.70910499999997,95.57551058511204,False,0.0,235.05999999999995,235.05999999999995,0.0,42027.29295869998,90381.27517999997,90381.27517999997
2045,97.74999999999999,235.05999999999995,2028.0,Scunthorpe Power Station-chp,1562.2594042965,0.0,96.72056387395656,False,150.43839999999997,235.05999999999995,84.62159999999997,247393.4791234932,367224.69557393517,367224.69557393517,132200.89040661664
2045,97.74999999999999,235.05999999999995,2029.0,Ferrybridge FM1-W2E,285.29098500000003,328.238015,98.85154951082956,False,0.0,235.05999999999995,233.9584504891704,0.0,67060.49893409999,144216.12673999998,143540.2941701702
2045,97.74999999999999,235.05999999999995,2029.0,Ferrybridge FM2-W2E,283.559325,326.24567499999995,98.9301306912529,False,0.0,235.05999999999995,233.87986930874703,0.0,66653.45493449998,143340.76329999996,142621.11370382048
2045,97.74999999999999,235.05999999999995,2029.0,Drax-BECCS,0.0,10924.999999999998,99.24068628496312,False,0.0,235.05999999999995,233.5693137150368,0.0,0.0,2568030.499999999,2551744.752336777
2045,97.74999999999999,235.05999999999995,2032.0,Kemsley-W2E,245.02989,281.91610999999995,99.80091077600858,False,0.0,235.05999999999995,233.00908922399134,0.0,57596.725943399986,123863.92675999994,122783.20753022532
2045,97.74999999999999,235.05999999999995,2032.0,Allington-W2E,202.60422000000003,233.10378,100.90154534306674,False,0.0,235.05999999999995,231.9084546569332,0.0,47624.147953199994,102417.52247999999,101044.36896166306
2045,97.74999999999999,235.05999999999995,2032.0,Scunthorpe Blast Furnaces-stove,994.2298168221,0.0,101.76356955343398,False,150.43839999999997,235.05999999999995,80.60803044656598,157442.46618422083,233703.66074220277,233703.66074220277,80142.90734527956
2045,97.74999999999999,235.05999999999995,2032.0,Edmonton-W2E,209.53086,241.07314,102.28156448231805,False,0.0,235.05999999999995,230.52843551768188,0.0,49252.32395159999,105918.97623999997,103877.03515800953
2045,97.74999999999999,235.05999999999995,2032.0,Rookery South C-W2E,255.41985,293.8701499999999,103.38827027423388,False,0.0,235.05999999999995,229.42172972576606,0.0,60038.989940999985,129116.10739999996,126019.06192106602
2045,97.74999999999999,235.05999999999995,2032.0,SELCHP-W2E,169.269765,194.751235,105.54933952858303,False,0.0,235.05999999999995,227.26066047141688,0.0,39788.55096089999,85566.77625999998,82727.65288546565
2045,97.74999999999999,235.05999999999995,2032.0,Lakeside-W2E,178.79389499999996,205.70910499999997,105.75229786444092,False,0.0,235.05999999999995,227.057702135559,0.0,42027.29295869998,90381.27517999997,87304.36764422883
2045,97.74999999999999,235.05999999999995,2032.0,Trident Park-W2E,177.92806500000003,204.712935,106.89966600386146,False,0.0,235.05999999999995,225.9103339961385,0.0,41823.7709589,89943.59345999999,86442.55611061644
2045,97.74999999999999,235.05999999999995,2032.0,Severnside-W2E,173.598915,199.732085,107.69026084360516,False,0.0,235.05999999999995,225.11973915639476,0.0,40806.16095989999,87755.18485999998,84044.17733899601
2045,97.74999999999999,235.05999999999995,2033.0,Avonmouth-W2E,169.269765,194.751235,108.09353634841528,False,0.0,235.05999999999995,224.71646365158466,0.0,39788.55096089999,85566.77625999998,81801.51181491351
2045,97.74999999999999,235.05999999999995,2033.0,Beddington Lane-W2E,143.29486500000002,164.866135,108.33273184526364,False,0.0,235.05999999999995,224.4772681547363,0.0,33682.8909669,72436.32466,69175.1394318317
2045,97.74999999999999,235.05999999999995,2033.0,Tyseley-W2E,157.148145,180.80485499999995,109.84350345016378,False,0.0,235.05999999999995,222.96649654983617,0.0,36939.24296369999,79439.23217999998,75352.19640850677
2045,97.74999999999999,235.05999999999995,2033.0,Allerton Park-W2E,117.31996499999998,134.98103499999996,110.24876424941378,False,0.0,235.05999999999995,222.56123575058615,0.0,27577.23097289999,59305.87305999997,56152.42234110862
2045,97.74999999999999,235.05999999999995,2033.0,Four Ashes-W2E,143.29486500000002,164.866135,111.41254904821844,False,0.0,235.05999999999995,221.39745095178148,0.0,33682.8909669,72436.32466,68226.05988275194
2045,97.74999999999999,235.05999999999995,2033.0,Ardley-W2E,147.19109999999998,169.34889999999996,111.75263386171072,False,0.0,235.05999999999995,221.0573661382892,0.0,34598.73996599999,74405.89239999997,69973.49867741406
2045,97.74999999999999,235.05999999999995,2033.0,Great Blakenham-W2E,127.709925,146.93507499999996,111.99950117220564,False,0.0,235.05999999999995,220.81049882779428,0.0,30019.494970499993,64558.05369999998,60644.49945055955
2045,97.74999999999999,235.05999999999995,2033.0,North Hykeham-W2E,76.625955,88.16104499999999,112.24726485697003,False,0.0,235.05999999999995,220.5627351430299,0.0,18011.696982299996,38734.83221999999,36345.871436014466
2045,97.74999999999999,235.05999999999995,2033.0,Scunthorpe Sinter-sinter,633.6026468814001,0.0,112.48245883079248,False,150.43839999999997,235.05999999999995,69.88914116920748,100334.9141395819,148934.6381759419,148934.6381759419,44281.94483307769
2045,97.74999999999999,235.05999999999995,2033.0,Coventry-W2E,126.41118,145.44081999999997,114.86629159129888,False,0.0,235.05999999999995,217.94370840870107,0.0,29714.211970799992,63901.53111999998,59248.4330183222
2045,97.74999999999999,235.05999999999995,2033.0,Greatmoor-W2E,119.48454,137.47145999999998,115.52278790869914,False,0.0,235.05999999999995,217.28721209130077,0.0,28086.035972399994,60400.077359999974,55833.25287013227
2045,97.74999999999999,235.05999999999995,2033.0,South Killingholme-crackers,381.3657875526,0.0,119.41657844198282,False,150.43839999999997,235.05999999999995,62.95502155801714,60391.64094121374,89643.84202211414,89643.84202211414,24008.891376864118
2045,97.74999999999999,235.05999999999995,2033.0,Marchwood-W2E,90.479235,104.09976499999998,119.76307582774996,False,0.0,235.05999999999995,213.04692417225,0.0,21268.048979099996,45737.73973999998,41454.457458512225
2045,97.74999999999999,235.05999999999995,2033.0,New Rugby-cement,866.2032106008,0.0,119.94033644561048,False,55.66220799999999,235.05999999999995,157.20745555438947,50752.40345129424,203609.726683824,203609.726683824,136173.60273159473
2045,97.74999999999999,235.05999999999995,2033.0,Dunbar-W2E,154.11774,177.31825999999995,120.88122377816076,False,0.0,235.05999999999995,211.92877622183917,0.0,36226.91596439999,77907.34615999996,70240.82587586147
2045,97.74999999999999,235.05999999999995,2033.0,Portsmouth-W2E,82.25384999999999,94.63614999999996,121.9344089585544,False,0.0,235.05999999999995,210.87559104144555,0.0,19334.589980999994,41579.763399999974,37301.78329932129
2045,97.74999999999999,235.05999999999995,2033.0,Grangemouth Power Station-CCGT,502.2772817634001,0.0,122.37005813568526,False,150.43839999999997,235.05999999999995,60.0015418643147,79538.72697351061,118065.2978513048,118065.2978513048,30137.41134922084
2045,97.74999999999999,235.05999999999995,2034.0,Newhurst-W2E,129.00867,148.42932999999996,122.92780800610014,False,0.0,235.05999999999995,209.8821919938998,0.0,30324.777970199993,65214.57627999998,58229.29558240357
2045,97.74999999999999,235.05999999999995,2034.0,Fawley Refinery-crackers,600.55012751238,0.0,123.76948009124162,False,150.43839999999997,235.05999999999995,58.60211990875834,95100.84242395623,141165.31297306,141165.31297306,35193.5105837006
2045,97.74999999999999,235.05999999999995,2034.0,South Killingholme-smr,225.005814656034,0.0,124.23754446793583,False,150.43839999999997,235.05999999999995,58.13405553206411,35631.068155316105,52889.86679304734,52889.86679304734,13080.500524251205
2045,97.74999999999999,235.05999999999995,2034.0,Hope Cement Works-cement,1003.4760721869,0.0,124.28720193448665,False,55.66220799999999,235.05999999999995,152.8605900655133,58795.46721377919,235877.08552825265,235877.08552825265,153391.94451111314
2045,97.74999999999999,235.05999999999995,2034.0,Parc Adfer-W2E,89.61340500000001,103.103595,125.7346990960452,False,0.0,235.05999999999995,207.0753009039547,0.0,21064.526979299997,45300.05801999999,39906.93076430744
2045,97.74999999999999,235.05999999999995,2034.0,Eastcroft-W2E,80.52219,92.64380999999996,125.9173094124788,False,0.0,235.05999999999995,206.89269058752114,0.0,18927.545981399995,40704.39995999997,35826.779658278676
2045,97.74999999999999,235.05999999999995,2034.0,Tunstead Cement-cement,621.4191773385,0.0,126.32727118201583,False,55.66220799999999,235.05999999999995,150.82052081798412,36410.06684653102,146070.7918251878,146070.7918251878,93722.7639724758
2045,97.74999999999999,235.05999999999995,2034.0,Stanlow Refinery-crackers,352.7227045224,0.0,127.0371190337797,False,150.43839999999997,235.05999999999995,55.33448096622027,55855.83085476064,82910.99892503532,82910.99892503532,19517.72777974848
2045,97.74999999999999,235.05999999999995,2034.0,Fawley Refinery-smr,354.32457523230414,0.0,127.12699478695876,False,150.43839999999997,235.05999999999995,55.24460521304121,56109.497030134175,83287.53465410539,83287.53465410539,19574.52127598716
2045,97.74999999999999,235.05999999999995,2034.0,Millerhill-W2E,70.565145,81.18785499999998,127.43285186483614,False,0.0,235.05999999999995,205.3771481351638,0.0,16587.042983699997,35671.060179999986,31166.598360955508
2045,97.74999999999999,235.05999999999995,2034.0,Padeswood-cement,470.6002227744,0.0,127.4850460006812,False,55.66220799999999,235.05999999999995,149.66274599931876,27573.313142015777,110619.28836535044,110619.28836535044,70431.32160830784
2045,97.74999999999999,235.05999999999995,2034.0,South Killingholme-distillation,324.16091941971,0.0,128.70945593540847,False,150.43839999999997,235.05999999999995,53.66214406459147,51332.894800031674,76197.26571879702,76197.26571879702,17395.169958010905
2045,97.74999999999999,235.05999999999995,2034.0,Ketton-cement,635.4803405793001,0.0,129.98256974643843,False,55.66220799999999,235.05999999999995,147.16522225356152,37233.93568130088,149376.00885657026,149376.00885657026,93520.60555912167
2045,97.74999999999999,235.05999999999995,2034.0,South Killingholme-power,568.235023453374,0.0,130.1966886940948,False,150.43839999999997,235.05999999999995,52.17491130590514,89983.54500240844,133569.32461295006,133569.32461295006,29647.611949588714
2045,97.74999999999999,235.05999999999995,2034.0,Newhaven-W2E,91.77798,105.59401999999996,130.2947760528612,False,0.0,235.05999999999995,202.51522394713874,0.0,21573.331978799994,46394.26231999998,39970.83478089466
2045,97.74999999999999,235.05999999999995,2034.0,Leeds-W2E,77.05887,88.65912999999998,130.72273227888334,False,0.0,235.05999999999995,202.08726772111658,0.0,18113.457982199994,38953.67307999998,33489.49783220799
2045,97.74999999999999,235.05999999999995,2034.0,Ribblesdale-cement,487.7708319975,0.0,131.22283623409905,False,55.66220799999999,235.05999999999995,145.9249557659009,28579.37000734515,114655.41176933232,114655.41176933232,71177.93708313187
2045,97.74999999999999,235.05999999999995,2035.0,Hanford-W2E,80.08927500000001,92.145725,131.66934911672453,False,0.0,235.05999999999995,201.14065088327538,0.0,18825.7849815,40485.55909999999,34643.46000488094
2045,97.74999999999999,235.05999999999995,2035.0,Fawley Refinery-distillation,510.4676083855231,0.0,132.12222727391224,False,150.43839999999997,235.05999999999995,50.2493727260877,80835.71606036281,119990.51602710102,119990.51602710102,25650.67711835872
2045,97.74999999999999,235.05999999999995,2035.0,Stanlow Refinery-smr,208.10639566821592,0.0,132.18064919232714,False,150.43839999999997,235.05999999999995,50.190950807672834,32954.940204308776,48917.48936577082,48917.48936577082,10445.057867745525
2045,97.74999999999999,235.05999999999995,2035.0,Kirklees-W2E,57.14477999999999,65.74721999999997,132.2826363227577,False,0.0,235.05999999999995,200.52736367724225,0.0,13432.451986799995,28886.993519999985,24643.208777023647
2045,97.74999999999999,235.05999999999995,2035.0,Lindsey Oil Refinery-crackers,173.99875600422,0.0,132.48929210893525,False,150.43839999999997,235.05999999999995,49.88230789106473,27553.783637121312,40900.147586351944,40900.147586351944,8679.45951966475
2045,97.74999999999999,235.05999999999995,2035.0,South Killingholme-remaining,358.48384029944395,0.0,132.82916790483205,False,150.43839999999997,235.05999999999995,49.5424320951679,56768.142484740914,84265.21150078728,84265.21150078728,17760.161315250214
2045,97.74999999999999,235.05999999999995,2035.0,Fawley Refinery-power,894.8196899934462,0.0,134.32186480576613,False,150.43839999999997,235.05999999999995,48.04973519423385,141700.25521169478,210336.31632985943,210336.31632985943,42995.849150771515
2045,97.74999999999999,235.05999999999995,2035.0,Baldovie-W2E,81.38802,93.63997999999998,134.50224562921326,False,0.0,235.05999999999995,198.30775437078665,0.0,19131.067981199994,41142.08167999998,34709.409632010036
2045,97.74999999999999,235.05999999999995,2035.0,Pembroke Refinery-crackers,453.1676492086801,0.0,135.6974630648525,False,150.43839999999997,235.05999999999995,46.67413693514743,71761.91166180535,106521.58762299232,106521.58762299232,21151.208913744787
2045,97.74999999999999,235.05999999999995,2035.0,Fawley Refinery-remaining,564.5171198616373,0.0,136.13383164089475,False,150.43839999999997,235.05999999999995,46.23776835910519,89394.79187851887,132695.39419467642,132695.39419467642,26102.011822911605
2045,97.74999999999999,235.05999999999995,2035.0,Stanlow Refinery-distillation,299.81429884404,0.0,136.513911998797,False,150.43839999999997,235.05999999999995,45.85768800120297,47477.45622654654,70474.34908628004,70474.34908628004,13748.790574689418
2045,97.74999999999999,235.05999999999995,2035.0,Dunbar Works-cement,421.0548381849,0.0,136.98298025518972,False,55.66220799999999,235.05999999999995,140.1648117448102,24670.359981530783,98973.15026374257,98973.15026374257,59017.07212842804
2045,97.74999999999999,235.05999999999995,2035.0,Stanlow Refinery-power,525.5568297383759,0.0,137.82970188412523,False,150.43839999999997,235.05999999999995,44.541898115874744,83225.18797359335,123537.3883983026,123537.3883983026,23409.298764308867
2045,97.74999999999999,235.05999999999995,2035.0,Hartlebury-W2E,90.91214999999998,104.59784999999997,138.13632582553586,False,0.0,235.05999999999995,194.67367417446405,0.0,21369.80997899999,45956.58059999997,38060.65003784945
2045,97.74999999999999,235.05999999999995,2035.0,Cauldon Cement-cement,510.3056236515,0.0,138.4784310020895,False,55.66220799999999,235.05999999999995,138.66936099791042,29899.72396553633,119952.43989552156,119952.43989552156,70763.75474539367
2045,97.74999999999999,235.05999999999995,2035.0,Javelin Park-W2E,81.38802,93.63997999999998,139.3228290773164,False,0.0,235.05999999999995,193.4871709226835,0.0,19131.067981199994,41142.08167999998,33865.67255225544
2045,97.74999999999999,235.05999999999995,2035.0,Sheffield-W2E,100.003365,115.05763499999998,139.8343235952813,False,0.0,235.05999999999995,192.97567640471863,0.0,23506.790976899996,50552.23865999998,41501.54194327519
2045,97.74999999999999,235.05999999999995,2035.0,Pembroke Refinery-smr,267.3689130331212,0.0,139.8863360016444,False,150.43839999999997,235.05999999999995,42.48526399835555,42339.52788046515,62847.73669756546,62847.73669756546,11359.23885516552
2045,97.74999999999999,235.05999999999995,2035.0,Chineham-W2E,44.590245,51.30275499999999,140.32141856258616,False,0.0,235.05999999999995,192.48858143741376,0.0,10481.382989699998,22540.608579999996,18458.307539777918
2045,97.74999999999999,235.05999999999995,2035.0,Stanlow Refinery-remaining,331.559342251056,0.0,140.6432980315675,False,150.43839999999997,235.05999999999995,41.72830196843245,52504.481003475004,77936.33898953321,77936.33898953321,13835.408353906909
2045,97.74999999999999,235.05999999999995,2035.0,Grangemouth Refinery-crackers,193.40584394892005,0.0,140.79770433532283,False,150.43839999999997,235.05999999999995,41.57389566467714,30627.016541394954,45461.977678633135,45461.977678633135,8040.634377271231
2045,97.74999999999999,235.05999999999995,2035.0,Lindsey Oil Refinery-smr,102.6592660424898,0.0,141.9929815759613,False,150.43839999999997,235.05999999999995,40.37861842403868,16256.732345901573,24131.08707594765,24131.08707594765,4145.239331221567
2045,97.74999999999999,235.05999999999995,2035.0,Lindsey Oil Refinery-power,259.2581464462878,0.0,142.81115560903552,False,150.43839999999997,235.05999999999995,39.56044439096445,41055.13761931076,60941.2199036644,60941.2199036644,10256.367485392886
2045,97.74999999999999,235.05999999999995,2036.0,Wolverhampton-W2E,42.42567,48.81233,142.87736864384428,False,0.0,235.05999999999995,189.93263135615564,0.0,9972.577990199998,21446.404279999995,17329.073419672928
2045,97.74999999999999,235.05999999999995,2036.0,Devonport-W2E,111.259155,128.00784499999995,143.82236892306247,False,0.0,235.05999999999995,188.98763107693748,0.0,26152.576974299995,56242.10101999997,45218.503524885586
2045,97.74999999999999,235.05999999999995,2036.0,Lindsey Oil Refinery-distillation,147.89894260358702,0.0,144.05717677984146,False,150.43839999999997,235.05999999999995,38.31442322015852,23420.716091553117,34765.12544839916,34765.12544839916,5666.662680727766
2045,97.74999999999999,235.05999999999995,2036.0,Pembroke Refinery-distillation,385.192501827378,0.0,144.60895225355458,False,150.43839999999997,235.05999999999995,37.762647746445396,60997.62491253455,90543.34947954345,90543.34947954345,14545.8887610793
2045,97.74999999999999,235.05999999999995,2036.0,Cornwall-W2E,103.46668499999998,119.04231499999996,145.15316997971505,False,0.0,235.05999999999995,187.65683002028487,0.0,24320.87897609999,52302.965539999976,41755.33359098356
2045,97.74999999999999,235.05999999999995,2036.0,Pembroke Refinery-power,675.2197973209334,0.0,146.4191539632569,False,150.43839999999997,235.05999999999995,35.95244603674308,106925.24837608996,158717.16555825857,158717.16555825857,24275.80332612146
2045,97.74999999999999,235.05999999999995,2036.0,Lindsey Oil Refinery-remaining,163.5588306439668,0.0,148.07743604588833,False,150.43839999999997,235.05999999999995,34.29416395411164,25900.556618894036,38446.138731170824,38446.138731170824,5609.113354246976
2045,97.74999999999999,235.05999999999995,2036.0,Pembroke Refinery-remaining,425.97759025615926,0.0,148.6969572317184,False,150.43839999999997,235.05999999999995,33.67464276828156,67456.19696209703,100130.29236561277,100130.29236561277,14344.643179169578
2045,97.74999999999999,235.05999999999995,2036.0,Grangemouth Refinery-smr,114.1094479298628,0.0,149.4429641100151,False,150.43839999999997,235.05999999999995,32.92863588998483,18069.939759423018,26822.56683039354,26822.56683039354,3757.4684624896354
2045,97.74999999999999,235.05999999999995,2036.0,Milton Keynes ACT-W2E,35.066115,40.344885,149.91840922239953,False,0.0,235.05999999999995,182.8915907776004,0.0,8242.6409919,17726.109659999995,13792.037752129625
2045,97.74999999999999,235.05999999999995,2036.0,Belfast ACT-W2E,48.48648,55.785519999999984,151.16178010182253,False,0.0,235.05999999999995,181.6482198981774,0.0,11397.231988799997,24510.17631999999,18940.82318522275
2045,97.74999999999999,235.05999999999995,2036.0,Grangemouth Refinery-power,288.1747074838908,0.0,151.2758042923232,False,150.43839999999997,235.05999999999995,31.095795707676757,45634.25464667848,67738.34674116336,67738.34674116336,8961.021832038577
2045,97.74999999999999,235.05999999999995,2036.0,Peterborough-W2E,36.797775,42.33722499999999,151.58940342877088,False,0.0,235.05999999999995,181.22059657122907,0.0,8649.684991499998,18601.473099999992,14340.891909664211
2045,97.74999999999999,235.05999999999995,2036.0,Grangemouth Refinery-distillation,164.394967356582,0.0,151.9931581726091,False,150.43839999999997,235.05999999999995,30.378441827390873,26032.96406018571,38642.68102683815,38642.68102683815,4994.062952557747
2045,97.74999999999999,235.05999999999995,2036.0,Pembroke Power Station-CCGT,5026.790800587,0.0,153.5814237169616,False,150.43839999999997,235.05999999999995,28.790176283038363,796023.5422895023,1181597.44558598,1181597.44558598,144722.1932868553
2045,97.74999999999999,235.05999999999995,2037.0,NewLincs-W2E,24.24324,27.892759999999992,154.91229031794154,False,0.0,235.05999999999995,177.8977096820584,0.0,5698.615994399998,12255.088159999996,9274.874991983796
2045,97.74999999999999,235.05999999999995,2037.0,Grangemouth Refinery-remaining,181.8014933119848,0.0,156.05875268873913,False,150.43839999999997,235.05999999999995,26.31284731126084,28789.39554891125,42734.25901791514,42734.25901791514,4783.714934477465
2045,97.74999999999999,235.05999999999995,2037.0,Dudley-W2E,29.871135,34.367864999999995,157.17271920148522,False,0.0,235.05999999999995,175.63728079851472,0.0,7021.508993099998,15100.019339999993,11282.763281215786
2045,97.74999999999999,235.05999999999995,2037.0,Marchwood  Power  Station-CCGT,1815.7533444639,0.0,159.62812813767613,False,150.43839999999997,235.05999999999995,22.743471862323815,287535.8188797873,426810.98114968423,426810.98114968423,41296.535098735076
2045,97.74999999999999,235.05999999999995,2037.0,Baddesley-W2E,41.55984,47.81616,160.35967910131896,False,0.0,235.05999999999995,172.45032089868096,0.0,9769.055990399998,21008.722559999995,15412.91988064051
2045,97.74999999999999,235.05999999999995,2037.0,Enfield Power Station-CCGT,806.3891587964999,0.0,162.1675537167806,False,150.43839999999997,235.05999999999995,20.204046283219384,127696.73139651724,189549.83566670524,189549.83566670524,16292.32388661083
2045,97.74999999999999,235.05999999999995,2037.0,Battlefield-W2E,39.82818,45.82381999999999,162.19804621799932,False,0.0,235.05999999999995,170.61195378200063,0.0,9362.011990799998,20133.359119999994,14613.255065335916
2045,97.74999999999999,235.05999999999995,2037.0,Saltend-CCGT,2179.7384288931,0.0,164.91708350379992,False,150.43839999999997,235.05999999999995,17.45451649620003,345175.11753809656,512369.3150956119,512369.3150956119,38046.28036451574
2045,97.74999999999999,235.05999999999995,2037.0,Immingham-CCGT,2178.7933907240995,0.0,166.00773363458555,False,150.43839999999997,235.05999999999995,16.363866365414424,345025.46487485094,512147.1744236067,512147.1744236067,35653.48388365734
2045,97.74999999999999,235.05999999999995,2037.0,Didcot B-CCGT,2663.1465497294994,0.0,168.98227960881977,False,150.43839999999997,235.05999999999995,13.389320391180206,421725.79569139617,625999.227979416,625999.227979416,35657.7224029944
2045,97.74999999999999,235.05999999999995,2038.0,Staythorpe Power Station-CCGT,3395.4703151412,0.0,169.40288726463294,False,150.43839999999997,235.05999999999995,12.968712735367035,537693.8120603556,798139.2522770903,798139.2522770903,44034.8791185324
2045,97.74999999999999,235.05999999999995,2038.0,Keadby-CCGT,1131.0949420923002,0.0,176.90140497406722,False,150.43839999999997,235.05999999999995,5.470195025932753,179115.90877521923,265875.177088216,265875.177088216,6187.309926090997
2045,97.74999999999999,235.05999999999995,2038.0,Hooton Park ACT-W2E,35.499030000000005,40.84297,179.27780846771287,False,0.0,235.05999999999995,153.53219153228707,0.0,8344.4019918,17944.95052,11720.954565957862
2045,97.74999999999999,235.05999999999995,2038.0,Exeter-W2E,27.273645,31.379354999999997,179.60333383475486,False,0.0,235.05999999999995,153.20666616524505,0.0,6410.942993699998,13786.974179999996,8986.030590590117
2045,97.74999999999999,235.05999999999995,2038.0,Bolton-W2E,35.066115,40.344885,181.92172711397333,False,0.0,235.05999999999995,150.88827288602658,0.0,8242.6409919,17726.109659999995,11378.635546608151
2045,97.74999999999999,235.05999999999995,2038.0,West Burton B CCGT Power Station-CCGT,2228.0422268514,0.0,181.9230998694337,False,150.43839999999997,235.05999999999995,0.44850013056623084,352824.3239368017,523723.60584368993,523723.60584368993,999.2772296499286
2045,97.74999999999999,235.05999999999995,2039.0,Levenseat ACT-W2E,25.10907,28.888929999999995,183.8322948806435,False,0.0,235.05999999999995,148.97770511935641,0.0,5902.1379941999985,12692.769879999994,8044.498121035006
2045,97.74999999999999,235.05999999999995,2039.0,Coolkeeragh-CCGT,722.1987379346999,0.0,184.70017000442445,False,150.43839999999997,235.05999999999995,-2.3285700044244777,114364.65538622689,169760.03533893052,169760.03533893052,-1681.6903183879565
2045,97.74999999999999,235.05999999999995,2039.0,Carrington CCGT-CCGT,1673.6112263625,0.0,189.2092334567789,False,150.43839999999997,235.05999999999995,-6.837633456778917,265026.7317010656,393399.0548687692,393399.0548687692,-11443.540115017024
2045,97.74999999999999,235.05999999999995,2039.0,Ballylumford-CCGT,1043.2211998752,0.0,195.1740589779237,False,150.43839999999997,235.05999999999995,-12.80245897792372,165200.5559529529,245219.57524266446,245219.57524266446,-13355.79661630261
2045,97.74999999999999,235.05999999999995,2039.0,Glasgow ACT-W2E,60.60809999999999,69.73189999999998,195.93562567320143,False,0.0,235.05999999999995,136.8743743267985,0.0,14246.539985999994,30637.720399999987,17840.205949754913
2045,97.74999999999999,235.05999999999995,2039.0,NESS-W2E,42.858585,49.31041499999999,198.75501981615415,False,0.0,235.05999999999995,134.05498018384577,0.0,10074.338990099997,21665.24513999999,12355.713468564878
2045,97.74999999999999,235.05999999999995,2039.0,Energy Works ACT-W2E,13.420365,15.440635,201.40339180076796,False,0.0,235.05999999999995,131.40660819923198,0.0,3154.5909968999995,6784.066659999999,3792.5261192380344
2045,97.74999999999999,235.05999999999995,2039.0,Eco Park ACT-W2E,13.85328,15.938719999999996,202.93011759687164,False,0.0,235.05999999999995,129.8798824031283,0.0,3256.351996799999,7002.907519999997,3869.381456553998
2045,97.74999999999999,235.05999999999995,2039.0,Kilroot-CCGT,1059.7392638186998,0.0,207.3906503608189,False,150.43839999999997,235.05999999999995,-25.019050360818937,167816.29396427693,249102.31135322351,249102.31135322351,-26513.670010817237
2045,97.74999999999999,235.05999999999995,2039.0,Kings Lynn Power Station-CCGT,607.5685909533,0.0,208.8847375922057,False,150.43839999999997,235.05999999999995,-26.513137592205737,96212.2596981778,142815.07298948267,142815.07298948267,-16108.54964864741
2045,97.74999999999999,235.05999999999995,2039.0,Spalding-CCGT,1332.8402058705,0.0,210.92034860788132,False,150.43839999999997,235.05999999999995,-28.54874860788135,211063.52423876696,313297.41879191966,313297.41879191966,-38050.91997187373
2045,97.74999999999999,235.05999999999995,2039.0,Seabank-CCGT,1626.4197752931002,0.0,215.24318898826735,False,150.43839999999997,235.05999999999995,-32.871588988267376,257553.67234047732,382306.23238039605,382306.23238039605,-53463.00237582497
2045,97.74999999999999,235.05999999999995,2039.0,Shoreham Power Station-CCGT,584.0626047023999,0.0,223.96100678992715,False,150.43839999999997,235.05999999999995,-41.58940678992718,92489.9407908016,137289.7558613461,137289.7558613461,-24290.817257752544
2045,97.74999999999999,235.05999999999995,2039.0,Damhead Creek Power Station-CCGT,973.8051514482,0.0,231.84613890879083,False,150.43839999999997,235.05999999999995,-49.47453890879092,154208.09357434203,228902.63889941384,228902.63889941384,-48178.56085490501
2045,97.74999999999999,235.05999999999995,2040.0,Cottam Development Centre-CCGT,550.2910471575,0.0,238.4158800035795,False,150.43839999999997,235.05999999999995,-56.0442800035795,87142.00491441983,129351.41354484191,129351.41354484191,-30840.6655303579
2045,97.74999999999999,235.05999999999995,2040.0,Great Yarmouth Power Station-CCGT,566.475305193,0.0,240.013145571761,False,150.43839999999997,235.05999999999995,-57.64154557176107,89704.8826871017,133155.68523866657,133155.68523866657,-32652.512119559575
2045,97.74999999999999,235.05999999999995,2040.0,Little Barford-CCGT,876.2518953272998,0.0,240.7576776464302,False,150.43839999999997,235.05999999999995,-58.386077646430294,138759.92961053312,205971.77051563506,205971.77051563506,-51160.91119841144
2045,97.74999999999999,235.05999999999995,2040.0,South Humber-CCGT,1415.4141864696,0.0,246.5252661657621,False,150.43839999999997,235.05999999999995,-64.15366616576216,224139.6268945139,332707.2586715441,332707.2586715441,-90804.00920505455
2045,97.74999999999999,235.05999999999995,2040.0,Langage Energy Centre-CCGT,1099.7517366462,0.0,250.05603522765227,False,150.43839999999997,235.05999999999995,-67.68443522765233,174152.51753502703,258507.6432160557,258507.6432160557,-74436.0751855279
2045,97.74999999999999,235.05999999999995,2040.0,Grain CCGT-CCGT,1560.6667908717,0.0,256.5493066919562,False,150.43839999999997,235.05999999999995,-74.17770669195625,247141.27889670854,366850.3358623017,366850.3358623017,-115766.68345715757
2045,97.74999999999999,235.05999999999995,2040.0,Peterhead Power Station-CCGT,1283.3503468848,0.0,275.097064063588,False,150.43839999999997,235.05999999999995,-92.72546406358799,203226.49771030972,301664.332538741,301664.332538741,-118999.2564710597
2045,97.74999999999999,235.05999999999995,2040.0,Connahs Quay Power Station-CCGT,1302.9522420993,0.0,279.14393107084203,False,150.43839999999997,235.05999999999995,-96.77233107084203,206330.57955561188,306271.9540278614,306271.9540278614,-126089.72574192937
2045,97.74999999999999,235.05999999999995,2040.0,Medway-CCGT,611.8560400155001,0.0,311.36638697059976,False,150.43839999999997,235.05999999999995,-128.99478697059976,96891.20388449241,143822.8807660434,143822.8807660434,-78926.2395384742
2045,97.74999999999999,235.05999999999995,,Isle of Wight-W2E,0.0,0.0,378.6296091247897,False,0.0,0.0,0.0,0.0,0.0,0.0,0.0
2045,97.74999999999999,235.05999999999995,,Coryton-CCGT,0.0,0.0,386.8501086268143,False,150.43839999999997,0.0,-150.43839999999997,81049.69970726629,0.0,0.0,-81049.69970726629
2045,97.74999999999999,235.05999999999995,,Rye House-CCGT,0.0,0.0,392.2249091956061,False,150.43839999999997,0.0,-150.43839999999997,72725.53599468917,0.0,0.0,-72725.53599468917
2045,97.74999999999999,235.05999999999995,,Rocksavage-CCGT,0.0,0.0,430.77402140379735,False,150.43839999999997,0.0,-150.43839999999997,72482.24785305369,0.0,0.0,-72482.24785305369
2046,94.3,236.57799999999997,2026.0,Tees Valley-W2E,304.33924500000006,350.153755,88.11948048189508,False,0.0,236.57799999999997,236.57799999999997,0.0,71999.96990361,154838.644954,154838.644954
2046,94.3,236.57799999999997,2027.0,Runcorn-W2E,411.702165,473.6788349999999,92.55278428419912,False,0.0,236.57799999999997,236.57799999999997,0.0,97399.67479136998,209461.66621799994,209461.66621799994
2046,94.3,236.57799999999997,2027.0,Riverside-W2E,342.00285,393.48714999999993,95.11886046105766,False,0.0,236.57799999999997,235.7591395389423,0.0,80910.3502473,174000.75321999998,173398.48953949666
2046,94.3,236.57799999999997,2028.0,Wilton 11-W2E,178.79389499999996,205.70910499999997,95.57551058511204,False,0.0,236.57799999999997,235.30248941488793,0.0,42298.702091309984,90964.95073399997,90474.51308749264
2046,94.3,236.57799999999997,2028.0,Scunthorpe Power Station-chp,1562.2594042965,0.0,96.72056387395656,False,166.9294368,236.57799999999997,67.2279993260434,274512.71841549285,369596.20534965734,369596.20534965734,105027.57417915006
2046,94.3,236.57799999999997,2029.0,Ferrybridge FM1-W2E,285.29098500000003,328.238015,98.85154951082956,False,0.0,236.57799999999997,232.02645048917043,0.0,67493.57064933,145147.46376199997,142354.95614217024
2046,94.3,236.57799999999997,2029.0,Ferrybridge FM2-W2E,283.559325,326.24567499999995,98.9301306912529,False,0.0,236.57799999999997,231.94786930874707,0.0,67083.89798985,144266.44728999998,141442.9704438205
2046,94.3,236.57799999999997,2029.0,Drax-BECCS,0.0,10924.999999999998,99.24068628496312,False,0.0,236.57799999999997,231.63731371503684,0.0,0.0,2584614.6499999994,2530637.652336777
2046,94.3,236.57799999999997,2032.0,Kemsley-W2E,245.02989,281.91610999999995,99.80091077600858,False,0.0,236.57799999999997,231.07708922399138,0.0,57968.68131641999,124663.83078799996,121765.14785822535
2046,94.3,236.57799999999997,2032.0,Allington-W2E,202.60422000000003,233.10378,100.90154534306674,False,0.0,236.57799999999997,229.97645465693324,0.0,47931.70115916,103078.927224,100202.58110566308
2046,94.3,236.57799999999997,2032.0,Scunthorpe Blast Furnaces-stove,994.2298168221,0.0,101.76356955343398,False,166.9294368,236.57799999999997,62.184993646566,174701.28775987402,235212.90160413875,235212.90160413875,61826.17484230877
2046,94.3,236.57799999999997,2032.0,Edmonton-W2E,209.53086,241.07314,102.28156448231805,False,0.0,236.57799999999997,228.59643551768193,0.0,49570.391797079996,106602.99311199998,103006.46823000954
2046,94.3,236.57799999999997,2032.0,Rookery South C-W2E,255.41985,293.8701499999999,103.38827027423388,False,0.0,236.57799999999997,227.4897297257661,0.0,60426.71727329999,129949.92961999998,124957.83364106606
2046,94.3,236.57799999999997,2032.0,SELCHP-W2E,169.269765,194.751235,105.54933952858303,False,0.0,236.57799999999997,225.32866047141692,0.0,40045.50246417,86119.36013799999,82024.36431346566
2046,94.3,236.57799999999997,2032.0,Lakeside-W2E,178.79389499999996,205.70910499999997,105.75229786444092,False,0.0,236.57799999999997,225.12570213555904,0.0,42298.702091309984,90964.95073399997,86561.50784822884
2046,94.3,236.57799999999997,2032.0,Trident Park-W2E,177.92806500000003,204.712935,106.89966600386146,False,0.0,236.57799999999997,223.97833399613853,0.0,42093.86576157,90524.44249799999,85703.29369861644
2046,94.3,236.57799999999997,2032.0,Severnside-W2E,173.598915,199.732085,107.69026084360516,False,0.0,236.57799999999997,223.1877391563948,0.0,41069.684112869996,88321.90131799999,83322.90184699603
2046,94.3,236.57799999999997,2033.0,Avonmouth-W2E,169.269765,194.751235,108.09353634841528,False,0.0,236.57799999999997,222.7844636515847,0.0,40045.50246417,86119.36013799999,81098.22324291352
2046,94.3,236.57799999999997,2033.0,Beddington Lane-W2E,143.29486500000002,164.866135,108.33273184526364,False,0.0,236.57799999999997,222.54526815473633,0.0,33900.41257197,72904.113058,68579.77237983172
2046,94.3,236.57799999999997,2033.0,Tyseley-W2E,157.148145,180.80485499999995,109.84350345016378,False,0.0,236.57799999999997,221.0344965498362,0.0,37177.79384781,79952.24483399998,74699.27121250679
2046,94.3,236.57799999999997,2033.0,Allerton Park-W2E,117.31996499999998,134.98103499999996,110.24876424941378,False,0.0,236.57799999999997,220.6292357505862,0.0,27755.322679769994,59688.86597799998,55664.97680910863
2046,94.3,236.57799999999997,2033.0,Four Ashes-W2E,143.29486500000002,164.866135,111.41254904821844,False,0.0,236.57799999999997,219.46545095178152,0.0,33900.41257197,72904.113058,67630.69283075196
2046,94.3,236.57799999999997,2033.0,Ardley-W2E,147.19109999999998,169.34889999999996,111.75263386171072,False,0.0,236.57799999999997,219.12536613828925,0.0,34822.17605579999,74886.40011999998,69361.94339741407
2046,94.3,236.57799999999997,2033.0,Great Blakenham-W2E,127.709925,146.93507499999996,111.99950117220564,False,0.0,236.57799999999997,218.87849882779432,0.0,30213.358636649995,64974.96480999999,60113.88531055956
2046,94.3,236.57799999999997,2033.0,North Hykeham-W2E,76.625955,88.16104499999999,112.24726485697003,False,0.0,236.57799999999997,218.63073514302994,0.0,18128.01518199,38984.97888599999,36027.50295201447
2046,94.3,236.57799999999997,2033.0,Scunthorpe Sinter-sinter,633.6026468814001,0.0,112.48245883079248,False,166.9294368,236.57799999999997,51.4661043692075,111333.61368305409,149896.44699390786,149896.44699390786,32609.059953004264
2046,94.3,236.57799999999997,2033.0,Coventry-W2E,126.41118,145.44081999999997,114.86629159129888,False,0.0,236.57799999999997,216.0117084087011,0.0,29906.104142039996,64314.202455999985,58723.21495432221
2046,94.3,236.57799999999997,2033.0,Greatmoor-W2E,119.48454,137.47145999999998,115.52278790869914,False,0.0,236.57799999999997,215.3552120913008,0.0,28267.413504119995,60790.13656799999,55336.813878132285
2046,94.3,236.57799999999997,2033.0,South Killingholme-crackers,381.3657875526,0.0,119.41657844198282,False,166.9294368,236.57799999999997,44.53198475801716,67011.76434836208,90222.755287619,90222.755287619,16982.975438521593
2046,94.3,236.57799999999997,2033.0,Marchwood-W2E,90.479235,104.09976499999998,119.76307582774996,False,0.0,236.57799999999997,211.11492417225003,0.0,21405.39645783,46033.11066199999,41078.53083051223
2046,94.3,236.57799999999997,2033.0,New Rugby-cement,866.2032106008,0.0,119.94033644561048,False,61.763891615999995,236.57799999999997,149.1737719383895,56315.874965241084,204924.62315751606,204924.62315751606,129214.80019046452
2046,94.3,236.57799999999997,2033.0,Dunbar-W2E,154.11774,177.31825999999995,120.88122377816076,False,0.0,236.57799999999997,209.9967762218392,0.0,36460.866693719996,78410.46600799997,69600.49152386148
2046,94.3,236.57799999999997,2033.0,Portsmouth-W2E,82.25384999999999,94.63614999999996,121.9344089585544,False,0.0,236.57799999999997,208.9435910414456,0.0,19459.451325299993,41848.28241999998,36960.031819321295
2046,94.3,236.57799999999997,2033.0,Grangemouth Power Station-CCGT,502.2772817634001,0.0,122.37005813568526,False,166.9294368,236.57799999999997,41.578505064314726,88257.75132863084,118827.75476502166,118827.75476502166,20883.938503489764
2046,94.3,236.57799999999997,2034.0,Newhurst-W2E,129.00867,148.42932999999996,122.92780800610014,False,0.0,236.57799999999997,207.95019199389984,0.0,30520.613131259997,65635.727164,57693.28536640358
2046,94.3,236.57799999999997,2034.0,Fawley Refinery-crackers,600.55012751238,0.0,123.76948009124162,False,166.9294368,236.57799999999997,40.17908310875836,105525.78374295768,142076.94806662382,142076.94806662382,24129.553484295346
2046,94.3,236.57799999999997,2034.0,South Killingholme-smr,225.005814656034,0.0,124.23754446793583,False,166.9294368,236.57799999999997,39.71101873206413,39536.94096553362,53231.425619695205,53231.425619695205,8935.210120629117
2046,94.3,236.57799999999997,2034.0,Hope Cement Works-cement,1003.4760721869,0.0,124.28720193448665,False,61.763891615999995,236.57799999999997,144.82690644951333,65240.618275580084,237400.36220583238,237400.36220583238,145330.33523093726
2046,94.3,236.57799999999997,2034.0,Parc Adfer-W2E,89.61340500000001,103.103595,125.7346990960452,False,0.0,236.57799999999997,205.14330090395475,0.0,21200.56012809,45592.602426,39534.60152030745
2046,94.3,236.57799999999997,2034.0,Eastcroft-W2E,80.52219,92.64380999999996,125.9173094124788,False,0.0,236.57799999999997,204.96069058752119,0.0,19049.77866582,40967.26594799998,35492.22294627868
2046,94.3,236.57799999999997,2034.0,Tunstead Cement-cement,621.4191773385,0.0,126.32727118201583,False,61.763891615999995,236.57799999999997,142.78683720198416,40401.33338656737,147014.10613638765,147014.10613638765,88730.47890882332
2046,94.3,236.57799999999997,2034.0,Stanlow Refinery-crackers,352.7227045224,0.0,127.0371190337797,False,166.9294368,236.57799999999997,36.91144416622029,61978.73938157583,83446.43199050035,83446.43199050035,13019.504414136785
2046,94.3,236.57799999999997,2034.0,Fawley Refinery-smr,354.32457523230414,0.0,127.12699478695876,False,166.9294368,236.57799999999997,36.821568413041234,62260.21240834502,83825.39935930804,83825.39935930804,13046.786587338063
2046,94.3,236.57799999999997,2034.0,Millerhill-W2E,70.565145,81.18785499999998,127.43285186483614,False,0.0,236.57799999999997,203.44514813516383,0.0,16694.160873809997,35901.421233999994,30873.411564955513
2046,94.3,236.57799999999997,2034.0,Padeswood-cement,470.6002227744,0.0,127.4850460006812,False,61.763891615999995,236.57799999999997,141.6290623833188,30595.895951477363,111333.65950352198,111333.65950352198,66650.66830891922
2046,94.3,236.57799999999997,2034.0,South Killingholme-distillation,324.16091941971,0.0,128.70945593540847,False,166.9294368,236.57799999999997,35.239107264591496,56959.999696107756,76689.34199447614,76689.34199447614,11423.141410419761
2046,94.3,236.57799999999997,2034.0,Ketton-cement,635.4803405793001,0.0,129.98256974643843,False,61.763891615999995,236.57799999999997,139.13153863756156,41315.51461014595,150340.66801356964,150340.66801356964,88415.35755871967
2046,94.3,236.57799999999997,2034.0,South Killingholme-power,568.235023453374,0.0,130.1966886940948,False,166.9294368,236.57799999999997,33.751874505905164,99847.52887905946,134431.9053785523,134431.9053785523,19178.997201458355
2046,94.3,236.57799999999997,2034.0,Newhaven-W2E,91.77798,105.59401999999996,130.2947760528612,False,0.0,236.57799999999997,200.58322394713878,0.0,21712.65095244,46693.87301599998,39589.512076894665
2046,94.3,236.57799999999997,2034.0,Leeds-W2E,77.05887,88.65912999999998,130.72273227888334,False,0.0,236.57799999999997,200.15526772111662,0.0,18230.433346859998,39205.23300399999,33169.330656207996
2046,94.3,236.57799999999997,2034.0,Ribblesdale-cement,487.7708319975,0.0,131.22283623409905,False,61.763891615999995,236.57799999999997,137.89127214990094,31712.236632568136,115395.84789230455,115395.84789230455,67259.34054175089
2046,94.3,236.57799999999997,2035.0,Hanford-W2E,80.08927500000001,92.145725,131.66934911672453,False,0.0,236.57799999999997,199.20865088327542,0.0,18947.360500950002,40747.011829999996,34310.70198488094
2046,94.3,236.57799999999997,2035.0,Fawley Refinery-distillation,510.4676083855231,0.0,132.12222727391224,False,166.9294368,236.57799999999997,31.826335926087722,89696.91618151404,120765.40585663027,120765.40585663027,16246.313583864252
2046,94.3,236.57799999999997,2035.0,Stanlow Refinery-smr,208.10639566821592,0.0,132.18064919232714,False,166.9294368,236.57799999999997,31.767914007672857,36567.45623512974,49233.394874395184,49233.394874395184,6611.1060820346265
2046,94.3,236.57799999999997,2035.0,Kirklees-W2E,57.14477999999999,65.74721999999997,132.2826363227577,False,0.0,236.57799999999997,198.5953636772423,0.0,13519.197762839996,29073.54357599999,24405.781433023654
2046,94.3,236.57799999999997,2035.0,Lindsey Oil Refinery-crackers,173.99875600422,0.0,132.48929210893525,False,166.9294368,236.57799999999997,31.45927109106475,30574.225624931645,41164.27769796636,41164.27769796636,5473.874034644788
2046,94.3,236.57799999999997,2035.0,South Killingholme-remaining,358.48384029944395,0.0,132.82916790483205,False,166.9294368,236.57799999999997,31.11939529516792,62991.058487460345,84809.38997036184,84809.38997036184,11155.800333208244
2046,94.3,236.57799999999997,2035.0,Fawley Refinery-power,894.8196899934462,0.0,134.32186480576613,False,166.9294368,236.57799999999997,29.62669839423387,157233.4177770069,211694.6526192695,211694.6526192695,26510.553072657684
2046,94.3,236.57799999999997,2035.0,Baldovie-W2E,81.38802,93.63997999999998,134.50224562921326,False,0.0,236.57799999999997,196.3757543707867,0.0,19254.614995559998,41407.77418399999,34371.255536010045
2046,94.3,236.57799999999997,2035.0,Pembroke Refinery-crackers,453.1676492086801,0.0,135.6974630648525,False,166.9294368,236.57799999999997,28.251100135147453,79628.4425877736,107209.4961144911,107209.4961144911,12802.484635803796
2046,94.3,236.57799999999997,2035.0,Fawley Refinery-remaining,564.5171198616373,0.0,136.13383164089475,False,166.9294368,236.57799999999997,27.814731559105212,99194.23671838021,133552.33118262643,133552.33118262643,15701.892149470663
2046,94.3,236.57799999999997,2035.0,Stanlow Refinery-distillation,299.81429884404,0.0,136.513911998797,False,166.9294368,236.57799999999997,27.434651201202996,52681.92847433946,70929.46719192529,70929.46719192529,8225.300713919476
2046,94.3,236.57799999999997,2035.0,Dunbar Works-cement,421.0548381849,0.0,136.98298025518972,False,61.763891615999995,236.57799999999997,132.13112812881025,27374.72146320482,99612.31150810726,99612.31150810726,55634.45077346449
2046,94.3,236.57799999999997,2035.0,Stanlow Refinery-power,525.5568297383759,0.0,137.82970188412523,False,166.9294368,236.57799999999997,26.118861315874767,92348.32167854799,124335.18366584547,124335.18366584547,13726.945949547448
2046,94.3,236.57799999999997,2035.0,Hartlebury-W2E,90.91214999999998,104.59784999999997,138.13632582553586,False,0.0,236.57799999999997,192.7416741744641,0.0,21507.814622699992,46253.36477999998,37682.92471784946
2046,94.3,236.57799999999997,2035.0,Cauldon Cement-cement,510.3056236515,0.0,138.4784310020895,False,61.763891615999995,236.57799999999997,130.63567738191045,33177.327610785826,120727.08383222455,120727.08383222455,66664.12081751197
2046,94.3,236.57799999999997,2035.0,Javelin Park-W2E,81.38802,93.63997999999998,139.3228290773164,False,0.0,236.57799999999997,191.55517092268354,0.0,19254.614995559998,41407.77418399999,33527.51845625545
2046,94.3,236.57799999999997,2035.0,Sheffield-W2E,100.003365,115.05763499999998,139.8343235952813,False,0.0,236.57799999999997,191.04367640471867,0.0,23658.59608497,50878.70125799999,41086.044091275195
2046,94.3,236.57799999999997,2035.0,Pembroke Refinery-smr,267.3689130331212,0.0,139.8863360016444,False,166.9294368,236.57799999999997,24.062227198355572,46980.78112678642,63253.60270754974,63253.60270754974,6433.491531180334
2046,94.3,236.57799999999997,2035.0,Chineham-W2E,44.590245,51.30275499999999,140.32141856258616,False,0.0,236.57799999999997,190.5565814374138,0.0,10549.070981609999,22686.174153999997,18273.042263777923
2046,94.3,236.57799999999997,2035.0,Stanlow Refinery-remaining,331.559342251056,0.0,140.6432980315675,False,166.9294368,236.57799999999997,23.30526516843247,58260.01501868128,78439.64607107032,78439.64607107032,7727.078390231916
2046,94.3,236.57799999999997,2035.0,Grangemouth Refinery-crackers,193.40584394892005,0.0,140.79770433532283,False,166.9294368,236.57799999999997,23.15085886467716,33984.34589918096,45755.567749747606,45755.567749747606,4477.511396865223
2046,94.3,236.57799999999997,2035.0,Lindsey Oil Refinery-smr,102.6592660424898,0.0,141.9929815759613,False,166.9294368,236.57799999999997,21.9555816240387,18038.79311870967,24286.92384180015,24286.92384180015,2253.943895059789
2046,94.3,236.57799999999997,2035.0,Lindsey Oil Refinery-power,259.2581464462878,0.0,142.81115560903552,False,166.9294368,236.57799999999997,21.13740759096447,45555.596181148154,61334.77376996987,61334.77376996987,5480.045112713143
2046,94.3,236.57799999999997,2036.0,Wolverhampton-W2E,42.42567,48.81233,142.87736864384428,False,0.0,236.57799999999997,188.00063135615568,0.0,10036.980157259999,21584.903563999997,17152.80160367293
2046,94.3,236.57799999999997,2036.0,Devonport-W2E,111.259155,128.00784499999995,143.82236892306247,False,0.0,236.57799999999997,187.05563107693752,0.0,26321.46837159,56605.30832599998,44756.2396808856
2046,94.3,236.57799999999997,2036.0,Lindsey Oil Refinery-distillation,147.89894260358702,0.0,144.05717677984146,False,166.9294368,236.57799999999997,19.89138642015854,25988.091781191903,34989.63604327141,34989.63604327141,2941.915018460798
2046,94.3,236.57799999999997,2036.0,Pembroke Refinery-distillation,385.192501827378,0.0,144.60895225355458,False,166.9294368,236.57799999999997,19.33961094644542,67684.17619960757,91128.07169731743,91128.07169731743,7449.4731248294565
2046,94.3,236.57799999999997,2036.0,Cornwall-W2E,103.46668499999998,119.04231499999996,145.15316997971505,False,0.0,236.57799999999997,185.7248300202849,0.0,24477.94140392999,52640.734201999985,41325.44620298357
2046,94.3,236.57799999999997,2036.0,Pembroke Refinery-power,675.2197973209334,0.0,146.4191539632569,False,166.9294368,236.57799999999997,17.529409236743106,118646.37945578266,159742.14921059174,159742.14921059174,11836.204151989377
2046,94.3,236.57799999999997,2036.0,Lindsey Oil Refinery-remaining,163.5588306439668,0.0,148.07743604588833,False,166.9294368,236.57799999999997,15.871127154111662,28739.772087435747,38694.42103608837,38694.42103608837,2595.8629983282117
2046,94.3,236.57799999999997,2036.0,Pembroke Refinery-remaining,425.97759025615926,0.0,148.6969572317184,False,166.9294368,236.57799999999997,15.25160596828158,74850.7360325072,100776.92634762163,100776.92634762163,6496.842357905044
2046,94.3,236.57799999999997,2036.0,Grangemouth Refinery-smr,114.1094479298628,0.0,149.4429641100151,False,166.9294368,236.57799999999997,14.505599089984855,20050.76408051676,26995.784972351077,26995.784972351077,1655.225904050092
2046,94.3,236.57799999999997,2036.0,Milton Keynes ACT-W2E,35.066115,40.344885,149.91840922239953,False,0.0,236.57799999999997,180.95959077760045,0.0,8295.87135447,17840.583558,13646.343700129628
2046,94.3,236.57799999999997,2036.0,Belfast ACT-W2E,48.48648,55.785519999999984,151.16178010182253,False,0.0,236.57799999999997,179.71621989817743,0.0,11470.834465439999,24668.461215999996,18739.369681222754
2046,94.3,236.57799999999997,2036.0,Grangemouth Refinery-power,288.1747074838908,0.0,151.2758042923232,False,166.9294368,236.57799999999997,12.67275890767678,50636.67538977962,68175.79594712392,68175.79594712392,3651.9685912336276
2046,94.3,236.57799999999997,2036.0,Peterborough-W2E,36.797775,42.33722499999999,151.58940342877088,False,0.0,236.57799999999997,179.2885965712291,0.0,8705.544013949999,18721.600029999994,14188.003089664213
2046,94.3,236.57799999999997,2036.0,Grangemouth Refinery-distillation,164.394967356582,0.0,151.9931581726091,False,166.9294368,236.57799999999997,11.955405027390896,28886.694014303812,38892.23258728545,38892.23258728545,1965.4084192126425
2046,94.3,236.57799999999997,2036.0,Pembroke Power Station-CCGT,5026.790800587,0.0,153.5814237169616,False,166.9294368,236.57799999999997,10.367139483038386,883283.5339509569,1189228.1140212712,1189228.1140212712,52113.44138173963
2046,94.3,236.57799999999997,2037.0,NewLincs-W2E,24.24324,27.892759999999992,154.91229031794154,False,0.0,236.57799999999997,175.96570968205845,0.0,5735.417232719999,12334.230607999998,9174.148239983799
2046,94.3,236.57799999999997,2037.0,Grangemouth Refinery-remaining,181.8014933119848,0.0,156.05875268873913,False,166.9294368,236.57799999999997,7.889810511260862,31945.28514523009,43010.23368476274,43010.23368476274,1434.379332895819
2046,94.3,236.57799999999997,2037.0,Dudley-W2E,29.871135,34.367864999999995,157.17271920148522,False,0.0,236.57799999999997,173.70528079851476,0.0,7066.853376029999,15197.534141999997,11158.653533215787
2046,94.3,236.57799999999997,2037.0,Marchwood  Power  Station-CCGT,1815.7533444639,0.0,159.62812813767613,False,166.9294368,236.57799999999997,4.320435062323838,319055.4559569213,429567.2947265805,429567.2947265805,7844.844413953608
2046,94.3,236.57799999999997,2037.0,Baddesley-W2E,41.55984,47.81616,160.35967910131896,False,0.0,236.57799999999997,170.518320898681,0.0,9832.14382752,21144.395328,15240.245448640513
2046,94.3,236.57799999999997,2037.0,Enfield Power Station-CCGT,806.3891587964999,0.0,162.1675537167806,False,166.9294368,236.57799999999997,1.7810094832194068,141694.82959950055,190773.93440975834,190773.93440975834,1436.1867389818865
2046,94.3,236.57799999999997,2037.0,Battlefield-W2E,39.82818,45.82381999999999,162.19804621799932,False,0.0,236.57799999999997,168.67995378200067,0.0,9422.47116804,20263.378855999996,14447.775401335919
2046,94.3,236.57799999999997,2037.0,Saltend-CCGT,2179.7384288931,0.0,164.91708350379992,False,166.9294368,236.57799999999997,-0.9685203037999486,383013.16663836007,515678.1580306717,515678.1580306717,-2111.1209253559678
2046,94.3,236.57799999999997,2037.0,Immingham-CCGT,2178.7933907240995,0.0,166.00773363458555,False,166.9294368,236.57799999999997,-2.0591704345855533,382847.10907066986,515454.5827907259,515454.5827907259,-4486.506933249475
2046,94.3,236.57799999999997,2037.0,Didcot B-CCGT,2663.1465497294994,0.0,168.98227960881977,False,166.9294368,236.57799999999997,-5.033716408819771,467955.3196444301,630041.8844419054,630041.8844419054,-13405.52448646514
2046,94.3,236.57799999999997,2038.0,Staythorpe Power Station-CCGT,3395.4703151412,0.0,169.40288726463294,False,166.9294368,236.57799999999997,-5.454324064632942,596635.7340817252,803293.5762154747,803293.5762154747,-18519.99545062145
2046,94.3,236.57799999999997,2038.0,Keadby-CCGT,1131.0949420923002,0.0,176.90140497406722,False,166.9294368,236.57799999999997,-12.952841774067224,198750.57015873294,267592.1792103122,267592.1792103122,-14650.893816369295
2046,94.3,236.57799999999997,2038.0,Hooton Park ACT-W2E,35.499030000000005,40.84297,179.27780846771287,False,0.0,236.57799999999997,151.6001915322871,0.0,8398.28951934,18060.837676000003,11573.461821957864
2046,94.3,236.57799999999997,2038.0,Exeter-W2E,27.273645,31.379354999999997,179.60333383475486,False,0.0,236.57799999999997,151.2746661652451,0.0,6452.3443868099985,13876.009433999996,8872.71299459012
2046,94.3,236.57799999999997,2038.0,Bolton-W2E,35.066115,40.344885,181.92172711397333,False,0.0,236.57799999999997,148.95627288602662,0.0,8295.87135447,17840.583558,11232.941494608154
2046,94.3,236.57799999999997,2038.0,West Burton B CCGT Power Station-CCGT,2228.0422268514,0.0,181.9230998694337,False,166.9294368,236.57799999999997,-17.974536669433746,391500.8779946548,527105.7739440504,527105.7739440504,-40048.026707587305
2046,94.3,236.57799999999997,2039.0,Levenseat ACT-W2E,25.10907,28.888929999999995,183.8322948806435,False,0.0,236.57799999999997,147.04570511935646,0.0,5940.25356246,12774.738843999996,7940.173985035009
2046,94.3,236.57799999999997,2039.0,Coolkeeragh-CCGT,722.1987379346999,0.0,184.70017000442445,False,166.9294368,236.57799999999997,-20.751606804424455,126901.29324327395,170856.3330231154,170856.3330231154,-14986.784244272472
2046,94.3,236.57799999999997,2039.0,Carrington CCGT-CCGT,1673.6112263625,0.0,189.2092334567789,False,166.9294368,236.57799999999997,-25.260670256778894,294078.9257251047,395939.5967103875,395939.5967103875,-42276.54132718645
2046,94.3,236.57799999999997,2039.0,Ballylumford-CCGT,1043.2211998752,0.0,195.1740589779237,False,166.9294368,236.57799999999997,-31.225495777923697,183309.8182663025,246803.18502407504,246803.18502407504,-32575.099172143553
2046,94.3,236.57799999999997,2039.0,Glasgow ACT-W2E,60.60809999999999,69.73189999999998,195.93562567320143,False,0.0,236.57799999999997,134.94237432679853,0.0,14338.543081799997,30835.57651999999,17588.389069754918
2046,94.3,236.57799999999997,2039.0,NESS-W2E,42.858585,49.31041499999999,198.75501981615415,False,0.0,236.57799999999997,132.1229801838458,0.0,10139.398322129999,21805.157681999994,12177.642960564883
2046,94.3,236.57799999999997,2039.0,Energy Works ACT-W2E,13.420365,15.440635,201.40339180076796,False,0.0,236.57799999999997,129.47460819923202,0.0,3174.96311097,6827.877657999999,3736.7666672380356
2046,94.3,236.57799999999997,2039.0,Eco Park ACT-W2E,13.85328,15.938719999999996,202.93011759687164,False,0.0,236.57799999999997,127.94788240312833,0.0,3277.3812758399995,7048.131775999998,3811.8233125539987
2046,94.3,236.57799999999997,2039.0,Kilroot-CCGT,1059.7392638186998,0.0,207.3906503608189,False,166.9294368,236.57799999999997,-43.442087160818915,186212.29312010758,250710.99555570033,250710.99555570033,-46037.28546655403
2046,94.3,236.57799999999997,2039.0,Kings Lynn Power Station-CCGT,607.5685909533,0.0,208.8847375922057,False,166.9294368,236.57799999999997,-44.936174392205714,106759.03442653046,143737.3621105498,143737.3621105498,-27301.80815830419
2046,94.3,236.57799999999997,2039.0,Spalding-CCGT,1332.8402058705,0.0,210.92034860788132,False,166.9294368,236.57799999999997,-46.97178540788133,234200.27885300908,315320.67022443115,315320.67022443115,-62605.8841331455
2046,94.3,236.57799999999997,2039.0,Seabank-CCGT,1626.4197752931002,0.0,215.24318898826735,False,166.9294368,236.57799999999997,-51.29462578826735,285786.6706211155,384775.13759929105,384775.13759929105,-83426.59374829746
2046,94.3,236.57799999999997,2039.0,Shoreham Power Station-CCGT,584.0626047023999,0.0,223.96100678992715,False,166.9294368,236.57799999999997,-60.012443589927216,102628.67543043438,138176.36289528434,138176.36289528434,-35051.02411768873
2046,94.3,236.57799999999997,2039.0,Damhead Creek Power Station-CCGT,973.8051514482,0.0,231.84613890879083,False,166.9294368,236.57799999999997,-67.8975757087909,171112.36366756505,230380.87511931223,230380.87511931223,-66119.00899606475
2046,94.3,236.57799999999997,2040.0,Cottam Development Centre-CCGT,550.2910471575,0.0,238.4158800035795,False,166.9294368,236.57799999999997,-74.46731680357948,96694.49955587758,130186.75535442702,130186.75535442702,-40978.69774285104
2046,94.3,236.57799999999997,2040.0,Great Yarmouth Power Station-CCGT,566.475305193,0.0,240.013145571761,False,166.9294368,236.57799999999997,-76.06458237176105,99538.3196389217,134015.59475194954,134015.59475194954,-43088.70751342143
2046,94.3,236.57799999999997,2040.0,Little Barford-CCGT,876.2518953272998,0.0,240.7576776464302,False,166.9294368,236.57799999999997,-76.80911444643027,153970.77408623026,207301.9208927419,207301.9208927419,-67304.13211209602
2046,94.3,236.57799999999997,2040.0,South Humber-CCGT,1415.4141864696,0.0,246.5252661657621,False,166.9294368,236.57799999999997,-82.57670296576214,248709.78209063207,334855.857406605,334855.857406605,-116880.23684962603
2046,94.3,236.57799999999997,2040.0,Langage Energy Centre-CCGT,1099.7517366462,0.0,250.05603522765227,False,166.9294368,236.57799999999997,-86.1074720276523,193243.09265070746,260177.0663522847,260177.0663522847,-94696.84190062471
2046,94.3,236.57799999999997,2040.0,Grain CCGT-CCGT,1560.6667908717,0.0,256.5493066919562,False,166.9294368,236.57799999999997,-92.60074349195622,274232.87203439604,369219.428050845,369219.428050845,-144518.90517792478
2046,94.3,236.57799999999997,2040.0,Peterhead Power Station-CCGT,1283.3503468848,0.0,275.097064063588,False,166.9294368,236.57799999999997,-111.14850086358797,225504.15855006766,303612.4583653122,303612.4583653122,-142642.46713901113
2046,94.3,236.57799999999997,2040.0,Connahs Quay Power Station-CCGT,1302.9522420993,0.0,279.14393107084203,False,166.9294368,236.57799999999997,-115.195367870842,228948.50942203513,308249.83553136815,308249.83553136815,-150094.06284676728
2046,94.3,236.57799999999997,2040.0,Medway-CCGT,611.8560400155001,0.0,311.36638697059976,False,166.9294368,236.57799999999997,-147.41782377059974,107512.40438154282,144751.67823478696,144751.67823478696,-90198.485879982
2046,94.3,236.57799999999997,,Isle of Wight-W2E,0.0,0.0,378.6296091247897,False,0.0,0.0,0.0,0.0,0.0,0.0,0.0
2046,94.3,236.57799999999997,,Coryton-CCGT,0.0,0.0,386.8501086268143,False,166.9294368,0.0,-166.9294368,89934.35668647825,0.0,0.0,-89934.35668647825
2046,94.3,236.57799999999997,,Rye House-CCGT,0.0,0.0,392.2249091956061,False,166.9294368,0.0,-166.9294368,80697.69928802481,0.0,0.0,-80697.69928802481
2046,94.3,236.57799999999997,,Rocksavage-CCGT,0.0,0.0,430.77402140379735,False,166.9294368,0.0,-166.9294368,80427.74193363039,0.0,0.0,-80427.74193363039
2047,95.44999999999999,233.49600000000004,2026.0,Tees Valley-W2E,304.33924500000006,350.153755,88.11948048189508,False,0.0,233.49600000000004,233.49600000000004,0.0,71061.99635052003,152821.49752800004,152821.49752800004
2047,95.44999999999999,233.49600000000004,2027.0,Runcorn-W2E,411.702165,473.6788349999999,92.55278428419912,False,0.0,233.49600000000004,233.49600000000004,0.0,96130.80871884001,206732.921976,206732.921976
2047,95.44999999999999,233.49600000000004,2027.0,Riverside-W2E,342.00285,393.48714999999993,95.11886046105766,False,0.0,233.49600000000004,233.49600000000004,0.0,79856.29746360001,171733.97304000004,171733.97304000004
2047,95.44999999999999,233.49600000000004,2028.0,Wilton 11-W2E,178.79389499999996,205.70910499999997,95.57551058511204,False,0.0,233.49600000000004,233.37048941488797,0.0,41747.659306919995,89779.912488,89731.65329149265
2047,95.44999999999999,233.49600000000004,2028.0,Scunthorpe Power Station-chp,1562.2594042965,0.0,96.72056387395656,False,180.81930240000005,233.49600000000004,51.40613372604341,297354.37437129766,364781.3218656156,364781.3218656156,80309.71585203479
2047,95.44999999999999,233.49600000000004,2029.0,Ferrybridge FM1-W2E,285.29098500000003,328.238015,98.85154951082956,False,0.0,233.49600000000004,230.09445048917047,0.0,66614.30383356001,143256.56738400002,141169.61811417027
2047,95.44999999999999,233.49600000000004,2029.0,Ferrybridge FM2-W2E,283.559325,326.24567499999995,98.9301306912529,False,0.0,233.49600000000004,230.01586930874714,0.0,66209.96815020002,142387.02828,140264.82718382054
2047,95.44999999999999,233.49600000000004,2029.0,Drax-BECCS,0.0,10924.999999999998,99.24068628496312,False,0.0,233.49600000000004,229.7053137150369,0.0,0.0,2550943.8,2509530.552336778
2047,95.44999999999999,233.49600000000004,2032.0,Kemsley-W2E,245.02989,281.91610999999995,99.80091077600858,False,0.0,233.49600000000004,229.14508922399145,0.0,57213.49919544001,123039.783216,120747.08818622537
2047,95.44999999999999,233.49600000000004,2032.0,Allington-W2E,202.60422000000003,233.10378,100.90154534306674,False,0.0,233.49600000000004,228.04445465693328,0.0,47307.27495312002,101736.07516800002,99360.7932496631
2047,95.44999999999999,233.49600000000004,2032.0,Scunthorpe Blast Furnaces-stove,994.2298168221,0.0,101.76356955343398,False,180.81930240000005,233.49600000000004,46.363128046565976,189237.83358215998,232148.6853086931,232148.6853086931,46095.60430503686
2047,95.44999999999999,233.49600000000004,2032.0,Edmonton-W2E,209.53086,241.07314,102.28156448231805,False,0.0,233.49600000000004,226.66443551768197,0.0,48924.61768656001,105214.23158400001,102135.90130200956
2047,95.44999999999999,233.49600000000004,2032.0,Rookery South C-W2E,255.41985,293.8701499999999,103.38827027423388,False,0.0,233.49600000000004,225.55772972576614,0.0,59639.51329560001,128257.01784000001,123896.60536106607
2047,95.44999999999999,233.49600000000004,2032.0,SELCHP-W2E,169.269765,194.751235,105.54933952858303,False,0.0,233.49600000000004,223.396660471417,0.0,39523.81304844001,84997.44741600001,81321.07574146568
2047,95.44999999999999,233.49600000000004,2032.0,Lakeside-W2E,178.79389499999996,205.70910499999997,105.75229786444092,False,0.0,233.49600000000004,223.1937021355591,0.0,41747.659306919995,89779.912488,85818.64805222886
2047,95.44999999999999,233.49600000000004,2032.0,Trident Park-W2E,177.92806500000003,204.712935,106.89966600386146,False,0.0,233.49600000000004,222.04633399613857,0.0,41545.49146524001,89345.14293600002,84964.03128661646
2047,95.44999999999999,233.49600000000004,2032.0,Severnside-W2E,173.598915,199.732085,107.69026084360516,False,0.0,233.49600000000004,221.25573915639487,0.0,40534.65225684001,87171.29517600001,82601.62635499606
2047,95.44999999999999,233.49600000000004,2033.0,Avonmouth-W2E,169.269765,194.751235,108.09353634841528,False,0.0,233.49600000000004,220.85246365158474,0.0,39523.81304844001,84997.44741600001,80394.93467091353
2047,95.44999999999999,233.49600000000004,2033.0,Beddington Lane-W2E,143.29486500000002,164.866135,108.33273184526364,False,0.0,233.49600000000004,220.61326815473637,0.0,33458.777798040006,71954.36085600003,67984.40532783173
2047,95.44999999999999,233.49600000000004,2033.0,Tyseley-W2E,157.148145,180.80485499999995,109.84350345016378,False,0.0,233.49600000000004,219.10249654983625,0.0,36693.46326492001,78910.67368800001,74046.34601650681
2047,95.44999999999999,233.49600000000004,2033.0,Allerton Park-W2E,117.31996499999998,134.98103499999996,110.24876424941378,False,0.0,233.49600000000004,218.69723575058623,0.0,27393.74254764,58911.274295999996,55177.53127710864
2047,95.44999999999999,233.49600000000004,2033.0,Four Ashes-W2E,143.29486500000002,164.866135,111.41254904821844,False,0.0,233.49600000000004,217.5334509517816,0.0,33458.777798040006,71954.36085600003,67035.32577875198
2047,95.44999999999999,233.49600000000004,2033.0,Ardley-W2E,147.19109999999998,169.34889999999996,111.75263386171072,False,0.0,233.49600000000004,217.19336613828932,0.0,34368.5330856,73910.82384,68750.3881174141
2047,95.44999999999999,233.49600000000004,2033.0,Great Blakenham-W2E,127.709925,146.93507499999996,111.99950117220564,False,0.0,233.49600000000004,216.9464988277944,0.0,29819.756647800004,64128.50892000001,59583.27117055959
2047,95.44999999999999,233.49600000000004,2033.0,North Hykeham-W2E,76.625955,88.16104499999999,112.24726485697003,False,0.0,233.49600000000004,216.69873514302998,0.0,17891.853988680003,38477.105352,35709.134468014476
2047,95.44999999999999,233.49600000000004,2033.0,Scunthorpe Sinter-sinter,633.6026468814001,0.0,112.48245883079248,False,180.81930240000005,233.49600000000004,35.644238769207504,120597.46169251404,147943.68363621942,147943.68363621942,22584.284030242496
2047,95.44999999999999,233.49600000000004,2033.0,Coventry-W2E,126.41118,145.44081999999997,114.86629159129888,False,0.0,233.49600000000004,214.07970840870115,0.0,29516.504885280006,63476.354592,58197.99689032222
2047,95.44999999999999,233.49600000000004,2033.0,Greatmoor-W2E,119.48454,137.47145999999998,115.52278790869914,False,0.0,233.49600000000004,213.42321209130088,0.0,27899.162151840002,59998.198176,54840.374886132304
2047,95.44999999999999,233.49600000000004,2033.0,South Killingholme-crackers,381.3657875526,0.0,119.41657844198282,False,180.81930240000005,233.49600000000004,28.710119158017164,72587.67964682922,89047.3859303819,89047.3859303819,10949.057203426206
2047,95.44999999999999,233.49600000000004,2033.0,Marchwood-W2E,90.479235,104.09976499999998,119.76307582774996,False,0.0,233.49600000000004,209.18292417225007,0.0,21126.539455560003,45433.418184,40702.604202512244
2047,95.44999999999999,233.49600000000004,2033.0,New Rugby-cement,866.2032106008,0.0,119.94033644561048,False,66.90314188800002,233.49600000000004,142.10252166638952,61001.80663438577,202254.98486244443,202254.98486244443,123089.66050189636
2047,95.44999999999999,233.49600000000004,2033.0,Dunbar-W2E,154.11774,177.31825999999995,120.88122377816076,False,0.0,233.49600000000004,208.06477622183928,0.0,35985.875819040004,77388.980256,68960.1571718615
2047,95.44999999999999,233.49600000000004,2033.0,Portsmouth-W2E,82.25384999999999,94.63614999999996,121.9344089585544,False,0.0,233.49600000000004,207.01159104144563,0.0,19205.9449596,41303.10743999999,36618.2803393213
2047,95.44999999999999,233.49600000000004,2033.0,Grangemouth Power Station-CCGT,502.2772817634001,0.0,122.37005813568526,False,180.81930240000005,233.49600000000004,25.75663946431473,95601.5028419224,117279.73618262689,117279.73618262689,12936.97485749592
2047,95.44999999999999,233.49600000000004,2034.0,Newhurst-W2E,129.00867,148.42932999999996,122.92780800610014,False,0.0,233.49600000000004,206.0181919938999,0.0,30123.008410320002,64780.663248000004,57157.2751504036
2047,95.44999999999999,233.49600000000004,2034.0,Fawley Refinery-crackers,600.55012751238,0.0,123.76948009124162,False,180.81930240000005,233.49600000000004,24.357217508758367,114306.37380317858,140226.0525736307,140226.0525736307,14627.730080731611
2047,95.44999999999999,233.49600000000004,2034.0,South Killingholme-smr,225.005814656034,0.0,124.23754446793583,False,180.81930240000005,233.49600000000004,23.889153132064138,42826.730991629236,52537.957698925326,52537.957698925326,5375.198361922838
2047,95.44999999999999,233.49600000000004,2034.0,Hope Cement Works-cement,1003.4760721869,0.0,124.28720193448665,False,66.90314188800002,233.49600000000004,137.75565617751334,70669.1600407717,234307.64895135243,234307.64895135243,138234.50478254014
2047,95.44999999999999,233.49600000000004,2034.0,Parc Adfer-W2E,89.61340500000001,103.103595,125.7346990960452,False,0.0,233.49600000000004,203.21130090395482,0.0,20924.37161388001,44998.64863200001,39162.27227630746
2047,95.44999999999999,233.49600000000004,2034.0,Eastcroft-W2E,80.52219,92.64380999999996,125.9173094124788,False,0.0,233.49600000000004,203.02869058752123,0.0,18801.60927624,40433.56833599999,35157.66623427869
2047,95.44999999999999,233.49600000000004,2034.0,Tunstead Cement-cement,621.4191773385,0.0,126.32727118201583,False,66.90314188800002,233.49600000000004,135.71558692998417,43763.04778252834,145098.89223183042,145098.89223183042,84336.26838204246
2047,95.44999999999999,233.49600000000004,2034.0,Stanlow Refinery-crackers,352.7227045224,0.0,127.0371190337797,False,180.81930240000005,233.49600000000004,21.08957856622027,67135.86670777023,82359.34061516233,82359.34061516233,7438.773189114852
2047,95.44999999999999,233.49600000000004,2034.0,Fawley Refinery-smr,354.32457523230414,0.0,127.12699478695876,False,180.81930240000005,233.49600000000004,20.99970281304121,67440.76054387535,82733.3710184421,82733.3710184421,7440.710779235449
2047,95.44999999999999,233.49600000000004,2034.0,Millerhill-W2E,70.565145,81.18785499999998,127.43285186483614,False,0.0,233.49600000000004,201.51314813516387,0.0,16476.679096920005,35433.718488000006,30580.22476895552
2047,95.44999999999999,233.49600000000004,2034.0,Padeswood-cement,470.6002227744,0.0,127.4850460006812,False,66.90314188800002,233.49600000000004,134.5578121113188,33141.71944926327,109883.26961693131,109883.26961693131,63322.936355622485
2047,95.44999999999999,233.49600000000004,2034.0,South Killingholme-distillation,324.16091941971,0.0,128.70945593540847,False,180.81930240000005,233.49600000000004,19.4172416645915,61699.527699804836,75690.27804082462,75690.27804082462,6294.3109105886815
2047,95.44999999999999,233.49600000000004,2034.0,Ketton-cement,635.4803405793001,0.0,129.98256974643843,False,66.90314188800002,233.49600000000004,132.06028836556158,44753.29620295946,148382.11760390428,148382.11760390428,83921.71702754765
2047,95.44999999999999,233.49600000000004,2034.0,South Killingholme-power,568.235023453374,0.0,130.1966886940948,False,180.81930240000005,233.49600000000004,17.93000890590517,108155.64267377551,132680.60503626903,132680.60503626903,10188.459031166227
2047,95.44999999999999,233.49600000000004,2034.0,Newhaven-W2E,91.77798,105.59401999999996,130.2947760528612,False,0.0,233.49600000000004,198.65122394713882,0.0,21429.791218080005,46085.572512,39208.189372894674
2047,95.44999999999999,233.49600000000004,2034.0,Leeds-W2E,77.05887,88.65912999999998,130.72273227888334,False,0.0,233.49600000000004,198.22326772111668,0.0,17992.937909520002,38694.490128,32849.16348020801
2047,95.44999999999999,233.49600000000004,2034.0,Ribblesdale-cement,487.7708319975,0.0,131.22283623409905,False,66.90314188800002,233.49600000000004,130.82002187790096,34350.94861258585,113892.53818808828,113892.53818808828,63810.1909133149
2047,95.44999999999999,233.49600000000004,2035.0,Hanford-W2E,80.08927500000001,92.145725,131.66934911672453,False,0.0,233.49600000000004,197.2766508832755,0.0,18700.52535540001,40216.18356000001,33977.94396488096
2047,95.44999999999999,233.49600000000004,2035.0,Fawley Refinery-distillation,510.4676083855231,0.0,132.12222727391224,False,180.81930240000005,233.49600000000004,16.004470326087727,97160.4177327018,119192.14468758611,119192.14468758611,8169.763690835075
2047,95.44999999999999,233.49600000000004,2035.0,Stanlow Refinery-smr,208.10639566821592,0.0,132.18064919232714,False,180.81930240000005,233.49600000000004,15.946048407672833,39610.16135758443,48592.01096294575,48592.01096294575,3318.4746592716874
2047,95.44999999999999,233.49600000000004,2035.0,Kirklees-W2E,57.14477999999999,65.74721999999997,132.2826363227577,False,0.0,233.49600000000004,196.66336367724233,0.0,13343.07755088,28694.790431999998,24168.354089023658
2047,95.44999999999999,233.49600000000004,2035.0,Lindsey Oil Refinery-crackers,173.99875600422,0.0,132.48929210893525,False,180.81930240000005,233.49600000000004,15.637405491064726,33118.24597805356,40628.01353196136,40628.01353196136,2720.8891025788216
2047,95.44999999999999,233.49600000000004,2035.0,South Killingholme-remaining,358.48384029944395,0.0,132.82916790483205,False,180.81930240000005,233.49600000000004,15.297529695167924,68232.41886801946,83704.54277455898,83704.54277455898,5483.91719221858
2047,95.44999999999999,233.49600000000004,2035.0,Fawley Refinery-power,894.8196899934462,0.0,134.32186480576613,False,180.81930240000005,233.49600000000004,13.804832794233846,170316.49696673604,208936.81833470977,208936.81833470977,12352.83620134769
2047,95.44999999999999,233.49600000000004,2035.0,Baldovie-W2E,81.38802,93.63997999999998,134.50224562921326,False,0.0,233.49600000000004,194.44375437078676,0.0,19003.777117920003,40868.337887999995,34033.10144001006
2047,95.44999999999999,233.49600000000004,2035.0,Pembroke Refinery-crackers,453.1676492086801,0.0,135.6974630648525,False,180.81930240000005,233.49600000000004,12.429234535147458,86254.16652648576,105812.83341962998,105812.83341962998,5632.526995756115
2047,95.44999999999999,233.49600000000004,2035.0,Fawley Refinery-remaining,564.5171198616373,0.0,136.13383164089475,False,180.81930240000005,233.49600000000004,11.992865959105217,107447.99137498786,131812.48941921288,131812.48941921288,6770.17815012075
2047,95.44999999999999,233.49600000000004,2035.0,Stanlow Refinery-distillation,299.81429884404,0.0,136.513911998797,False,180.81930240000005,233.49600000000004,11.612785601202972,57065.48670160469,70005.43952288799,70005.43952288799,3481.679172650833
2047,95.44999999999999,233.49600000000004,2035.0,Dunbar Works-cement,421.0548381849,0.0,136.98298025518972,False,66.90314188800002,233.49600000000004,125.05987785681029,29652.517454435005,98314.62049682143,98314.62049682143,52657.06663442261
2047,95.44999999999999,233.49600000000004,2035.0,Stanlow Refinery-power,525.5568297383759,0.0,137.82970188412523,False,180.81930240000005,233.49600000000004,10.296995715874743,100032.44139457762,122715.41751659183,122715.41751659183,5411.656424264768
2047,95.44999999999999,233.49600000000004,2035.0,Hartlebury-W2E,90.91214999999998,104.59784999999997,138.13632582553586,False,0.0,233.49600000000004,190.80967417446416,0.0,21227.6233764,45650.80295999999,37305.19939784948
2047,95.44999999999999,233.49600000000004,2035.0,Cauldon Cement-cement,510.3056236515,0.0,138.4784310020895,False,66.90314188800002,233.49600000000004,123.5644271099105,35937.94688989542,119154.32190013067,119154.32190013067,63055.62203746319
2047,95.44999999999999,233.49600000000004,2035.0,Javelin Park-W2E,81.38802,93.63997999999998,139.3228290773164,False,0.0,233.49600000000004,189.6231709226836,0.0,19003.777117920003,40868.337887999995,33189.36436025546
2047,95.44999999999999,233.49600000000004,2035.0,Sheffield-W2E,100.003365,115.05763499999998,139.8343235952813,False,0.0,233.49600000000004,189.11167640471874,0.0,23350.385714040003,50215.883256,40670.54623927521
2047,95.44999999999999,233.49600000000004,2035.0,Pembroke Refinery-smr,267.3689130331212,0.0,139.8863360016444,False,180.81930240000005,233.49600000000004,8.240361598355577,50889.958250626594,62429.571717581675,62429.571717581675,2203.216523552204
2047,95.44999999999999,233.49600000000004,2035.0,Chineham-W2E,44.590245,51.30275499999999,140.32141856258616,False,0.0,233.49600000000004,188.62458143741387,0.0,10411.643846520003,22390.631928000003,18087.77698777793
2047,95.44999999999999,233.49600000000004,2035.0,Stanlow Refinery-remaining,331.559342251056,0.0,140.6432980315675,False,180.81930240000005,233.49600000000004,7.483399568432475,63107.71470530401,77417.7801782526,77417.7801782526,2481.191038711308
2047,95.44999999999999,233.49600000000004,2035.0,Grangemouth Refinery-crackers,193.40584394892005,0.0,140.79770433532283,False,180.81930240000005,233.49600000000004,7.328993264677138,36812.115560975784,45159.49093869705,45159.49093869705,1417.4701276508326
2047,95.44999999999999,233.49600000000004,2035.0,Lindsey Oil Refinery-smr,102.6592660424898,0.0,141.9929815759613,False,180.81930240000005,233.49600000000004,6.1337160240386766,19539.7651270516,23970.527983857202,23970.527983857202,629.6827851408693
2047,95.44999999999999,233.49600000000004,2035.0,Lindsey Oil Refinery-power,259.2581464462878,0.0,142.81115560903552,False,180.81930240000005,233.49600000000004,5.315541990964448,49346.18650729981,60535.74016262243,60535.74016262243,1378.097563934853
2047,95.44999999999999,233.49600000000004,2036.0,Wolverhampton-W2E,42.42567,48.81233,142.87736864384428,False,0.0,233.49600000000004,186.06863135615575,0.0,9906.22424232,21303.708048000004,16976.52978767294
2047,95.44999999999999,233.49600000000004,2036.0,Devonport-W2E,111.259155,128.00784499999995,143.82236892306247,False,0.0,233.49600000000004,185.12363107693756,0.0,25978.567655880004,55867.887431999996,44293.975836885606
2047,95.44999999999999,233.49600000000004,2036.0,Lindsey Oil Refinery-distillation,147.89894260358702,0.0,144.05717677984146,False,180.81930240000005,233.49600000000004,4.069520820158516,28150.509081345528,34533.81150216716,34533.81150216716,601.8778262047267
2047,95.44999999999999,233.49600000000004,2036.0,Pembroke Refinery-distillation,385.192501827378,0.0,144.60895225355458,False,180.81930240000005,233.49600000000004,3.5177453464453947,73316.0415475129,89940.90840668547,89940.90840668547,1355.0091307889181
2047,95.44999999999999,233.49600000000004,2036.0,Cornwall-W2E,103.46668499999998,119.04231499999996,145.15316997971505,False,0.0,233.49600000000004,183.79283002028498,0.0,24159.05708076,51954.961464,40895.55881498358
2047,95.44999999999999,233.49600000000004,2036.0,Pembroke Refinery-power,675.2197973209334,0.0,146.4191539632569,False,180.81930240000005,233.49600000000004,1.7075436367430825,128518.70812446375,157661.12179524868,157661.12179524868,1152.9672683183137
2047,95.44999999999999,233.49600000000004,2036.0,Lindsey Oil Refinery-remaining,163.5588306439668,0.0,148.07743604588833,False,180.81930240000005,233.49600000000004,0.049261554111637906,31131.15121937035,38190.332720043676,38190.332720043676,8.05716218620399
2047,95.44999999999999,233.49600000000004,2036.0,Pembroke Refinery-remaining,425.97759025615926,0.0,148.6969572317184,False,180.81930240000005,233.49600000000004,-0.5702596317184145,81078.9165348966,99464.06341445218,99464.06341445218,-242.91782373977506
2047,95.44999999999999,233.49600000000004,2036.0,Grangemouth Refinery-smr,114.1094479298628,0.0,149.4429641100151,False,180.81930240000005,233.49600000000004,-1.31626651001514,21719.148180975706,26644.099653831247,26644.099653831247,-150.19844478639484
2047,95.44999999999999,233.49600000000004,2036.0,Milton Keynes ACT-W2E,35.066115,40.344885,149.91840922239953,False,0.0,233.49600000000004,179.0275907776005,0.0,8187.797588040002,17608.166856000003,13500.64964812963
2047,95.44999999999999,233.49600000000004,2036.0,Belfast ACT-W2E,48.48648,55.785519999999984,151.16178010182253,False,0.0,233.49600000000004,177.7842198981775,0.0,11321.399134080002,24347.094912,18537.916177222764
2047,95.44999999999999,233.49600000000004,2036.0,Grangemouth Refinery-power,288.1747074838908,0.0,151.2758042923232,False,180.81930240000005,233.49600000000004,-3.1491066923232154,54850.052185853914,67287.64149865857,67287.64149865857,-907.4928998958055
2047,95.44999999999999,233.49600000000004,2036.0,Peterborough-W2E,36.797775,42.33722499999999,151.58940342877088,False,0.0,233.49600000000004,177.35659657122915,0.0,8592.133271400002,18477.70596,14035.114269664216
2047,95.44999999999999,233.49600000000004,2036.0,Grangemouth Refinery-distillation,164.394967356582,0.0,151.9931581726091,False,180.81930240000005,233.49600000000004,-3.866460572609128,31290.298226829414,38385.56729789247,38385.56729789247,-635.626659619589
2047,95.44999999999999,233.49600000000004,2036.0,Pembroke Power Station-CCGT,5026.790800587,0.0,153.5814237169616,False,180.81930240000005,233.49600000000004,-5.454726116961638,956779.7956556623,1173735.5447738625,1173735.5447738625,-27419.76706446441
2047,95.44999999999999,233.49600000000004,2037.0,NewLincs-W2E,24.24324,27.892759999999992,154.91229031794154,False,0.0,233.49600000000004,174.0337096820585,0.0,5660.699567040001,12173.547456,9073.4214879838
2047,95.44999999999999,233.49600000000004,2037.0,Grangemouth Refinery-remaining,181.8014933119848,0.0,156.05875268873913,False,180.81930240000005,233.49600000000004,-7.932055088739162,34603.388627317225,42449.92148237521,42449.92148237521,-1442.0594601657078
2047,95.44999999999999,233.49600000000004,2037.0,Dudley-W2E,29.871135,34.367864999999995,157.17271920148522,False,0.0,233.49600000000004,171.7732807985148,0.0,6974.790537960001,14999.549544,11034.54378521579
2047,95.44999999999999,233.49600000000004,2037.0,Marchwood  Power  Station-CCGT,1815.7533444639,0.0,159.62812813767613,False,180.81930240000005,233.49600000000004,-11.501430537676157,345603.42429097835,423971.14291894285,423971.14291894285,-20883.760964904715
2047,95.44999999999999,233.49600000000004,2037.0,Baddesley-W2E,41.55984,47.81616,160.35967910131896,False,0.0,233.49600000000004,168.58632089868107,0.0,9704.056400640002,20868.938496000006,15067.57101664052
2047,95.44999999999999,233.49600000000004,2037.0,Enfield Power Station-CCGT,806.3891587964999,0.0,162.1675537167806,False,180.81930240000005,233.49600000000004,-14.040856116780617,153484.9738489537,188288.6430223476,188288.6430223476,-11322.394152793413
2047,95.44999999999999,233.49600000000004,2037.0,Battlefield-W2E,39.82818,45.82381999999999,162.19804621799932,False,0.0,233.49600000000004,166.7479537820007,0.0,9299.720717280003,19999.399392,14282.295737335922
2047,95.44999999999999,233.49600000000004,2037.0,Saltend-CCGT,2179.7384288931,0.0,164.91708350379992,False,180.81930240000005,233.49600000000004,-16.790385903799944,414882.9285546553,508960.2041928233,508960.2041928233,-36598.64939045774
2047,95.44999999999999,233.49600000000004,2037.0,Immingham-CCGT,2178.7933907240995,0.0,166.00773363458555,False,180.81930240000005,233.49600000000004,-17.881036034585577,414703.0536678553,508739.5415605144,508739.5415605144,-38959.083131454514
2047,95.44999999999999,233.49600000000004,2037.0,Didcot B-CCGT,2663.1465497294994,0.0,168.98227960881977,False,180.81930240000005,233.49600000000004,-20.855582008819795,506892.94874847925,621834.0667756393,621834.0667756393,-55541.47126938906
2047,95.44999999999999,233.49600000000004,2038.0,Staythorpe Power Station-CCGT,3395.4703151412,0.0,169.40288726463294,False,180.81930240000005,233.49600000000004,-21.276189664632966,646280.6038986738,792828.7367042097,792828.7367042097,-72242.67042557524
2047,95.44999999999999,233.49600000000004,2038.0,Keadby-CCGT,1131.0949420923002,0.0,176.90140497406722,False,180.81930240000005,233.49600000000004,-28.774707374067248,215288.20881820863,264106.1445987838,264106.1445987838,-32546.925970993478
2047,95.44999999999999,233.49600000000004,2038.0,Hooton Park ACT-W2E,35.499030000000005,40.84297,179.27780846771287,False,0.0,233.49600000000004,149.66819153228715,0.0,8288.881508880002,17825.551632000006,11425.969077957869
2047,95.44999999999999,233.49600000000004,2038.0,Exeter-W2E,27.273645,31.379354999999997,179.60333383475486,False,0.0,233.49600000000004,149.34266616524516,0.0,6368.287012920001,13695.240888,8759.395398590123
2047,95.44999999999999,233.49600000000004,2038.0,Bolton-W2E,35.066115,40.344885,181.92172711397333,False,0.0,233.49600000000004,147.0242728860267,0.0,8187.797588040002,17608.166856000003,11087.247442608159
2047,95.44999999999999,233.49600000000004,2038.0,West Burton B CCGT Power Station-CCGT,2228.0422268514,0.0,181.9230998694337,False,180.81930240000005,233.49600000000004,-33.79640226943371,424076.8854494872,520238.94780089456,520238.94780089456,-75299.8113719548
2047,95.44999999999999,233.49600000000004,2039.0,Levenseat ACT-W2E,25.10907,28.888929999999995,183.8322948806435,False,0.0,233.49600000000004,145.11370511935652,0.0,5862.867408720001,12608.317008,7835.849849035012
2047,95.44999999999999,233.49600000000004,2039.0,Coolkeeragh-CCGT,722.1987379346999,0.0,184.70017000442445,False,180.81930240000005,233.49600000000004,-36.57347240442448,137460.49682896095,168630.5165128007,168630.5165128007,-26413.315612364935
2047,95.44999999999999,233.49600000000004,2039.0,Carrington CCGT-CCGT,1673.6112263625,0.0,189.2092334567789,False,180.81930240000005,233.49600000000004,-41.08253585677892,318548.64677860617,390781.5269107384,390781.5269107384,-68756.19321734515
2047,95.44999999999999,233.49600000000004,2039.0,Ballylumford-CCGT,1043.2211998752,0.0,195.1740589779237,False,180.81930240000005,233.49600000000004,-47.04736137792372,198562.66274771022,243587.97728605973,243587.97728605973,-49080.804787639725
2047,95.44999999999999,233.49600000000004,2039.0,Glasgow ACT-W2E,60.60809999999999,69.73189999999998,195.93562567320143,False,0.0,233.49600000000004,133.0103743267986,0.0,14151.7489176,30433.86864,17336.572189754927
2047,95.44999999999999,233.49600000000004,2039.0,NESS-W2E,42.858585,49.31041499999999,198.75501981615415,False,0.0,233.49600000000004,130.19098018384588,0.0,10007.308163160002,21521.092824,11999.57245256489
2047,95.44999999999999,233.49600000000004,2039.0,Energy Works ACT-W2E,13.420365,15.440635,201.40339180076796,False,0.0,233.49600000000004,127.54260819923206,0.0,3133.6015460400004,6738.928056000002,3681.0072152380367
2047,95.44999999999999,233.49600000000004,2039.0,Eco Park ACT-W2E,13.85328,15.938719999999996,202.93011759687164,False,0.0,233.49600000000004,126.01588240312839,0.0,3234.6854668800006,6956.312832,3754.2651685540004
2047,95.44999999999999,233.49600000000004,2039.0,Kilroot-CCGT,1059.7392638186998,0.0,207.3906503608189,False,180.81930240000005,233.49600000000004,-59.26395276081894,201706.64674693363,247444.87914461116,247444.87914461116,-62804.337669736466
2047,95.44999999999999,233.49600000000004,2039.0,Kings Lynn Power Station-CCGT,607.5685909533,0.0,208.8847375922057,False,180.81930240000005,233.49600000000004,-60.75803999220574,115642.24081718599,141864.83571323176,141864.83571323176,-36914.67674714869
2047,95.44999999999999,233.49600000000004,2039.0,Spalding-CCGT,1332.8402058705,0.0,210.92034860788132,False,180.81930240000005,233.49600000000004,-62.79365100788135,253687.61709071186,311212.8567099383,311212.8567099383,-83693.90273670491
2047,95.44999999999999,233.49600000000004,2039.0,Seabank-CCGT,1626.4197752931002,0.0,215.24318898826735,False,180.81930240000005,233.49600000000004,-67.11649138826738,309566.40966111916,379762.5118518378,379762.5118518378,-109159.58884216713
2047,95.44999999999999,233.49600000000004,2039.0,Shoreham Power Station-CCGT,584.0626047023999,0.0,223.96100678992715,False,180.81930240000005,233.49600000000004,-75.83430918992718,111168.2028844368,136376.28194759157,136376.28194759157,-44291.98415127601
2047,95.44999999999999,233.49600000000004,2039.0,Damhead Creek Power Station-CCGT,973.8051514482,0.0,231.84613890879083,False,180.81930240000005,233.49600000000004,-83.71944130879086,185350.28227198948,227379.60764254894,227379.60764254894,-81526.42322286578
2047,95.44999999999999,233.49600000000004,2040.0,Cottam Development Centre-CCGT,550.2910471575,0.0,238.4158800035795,False,180.81930240000005,233.49600000000004,-90.28918240357956,104740.2560673523,128490.75834708764,128490.75834708764,-49685.32873186032
2047,95.44999999999999,233.49600000000004,2040.0,Great Yarmouth Power Station-CCGT,566.475305193,0.0,240.013145571761,False,180.81930240000005,233.49600000000004,-91.88644797176102,107820.7047492899,132269.71786134478,132269.71786134478,-52051.40365790404
2047,95.44999999999999,233.49600000000004,2040.0,Little Barford-CCGT,876.2518953272998,0.0,240.7576776464302,False,180.81930240000005,233.49600000000004,-92.63098004643024,166782.37519974765,204601.31255134323,204601.31255134323,-81168.07183170979
2047,95.44999999999999,233.49600000000004,2040.0,South Humber-CCGT,1415.4141864696,0.0,246.5252661657621,False,180.81930240000005,233.49600000000004,-98.3985685657621,269404.42716262804,330493.5508839058,330493.5508839058,-139274.72987628134
2047,95.44999999999999,233.49600000000004,2040.0,Langage Energy Centre-CCGT,1099.7517366462,0.0,250.05603522765227,False,180.81930240000005,233.49600000000004,-101.92933762765227,209322.46508795206,256787.63149994117,256787.63149994117,-112096.96607120745
2047,95.44999999999999,233.49600000000004,2040.0,Grain CCGT-CCGT,1560.6667908717,0.0,256.5493066919562,False,180.81930240000005,233.49600000000004,-108.42260909195619,297051.24253080797,364409.4530013785,364409.4530013785,-169211.56538948006
2047,95.44999999999999,233.49600000000004,2040.0,Peterhead Power Station-CCGT,1283.3503468848,0.0,275.097064063588,False,180.81930240000005,233.49600000000004,-126.97036646358805,244267.9099563238,299657.1725962133,299657.1725962133,-162947.4638451359
2047,95.44999999999999,233.49600000000004,2040.0,Connahs Quay Power Station-CCGT,1302.9522420993,0.0,279.14393107084203,False,180.81930240000005,233.49600000000004,-131.0172334708421,247998.85839674884,304234.13672121824,304234.13672121824,-170709.19810448115
2047,95.44999999999999,233.49600000000004,2040.0,Medway-CCGT,611.8560400155001,0.0,311.36638697059976,False,180.81930240000005,233.49600000000004,-163.23968937059982,116458.29718403077,142865.93791945922,142865.93791945922,-99879.18991165553
2047,95.44999999999999,233.49600000000004,,Isle of Wight-W2E,0.0,0.0,378.6296091247897,False,0.0,0.0,0.0,0.0,0.0,0.0,0.0
2047,95.44999999999999,233.49600000000004,,Coryton-CCGT,0.0,0.0,386.8501086268143,False,180.81930240000005,0.0,-180.81930240000005,97417.61518865783,0.0,0.0,-97417.61518865783
2047,95.44999999999999,233.49600000000004,,Rye House-CCGT,0.0,0.0,392.2249091956061,False,180.81930240000005,0.0,-180.81930240000005,87412.39394480259,0.0,0.0,-87412.39394480259
2047,95.44999999999999,233.49600000000004,,Rocksavage-CCGT,0.0,0.0,430.77402140379735,False,180.81930240000005,0.0,-180.81930240000005,87119.97397720975,0.0,0.0,-87119.97397720975
2048,96.6,230.41400000000002,2026.0,Tees Valley-W2E,304.33924500000006,350.153755,88.11948048189508,False,0.0,230.41400000000002,230.41400000000002,0.0,70124.02279743002,150804.35010200003,150804.35010200003
2048,96.6,230.41400000000002,2027.0,Runcorn-W2E,411.702165,473.6788349999999,92.55278428419912,False,0.0,230.41400000000002,230.41400000000002,0.0,94861.94264631,204004.17773399997,204004.17773399997
2048,96.6,230.41400000000002,2027.0,Riverside-W2E,342.00285,393.48714999999993,95.11886046105766,False,0.0,230.41400000000002,230.41400000000002,0.0,78802.24467990002,169467.19286,169467.19286
2048,96.6,230.41400000000002,2028.0,Wilton 11-W2E,178.79389499999996,205.70910499999997,95.57551058511204,False,0.0,230.41400000000002,230.41400000000002,0.0,41196.61652252999,88594.87424199999,88594.87424199999
2048,96.6,230.41400000000002,2028.0,Scunthorpe Power Station-chp,1562.2594042965,0.0,96.72056387395656,False,195.02240959999995,230.41400000000002,35.2710265260435,320711.15099596203,359966.43838157377,359966.43838157377,55102.49288950276
2048,96.6,230.41400000000002,2029.0,Ferrybridge FM1-W2E,285.29098500000003,328.238015,98.85154951082956,False,0.0,230.41400000000002,228.16245048917045,0.0,65735.03701779002,141365.67100600002,139984.28008617027
2048,96.6,230.41400000000002,2029.0,Ferrybridge FM2-W2E,283.559325,326.24567499999995,98.9301306912529,False,0.0,230.41400000000002,228.08386930874713,0.0,65336.03831055001,140507.60927,139086.68392382053
2048,96.6,230.41400000000002,2029.0,Drax-BECCS,0.0,10924.999999999998,99.24068628496312,False,0.0,230.41400000000002,227.7733137150369,0.0,0.0,2517272.9499999997,2488423.4523367775
2048,96.6,230.41400000000002,2032.0,Kemsley-W2E,245.02989,281.91610999999995,99.80091077600858,False,0.0,230.41400000000002,227.21308922399143,0.0,56458.31707446,121415.73564399999,119729.02851422537
2048,96.6,230.41400000000002,2032.0,Allington-W2E,202.60422000000003,233.10378,100.90154534306674,False,0.0,230.41400000000002,226.11245465693327,0.0,46682.84874708001,100393.223112,98519.00539366309
2048,96.6,230.41400000000002,2032.0,Scunthorpe Blast Furnaces-stove,994.2298168221,0.0,101.76356955343398,False,195.02240959999995,230.41400000000002,30.228020846566068,204102.20481348684,229084.46901324738,229084.46901324738,30053.599629176002
2048,96.6,230.41400000000002,2032.0,Edmonton-W2E,209.53086,241.07314,102.28156448231805,False,0.0,230.41400000000002,224.73243551768195,0.0,48278.84357604,103825.470056,101265.33437400956
2048,96.6,230.41400000000002,2032.0,Rookery South C-W2E,255.41985,293.8701499999999,103.38827027423388,False,0.0,230.41400000000002,223.62572972576612,0.0,58852.309317900006,126564.10606,122835.37708106606
2048,96.6,230.41400000000002,2032.0,SELCHP-W2E,169.269765,194.751235,105.54933952858303,False,0.0,230.41400000000002,221.46466047141698,0.0,39002.123632710005,83875.53469400002,80617.78716946568
2048,96.6,230.41400000000002,2032.0,Lakeside-W2E,178.79389499999996,205.70910499999997,105.75229786444092,False,0.0,230.41400000000002,221.2617021355591,0.0,41196.61652252999,88594.87424199999,85075.78825622886
2048,96.6,230.41400000000002,2032.0,Trident Park-W2E,177.92806500000003,204.712935,106.89966600386146,False,0.0,230.41400000000002,220.11433399613855,0.0,40997.11716891001,88165.843374,84224.76887461646
2048,96.6,230.41400000000002,2032.0,Severnside-W2E,173.598915,199.732085,107.69026084360516,False,0.0,230.41400000000002,219.32373915639485,0.0,39999.62040081,86020.68903400001,81880.35086299606
2048,96.6,230.41400000000002,2033.0,Avonmouth-W2E,169.269765,194.751235,108.09353634841528,False,0.0,230.41400000000002,218.92046365158473,0.0,39002.123632710005,83875.53469400002,79691.64609891352
2048,96.6,230.41400000000002,2033.0,Beddington Lane-W2E,143.29486500000002,164.866135,108.33273184526364,False,0.0,230.41400000000002,218.68126815473636,0.0,33017.14302411,71004.60865400003,67389.03827583173
2048,96.6,230.41400000000002,2033.0,Tyseley-W2E,157.148145,180.80485499999995,109.84350345016378,False,0.0,230.41400000000002,217.17049654983623,0.0,36209.13268203,77869.102542,73393.4208205068
2048,96.6,230.41400000000002,2033.0,Allerton Park-W2E,117.31996499999998,134.98103499999996,110.24876424941378,False,0.0,230.41400000000002,216.7652357505862,0.0,27032.162415509996,58133.68261399999,54690.085745108634
2048,96.6,230.41400000000002,2033.0,Four Ashes-W2E,143.29486500000002,164.866135,111.41254904821844,False,0.0,230.41400000000002,215.60145095178157,0.0,33017.14302411,71004.60865400003,66439.95872675197
2048,96.6,230.41400000000002,2033.0,Ardley-W2E,147.19109999999998,169.34889999999996,111.75263386171072,False,0.0,230.41400000000002,215.2613661382893,0.0,33914.8901154,72935.24756,68138.83283741408
2048,96.6,230.41400000000002,2033.0,Great Blakenham-W2E,127.709925,146.93507499999996,111.99950117220564,False,0.0,230.41400000000002,215.01449882779437,0.0,29426.154658950003,63282.05303,59052.65703055958
2048,96.6,230.41400000000002,2033.0,North Hykeham-W2E,76.625955,88.16104499999999,112.24726485697003,False,0.0,230.41400000000002,214.76673514302996,0.0,17655.692795370003,37969.231818,35390.76598401448
2048,96.6,230.41400000000002,2033.0,Scunthorpe Sinter-sinter,633.6026468814001,0.0,112.48245883079248,False,195.02240959999995,230.41400000000002,19.509131569207597,130070.22623552478,145990.92027853095,145990.92027853095,12361.037400607416
2048,96.6,230.41400000000002,2033.0,Coventry-W2E,126.41118,145.44081999999997,114.86629159129888,False,0.0,230.41400000000002,212.14770840870113,0.0,29126.905628520002,62638.506728,57672.77882632222
2048,96.6,230.41400000000002,2033.0,Greatmoor-W2E,119.48454,137.47145999999998,115.52278790869914,False,0.0,230.41400000000002,211.49121209130087,0.0,27530.910799560002,59206.259783999994,54343.93589413229
2048,96.6,230.41400000000002,2033.0,South Killingholme-crackers,381.3657875526,0.0,119.41657844198282,False,195.02240959999995,230.41400000000002,12.575011958017257,78289.34192369445,87872.01657314478,87872.01657314478,4795.679338852614
2048,96.6,230.41400000000002,2033.0,Marchwood-W2E,90.479235,104.09976499999998,119.76307582774996,False,0.0,230.41400000000002,207.25092417225005,0.0,20847.682453290003,44833.725706,40326.677574512236
2048,96.6,230.41400000000002,2033.0,New Rugby-cement,866.2032106008,0.0,119.94033644561048,False,72.15829155199998,230.41400000000002,134.91537200238955,65793.41454085364,199585.34656737276,199585.34656737276,116864.12838787111
2048,96.6,230.41400000000002,2033.0,Dunbar-W2E,154.11774,177.31825999999995,120.88122377816076,False,0.0,230.41400000000002,206.13277622183926,0.0,35510.884944360005,76367.49450399999,68319.8228198615
2048,96.6,230.41400000000002,2033.0,Portsmouth-W2E,82.25384999999999,94.63614999999996,121.9344089585544,False,0.0,230.41400000000002,205.0795910414456,0.0,18952.4385939,40757.93245999999,36276.5288593213
2048,96.6,230.41400000000002,2033.0,Grangemouth Power Station-CCGT,502.2772817634001,0.0,122.37005813568526,False,195.02240959999995,230.41400000000002,9.621532264314823,103110.86923877517,115731.71760023208,115731.71760023208,4832.677072118901
2048,96.6,230.41400000000002,2034.0,Newhurst-W2E,129.00867,148.42932999999996,122.92780800610014,False,0.0,230.41400000000002,204.0861919938999,0.0,29725.40368938,63925.599332000005,56621.264934403596
2048,96.6,230.41400000000002,2034.0,Fawley Refinery-crackers,600.55012751238,0.0,123.76948009124162,False,195.02240959999995,230.41400000000002,8.22211030875846,123284.98205584378,138375.15708063752,138375.15708063752,4937.789394345747
2048,96.6,230.41400000000002,2034.0,South Killingholme-smr,225.005814656034,0.0,124.23754446793583,False,195.02240959999995,230.41400000000002,7.75404593206423,46190.71173497972,51844.489778155425,51844.489778155425,1744.7054218244186
2048,96.6,230.41400000000002,2034.0,Hope Cement Works-cement,1003.4760721869,0.0,124.28720193448665,False,72.15829155199998,230.41400000000002,130.5685065135134,76220.12524454537,231214.9356968724,231214.9356968724,131022.37206749008
2048,96.6,230.41400000000002,2034.0,Parc Adfer-W2E,89.61340500000001,103.103595,125.7346990960452,False,0.0,230.41400000000002,201.2793009039548,0.0,20648.183099670005,44404.694838,38789.94303230746
2048,96.6,230.41400000000002,2034.0,Eastcroft-W2E,80.52219,92.64380999999996,125.9173094124788,False,0.0,230.41400000000002,201.0966905875212,0.0,18553.43988666,39899.870723999986,34823.10952227868
2048,96.6,230.41400000000002,2034.0,Tunstead Cement-cement,621.4191773385,0.0,126.32727118201583,False,72.15829155199998,230.41400000000002,128.5284372659842,47200.574920416286,143183.67832727317,143183.67832727317,79870.0357504309
2048,96.6,230.41400000000002,2034.0,Stanlow Refinery-crackers,352.7227045224,0.0,127.0371190337797,False,195.02240959999995,230.41400000000002,4.9544713662203606,72409.29658588131,81272.24923982429,81272.24923982429,1747.5545397720357
2048,96.6,230.41400000000002,2034.0,Fawley Refinery-smr,354.32457523230414,0.0,127.12699478695876,False,195.02240959999995,230.41400000000002,4.864595613041303,72738.13941294781,81641.34267757613,81641.34267757613,1723.6457742677896
2048,96.6,230.41400000000002,2034.0,Millerhill-W2E,70.565145,81.18785499999998,127.43285186483614,False,0.0,230.41400000000002,199.58114813516386,0.0,16259.197320030002,34966.015741999996,30287.037972955517
2048,96.6,230.41400000000002,2034.0,Padeswood-cement,470.6002227744,0.0,127.4850460006812,False,72.15829155199998,230.41400000000002,127.37066244731884,35744.95587304347,108432.8797303406,108432.8797303406,59940.66212263115
2048,96.6,230.41400000000002,2034.0,South Killingholme-distillation,324.16091941971,0.0,128.70945593540847,False,195.02240959999995,230.41400000000002,3.282134464591593,66545.94063514027,74691.21408717307,74691.21408717307,1063.9397257011285
2048,96.6,230.41400000000002,2034.0,Ketton-cement,635.4803405793001,0.0,129.98256974643843,False,72.15829155199998,230.41400000000002,124.8731387015616,48268.60599061618,146423.56719423886,146423.56719423886,79354.42471127455
2048,96.6,230.41400000000002,2034.0,South Killingholme-power,568.235023453374,0.0,130.1966886940948,False,195.02240959999995,230.41400000000002,1.7949017059052608,116651.11946630469,130929.30469398572,130929.30469398572,1019.9260129515768
2048,96.6,230.41400000000002,2034.0,Newhaven-W2E,91.77798,105.59401999999996,130.2947760528612,False,0.0,230.41400000000002,196.7192239471388,0.0,21146.93148372,45477.27200799999,38826.86666889467
2048,96.6,230.41400000000002,2034.0,Leeds-W2E,77.05887,88.65912999999998,130.72273227888334,False,0.0,230.41400000000002,196.29126772111667,0.0,17755.442472180002,38183.747251999994,32528.996304208005
2048,96.6,230.41400000000002,2034.0,Ribblesdale-cement,487.7708319975,0.0,131.22283623409905,False,72.15829155199998,230.41400000000002,123.63287221390098,37049.168321933896,112389.22848387198,112389.22848387198,60304.50894201508
2048,96.6,230.41400000000002,2035.0,Hanford-W2E,80.08927500000001,92.145725,131.66934911672453,False,0.0,230.41400000000002,195.34465088327548,0.0,18453.690209850003,39685.35529000001,33645.185944880956
2048,96.6,230.41400000000002,2035.0,Fawley Refinery-distillation,510.4676083855231,0.0,132.12222727391224,False,195.02240959999995,230.41400000000002,-0.13063687391218082,104792.23474746723,117618.88351854192,117618.88351854192,-66.68589259291207
2048,96.6,230.41400000000002,2035.0,Stanlow Refinery-smr,208.10639566821592,0.0,132.18064919232714,False,195.02240959999995,230.41400000000002,-0.18905879232707434,42721.48498566997,47950.62705149631,47950.62705149631,-39.344343840573195
2048,96.6,230.41400000000002,2035.0,Kirklees-W2E,57.14477999999999,65.74721999999997,132.2826363227577,False,0.0,230.41400000000002,194.7313636772423,0.0,13166.95733892,28316.037287999996,23930.926745023655
2048,96.6,230.41400000000002,2035.0,Lindsey Oil Refinery-crackers,173.99875600422,0.0,132.48929210893525,False,195.02240959999995,230.41400000000002,-0.49770170893518184,35719.6385929952,40091.749365956355,40091.749365956355,-86.59947821589603
2048,96.6,230.41400000000002,2035.0,South Killingholme-remaining,358.48384029944395,0.0,132.82916790483205,False,195.02240959999995,230.41400000000002,-0.8375775048319838,73591.98140827278,82599.69557875609,82599.69557875609,-300.2580004805956
2048,96.6,230.41400000000002,2035.0,Fawley Refinery-power,894.8196899934462,0.0,134.32186480576613,False,195.02240959999995,230.41400000000002,-2.330274405766062,183694.62326320718,206178.98405014994,206178.98405014994,-2085.1754213672493
2048,96.6,230.41400000000002,2035.0,Baldovie-W2E,81.38802,93.63997999999998,134.50224562921326,False,0.0,230.41400000000002,192.51175437078675,0.0,18752.93924028,40328.901591999995,33694.947344010056
2048,96.6,230.41400000000002,2035.0,Pembroke Refinery-crackers,453.1676492086801,0.0,135.6974630648525,False,195.02240959999995,230.41400000000002,-3.70587266485245,93029.31252783611,104416.17072476882,104416.17072476882,-1679.3816037978913
2048,96.6,230.41400000000002,2035.0,Fawley Refinery-remaining,564.5171198616373,0.0,136.13383164089475,False,195.02240959999995,230.41400000000002,-4.142241240894691,115887.88313249315,130072.6476557993,130072.6476557993,-2338.366095081966
2048,96.6,230.41400000000002,2035.0,Stanlow Refinery-distillation,299.81429884404,0.0,136.513911998797,False,195.02240959999995,230.41400000000002,-4.522321598796935,61547.90209799911,69081.41185385064,69081.41185385064,-1355.8566792905613
2048,96.6,230.41400000000002,2035.0,Dunbar Works-cement,421.0548381849,0.0,136.98298025518972,False,72.15829155199998,230.41400000000002,117.87272819281031,31981.681866448616,97016.92948553555,97016.92948553555,49630.88249563645
2048,96.6,230.41400000000002,2035.0,Stanlow Refinery-power,525.5568297383759,0.0,137.82970188412523,False,195.02240959999995,230.41400000000002,-5.8381114841251645,107889.85191296315,121095.65136733814,121095.65136733814,-3068.259363256026
2048,96.6,230.41400000000002,2035.0,Hartlebury-W2E,90.91214999999998,104.59784999999997,138.13632582553586,False,0.0,230.41400000000002,188.87767417446415,0.0,20947.432130099998,45048.24113999999,36927.474077849474
2048,96.6,230.41400000000002,2035.0,Cauldon Cement-cement,510.3056236515,0.0,138.4784310020895,False,72.15829155199998,230.41400000000002,116.37727744591052,38760.82312849486,117581.55996803673,117581.55996803673,59387.979145899015
2048,96.6,230.41400000000002,2035.0,Javelin Park-W2E,81.38802,93.63997999999998,139.3228290773164,False,0.0,230.41400000000002,187.6911709226836,0.0,18752.93924028,40328.901591999995,32851.21026425546
2048,96.6,230.41400000000002,2035.0,Sheffield-W2E,100.003365,115.05763499999998,139.8343235952813,False,0.0,230.41400000000002,187.17967640471872,0.0,23042.17534311,49553.065254,40255.04838727521
2048,96.6,230.41400000000002,2035.0,Pembroke Refinery-smr,267.3689130331212,0.0,139.8863360016444,False,195.02240959999995,230.41400000000002,-7.894745601644331,54887.2943914233,61605.540727613596,61605.540727613596,-2110.809550184659
2048,96.6,230.41400000000002,2035.0,Chineham-W2E,44.590245,51.30275499999999,140.32141856258616,False,0.0,230.41400000000002,186.69258143741385,0.0,10274.216711430001,22095.089702,17902.511711777926
2048,96.6,230.41400000000002,2035.0,Stanlow Refinery-remaining,331.559342251056,0.0,140.6432980315675,False,195.02240959999995,230.41400000000002,-8.651707631567433,68064.73879072843,76395.91428543483,76395.91428543483,-2868.55449167094
2048,96.6,230.41400000000002,2035.0,Grangemouth Refinery-crackers,193.40584394892005,0.0,140.79770433532283,False,195.02240959999995,230.41400000000002,-8.80611393532277,39703.656544884165,44563.414127646465,44563.414127646465,-1703.153897571446
2048,96.6,230.41400000000002,2035.0,Lindsey Oil Refinery-smr,102.6592660424898,0.0,141.9929815759613,False,195.02240959999995,230.41400000000002,-10.001391175961231,21074.58676986717,23654.132125914246,23654.132125914246,-1026.735477528014
2048,96.6,230.41400000000002,2035.0,Lindsey Oil Refinery-power,259.2581464462878,0.0,142.81115560903552,False,195.02240959999995,230.41400000000002,-10.81956520903546,53222.26150356286,59736.70655527496,59736.70655527496,-2805.060421449276
2048,96.6,230.41400000000002,2036.0,Wolverhampton-W2E,42.42567,48.81233,142.87736864384428,False,0.0,230.41400000000002,184.13663135615573,0.0,9775.46832738,21022.512532,16800.257971672938
2048,96.6,230.41400000000002,2036.0,Devonport-W2E,111.259155,128.00784499999995,143.82236892306247,False,0.0,230.41400000000002,183.19163107693754,0.0,25635.666940170002,55130.46653799999,43831.711992885605
2048,96.6,230.41400000000002,2036.0,Lindsey Oil Refinery-distillation,147.89894260358702,0.0,144.05717677984146,False,195.02240959999995,230.41400000000002,-12.065586379841392,30361.692804045928,34077.9869610629,34077.9869610629,-1784.4874674707833
2048,96.6,230.41400000000002,2036.0,Pembroke Refinery-distillation,385.192501827378,0.0,144.60895225355458,False,195.02240959999995,230.41400000000002,-12.617361853554513,79074.9156486607,88753.74511605348,88753.74511605348,-4860.113178831986
2048,96.6,230.41400000000002,2036.0,Cornwall-W2E,103.46668499999998,119.04231499999996,145.15316997971505,False,0.0,230.41400000000002,181.86083002028496,0.0,23840.172757589997,51269.18872599999,40465.67142698358
2048,96.6,230.41400000000002,2036.0,Pembroke Refinery-power,675.2197973209334,0.0,146.4191539632569,False,195.02240959999995,230.41400000000002,-14.427563563256825,138613.67566647578,155580.09437990555,155580.09437990555,-9741.776545017157
2048,96.6,230.41400000000002,2036.0,Lindsey Oil Refinery-remaining,163.5588306439668,0.0,148.07743604588833,False,195.02240959999995,230.41400000000002,-16.08584564588827,33576.46027741549,37686.244403998964,37686.244403998964,-2630.98210376083
2048,96.6,230.41400000000002,2036.0,Pembroke Refinery-remaining,425.97759025615926,0.0,148.6969572317184,False,195.02240959999995,230.41400000000002,-16.705366831718322,87447.55377616594,98151.20048128269,98151.20048128269,-7116.111907320541
2048,96.6,230.41400000000002,2036.0,Grangemouth Refinery-smr,114.1094479298628,0.0,149.4429641100151,False,195.02240959999995,230.41400000000002,-17.451373710015048,23425.15736148165,26292.41433531141,26292.41433531141,-1991.3666196675385
2048,96.6,230.41400000000002,2036.0,Milton Keynes ACT-W2E,35.066115,40.344885,149.91840922239953,False,0.0,230.41400000000002,177.09559077760048,0.0,8079.723821610001,17375.750154,13354.95559612963
2048,96.6,230.41400000000002,2036.0,Belfast ACT-W2E,48.48648,55.785519999999984,151.16178010182253,False,0.0,230.41400000000002,175.85221989817748,0.0,11171.963802720002,24025.728608,18336.462673222763
2048,96.6,230.41400000000002,2036.0,Grangemouth Refinery-power,288.1747074838908,0.0,151.2758042923232,False,195.02240959999995,230.41400000000002,-19.284213892323123,59158.4482518774,66399.48705019322,66399.48705019322,-5557.222697476999
2048,96.6,230.41400000000002,2036.0,Peterborough-W2E,36.797775,42.33722499999999,151.58940342877088,False,0.0,230.41400000000002,175.42459657122913,0.0,8478.722528850001,18233.81189,13882.225449664216
2048,96.6,230.41400000000002,2036.0,Grangemouth Refinery-distillation,164.394967356582,0.0,151.9931581726091,False,195.02240959999995,230.41400000000002,-20.001567772609036,33748.108063151536,37878.902008499485,37878.902008499485,-3288.157081058525
2048,96.6,230.41400000000002,2036.0,Pembroke Power Station-CCGT,5026.790800587,0.0,153.5814237169616,False,195.02240959999995,230.41400000000002,-21.589833316961546,1031933.5310374628,1158242.9755264532,1158242.9755264532,-108527.57550390901
2048,96.6,230.41400000000002,2037.0,NewLincs-W2E,24.24324,27.892759999999992,154.91229031794154,False,0.0,230.41400000000002,172.10170968205847,0.0,5585.981901360001,12012.864304,8972.6947359838
2048,96.6,230.41400000000002,2037.0,Grangemouth Refinery-remaining,181.8014933119848,0.0,156.05875268873913,False,195.02240959999995,230.41400000000002,-24.06716228873907,37321.4371521911,41889.60927998767,41889.60927998767,-4375.446043874649
2048,96.6,230.41400000000002,2037.0,Dudley-W2E,29.871135,34.367864999999995,157.17271920148522,False,0.0,230.41400000000002,169.8412807985148,0.0,6882.727699890001,14801.564945999999,10910.43403721579
2048,96.6,230.41400000000002,2037.0,Marchwood  Power  Station-CCGT,1815.7533444639,0.0,159.62812813767613,False,195.02240959999995,230.41400000000002,-27.636537737676093,372750.09734379844,418374.9911113051,418374.9911113051,-50181.13582658815
2048,96.6,230.41400000000002,2037.0,Baddesley-W2E,41.55984,47.81616,160.35967910131896,False,0.0,230.41400000000002,166.65432089868105,0.0,9575.96897376,20593.481664000003,14894.896584640519
2048,96.6,230.41400000000002,2037.0,Enfield Power Station-CCGT,806.3891587964999,0.0,162.1675537167806,False,195.02240959999995,230.41400000000002,-30.175963316780525,165541.00718295833,185803.35163493676,185803.35163493676,-24333.56967489269
2048,96.6,230.41400000000002,2037.0,Battlefield-W2E,39.82818,45.82381999999999,162.19804621799932,False,0.0,230.41400000000002,164.8159537820007,0.0,9176.970266520002,19735.419928,14116.816073335922
2048,96.6,230.41400000000002,2037.0,Saltend-CCGT,2179.7384288931,0.0,164.91708350379992,False,195.02240959999995,230.41400000000002,-32.92549310379988,447471.4112636321,502242.2503549747,502242.2503549747,-71768.96260860734
2048,96.6,230.41400000000002,2037.0,Immingham-CCGT,2178.7933907240995,0.0,166.00773363458555,False,195.02240959999995,230.41400000000002,-34.016143234585485,447277.407452177,502024.5003303027,502024.5003303027,-74114.14805743915
2048,96.6,230.41400000000002,2037.0,Didcot B-CCGT,2663.1465497294994,0.0,168.98227960881977,False,195.02240959999995,230.41400000000002,-36.9906892088197,546708.691838077,613626.249109373,613626.249109373,-98511.62633858442
2048,96.6,230.41400000000002,2038.0,Staythorpe Power Station-CCGT,3395.4703151412,0.0,169.40288726463294,False,195.02240959999995,230.41400000000002,-37.411296864632874,697045.0553516926,782363.8971929445,782363.8971929445,-127028.94795479598
2048,96.6,230.41400000000002,2038.0,Keadby-CCGT,1131.0949420923002,0.0,176.90140497406722,False,195.02240959999995,230.41400000000002,-44.909814574067155,232198.8011507503,260620.10998725527,260620.10998725527,-50797.26411503043
2048,96.6,230.41400000000002,2038.0,Hooton Park ACT-W2E,35.499030000000005,40.84297,179.27780846771287,False,0.0,230.41400000000002,147.73619153228714,0.0,8179.473498420001,17590.265588000006,11278.476333957866
2048,96.6,230.41400000000002,2038.0,Exeter-W2E,27.273645,31.379354999999997,179.60333383475486,False,0.0,230.41400000000002,147.41066616524515,0.0,6284.22963903,13514.472342,8646.077802590122
2048,96.6,230.41400000000002,2038.0,Bolton-W2E,35.066115,40.344885,181.92172711397333,False,0.0,230.41400000000002,145.09227288602668,0.0,8079.723821610001,17375.750154,10941.553390608158
2048,96.6,230.41400000000002,2038.0,West Burton B CCGT Power Station-CCGT,2228.0422268514,0.0,181.9230998694337,False,195.02240959999995,230.41400000000002,-49.93150946943362,457387.5408116945,513372.12165773846,513372.12165773846,-111249.51154832865
2048,96.6,230.41400000000002,2039.0,Levenseat ACT-W2E,25.10907,28.888929999999995,183.8322948806435,False,0.0,230.41400000000002,143.1817051193565,0.0,5785.48125498,12441.895171999999,7731.525713035011
2048,96.6,230.41400000000002,2039.0,Coolkeeragh-CCGT,722.1987379346999,0.0,184.70017000442445,False,195.02240959999995,230.41400000000002,-52.708579604424386,148257.82956010956,166404.70000248594,166404.70000248594,-38066.069668645956
2048,96.6,230.41400000000002,2039.0,Carrington CCGT-CCGT,1673.6112263625,0.0,189.2092334567789,False,195.02240959999995,230.41400000000002,-57.217643056778826,343570.2043145534,385623.4571110891,385623.4571110891,-95760.08976582739
2048,96.6,230.41400000000002,2039.0,Ballylumford-CCGT,1043.2211998752,0.0,195.1740589779237,False,195.02240959999995,230.41400000000002,-63.18246857792363,214159.48646891018,240372.76954804434,240372.76954804434,-65913.2906809386
2048,96.6,230.41400000000002,2039.0,Glasgow ACT-W2E,60.60809999999999,69.73189999999998,195.93562567320143,False,0.0,230.41400000000002,131.07837432679858,0.0,13964.9547534,30032.160759999995,17084.755309754924
2048,96.6,230.41400000000002,2039.0,NESS-W2E,42.858585,49.31041499999999,198.75501981615415,False,0.0,230.41400000000002,128.25898018384586,0.0,9875.218004190001,21237.027965999998,11821.501944564887
2048,96.6,230.41400000000002,2039.0,Energy Works ACT-W2E,13.420365,15.440635,201.40339180076796,False,0.0,230.41400000000002,125.61060819923205,0.0,3092.2399811100004,6649.978454000001,3625.247763238036
2048,96.6,230.41400000000002,2039.0,Eco Park ACT-W2E,13.85328,15.938719999999996,202.93011759687164,False,0.0,230.41400000000002,124.08388240312837,0.0,3191.9896579200004,6864.493887999999,3696.707024554
2048,96.6,230.41400000000002,2039.0,Kilroot-CCGT,1059.7392638186998,0.0,207.3906503608189,False,195.02240959999995,230.41400000000002,-75.39905996081885,217550.42608173992,244178.7627335219,244178.7627335219,-79903.34429550017
2048,96.6,230.41400000000002,2039.0,Kings Lynn Power Station-CCGT,607.5685909533,0.0,208.8847375922057,False,195.02240959999995,230.41400000000002,-76.89314719220565,124725.77958419926,139992.30931591368,139992.30931591368,-46717.86109353308
2048,96.6,230.41400000000002,2039.0,Spalding-CCGT,1332.8402058705,0.0,210.92034860788132,False,195.02240959999995,230.41400000000002,-78.92875820788126,273614.43006381573,307105.04319544544,307105.04319544544,-105199.42233889538
2048,96.6,230.41400000000002,2039.0,Seabank-CCGT,1626.4197752931002,0.0,215.24318898826735,False,195.02240959999995,230.41400000000002,-83.25159858826729,333882.42484079034,374749.88610438444,374749.88610438444,-135402.04626872105
2048,96.6,230.41400000000002,2039.0,Shoreham Power Station-CCGT,584.0626047023999,0.0,223.96100678992715,False,195.02240959999995,230.41400000000002,-91.96941638992709,119900.31213296243,134576.20099989878,134576.20099989878,-53715.896889660406
2048,96.6,230.41400000000002,2039.0,Damhead Creek Power Station-CCGT,973.8051514482,0.0,231.84613890879083,False,195.02240959999995,230.41400000000002,-99.85454850879077,199909.29170139047,224378.34016578557,224378.34016578557,-97238.87373339463
2048,96.6,230.41400000000002,2040.0,Cottam Development Centre-CCGT,550.2910471575,0.0,238.4158800035795,False,195.02240959999995,230.41400000000002,-106.42428960357947,112967.45894522406,126794.7613397482,126794.7613397482,-58564.33376894678
2048,96.6,230.41400000000002,2040.0,Great Yarmouth Power Station-CCGT,566.475305193,0.0,240.013145571761,False,195.02240959999995,230.41400000000002,-108.02155517176092,116289.87262908867,130523.84097073993,130523.84097073993,-61191.54343334576
2048,96.6,230.41400000000002,2040.0,Little Barford-CCGT,876.2518953272998,0.0,240.7576776464302,False,195.02240959999995,230.41400000000002,-108.76608724643015,179882.90109820737,201900.7042099445,201900.7042099445,-95306.49009701888
2048,96.6,230.41400000000002,2040.0,South Humber-CCGT,1415.4141864696,0.0,246.5252661657621,False,195.02240959999995,230.41400000000002,-114.53367576576201,290565.77392350003,326131.2443612064,326131.2443612064,-162112.58950736898
2048,96.6,230.41400000000002,2040.0,Langage Energy Centre-CCGT,1099.7517366462,0.0,250.05603522765227,False,195.02240959999995,230.41400000000002,-118.06444482765218,225764.45646581738,253398.19664759754,253398.19664759754,-129841.57823537996
2048,96.6,230.41400000000002,2040.0,Grain CCGT-CCGT,1560.6667908717,0.0,256.5493066919562,False,195.02240959999995,230.41400000000002,-124.5577162919561,320384.20856684016,359599.4779519119,359599.4779519119,-194393.0913636748
2048,96.6,230.41400000000002,2040.0,Peterhead Power Station-CCGT,1283.3503468848,0.0,275.097064063588,False,195.02240959999995,230.41400000000002,-143.10547366358796,263454.81790575734,295701.88682711433,295701.88682711433,-183654.45926727922
2048,96.6,230.41400000000002,2040.0,Connahs Quay Power Station-CCGT,1302.9522420993,0.0,279.14393107084203,False,195.02240959999995,230.41400000000002,-147.152340670842,267478.82720834523,300218.43791106815,300218.43791106815,-191732.4722072336
2048,96.6,230.41400000000002,2040.0,Medway-CCGT,611.8560400155001,0.0,311.36638697059976,False,195.02240959999995,230.41400000000002,-179.37479657059973,125605.93605488085,140980.19760413145,140980.19760413145,-109751.55270827306
2048,96.6,230.41400000000002,,Isle of Wight-W2E,0.0,0.0,378.6296091247897,False,0.0,0.0,0.0,0.0,0.0,0.0,0.0
2048,96.6,230.41400000000002,,Coryton-CCGT,0.0,0.0,386.8501086268143,False,195.02240959999995,0.0,-195.02240959999995,105069.63470940587,0.0,0.0,-105069.63470940587
2048,96.6,230.41400000000002,,Rye House-CCGT,0.0,0.0,392.2249091956061,False,195.02240959999995,0.0,-195.02240959999995,94278.51711488431,0.0,0.0,-94278.51711488431
2048,96.6,230.41400000000002,,Rocksavage-CCGT,0.0,0.0,430.77402140379735,False,195.02240959999995,0.0,-195.02240959999995,93963.12796152415,0.0,0.0,-93963.12796152415
2049,96.6,228.482,2026.0,Tees Valley-W2E,304.33924500000006,350.153755,88.11948048189508,False,0.0,228.482,228.482,0.0,69536.03937609002,149539.869626,149539.869626
2049,96.6,228.482,2027.0,Runcorn-W2E,411.702165,473.6788349999999,92.55278428419912,False,0.0,228.482,228.482,0.0,94066.53406353,202293.62164199995,202293.62164199995
2049,96.6,228.482,2027.0,Riverside-W2E,342.00285,393.48714999999993,95.11886046105766,False,0.0,228.482,228.482,0.0,78141.49517370001,168046.22618,168046.22618
2049,96.6,228.482,2028.0,Wilton 11-W2E,178.79389499999996,205.70910499999997,95.57551058511204,False,0.0,228.482,228.482,0.0,40851.18671738999,87852.01444599999,87852.01444599999
2049,96.6,228.482,2028.0,Scunthorpe Power Station-chp,1562.2594042965,0.0,96.72056387395656,False,210.5690112,228.482,17.792424926043424,346277.2821059106,356948.1532124729,356948.1532124729,27796.383165950796
2049,96.6,228.482,2029.0,Ferrybridge FM1-W2E,285.29098500000003,328.238015,98.85154951082956,False,0.0,228.482,226.23045048917044,0.0,65183.854834770005,140180.332978,138798.94205817024
2049,96.6,228.482,2029.0,Ferrybridge FM2-W2E,283.559325,326.24567499999995,98.9301306912529,False,0.0,228.482,226.1518693087471,0.0,64788.20169465,139329.46600999997,137908.54066382052
2049,96.6,228.482,2029.0,Drax-BECCS,0.0,10924.999999999998,99.24068628496312,False,0.0,228.482,225.84131371503688,0.0,0.0,2496165.8499999996,2467316.3523367774
2049,96.6,228.482,2032.0,Kemsley-W2E,245.02989,281.91610999999995,99.80091077600858,False,0.0,228.482,225.28108922399142,0.0,55984.91932698,120397.67597199998,118710.96884222537
2049,96.6,228.482,2032.0,Allington-W2E,202.60422000000003,233.10378,100.90154534306674,False,0.0,228.482,224.18045465693325,0.0,46291.41739404001,99551.43525600001,97677.21753766308
2049,96.6,228.482,2032.0,Scunthorpe Blast Furnaces-stove,994.2298168221,0.0,101.76356955343398,False,210.5690112,228.482,12.74941924656602,220372.62045661762,227163.61700714706,227163.61700714706,12675.852762101491
2049,96.6,228.482,2032.0,Edmonton-W2E,209.53086,241.07314,102.28156448231805,False,0.0,228.482,222.80043551768193,0.0,47874.029954519996,102954.90312799999,100394.76744600954
2049,96.6,228.482,2032.0,Rookery South C-W2E,255.41985,293.8701499999999,103.38827027423388,False,0.0,228.482,221.6937297257661,0.0,58358.8381677,125502.87778,121774.14880106605
2049,96.6,228.482,2032.0,SELCHP-W2E,169.269765,194.751235,105.54933952858303,False,0.0,228.482,219.53266047141696,0.0,38675.09444673,83172.246122,79914.49859746567
2049,96.6,228.482,2032.0,Lakeside-W2E,178.79389499999996,205.70910499999997,105.75229786444092,False,0.0,228.482,219.32970213555907,0.0,40851.18671738999,87852.01444599999,84332.92846022885
2049,96.6,228.482,2032.0,Trident Park-W2E,177.92806500000003,204.712935,106.89966600386146,False,0.0,228.482,218.18233399613854,0.0,40653.36014733001,87426.580962,83485.50646261645
2049,96.6,228.482,2032.0,Severnside-W2E,173.598915,199.732085,107.69026084360516,False,0.0,228.482,217.39173915639483,0.0,39664.227297030004,85299.41354200001,81159.07537099604
2049,96.6,228.482,2033.0,Avonmouth-W2E,169.269765,194.751235,108.09353634841528,False,0.0,228.482,216.9884636515847,0.0,38675.09444673,83172.246122,78988.35752691352
2049,96.6,228.482,2033.0,Beddington Lane-W2E,143.29486500000002,164.866135,108.33273184526364,False,0.0,228.482,216.74926815473634,0.0,32740.297344930004,70409.24160200001,66793.67122383171
2049,96.6,228.482,2033.0,Tyseley-W2E,157.148145,180.80485499999995,109.84350345016378,False,0.0,228.482,215.2384965498362,0.0,35905.52246589,77216.177346,72740.49562450679
2049,96.6,228.482,2033.0,Allerton Park-W2E,117.31996499999998,134.98103499999996,110.24876424941378,False,0.0,228.482,214.8332357505862,0.0,26805.500243129994,57646.237081999985,54202.640213108636
2049,96.6,228.482,2033.0,Four Ashes-W2E,143.29486500000002,164.866135,111.41254904821844,False,0.0,228.482,213.66945095178156,0.0,32740.297344930004,70409.24160200001,65844.59167475197
2049,96.6,228.482,2033.0,Ardley-W2E,147.19109999999998,169.34889999999996,111.75263386171072,False,0.0,228.482,213.3293661382893,0.0,33630.51691019999,72323.69227999999,67527.27755741408
2049,96.6,228.482,2033.0,Great Blakenham-W2E,127.709925,146.93507499999996,111.99950117220564,False,0.0,228.482,213.08249882779435,0.0,29179.41908385,62751.43889,58522.042890559576
2049,96.6,228.482,2033.0,North Hykeham-W2E,76.625955,88.16104499999999,112.24726485697003,False,0.0,228.482,212.83473514302995,0.0,17507.65145031,37650.863333999994,35072.39750001447
2049,96.6,228.482,2033.0,Scunthorpe Sinter-sinter,633.6026468814001,0.0,112.48245883079248,False,210.5690112,228.482,2.0305299692074925,140439.03457633598,144766.79996475606,144766.79996475606,1286.549163061875
2049,96.6,228.482,2033.0,Coventry-W2E,126.41118,145.44081999999997,114.86629159129888,False,0.0,228.482,210.21570840870112,0.0,28882.67922876,62113.28866399999,57147.56076232221
2049,96.6,228.482,2033.0,Greatmoor-W2E,119.48454,137.47145999999998,115.52278790869914,False,0.0,228.482,209.55921209130085,0.0,27300.06666828,58709.82079199999,53847.49690213229
2049,96.6,228.482,2033.0,South Killingholme-crackers,381.3657875526,0.0,119.41657844198282,False,210.5690112,228.482,-4.9035896419828475,84530.33346364237,87135.21787159315,87135.21787159315,-1870.0613256495606
2049,96.6,228.482,2033.0,Marchwood-W2E,90.479235,104.09976499999998,119.76307582774996,False,0.0,228.482,205.31892417225004,0.0,20672.87657127,44457.799078,39950.750946512235
2049,96.6,228.482,2033.0,New Rugby-cement,866.2032106008,0.0,119.94033644561048,False,77.910534144,228.482,127.23112941038951,71038.26822648005,197911.841964492,197911.841964492,110208.01278364527
2049,96.6,228.482,2033.0,Dunbar-W2E,154.11774,177.31825999999995,120.88122377816076,False,0.0,228.482,204.20077622183925,0.0,35213.129470679996,75727.16015199998,67679.48846786149
2049,96.6,228.482,2033.0,Portsmouth-W2E,82.25384999999999,94.63614999999996,121.9344089585544,False,0.0,228.482,203.1475910414456,0.0,18793.524155699997,40416.18097999998,35934.7773793213
2049,96.6,228.482,2033.0,Grangemouth Power Station-CCGT,502.2772817634001,0.0,122.37005813568526,False,210.5690112,228.482,-7.857069335685281,111330.5584938347,114761.31789186518,114761.31789186518,-3946.4274285545666
2049,96.6,228.482,2034.0,Newhurst-W2E,129.00867,148.42932999999996,122.92780800610014,False,0.0,228.482,202.15419199389987,0.0,29476.15893894,63389.589115999996,56085.25471840359
2049,96.6,228.482,2034.0,Fawley Refinery-crackers,600.55012751238,0.0,123.76948009124162,False,210.5690112,228.482,-9.256491291241645,133112.89108033243,137214.8942342836,137214.8942342836,-5558.987025272404
2049,96.6,228.482,2034.0,South Killingholme-smr,225.005814656034,0.0,124.23754446793583,False,210.5690112,228.482,-9.724555667935846,49872.896743549,51409.77854423996,51409.77854423996,-2188.0815702318578
2049,96.6,228.482,2034.0,Hope Cement Works-cement,1003.4760721869,0.0,124.28720193448665,False,77.910534144,228.482,122.88426392151335,82296.16503663629,229276.21992540726,229276.21992540726,123311.4184935386
2049,96.6,228.482,2034.0,Parc Adfer-W2E,89.61340500000001,103.103595,125.7346990960452,False,0.0,228.482,199.3473009039548,0.0,20475.050001210002,44032.365594,38417.613788307455
2049,96.6,228.482,2034.0,Eastcroft-W2E,80.52219,92.64380999999996,125.9173094124788,False,0.0,228.482,199.1646905875212,0.0,18397.87101558,39565.31401199999,34488.552810278685
2049,96.6,228.482,2034.0,Tunstead Cement-cement,621.4191773385,0.0,126.32727118201583,False,77.910534144,228.482,120.84419467398416,50963.263193439576,141983.09647665516,141983.09647665516,75094.90004044079
2049,96.6,228.482,2034.0,Stanlow Refinery-crackers,352.7227045224,0.0,127.0371190337797,False,210.5690112,228.482,-12.524130233779715,78181.54854639109,80590.788974687,80590.788974687,-4417.545087849539
2049,96.6,228.482,2034.0,Fawley Refinery-smr,354.32457523230414,0.0,127.12699478695876,False,210.5690112,228.482,-12.614005986958773,78536.60573739611,80956.78759822731,80956.78759822731,-4469.452313306909
2049,96.6,228.482,2034.0,Millerhill-W2E,70.565145,81.18785499999998,127.43285186483614,False,0.0,228.482,197.64914813516384,0.0,16122.86545989,34672.828945999994,29993.851176955515
2049,96.6,228.482,2034.0,Padeswood-cement,470.6002227744,0.0,127.4850460006812,False,77.910534144,228.482,119.6864198553188,38594.43655225147,107523.68009994045,107523.68009994045,56324.4558469834
2049,96.6,228.482,2034.0,South Killingholme-distillation,324.16091941971,0.0,128.70945593540847,False,210.5690112,228.482,-14.196467135408483,71850.78344409601,74064.93519085419,74064.93519085419,-4601.939839125711
2049,96.6,228.482,2034.0,Ketton-cement,635.4803405793001,0.0,129.98256974643843,False,77.910534144,228.482,117.18889610956157,52116.43449741505,145195.81917623966,145195.81917623966,74471.2396118164
2049,96.6,228.482,2034.0,South Killingholme-power,568.235023453374,0.0,130.1966886940948,False,210.5690112,228.482,-15.683699894094815,125950.1968608271,129831.4746286738,129831.4746286738,-8912.027577156647
2049,96.6,228.482,2034.0,Newhaven-W2E,91.77798,105.59401999999996,130.2947760528612,False,0.0,228.482,194.78722394713878,0.0,20969.61642636,45095.94930399999,38445.54396489467
2049,96.6,228.482,2034.0,Leeds-W2E,77.05887,88.65912999999998,130.72273227888334,False,0.0,228.482,194.35926772111665,0.0,17606.564735339998,37863.58007599999,32208.829128208003
2049,96.6,228.482,2034.0,Ribblesdale-cement,487.7708319975,0.0,131.22283623409905,False,77.910534144,228.482,115.94862962190095,40002.616906093164,111446.8552364528,111446.8552364528,56556.3595396446
2049,96.6,228.482,2035.0,Hanford-W2E,80.08927500000001,92.145725,131.66934911672453,False,0.0,228.482,193.41265088327546,0.0,18298.957730550002,39352.597270000006,33312.427924880954
2049,96.6,228.482,2035.0,Fawley Refinery-distillation,510.4676083855231,0.0,132.12222727391224,False,210.5690112,228.482,-17.609238473912256,113145.95741828257,116632.66009914108,116632.66009914108,-8988.945849268328
2049,96.6,228.482,2035.0,Stanlow Refinery-smr,208.10639566821592,0.0,132.18064919232714,False,210.5690112,228.482,-17.66766039232715,46127.11364237074,47548.56549506531,47548.56549506531,-3676.753124137301
2049,96.6,228.482,2035.0,Kirklees-W2E,57.14477999999999,65.74721999999997,132.2826363227577,False,0.0,228.482,192.7993636772423,0.0,13056.553623959997,28078.609943999993,23693.499401023655
2049,96.6,228.482,2035.0,Lindsey Oil Refinery-crackers,173.99875600422,0.0,132.48929210893525,False,210.5690112,228.482,-17.976303308935258,38567.10105456702,39755.5837693562,39755.5837693562,-3127.8544133092787
2049,96.6,228.482,2035.0,South Killingholme-remaining,358.48384029944395,0.0,132.82916790483205,False,210.5690112,228.482,-18.31617910483206,79458.51345582384,81907.10479929755,81907.10479929755,-6566.054225112628
2049,96.6,228.482,2035.0,Fawley Refinery-power,894.8196899934462,0.0,134.32186480576613,False,210.5690112,228.482,-19.808876005766137,198338.20770969527,204450.19240908258,204450.19240908258,-17725.37228659827
2049,96.6,228.482,2035.0,Baldovie-W2E,81.38802,93.63997999999998,134.50224562921326,False,0.0,228.482,190.57975437078673,0.0,18595.69758564,39990.74749599999,33356.79324801005
2049,96.6,228.482,2035.0,Pembroke Refinery-crackers,453.1676492086801,0.0,135.6974630648525,False,210.5690112,228.482,-21.184474264852525,100445.3303175792,103540.65082649764,103540.65082649764,-9600.118402325
2049,96.6,228.482,2035.0,Fawley Refinery-remaining,564.5171198616373,0.0,136.13383164089475,False,210.5690112,228.482,-21.620842840894767,125126.11761551247,128982.00058022661,128982.00058022661,-12205.335929523013
2049,96.6,228.482,2035.0,Stanlow Refinery-distillation,299.81429884404,0.0,136.513911998797,False,210.5690112,228.482,-22.00092319879701,66454.31626443243,68502.17062848395,68502.17062848395,-6596.1913627689
2049,96.6,228.482,2035.0,Dunbar Works-cement,421.0548381849,0.0,136.98298025518972,False,77.910534144,228.482,110.18848560081028,34531.165628316885,96203.45153816232,96203.45153816232,46395.39497448836
2049,96.6,228.482,2035.0,Stanlow Refinery-power,525.5568297383759,0.0,137.82970188412523,False,210.5690112,228.482,-23.31671308412524,116490.50733412271,120080.2755722836,120080.2755722836,-12254.25780841217
2049,96.6,228.482,2035.0,Hartlebury-W2E,90.91214999999998,104.59784999999997,138.13632582553586,False,0.0,228.482,186.94567417446413,0.0,20771.789856299994,44670.515819999986,36549.74875784947
2049,96.6,228.482,2035.0,Cauldon Cement-cement,510.3056236515,0.0,138.4784310020895,False,77.910534144,228.482,108.69303485391049,41850.719700395166,116595.64950314202,116595.64950314202,55466.66693769902
2049,96.6,228.482,2035.0,Javelin Park-W2E,81.38802,93.63997999999998,139.3228290773164,False,0.0,228.482,185.75917092268358,0.0,18595.69758564,39990.74749599999,32513.056168255454
2049,96.6,228.482,2035.0,Sheffield-W2E,100.003365,115.05763499999998,139.8343235952813,False,0.0,228.482,185.2476764047187,0.0,22848.96884193,49137.56740199999,39839.55053527521
2049,96.6,228.482,2035.0,Pembroke Refinery-smr,267.3689130331212,0.0,139.8863360016444,False,210.5690112,228.482,-25.373347201644407,59262.744887371715,61088.9839876336,61088.9839876336,-6784.044261315653
2049,96.6,228.482,2035.0,Chineham-W2E,44.590245,51.30275499999999,140.32141856258616,False,0.0,228.482,184.76058143741383,0.0,10188.06835809,21909.824426,17717.246435777924
2049,96.6,228.482,2035.0,Stanlow Refinery-remaining,331.559342251056,0.0,140.6432980315675,False,210.5690112,228.482,-26.13030923156751,73490.65563360762,75755.34163620578,75755.34163620578,-8663.74814163522
2049,96.6,228.482,2035.0,Grangemouth Refinery-crackers,193.40584394892005,0.0,140.79770433532283,False,210.5690112,228.482,-26.284715535322846,42868.71296907958,44189.75403713715,44189.75403713715,-5083.617591066405
2049,96.6,228.482,2035.0,Lindsey Oil Refinery-smr,102.6592660424898,0.0,141.9929815759613,False,210.5690112,228.482,-27.479992775961307,22754.58962219454,23455.794423920157,23455.794423920157,-2821.0758892331096
2049,96.6,228.482,2035.0,Lindsey Oil Refinery-power,259.2581464462878,0.0,142.81115560903552,False,210.5690112,228.482,-28.298166809035564,57464.98057130487,59235.81981634073,59235.81981634073,-7336.530274738423
2049,96.6,228.482,2036.0,Wolverhampton-W2E,42.42567,48.81233,142.87736864384428,False,0.0,228.482,182.20463135615572,0.0,9693.501932939998,20846.240716,16623.986155672934
2049,96.6,228.482,2036.0,Devonport-W2E,111.259155,128.00784499999995,143.82236892306247,False,0.0,228.482,181.25963107693752,0.0,25420.71425271,54668.202693999985,43369.448148885596
2049,96.6,228.482,2036.0,Lindsey Oil Refinery-distillation,147.89894260358702,0.0,144.05717677984146,False,210.5690112,228.482,-29.54418797984144,32782.035896381974,33792.24620395277,33792.24620395277,-4369.5541623001545
2049,96.6,228.482,2036.0,Pembroke Refinery-distillation,385.192501827378,0.0,144.60895225355458,False,210.5690112,228.482,-30.095963453554617,85378.53076994231,88009.55320252298,88009.55320252298,-11592.739457580039
2049,96.6,228.482,2036.0,Cornwall-W2E,103.46668499999998,119.04231499999996,145.15316997971505,False,0.0,228.482,179.92883002028495,0.0,23640.275122169995,50839.30133799999,40035.78403898358
2049,96.6,228.482,2036.0,Pembroke Refinery-power,675.2197973209334,0.0,146.4191539632569,False,210.5690112,228.482,-31.906165163256873,149663.54217319298,154275.5697314815,154275.5697314815,-21543.67437482253
2049,96.6,228.482,2036.0,Lindsey Oil Refinery-remaining,163.5588306439668,0.0,148.07743604588833,False,210.5690112,228.482,-33.56444724588832,36253.074991293004,37370.24874319482,37370.24874319482,-5489.761742748605
2049,96.6,228.482,2036.0,Pembroke Refinery-remaining,425.97759025615926,0.0,148.6969572317184,False,210.5690112,228.482,-34.1839684317184,94418.61049852443,97328.21177690777,97328.21177690777,-14561.604497936023
2049,96.6,228.482,2036.0,Grangemouth Refinery-smr,114.1094479298628,0.0,149.4429641100151,False,210.5690112,228.482,-34.929975310015124,25292.540651756943,26071.95488191091,26071.95488191091,-3985.8401988295636
2049,96.6,228.482,2036.0,Milton Keynes ACT-W2E,35.066115,40.344885,149.91840922239953,False,0.0,228.482,175.16359077760046,0.0,8011.976087430001,17230.056102,13209.26154412963
2049,96.6,228.482,2036.0,Belfast ACT-W2E,48.48648,55.785519999999984,151.16178010182253,False,0.0,228.482,173.92021989817746,0.0,11078.28792336,23824.275103999997,18135.009169222758
2049,96.6,228.482,2036.0,Grangemouth Refinery-power,288.1747074838908,0.0,151.2758042923232,False,210.5690112,228.482,-36.7628154923232,63874.38232392856,65842.73351533434,65842.73351533434,-10594.113600784487
2049,96.6,228.482,2036.0,Peterborough-W2E,36.797775,42.33722499999999,151.58940342877088,False,0.0,228.482,173.49259657122911,0.0,8407.62922755,18080.923069999997,13729.336629664214
2049,96.6,228.482,2036.0,Grangemouth Refinery-distillation,164.394967356582,0.0,151.9931581726091,False,210.5690112,228.482,-37.48016937260908,36438.40602371764,37561.29093156657,37561.29093156657,-6161.551220529234
2049,96.6,228.482,2036.0,Pembroke Power Station-CCGT,5026.790800587,0.0,153.5814237169616,False,210.5690112,228.482,-39.06843491696165,1114196.1772514326,1148531.215699719,1148531.215699719,-196388.84923391478
2049,96.6,228.482,2037.0,NewLincs-W2E,24.24324,27.892759999999992,154.91229031794154,False,0.0,228.482,170.16970968205845,0.0,5539.14396168,11912.137551999998,8871.967983983799
2049,96.6,228.482,2037.0,Grangemouth Refinery-remaining,181.8014933119848,0.0,156.05875268873913,False,210.5690112,228.482,-41.545763888739174,40296.59019093479,41538.368794908914,41538.368794908914,-7553.081915759915
2049,96.6,228.482,2037.0,Dudley-W2E,29.871135,34.367864999999995,157.17271920148522,False,0.0,228.482,167.90928079851477,0.0,6825.01666707,14677.455197999998,10786.324289215789
2049,96.6,228.482,2037.0,Marchwood  Power  Station-CCGT,1815.7533444639,0.0,159.62812813767613,False,210.5690112,228.482,-45.11513933767614,402464.61718616466,414866.95564980083,414866.95564980083,-81917.96513834031
2049,96.6,228.482,2037.0,Baddesley-W2E,41.55984,47.81616,160.35967910131896,False,0.0,228.482,164.72232089868103,0.0,9495.67536288,20420.807232000003,14722.222152640517
2049,96.6,228.482,2037.0,Enfield Power Station-CCGT,806.3891587964999,0.0,162.1675537167806,False,210.5690112,228.482,-47.65456491678057,178737.4398001882,184245.4077801419,184245.4077801419,-38428.12451605588
2049,96.6,228.482,2037.0,Battlefield-W2E,39.82818,45.82381999999999,162.19804621799932,False,0.0,228.482,162.88395378200067,0.0,9100.02222276,19569.940263999997,13951.33640933592
2049,96.6,228.482,2037.0,Saltend-CCGT,2179.7384288931,0.0,164.91708350379992,False,210.5690112,228.482,-50.40409470379993,483142.4901543807,498030.99571035325,498030.99571035325,-109867.74219943986
2049,96.6,228.482,2037.0,Immingham-CCGT,2178.7933907240995,0.0,166.00773363458555,False,210.5690112,228.482,-51.49474483458559,482933.02094091475,497815.0714994237,497815.0714994237,-112196.40970261904
2049,96.6,228.482,2037.0,Didcot B-CCGT,2663.1465497294994,0.0,168.98227960881977,False,210.5690112,228.482,-54.46929080881975,590290.6691128763,608481.0499752954,608481.0499752954,-145059.70388372106
2049,96.6,228.482,2038.0,Staythorpe Power Station-CCGT,3395.4703151412,0.0,169.40288726463294,False,210.5690112,228.482,-54.88989846463298,752611.3966507736,775803.8485440917,775803.8485440917,-186377.0208377758
2049,96.6,228.482,2038.0,Keadby-CCGT,1131.0949420923002,0.0,176.90140497406722,False,210.5690112,228.482,-62.38841617406726,250708.99318915466,258434.83455913296,258434.83455913296,-70567.22197963693
2049,96.6,228.482,2038.0,Hooton Park ACT-W2E,35.499030000000005,40.84297,179.27780846771287,False,0.0,228.482,145.80419153228712,0.0,8110.889372460001,17442.772844000003,11130.983589957865
2049,96.6,228.482,2038.0,Exeter-W2E,27.273645,31.379354999999997,179.60333383475486,False,0.0,228.482,145.47866616524513,0.0,6231.53695689,13401.154745999998,8532.760206590121
2049,96.6,228.482,2038.0,Bolton-W2E,35.066115,40.344885,181.92172711397333,False,0.0,228.482,143.16027288602666,0.0,8011.976087430001,17230.056102,10795.859338608157
2049,96.6,228.482,2038.0,West Burton B CCGT Power Station-CCGT,2228.0422268514,0.0,181.9230998694337,False,210.5690112,228.482,-67.41011106943373,493849.10381046886,509067.5440754615,509067.5440754615,-150192.5739794413
2049,96.6,228.482,2039.0,Levenseat ACT-W2E,25.10907,28.888929999999995,183.8322948806435,False,0.0,228.482,141.2497051193565,0.0,5736.970531739999,12337.571035999998,7627.201577035011
2049,96.6,228.482,2039.0,Coolkeeragh-CCGT,722.1987379346999,0.0,184.70017000442445,False,210.5690112,228.482,-70.18718120442449,160076.499091366,165009.4120407961,165009.4120407961,-50689.09368502946
2049,96.6,228.482,2039.0,Carrington CCGT-CCGT,1673.6112263625,0.0,189.2092334567789,False,210.5690112,228.482,-74.69624465677893,370958.5905982853,382390.04022175673,382390.04022175673,-125012.47362470512
2049,96.6,228.482,2039.0,Ballylumford-CCGT,1043.2211998752,0.0,195.1740589779237,False,210.5690112,228.482,-80.66107017792373,231231.63844273522,238357.26618988544,238357.26618988544,-84147.33841423132
2049,96.6,228.482,2039.0,Glasgow ACT-W2E,60.60809999999999,69.73189999999998,195.93562567320143,False,0.0,228.482,129.14637432679856,0.0,13847.859904199999,29780.343879999993,16832.938429754922
2049,96.6,228.482,2039.0,NESS-W2E,42.858585,49.31041499999999,198.75501981615415,False,0.0,228.482,126.32698018384585,0.0,9792.41521797,21058.957457999997,11643.431436564886
2049,96.6,228.482,2039.0,Energy Works ACT-W2E,13.420365,15.440635,201.40339180076796,False,0.0,228.482,123.67860819923203,0.0,3066.31183593,6594.219002,3569.4883112380357
2049,96.6,228.482,2039.0,Eco Park ACT-W2E,13.85328,15.938719999999996,202.93011759687164,False,0.0,228.482,122.15188240312835,0.0,3165.22512096,6806.9357439999985,3639.1488805539993
2049,96.6,228.482,2039.0,Kilroot-CCGT,1059.7392638186998,0.0,207.3906503608189,False,210.5690112,228.482,-92.87766156081895,234892.89359170484,242131.34647582416,242131.34647582416,-98426.10468766463
2049,96.6,228.482,2039.0,Kings Lynn Power Station-CCGT,607.5685909533,0.0,208.8847375922057,False,210.5690112,228.482,-94.3717487922057,134668.5446665407,138818.4867981919,138818.4867981919,-57337.31043947921
2049,96.6,228.482,2039.0,Spalding-CCGT,1332.8402058705,0.0,210.92034860788132,False,210.5690112,228.482,-96.4073598078813,295426.15182921645,304529.9959177036,304529.9959177036,-128495.60529376789
2049,96.6,228.482,2039.0,Seabank-CCGT,1626.4197752931002,0.0,215.24318898826735,False,210.5690112,228.482,-100.73020018826739,360498.5303995729,371607.64309851814,371607.64309851814,-163829.58955543084
2049,96.6,228.482,2039.0,Shoreham Power Station-CCGT,584.0626047023999,0.0,223.96100678992715,False,210.5690112,228.482,-109.44801798992714,129458.40542219036,133447.79204761374,133447.79204761374,-63924.49446671196
2049,96.6,228.482,2039.0,Damhead Creek Power Station-CCGT,973.8051514482,0.0,231.84613890879083,False,210.5690112,228.482,-117.33315010879082,215845.46088622508,222496.94861318765,222496.94861318765,-114259.62601158542
2049,96.6,228.482,2040.0,Cottam Development Centre-CCGT,550.2910471575,0.0,238.4158800035795,False,210.5690112,228.482,-123.90289120357951,121972.88597070247,125731.5990366399,125731.5990366399,-68182.65174625957
2049,96.6,228.482,2040.0,Great Yarmouth Power Station-CCGT,566.475305193,0.0,240.013145571761,False,210.5690112,228.482,-125.50015677176097,125560.15250916658,129429.41068110704,129429.41068110704,-71092.73960905265
2049,96.6,228.482,2040.0,Little Barford-CCGT,876.2518953272998,0.0,240.7576776464302,False,210.5690112,228.482,-126.2446888464302,194222.6264854689,200207.78554817213,200207.78554817213,-110622.14787668969
2049,96.6,228.482,2040.0,South Humber-CCGT,1415.4141864696,0.0,246.5252661657621,False,210.5690112,228.482,-132.01227736576212,313728.80598248006,323396.66415294714,323396.66415294714,-186852.0501716594
2049,96.6,228.482,2040.0,Langage Energy Centre-CCGT,1099.7517366462,0.0,250.05603522765227,False,210.5690112,228.482,-135.54304642765229,243761.7218432349,251273.47629239707,251273.47629239707,-149063.7006991271
2049,96.6,228.482,2040.0,Grain CCGT-CCGT,1560.6667908717,0.0,256.5493066919562,False,210.5690112,228.482,-142.0363178919562,345924.2768068748,356584.26971194777,356584.26971194777,-221671.36443167191
2049,96.6,228.482,2040.0,Peterhead Power Station-CCGT,1283.3503468848,0.0,275.097064063588,False,210.5690112,228.482,-160.584075263588,284456.64585969405,293222.4539569329,293222.4539569329,-206085.6286937005
2049,96.6,228.482,2040.0,Connahs Quay Power Station-CCGT,1302.9522420993,0.0,279.14393107084203,False,210.5690112,228.482,-164.63094227084204,288801.43711544486,297701.1341793323,297701.1341793323,-214506.25535071408
2049,96.6,228.482,2040.0,Medway-CCGT,611.8560400155001,0.0,311.36638697059976,False,210.5690112,228.482,-196.85339817059977,135618.86457138052,139798.0917348215,139798.0917348215,-120445.94066825767
2049,96.6,228.482,,Isle of Wight-W2E,0.0,0.0,378.6296091247897,False,0.0,0.0,0.0,0.0,0.0,0.0,0.0
2049,96.6,228.482,,Coryton-CCGT,0.0,0.0,386.8501086268143,False,210.5690112,0.0,-210.5690112,113445.47087323446,0.0,0.0,-113445.47087323446
2049,96.6,228.482,,Rye House-CCGT,0.0,0.0,392.2249091956061,False,210.5690112,0.0,-210.5690112,101794.11774780713,0.0,0.0,-101794.11774780713
2049,96.6,228.482,,Rocksavage-CCGT,0.0,0.0,430.77402140379735,False,210.5690112,0.0,-210.5690112,101453.5867170273,0.0,0.0,-101453.5867170273
2050,97.74999999999999,225.39999999999998,2026.0,Tees Valley-W2E,304.33924500000006,350.153755,88.11948048189508,False,0.0,225.39999999999998,225.39999999999998,0.0,68598.06582300001,147522.7222,147522.7222
2050,97.74999999999999,225.39999999999998,2027.0,Runcorn-W2E,411.702165,473.6788349999999,92.55278428419912,False,0.0,225.39999999999998,225.39999999999998,0.0,92797.66799099998,199564.87739999994,199564.87739999994
2050,97.74999999999999,225.39999999999998,2027.0,Riverside-W2E,342.00285,393.48714999999993,95.11886046105766,False,0.0,225.39999999999998,225.39999999999998,0.0,77087.44239,165779.446,165779.446
2050,97.74999999999999,225.39999999999998,2028.0,Wilton 11-W2E,178.79389499999996,205.70910499999997,95.57551058511204,False,0.0,225.39999999999998,225.39999999999998,0.0,40300.143932999985,86666.97619999998,86666.97619999998
2050,97.74999999999999,225.39999999999998,2028.0,Scunthorpe Power Station-chp,1562.2594042965,0.0,96.72056387395656,False,225.39999999999998,225.39999999999998,0.0,370666.59971413796,352133.26972843107,352133.26972843107,0.0
2050,97.74999999999999,225.39999999999998,2029.0,Ferrybridge FM1-W2E,285.29098500000003,328.238015,98.85154951082956,False,0.0,225.39999999999998,224.29845048917042,0.0,64304.588019,138289.4366,137613.60403017025
2050,97.74999999999999,225.39999999999998,2029.0,Ferrybridge FM2-W2E,283.559325,326.24567499999995,98.9301306912529,False,0.0,225.39999999999998,224.21986930874706,0.0,63914.27185499999,137450.04699999996,136730.3974038205
2050,97.74999999999999,225.39999999999998,2029.0,Drax-BECCS,0.0,10924.999999999998,99.24068628496312,False,0.0,225.39999999999998,223.90931371503683,0.0,0.0,2462494.9999999995,2446209.252336777
2050,97.74999999999999,225.39999999999998,2032.0,Kemsley-W2E,245.02989,281.91610999999995,99.80091077600858,False,0.0,225.39999999999998,223.34908922399137,0.0,55229.73720599999,118773.62839999997,117692.90917022534
2050,97.74999999999999,225.39999999999998,2032.0,Allington-W2E,202.60422000000003,233.10378,100.90154534306674,False,0.0,225.39999999999998,222.24845465693323,0.0,45666.991188,98208.5832,96835.42968166307
2050,97.74999999999999,225.39999999999998,2032.0,Scunthorpe Blast Furnaces-stove,994.2298168221,0.0,101.76356955343398,False,225.39999999999998,225.39999999999998,-4.013569553433996,235894.10601231718,224099.4007117013,224099.4007117013,-3990.4105219134394
2050,97.74999999999999,225.39999999999998,2032.0,Edmonton-W2E,209.53086,241.07314,102.28156448231805,False,0.0,225.39999999999998,220.86843551768192,0.0,47228.25584399999,101566.14159999999,99524.20051800954
2050,97.74999999999999,225.39999999999998,2032.0,Rookery South C-W2E,255.41985,293.8701499999999,103.38827027423388,False,0.0,225.39999999999998,219.7617297257661,0.0,57571.63419,123809.96599999999,120712.92052106604
2050,97.74999999999999,225.39999999999998,2032.0,SELCHP-W2E,169.269765,194.751235,105.54933952858303,False,0.0,225.39999999999998,217.60066047141692,0.0,38153.405030999995,82050.33339999999,79211.21002546565
2050,97.74999999999999,225.39999999999998,2032.0,Lakeside-W2E,178.79389499999996,205.70910499999997,105.75229786444092,False,0.0,225.39999999999998,217.39770213555903,0.0,40300.143932999985,86666.97619999998,83590.06866422883
2050,97.74999999999999,225.39999999999998,2032.0,Trident Park-W2E,177.92806500000003,204.712935,106.89966600386146,False,0.0,225.39999999999998,216.25033399613852,0.0,40104.985851000005,86247.28139999999,82746.24405061644
2050,97.74999999999999,225.39999999999998,2032.0,Severnside-W2E,173.598915,199.732085,107.69026084360516,False,0.0,225.39999999999998,215.4597391563948,0.0,39129.195440999996,84148.80739999999,80437.79987899603
2050,97.74999999999999,225.39999999999998,2033.0,Avonmouth-W2E,169.269765,194.751235,108.09353634841528,False,0.0,225.39999999999998,215.0564636515847,0.0,38153.405030999995,82050.33339999999,78285.06895491351
2050,97.74999999999999,225.39999999999998,2033.0,Beddington Lane-W2E,143.29486500000002,164.866135,108.33273184526364,False,0.0,225.39999999999998,214.81726815473633,0.0,32298.662571,69459.4894,66198.30417183171
2050,97.74999999999999,225.39999999999998,2033.0,Tyseley-W2E,157.148145,180.80485499999995,109.84350345016378,False,0.0,225.39999999999998,213.3064965498362,0.0,35421.191883,76174.60619999998,72087.57042850679
2050,97.74999999999999,225.39999999999998,2033.0,Allerton Park-W2E,117.31996499999998,134.98103499999996,110.24876424941378,False,0.0,225.39999999999998,212.90123575058618,0.0,26443.920110999992,56868.64539999998,53715.19468110863
2050,97.74999999999999,225.39999999999998,2033.0,Four Ashes-W2E,143.29486500000002,164.866135,111.41254904821844,False,0.0,225.39999999999998,211.7374509517815,0.0,32298.662571,69459.4894,65249.22462275196
2050,97.74999999999999,225.39999999999998,2033.0,Ardley-W2E,147.19109999999998,169.34889999999996,111.75263386171072,False,0.0,225.39999999999998,211.39736613828924,0.0,33176.87393999999,71348.11599999998,66915.72227741407
2050,97.74999999999999,225.39999999999998,2033.0,Great Blakenham-W2E,127.709925,146.93507499999996,111.99950117220564,False,0.0,225.39999999999998,211.1504988277943,0.0,28785.817095,61904.98299999999,57991.428750559564
2050,97.74999999999999,225.39999999999998,2033.0,North Hykeham-W2E,76.625955,88.16104499999999,112.24726485697003,False,0.0,225.39999999999998,210.90273514302993,0.0,17271.490256999998,37142.98979999999,34754.029016014465
2050,97.74999999999999,225.39999999999998,2033.0,Scunthorpe Sinter-sinter,633.6026468814001,0.0,112.48245883079248,False,225.39999999999998,225.39999999999998,-14.732458830792496,150330.5648495448,142814.03660706757,142814.03660706757,-9334.524910261382
2050,97.74999999999999,225.39999999999998,2033.0,Coventry-W2E,126.41118,145.44081999999997,114.86629159129888,False,0.0,225.39999999999998,208.2837084087011,0.0,28493.079971999996,61275.44079999999,56622.34269832221
2050,97.74999999999999,225.39999999999998,2033.0,Greatmoor-W2E,119.48454,137.47145999999998,115.52278790869914,False,0.0,225.39999999999998,207.6272120913008,0.0,26931.815315999997,57917.88239999999,53351.05791013228
2050,97.74999999999999,225.39999999999998,2033.0,South Killingholme-crackers,381.3657875526,0.0,119.41657844198282,False,225.39999999999998,225.39999999999998,-21.666578441982836,90484.05106774319,85959.84851435604,85959.84851435604,-8262.89175109697
2050,97.74999999999999,225.39999999999998,2033.0,Marchwood-W2E,90.479235,104.09976499999998,119.76307582774996,False,0.0,225.39999999999998,203.38692417225002,0.0,20394.019569,43858.10659999999,39574.824318512234
2050,97.74999999999999,225.39999999999998,2033.0,New Rugby-cement,866.2032106008,0.0,119.94033644561048,False,83.398,225.39999999999998,119.81166355438948,76041.70037651107,195242.2036694203,195242.2036694203,103781.24763823503
2050,97.74999999999999,225.39999999999998,2033.0,Dunbar-W2E,154.11774,177.31825999999995,120.88122377816076,False,0.0,225.39999999999998,202.2687762218392,0.0,34738.138596,74705.67439999997,67039.15411586149
2050,97.74999999999999,225.39999999999998,2033.0,Portsmouth-W2E,82.25384999999999,94.63614999999996,121.9344089585544,False,0.0,225.39999999999998,201.21559104144558,0.0,18540.017789999994,39871.00599999998,35593.02589932129
2050,97.74999999999999,225.39999999999998,2033.0,Grangemouth Power Station-CCGT,502.2772817634001,0.0,122.37005813568526,False,225.39999999999998,225.39999999999998,-24.62005813568527,119171.89400996882,113213.29930947037,113213.29930947037,-12366.095877248881
2050,97.74999999999999,225.39999999999998,2034.0,Newhurst-W2E,129.00867,148.42932999999996,122.92780800610014,False,0.0,225.39999999999998,200.22219199389983,0.0,29078.554217999997,62534.52519999999,55549.24450240358
2050,97.74999999999999,225.39999999999998,2034.0,Fawley Refinery-crackers,600.55012751238,0.0,123.76948009124162,False,225.39999999999998,225.39999999999998,-26.019480091241633,142488.41972767416,135363.99874129042,135363.99874129042,-15626.002086600995
2050,97.74999999999999,225.39999999999998,2034.0,South Killingholme-smr,225.005814656034,0.0,124.23754446793583,False,225.39999999999998,225.39999999999998,-26.487544467935834,53385.590129968485,50716.31062347006,50716.31062347006,-5959.851521245829
2050,97.74999999999999,225.39999999999998,2034.0,Hope Cement Works-cement,1003.4760721869,0.0,124.28720193448665,False,83.398,225.39999999999998,115.46479806551332,88092.5236507822,226183.50667092722,226183.50667092722,115866.16203863487
2050,97.74999999999999,225.39999999999998,2034.0,Parc Adfer-W2E,89.61340500000001,103.103595,125.7346990960452,False,0.0,225.39999999999998,197.41530090395474,0.0,20198.861487000002,43438.4118,38045.28454430745
2050,97.74999999999999,225.39999999999998,2034.0,Eastcroft-W2E,80.52219,92.64380999999996,125.9173094124788,False,0.0,225.39999999999998,197.23269058752118,0.0,18149.701626,39031.616399999984,34153.99609827868
2050,97.74999999999999,225.39999999999998,2034.0,Tunstead Cement-cement,621.4191773385,0.0,126.32727118201583,False,83.398,225.39999999999998,113.42472881798413,54552.75426492235,140067.8825720979,140067.8825720979,70484.30167191416
2050,97.74999999999999,225.39999999999998,2034.0,Stanlow Refinery-crackers,352.7227045224,0.0,127.0371190337797,False,225.39999999999998,225.39999999999998,-29.28711903377973,83688.1027361568,79503.69759934896,79503.69759934896,-10330.231833264246
2050,97.74999999999999,225.39999999999998,2034.0,Fawley Refinery-smr,354.32457523230414,0.0,127.12699478695876,False,225.39999999999998,225.39999999999998,-29.37699478695879,84068.16763932774,79864.75925736135,79864.75925736135,-10408.991199490787
2050,97.74999999999999,225.39999999999998,2034.0,Millerhill-W2E,70.565145,81.18785499999998,127.43285186483614,False,0.0,225.39999999999998,195.71714813516382,0.0,15905.383682999998,34205.12619999999,29700.664380955513
2050,97.74999999999999,225.39999999999998,2034.0,Padeswood-cement,470.6002227744,0.0,127.4850460006812,False,83.398,225.39999999999998,112.26695399931877,41312.755135725696,106073.29021334974,106073.29021334974,52832.853562282726
2050,97.74999999999999,225.39999999999998,2034.0,South Killingholme-distillation,324.16091941971,0.0,128.70945593540847,False,225.39999999999998,225.39999999999998,-30.95945593540847,76911.44340758171,73065.87123720263,73065.87123720263,-10035.845700756008
2050,97.74999999999999,225.39999999999998,2034.0,Ketton-cement,635.4803405793001,0.0,129.98256974643843,False,83.398,225.39999999999998,109.76943025356154,55787.14678277101,143237.26876657424,143237.26876657424,69756.31492272901
2050,97.74999999999999,225.39999999999998,2034.0,South Killingholme-power,568.235023453374,0.0,130.1966886940948,False,225.39999999999998,225.39999999999998,-32.4466886940948,134821.23609093734,128080.17428639048,128080.17428639048,-18437.344911073284
2050,97.74999999999999,225.39999999999998,2034.0,Newhaven-W2E,91.77798,105.59401999999996,130.2947760528612,False,0.0,225.39999999999998,192.85522394713877,0.0,20686.756692,44487.64879999999,38064.221260894665
2050,97.74999999999999,225.39999999999998,2034.0,Leeds-W2E,77.05887,88.65912999999998,130.72273227888334,False,0.0,225.39999999999998,192.4272677211166,0.0,17369.069298,37352.83719999999,31888.661952207993
2050,97.74999999999999,225.39999999999998,2034.0,Ribblesdale-cement,487.7708319975,0.0,131.22283623409905,False,83.398,225.39999999999998,108.52916376590092,42820.11773360789,109943.54553223649,109943.54553223649,52937.36050608642
2050,97.74999999999999,225.39999999999998,2035.0,Hanford-W2E,80.08927500000001,92.145725,131.66934911672453,False,0.0,225.39999999999998,191.48065088327542,0.0,18052.122585,38821.769,32979.669904880946
2050,97.74999999999999,225.39999999999998,2035.0,Fawley Refinery-distillation,510.4676083855231,0.0,132.12222727391224,False,225.39999999999998,225.39999999999998,-34.372227273912245,121115.15676852305,115059.3989300969,115059.3989300969,-17545.908651397633
2050,97.74999999999999,225.39999999999998,2035.0,Stanlow Refinery-smr,208.10639566821592,0.0,132.18064919232714,False,225.39999999999998,225.39999999999998,-34.43064919232717,49375.980614332504,46907.181583615864,46907.181583615864,-7165.238303931977
2050,97.74999999999999,225.39999999999998,2035.0,Kirklees-W2E,57.14477999999999,65.74721999999997,132.2826363227577,False,0.0,225.39999999999998,190.86736367724228,0.0,12880.433411999997,27699.85679999999,23456.07205702365
2050,97.74999999999999,225.39999999999998,2035.0,Lindsey Oil Refinery-crackers,173.99875600422,0.0,132.48929210893525,False,225.39999999999998,225.39999999999998,-34.739292108935274,41283.49431931704,39219.319603351185,39219.319603351185,-6044.593611421955
2050,97.74999999999999,225.39999999999998,2035.0,South Killingholme-remaining,358.48384029944395,0.0,132.82916790483205,False,225.39999999999998,225.39999999999998,-35.07916790483205,85055.00800367861,80802.25760349465,80802.25760349465,-12575.314825033192
2050,97.74999999999999,225.39999999999998,2035.0,Fawley Refinery-power,894.8196899934462,0.0,134.32186480576613,False,225.39999999999998,225.39999999999998,-36.571864805766154,212307.74539423446,201692.35812452275,201692.35812452275,-32725.224727977897
2050,97.74999999999999,225.39999999999998,2035.0,Baldovie-W2E,81.38802,93.63997999999998,134.50224562921326,False,0.0,225.39999999999998,188.64775437078669,0.0,18344.859707999996,39451.31119999999,33018.639152010044
2050,97.74999999999999,225.39999999999998,2035.0,Pembroke Refinery-crackers,453.1676492086801,0.0,135.6974630648525,False,225.39999999999998,225.39999999999998,-37.94746306485251,107519.98750698577,102143.98813163648,102143.98813163648,-17196.562630532426
2050,97.74999999999999,225.39999999999998,2035.0,Fawley Refinery-remaining,564.5171198616373,0.0,136.13383164089475,False,225.39999999999998,225.39999999999998,-38.383831640894755,133939.11454401372,127242.15881681304,127242.15881681304,-21668.33008717189
2050,97.74999999999999,225.39999999999998,2035.0,Stanlow Refinery-distillation,299.81429884404,0.0,136.513911998797,False,225.39999999999998,225.39999999999998,-38.76391199879703,71134.88732573327,67578.14295944662,67578.14295944662,-11621.975096371401
2050,97.74999999999999,225.39999999999998,2035.0,Dunbar Works-cement,421.0548381849,0.0,136.98298025518972,False,83.398,225.39999999999998,102.76901974481025,36963.29620520451,94905.76052687645,94905.76052687645,43271.392979071876
2050,97.74999999999999,225.39999999999998,2035.0,Stanlow Refinery-power,525.5568297383759,0.0,137.82970188412523,False,225.39999999999998,225.39999999999998,-40.07970188412526,124695.27307687361,118460.50942302991,118460.50942302991,-21064.16105908008
2050,97.74999999999999,225.39999999999998,2035.0,Hartlebury-W2E,90.91214999999998,104.59784999999997,138.13632582553586,False,0.0,225.39999999999998,185.0136741744641,0.0,20491.598609999994,44067.95399999998,36172.023437849464
2050,97.74999999999999,225.39999999999998,2035.0,Cauldon Cement-cement,510.3056236515,0.0,138.4784310020895,False,83.398,225.39999999999998,101.27356899791046,44798.38779082926,115022.8875710481,115022.8875710481,51680.47178689191
2050,97.74999999999999,225.39999999999998,2035.0,Javelin Park-W2E,81.38802,93.63997999999998,139.3228290773164,False,0.0,225.39999999999998,183.82717092268354,0.0,18344.859707999996,39451.31119999999,32174.90207225545
2050,97.74999999999999,225.39999999999998,2035.0,Sheffield-W2E,100.003365,115.05763499999998,139.8343235952813,False,0.0,225.39999999999998,183.31567640471866,0.0,22540.758470999997,48474.74939999999,39424.05268327519
2050,97.74999999999999,225.39999999999998,2035.0,Pembroke Refinery-smr,267.3689130331212,0.0,139.8863360016444,False,225.39999999999998,225.39999999999998,-42.136336001644395,63436.7926291216,60264.95299766551,60264.95299766551,-11265.946355958034
2050,97.74999999999999,225.39999999999998,2035.0,Chineham-W2E,44.590245,51.30275499999999,140.32141856258616,False,0.0,225.39999999999998,182.8285814374138,0.0,10050.641223,21614.282199999998,17531.98115977792
2050,97.74999999999999,225.39999999999998,2035.0,Stanlow Refinery-remaining,331.559342251056,0.0,140.6432980315675,False,225.39999999999998,225.39999999999998,-42.8932980315675,78666.81657198738,74733.47574338801,74733.47574338801,-14221.673682325036
2050,97.74999999999999,225.39999999999998,2035.0,Grangemouth Refinery-crackers,193.40584394892005,0.0,140.79770433532283,False,225.39999999999998,225.39999999999998,-43.04770433532286,45888.08129061745,43593.67722608658,43593.67722608658,-8325.677587036702
2050,97.74999999999999,225.39999999999998,2035.0,Lindsey Oil Refinery-smr,102.6592660424898,0.0,141.9929815759613,False,225.39999999999998,225.39999999999998,-44.24298157596132,24357.261648397052,23139.3985659772,23139.3985659772,-4541.952016119589
2050,97.74999999999999,225.39999999999998,2035.0,Lindsey Oil Refinery-power,259.2581464462878,0.0,142.81115560903552,False,225.39999999999998,225.39999999999998,-45.06115560903555,61512.40653578239,58436.78620899327,58436.78620899327,-11682.471679926302
2050,97.74999999999999,225.39999999999998,2036.0,Wolverhampton-W2E,42.42567,48.81233,142.87736864384428,False,0.0,225.39999999999998,180.27263135615567,0.0,9562.746017999998,20565.045199999997,16447.71433967293
2050,97.74999999999999,225.39999999999998,2036.0,Devonport-W2E,111.259155,128.00784499999995,143.82236892306247,False,0.0,225.39999999999998,179.3276310769375,0.0,25077.813536999998,53930.78179999998,42907.184304885595
2050,97.74999999999999,225.39999999999998,2036.0,Lindsey Oil Refinery-distillation,147.89894260358702,0.0,144.05717677984146,False,225.39999999999998,225.39999999999998,-46.307176779841484,35090.97017141949,33336.42166284851,33336.42166284851,-6848.782480695933
2050,97.74999999999999,225.39999999999998,2036.0,Pembroke Refinery-distillation,385.192501827378,0.0,144.60895225355458,False,225.39999999999998,225.39999999999998,-46.858952253554605,91391.9893809379,86822.38991189099,86822.38991189099,-18049.717051556352
2050,97.74999999999999,225.39999999999998,2036.0,Cornwall-W2E,103.46668499999998,119.04231499999996,145.15316997971505,False,0.0,225.39999999999998,177.9968300202849,0.0,23321.390798999993,50153.52859999998,39605.896650983566
2050,97.74999999999999,225.39999999999998,2036.0,Pembroke Refinery-power,675.2197973209334,0.0,146.4191539632569,False,225.39999999999998,225.39999999999998,-48.66915396325692,160204.78138540877,152194.54231613837,152194.54231613837,-32862.37627485164
2050,97.74999999999999,225.39999999999998,2036.0,Lindsey Oil Refinery-remaining,163.5588306439668,0.0,148.07743604588833,False,225.39999999999998,225.39999999999998,-50.32743604588836,38806.48466015802,36866.16042715011,36866.16042715011,-8231.496588974524
2050,97.74999999999999,225.39999999999998,2036.0,Pembroke Refinery-remaining,425.97759025615926,0.0,148.6969572317184,False,225.39999999999998,225.39999999999998,-50.946957231718386,101068.78825656662,96015.34884373829,96015.34884373829,-21702.262072451005
2050,97.74999999999999,225.39999999999998,2036.0,Grangemouth Refinery-smr,114.1094479298628,0.0,149.4429641100151,False,225.39999999999998,225.39999999999998,-51.69296411001511,27073.967961464285,25720.26956339107,25720.26956339107,-5898.655596452036
2050,97.74999999999999,225.39999999999998,2036.0,Milton Keynes ACT-W2E,35.066115,40.344885,149.91840922239953,False,0.0,225.39999999999998,173.23159077760045,0.0,7903.902321,16997.6394,13063.567492129627
2050,97.74999999999999,225.39999999999998,2036.0,Belfast ACT-W2E,48.48648,55.785519999999984,151.16178010182253,False,0.0,225.39999999999998,171.98821989817742,0.0,10928.852592,23502.908799999997,17933.555665222753
2050,97.74999999999999,225.39999999999998,2036.0,Grangemouth Refinery-power,288.1747074838908,0.0,151.2758042923232,False,225.39999999999998,225.39999999999998,-53.52580429232319,68373.24112302,64954.57906686898,64954.57906686898,-15424.782994780222
2050,97.74999999999999,225.39999999999998,2036.0,Peterborough-W2E,36.797775,42.33722499999999,151.58940342877088,False,0.0,225.39999999999998,171.5605965712291,0.0,8294.218485,17837.028999999995,13576.447809664212
2050,97.74999999999999,225.39999999999998,2036.0,Grangemouth Refinery-distillation,164.394967356582,0.0,151.9931581726091,False,225.39999999999998,225.39999999999998,-54.24315817260913,39004.86909702483,37054.625642173574,37054.625642173574,-8917.30221710399
2050,97.74999999999999,225.39999999999998,2036.0,Pembroke Power Station-CCGT,5026.790800587,0.0,153.5814237169616,False,225.39999999999998,225.39999999999998,-55.83142371696164,1192672.2594234839,1133038.6464523098,1133038.6464523098,-280652.8871240976
2050,97.74999999999999,225.39999999999998,2037.0,NewLincs-W2E,24.24324,27.892759999999992,154.91229031794154,False,0.0,225.39999999999998,168.23770968205844,0.0,5464.426296,11751.454399999999,8771.241231983799
2050,97.74999999999999,225.39999999999998,2037.0,Grangemouth Refinery-remaining,181.8014933119848,0.0,156.05875268873913,False,225.39999999999998,225.39999999999998,-58.30875268873916,43134.79641318039,40978.056592521374,40978.056592521374,-10600.61831197199
2050,97.74999999999999,225.39999999999998,2037.0,Dudley-W2E,29.871135,34.367864999999995,157.17271920148522,False,0.0,225.39999999999998,165.97728079851476,0.0,6732.953828999999,14479.470599999997,10662.214541215788
2050,97.74999999999999,225.39999999999998,2037.0,Marchwood  Power  Station-CCGT,1815.7533444639,0.0,159.62812813767613,False,225.39999999999998,225.39999999999998,-61.87812813767613,430811.3724654348,409270.803842163,409270.803842163,-112355.41811515119
2050,97.74999999999999,225.39999999999998,2037.0,Baddesley-W2E,41.55984,47.81616,160.35967910131896,False,0.0,225.39999999999998,162.790320898681,0.0,9367.587936,20145.3504,14549.547720640512
2050,97.74999999999999,225.39999999999998,2037.0,Enfield Power Station-CCGT,806.3891587964999,0.0,162.1675537167806,False,225.39999999999998,225.39999999999998,-64.41755371678062,191326.438308138,181760.11639273106,181760.11639273106,-51945.61695340307
2050,97.74999999999999,225.39999999999998,2037.0,Battlefield-W2E,39.82818,45.82381999999999,162.19804621799932,False,0.0,225.39999999999998,160.95195378200066,0.0,8977.271772,19305.960799999993,13785.856745335917
2050,97.74999999999999,225.39999999999998,2037.0,Saltend-CCGT,2179.7384288931,0.0,164.91708350379992,False,225.39999999999998,225.39999999999998,-67.16708350379992,517171.6230236892,491313.04187250463,491313.04187250463,-146406.67306990447
2050,97.74999999999999,225.39999999999998,2037.0,Immingham-CCGT,2178.7933907240995,0.0,166.00773363458555,False,225.39999999999998,225.39999999999998,-68.25773363458558,516947.40028338117,491100.030269212,491100.030269212,-148719.4989088411
2050,97.74999999999999,225.39999999999998,2037.0,Didcot B-CCGT,2663.1465497294994,0.0,168.98227960881977,False,225.39999999999998,225.39999999999998,-71.2322796088198,631866.560325294,600273.2323090291,600273.2323090291,-189701.99966959542
2050,97.74999999999999,225.39999999999998,2038.0,Staythorpe Power Station-CCGT,3395.4703151412,0.0,169.40288726463294,False,225.39999999999998,225.39999999999998,-71.65288726463297,805620.0095082383,765339.0090328264,765339.0090328264,-243295.25170122017
2050,97.74999999999999,225.39999999999998,2038.0,Keadby-CCGT,1131.0949420923002,0.0,176.90140497406722,False,225.39999999999998,225.39999999999998,-79.15140497406725,268367.15783958364,254948.79994760445,254948.79994760445,-89527.7538256668
2050,97.74999999999999,225.39999999999998,2038.0,Hooton Park ACT-W2E,35.499030000000005,40.84297,179.27780846771287,False,0.0,225.39999999999998,143.8721915322871,0.0,8001.481362,17207.486800000002,10983.490845957864
2050,97.74999999999999,225.39999999999998,2038.0,Exeter-W2E,27.273645,31.379354999999997,179.60333383475486,False,0.0,225.39999999999998,143.54666616524509,0.0,6147.479582999999,13220.386199999997,8419.442610590118
2050,97.74999999999999,225.39999999999998,2038.0,Bolton-W2E,35.066115,40.344885,181.92172711397333,False,0.0,225.39999999999998,141.22827288602662,0.0,7903.902321,16997.6394,10650.165286608153
2050,97.74999999999999,225.39999999999998,2038.0,West Burton B CCGT Power Station-CCGT,2228.0422268514,0.0,181.9230998694337,False,225.39999999999998,225.39999999999998,-84.17309986943371,528632.3346655848,502200.7179323055,502200.7179323055,-187541.22087407837
2050,97.74999999999999,225.39999999999998,2039.0,Levenseat ACT-W2E,25.10907,28.888929999999995,183.8322948806435,False,0.0,225.39999999999998,139.31770511935645,0.0,5659.584378,12171.149199999996,7522.877441035008
2050,97.74999999999999,225.39999999999998,2039.0,Coolkeeragh-CCGT,722.1987379346999,0.0,184.70017000442445,False,225.39999999999998,225.39999999999998,-86.95017000442448,171351.15318998037,162783.59553048134,162783.59553048134,-62795.30304040296
2050,97.74999999999999,225.39999999999998,2039.0,Carrington CCGT-CCGT,1673.6112263625,0.0,189.2092334567789,False,225.39999999999998,225.39999999999998,-91.45923345677892,397086.28465485,377231.9704221075,377231.9704221075,-153067.19986777395
2050,97.74999999999999,225.39999999999998,2039.0,Ballylumford-CCGT,1043.2211998752,0.0,195.1740589779237,False,225.39999999999998,225.39999999999998,-97.42405897792372,247517.95626512638,235142.05845187005,235142.05845187005,-101634.84370366184
2050,97.74999999999999,225.39999999999998,2039.0,Glasgow ACT-W2E,60.60809999999999,69.73189999999998,195.93562567320143,False,0.0,225.39999999999998,127.21437432679853,0.0,13661.065739999996,29378.63599999999,16581.121549754916
2050,97.74999999999999,225.39999999999998,2039.0,NESS-W2E,42.858585,49.31041499999999,198.75501981615415,False,0.0,225.39999999999998,124.39498018384582,0.0,9660.325058999999,20774.892599999996,11465.360928564884
2050,97.74999999999999,225.39999999999998,2039.0,Energy Works ACT-W2E,13.420365,15.440635,201.40339180076796,False,0.0,225.39999999999998,121.746608199232,0.0,3024.9502709999997,6505.269399999999,3513.728859238035
2050,97.74999999999999,225.39999999999998,2039.0,Eco Park ACT-W2E,13.85328,15.938719999999996,202.93011759687164,False,0.0,225.39999999999998,120.21988240312832,0.0,3122.5293119999997,6715.116799999998,3581.5907365539983
2050,97.74999999999999,225.39999999999998,2039.0,Kilroot-CCGT,1059.7392638186998,0.0,207.3906503608189,False,225.39999999999998,225.39999999999998,-109.64065036081894,251437.08427866836,238865.2300647349,238865.2300647349,-116190.50209797772
2050,97.74999999999999,225.39999999999998,2039.0,Kings Lynn Power Station-CCGT,607.5685909533,0.0,208.8847375922057,False,225.39999999999998,225.39999999999998,-111.13473759220574,144153.64252723558,136945.96040087382,136945.96040087382,-67521.97592486118
2050,97.74999999999999,225.39999999999998,2039.0,Spalding-CCGT,1332.8402058705,0.0,210.92034860788132,False,225.39999999999998,225.39999999999998,-113.17034860788135,316233.876213906,300422.18240321067,300422.18240321067,-150837.99073696486
2050,97.74999999999999,225.39999999999998,2039.0,Seabank-CCGT,1626.4197752931002,0.0,215.24318898826735,False,225.39999999999998,225.39999999999998,-117.49318898826738,385889.49194848916,366595.0173510648,366595.0173510648,-191093.24603276758
2050,97.74999999999999,225.39999999999998,2039.0,Shoreham Power Station-CCGT,584.0626047023999,0.0,223.96100678992715,False,225.39999999999998,225.39999999999998,-126.21100678992718,138576.5379999168,131647.7110999209,131647.7110999209,-73715.12936783714
2050,97.74999999999999,225.39999999999998,2039.0,Damhead Creek Power Station-CCGT,973.8051514482,0.0,231.84613890879083,False,225.39999999999998,225.39999999999998,-134.09613890879086,231048.0854067625,219495.68113642427,219495.68113642427,-130583.51085869396
2050,97.74999999999999,225.39999999999998,2040.0,Cottam Development Centre-CCGT,550.2910471575,0.0,238.4158800035795,False,225.39999999999998,225.39999999999998,-140.6658800035795,130563.79160978999,124035.60202930048,124035.60202930048,-77407.174406501
2050,97.74999999999999,225.39999999999998,2040.0,Great Yarmouth Power Station-CCGT,566.475305193,0.0,240.013145571761,False,225.39999999999998,225.39999999999998,-142.26314557176102,134403.719779476,127683.5337905022,127683.5337905022,-80588.55880547951
2050,97.74999999999999,225.39999999999998,2040.0,Little Barford-CCGT,876.2518953272998,0.0,240.7576776464302,False,225.39999999999998,225.39999999999998,-143.00767764643024,207902.2917966036,197507.17720677337,197507.17720677337,-125310.74858404003
2050,97.74999999999999,225.39999999999998,2040.0,South Humber-CCGT,1415.4141864696,0.0,246.5252661657621,False,225.39999999999998,225.39999999999998,-148.7752661657621,335825.63961078716,319034.35763024783,319034.35763024783,-210578.62232681038
2050,97.74999999999999,225.39999999999998,2040.0,Langage Energy Centre-CCGT,1099.7517366462,0.0,250.05603522765227,False,225.39999999999998,225.39999999999998,-152.30603522765227,260930.5699368984,247884.04144005346,247884.04144005346,-167498.8267433079
2050,97.74999999999999,225.39999999999998,2040.0,Grain CCGT-CCGT,1560.6667908717,0.0,256.5493066919562,False,225.39999999999998,225.39999999999998,-158.7993066919562,370288.73122366436,351774.2946624811,351774.2946624811,-247832.80436758613
2050,97.74999999999999,225.39999999999998,2040.0,Peterhead Power Station-CCGT,1283.3503468848,0.0,275.097064063588,False,225.39999999999998,225.39999999999998,-177.347064063588,304491.75598719355,289267.1681878339,289267.1681878339,-227598.4161850065
2050,97.74999999999999,225.39999999999998,2040.0,Connahs Quay Power Station-CCGT,1302.9522420993,0.0,279.14393107084203,False,225.39999999999998,225.39999999999998,-181.39393107084203,309142.56354650756,293685.4353691822,293685.4353691822,-236347.6291919595
2050,97.74999999999999,225.39999999999998,2040.0,Medway-CCGT,611.8560400155001,0.0,311.36638697059976,False,225.39999999999998,225.39999999999998,-213.61638697059976,145170.896231046,137912.3514194937,137912.3514194937,-130702.47661424984
2050,97.74999999999999,225.39999999999998,,Isle of Wight-W2E,0.0,0.0,378.6296091247897,False,0.0,0.0,0.0,0.0,0.0,0.0,0.0
2050,97.74999999999999,225.39999999999998,,Coryton-CCGT,0.0,0.0,386.8501086268143,False,225.39999999999998,0.0,-225.39999999999998,121435.76582852399,0.0,0.0,-121435.76582852399
2050,97.74999999999999,225.39999999999998,,Rye House-CCGT,0.0,0.0,392.2249091956061,False,225.39999999999998,0.0,-225.39999999999998,108963.77396464559,0.0,0.0,-108963.77396464559
2050,97.74999999999999,225.39999999999998,,Rocksavage-CCGT,0.0,0.0,430.77402140379735,False,225.39999999999998,0.0,-225.39999999999998,108599.25834147599,0.0,0.0,-108599.25834147599
2051,97.74999999999999,225.39999999999998,2026.0,Tees Valley-W2E,304.33924500000006,350.153755,88.11948048189508,False,0.0,225.39999999999998,225.39999999999998,0.0,68598.06582300001,147522.7222,147522.7222
2051,97.74999999999999,225.39999999999998,2027.0,Runcorn-W2E,411.702165,473.6788349999999,92.55278428419912,False,0.0,225.39999999999998,225.39999999999998,0.0,92797.66799099998,199564.87739999994,199564.87739999994
2051,97.74999999999999,225.39999999999998,2027.0,Riverside-W2E,342.00285,393.48714999999993,95.11886046105766,False,0.0,225.39999999999998,225.39999999999998,0.0,77087.44239,165779.446,165779.446
2051,97.74999999999999,225.39999999999998,2028.0,Wilton 11-W2E,178.79389499999996,205.70910499999997,95.57551058511204,False,0.0,225.39999999999998,225.39999999999998,0.0,40300.143932999985,86666.97619999998,86666.97619999998
2051,97.74999999999999,225.39999999999998,2028.0,Scunthorpe Power Station-chp,1562.2594042965,0.0,96.72056387395656,False,243.79264,225.39999999999998,-18.39264000000003,400912.9942508117,352133.26972843107,352133.26972843107,-28734.07480984002
2051,97.74999999999999,225.39999999999998,2029.0,Ferrybridge FM1-W2E,285.29098500000003,328.238015,98.85154951082956,False,0.0,225.39999999999998,224.29845048917042,0.0,64304.588019,138289.4366,137613.60403017025
2051,97.74999999999999,225.39999999999998,2029.0,Ferrybridge FM2-W2E,283.559325,326.24567499999995,98.9301306912529,False,0.0,225.39999999999998,224.21986930874706,0.0,63914.27185499999,137450.04699999996,136730.3974038205
2051,97.74999999999999,225.39999999999998,2029.0,Drax-BECCS,0.0,10924.999999999998,99.24068628496312,False,0.0,225.39999999999998,223.90931371503683,0.0,0.0,2462494.9999999995,2446209.252336777
2051,97.74999999999999,225.39999999999998,2032.0,Kemsley-W2E,245.02989,281.91610999999995,99.80091077600858,False,0.0,225.39999999999998,223.34908922399137,0.0,55229.73720599999,118773.62839999997,117692.90917022534
2051,97.74999999999999,225.39999999999998,2032.0,Allington-W2E,202.60422000000003,233.10378,100.90154534306674,False,0.0,225.39999999999998,222.24845465693323,0.0,45666.991188,98208.5832,96835.42968166307
2051,97.74999999999999,225.39999999999998,2032.0,Scunthorpe Blast Furnaces-stove,994.2298168221,0.0,101.76356955343398,False,243.79264,225.39999999999998,-22.406209553434024,255143.0650629223,224099.4007117013,224099.4007117013,-22276.921619988298
2051,97.74999999999999,225.39999999999998,2032.0,Edmonton-W2E,209.53086,241.07314,102.28156448231805,False,0.0,225.39999999999998,220.86843551768192,0.0,47228.25584399999,101566.14159999999,99524.20051800954
2051,97.74999999999999,225.39999999999998,2032.0,Rookery South C-W2E,255.41985,293.8701499999999,103.38827027423388,False,0.0,225.39999999999998,219.7617297257661,0.0,57571.63419,123809.96599999999,120712.92052106604
2051,97.74999999999999,225.39999999999998,2032.0,SELCHP-W2E,169.269765,194.751235,105.54933952858303,False,0.0,225.39999999999998,217.60066047141692,0.0,38153.405030999995,82050.33339999999,79211.21002546565
2051,97.74999999999999,225.39999999999998,2032.0,Lakeside-W2E,178.79389499999996,205.70910499999997,105.75229786444092,False,0.0,225.39999999999998,217.39770213555903,0.0,40300.143932999985,86666.97619999998,83590.06866422883
2051,97.74999999999999,225.39999999999998,2032.0,Trident Park-W2E,177.92806500000003,204.712935,106.89966600386146,False,0.0,225.39999999999998,216.25033399613852,0.0,40104.985851000005,86247.28139999999,82746.24405061644
2051,97.74999999999999,225.39999999999998,2032.0,Severnside-W2E,173.598915,199.732085,107.69026084360516,False,0.0,225.39999999999998,215.4597391563948,0.0,39129.195440999996,84148.80739999999,80437.79987899603
2051,97.74999999999999,225.39999999999998,2033.0,Avonmouth-W2E,169.269765,194.751235,108.09353634841528,False,0.0,225.39999999999998,215.0564636515847,0.0,38153.405030999995,82050.33339999999,78285.06895491351
2051,97.74999999999999,225.39999999999998,2033.0,Beddington Lane-W2E,143.29486500000002,164.866135,108.33273184526364,False,0.0,225.39999999999998,214.81726815473633,0.0,32298.662571,69459.4894,66198.30417183171
2051,97.74999999999999,225.39999999999998,2033.0,Tyseley-W2E,157.148145,180.80485499999995,109.84350345016378,False,0.0,225.39999999999998,213.3064965498362,0.0,35421.191883,76174.60619999998,72087.57042850679
2051,97.74999999999999,225.39999999999998,2033.0,Allerton Park-W2E,117.31996499999998,134.98103499999996,110.24876424941378,False,0.0,225.39999999999998,212.90123575058618,0.0,26443.920110999992,56868.64539999998,53715.19468110863
2051,97.74999999999999,225.39999999999998,2033.0,Four Ashes-W2E,143.29486500000002,164.866135,111.41254904821844,False,0.0,225.39999999999998,211.7374509517815,0.0,32298.662571,69459.4894,65249.22462275196
2051,97.74999999999999,225.39999999999998,2033.0,Ardley-W2E,147.19109999999998,169.34889999999996,111.75263386171072,False,0.0,225.39999999999998,211.39736613828924,0.0,33176.87393999999,71348.11599999998,66915.72227741407
2051,97.74999999999999,225.39999999999998,2033.0,Great Blakenham-W2E,127.709925,146.93507499999996,111.99950117220564,False,0.0,225.39999999999998,211.1504988277943,0.0,28785.817095,61904.98299999999,57991.428750559564
2051,97.74999999999999,225.39999999999998,2033.0,North Hykeham-W2E,76.625955,88.16104499999999,112.24726485697003,False,0.0,225.39999999999998,210.90273514302993,0.0,17271.490256999998,37142.98979999999,34754.029016014465
2051,97.74999999999999,225.39999999999998,2033.0,Scunthorpe Sinter-sinter,633.6026468814001,0.0,112.48245883079248,False,243.79264,225.39999999999998,-33.125098830792524,162597.5389412677,142814.03660706757,142814.03660706757,-20988.150297398115
2051,97.74999999999999,225.39999999999998,2033.0,Coventry-W2E,126.41118,145.44081999999997,114.86629159129888,False,0.0,225.39999999999998,208.2837084087011,0.0,28493.079971999996,61275.44079999999,56622.34269832221
2051,97.74999999999999,225.39999999999998,2033.0,Greatmoor-W2E,119.48454,137.47145999999998,115.52278790869914,False,0.0,225.39999999999998,207.6272120913008,0.0,26931.815315999997,57917.88239999999,53351.05791013228
2051,97.74999999999999,225.39999999999998,2033.0,South Killingholme-crackers,381.3657875526,0.0,119.41657844198282,False,243.79264,225.39999999999998,-40.059218441982864,97867.54963487106,85959.84851435604,85959.84851435604,-15277.215389868434
2051,97.74999999999999,225.39999999999998,2033.0,Marchwood-W2E,90.479235,104.09976499999998,119.76307582774996,False,0.0,225.39999999999998,203.38692417225002,0.0,20394.019569,43858.10659999999,39574.824318512234
2051,97.74999999999999,225.39999999999998,2033.0,New Rugby-cement,866.2032106008,0.0,119.94033644561048,False,90.2032768,225.39999999999998,113.00638675438948,82246.70312723437,195242.2036694203,195242.2036694203,97886.49502504789
2051,97.74999999999999,225.39999999999998,2033.0,Dunbar-W2E,154.11774,177.31825999999995,120.88122377816076,False,0.0,225.39999999999998,202.2687762218392,0.0,34738.138596,74705.67439999997,67039.15411586149
2051,97.74999999999999,225.39999999999998,2033.0,Portsmouth-W2E,82.25384999999999,94.63614999999996,121.9344089585544,False,0.0,225.39999999999998,201.21559104144558,0.0,18540.017789999994,39871.00599999998,35593.02589932129
2051,97.74999999999999,225.39999999999998,2033.0,Grangemouth Power Station-CCGT,502.2772817634001,0.0,122.37005813568526,False,243.79264,225.39999999999998,-43.0126981356853,128896.32056118229,113213.29930947037,113213.29930947037,-21604.301100901677
2051,97.74999999999999,225.39999999999998,2034.0,Newhurst-W2E,129.00867,148.42932999999996,122.92780800610014,False,0.0,225.39999999999998,200.22219199389983,0.0,29078.554217999997,62534.52519999999,55549.24450240358
2051,97.74999999999999,225.39999999999998,2034.0,Fawley Refinery-crackers,600.55012751238,0.0,123.76948009124162,False,243.79264,225.39999999999998,-44.41212009124166,154115.4747774524,135363.99874129042,135363.99874129042,-26671.704383890312
2051,97.74999999999999,225.39999999999998,2034.0,South Killingholme-smr,225.005814656034,0.0,124.23754446793583,False,243.79264,225.39999999999998,-44.88018446793586,57741.85428457392,50716.31062347006,50716.31062347006,-10098.302468120994
2051,97.74999999999999,225.39999999999998,2034.0,Hope Cement Works-cement,1003.4760721869,0.0,124.28720193448665,False,90.2032768,225.39999999999998,108.65952126551332,95280.87358068602,226183.50667092722,226183.50667092722,109037.22960522624
2051,97.74999999999999,225.39999999999998,2034.0,Parc Adfer-W2E,89.61340500000001,103.103595,125.7346990960452,False,0.0,225.39999999999998,197.41530090395474,0.0,20198.861487000002,43438.4118,38045.28454430745
2051,97.74999999999999,225.39999999999998,2034.0,Eastcroft-W2E,80.52219,92.64380999999996,125.9173094124788,False,0.0,225.39999999999998,197.23269058752118,0.0,18149.701626,39031.616399999984,34153.99609827868
2051,97.74999999999999,225.39999999999998,2034.0,Tunstead Cement-cement,621.4191773385,0.0,126.32727118201583,False,90.2032768,225.39999999999998,106.61945201798413,59004.25901294001,140067.8825720979,140067.8825720979,66255.37216129737
2051,97.74999999999999,225.39999999999998,2034.0,Stanlow Refinery-crackers,352.7227045224,0.0,127.0371190337797,False,243.79264,225.39999999999998,-47.67975903377976,90517.0519194272,79503.69759934896,79503.69759934896,-16817.73355737113
2051,97.74999999999999,225.39999999999998,2034.0,Fawley Refinery-smr,354.32457523230414,0.0,127.12699478695876,False,243.79264,225.39999999999998,-47.76963478695882,90928.1301186969,79864.75925736135,79864.75925736135,-16925.955554891483
2051,97.74999999999999,225.39999999999998,2034.0,Millerhill-W2E,70.565145,81.18785499999998,127.43285186483614,False,0.0,225.39999999999998,195.71714813516382,0.0,15905.383682999998,34205.12619999999,29700.664380955513
2051,97.74999999999999,225.39999999999998,2034.0,Padeswood-cement,470.6002227744,0.0,127.4850460006812,False,90.2032768,225.39999999999998,105.46167719931877,44683.87595480091,106073.29021334974,106073.29021334974,49630.288784161276
2051,97.74999999999999,225.39999999999998,2034.0,South Killingholme-distillation,324.16091941971,0.0,128.70945593540847,False,243.79264,225.39999999999998,-49.3520959354085,83187.41718964039,73065.87123720263,73065.87123720263,-15998.020793711752
2051,97.74999999999999,225.39999999999998,2034.0,Ketton-cement,635.4803405793001,0.0,129.98256974643843,False,90.2032768,225.39999999999998,102.96415345356154,60339.377960245125,143237.26876657424,143237.26876657424,65431.6953041286
2051,97.74999999999999,225.39999999999998,2034.0,South Killingholme-power,568.235023453374,0.0,130.1966886940948,False,243.79264,225.39999999999998,-50.83932869409483,145822.64895595782,128080.17428639048,128080.17428639048,-28888.687132842766
2051,97.74999999999999,225.39999999999998,2034.0,Newhaven-W2E,91.77798,105.59401999999996,130.2947760528612,False,0.0,225.39999999999998,192.85522394713877,0.0,20686.756692,44487.64879999999,38064.221260894665
2051,97.74999999999999,225.39999999999998,2034.0,Leeds-W2E,77.05887,88.65912999999998,130.72273227888334,False,0.0,225.39999999999998,192.4272677211166,0.0,17369.069298,37352.83719999999,31888.661952207993
2051,97.74999999999999,225.39999999999998,2034.0,Ribblesdale-cement,487.7708319975,0.0,131.22283623409905,False,90.2032768,225.39999999999998,101.72388696590092,46314.2393406703,109943.54553223649,109943.54553223649,49617.944979377135
2051,97.74999999999999,225.39999999999998,2035.0,Hanford-W2E,80.08927500000001,92.145725,131.66934911672453,False,0.0,225.39999999999998,191.48065088327542,0.0,18052.122585,38821.769,32979.669904880946
2051,97.74999999999999,225.39999999999998,2035.0,Fawley Refinery-distillation,510.4676083855231,0.0,132.12222727391224,False,243.79264,225.39999999999998,-52.76486727391227,130998.15356083456,115059.3989300969,115059.3989300969,-26934.755604093552
2051,97.74999999999999,225.39999999999998,2035.0,Stanlow Refinery-smr,208.10639566821592,0.0,132.18064919232714,False,243.79264,225.39999999999998,-52.823289192327195,53405.060632462046,46907.181583615864,46907.181583615864,-10992.864321155037
2051,97.74999999999999,225.39999999999998,2035.0,Kirklees-W2E,57.14477999999999,65.74721999999997,132.2826363227577,False,0.0,225.39999999999998,190.86736367724228,0.0,12880.433411999997,27699.85679999999,23456.07205702365
2051,97.74999999999999,225.39999999999998,2035.0,Lindsey Oil Refinery-crackers,173.99875600422,0.0,132.48929210893525,False,243.79264,225.39999999999998,-53.1319321089353,44652.22745577331,39219.319603351185,39219.319603351185,-9244.890091055417
2051,97.74999999999999,225.39999999999998,2035.0,South Killingholme-remaining,358.48384029944395,0.0,132.82916790483205,False,243.79264,225.39999999999998,-53.471807904832076,91995.49665677879,80802.25760349465,80802.25760349465,-19168.779045478368
2051,97.74999999999999,225.39999999999998,2035.0,Fawley Refinery-power,894.8196899934462,0.0,134.32186480576613,False,243.79264,225.39999999999998,-54.96450480576618,229632.05741840403,201692.35812452275,201692.35812452275,-49183.32115093898
2051,97.74999999999999,225.39999999999998,2035.0,Baldovie-W2E,81.38802,93.63997999999998,134.50224562921326,False,0.0,225.39999999999998,188.64775437078669,0.0,18344.859707999996,39451.31119999999,33018.639152010044
2051,97.74999999999999,225.39999999999998,2035.0,Pembroke Refinery-crackers,453.1676492086801,0.0,135.6974630648525,False,243.79264,225.39999999999998,-56.34010306485254,116293.61848755582,102143.98813163648,102143.98813163648,-25531.512062073976
2051,97.74999999999999,225.39999999999998,2035.0,Fawley Refinery-remaining,564.5171198616373,0.0,136.13383164089475,False,243.79264,225.39999999999998,-56.77647164089478,144868.54629080527,127242.15881681304,127242.15881681304,-32051.290246623852
2051,97.74999999999999,225.39999999999998,2035.0,Stanlow Refinery-distillation,299.81429884404,0.0,136.513911998797,False,243.79264,225.39999999999998,-57.156551998797056,76939.49413151311,67578.14295944662,67578.14295944662,-17136.351561862255
2051,97.74999999999999,225.39999999999998,2035.0,Dunbar Works-cement,421.0548381849,0.0,136.98298025518972,False,90.2032768,225.39999999999998,95.96374294481024,39979.5011755492,94905.76052687645,94905.76052687645,40405.99825724441
2051,97.74999999999999,225.39999999999998,2035.0,Stanlow Refinery-power,525.5568297383759,0.0,137.82970188412523,False,243.79264,225.39999999999998,-58.472341884125285,134870.40735994652,118460.50942302991,118460.50942302991,-30730.538627999336
2051,97.74999999999999,225.39999999999998,2035.0,Hartlebury-W2E,90.91214999999998,104.59784999999997,138.13632582553586,False,0.0,225.39999999999998,185.0136741744641,0.0,20491.598609999994,44067.95399999998,36172.023437849464
2051,97.74999999999999,225.39999999999998,2035.0,Cauldon Cement-cement,510.3056236515,0.0,138.4784310020895,False,90.2032768,225.39999999999998,94.46829219791044,48453.93623456093,115022.8875710481,115022.8875710481,48207.700765346824
2051,97.74999999999999,225.39999999999998,2035.0,Javelin Park-W2E,81.38802,93.63997999999998,139.3228290773164,False,0.0,225.39999999999998,183.82717092268354,0.0,18344.859707999996,39451.31119999999,32174.90207225545
2051,97.74999999999999,225.39999999999998,2035.0,Sheffield-W2E,100.003365,115.05763499999998,139.8343235952813,False,0.0,225.39999999999998,183.31567640471866,0.0,22540.758470999997,48474.74939999999,39424.05268327519
2051,97.74999999999999,225.39999999999998,2035.0,Pembroke Refinery-smr,267.3689130331212,0.0,139.8863360016444,False,243.79264,225.39999999999998,-60.52897600164442,68613.23490765793,60264.95299766551,60264.95299766551,-16183.566520567549
2051,97.74999999999999,225.39999999999998,2035.0,Chineham-W2E,44.590245,51.30275499999999,140.32141856258616,False,0.0,225.39999999999998,182.8285814374138,0.0,10050.641223,21614.282199999998,17531.98115977792
2051,97.74999999999999,225.39999999999998,2035.0,Stanlow Refinery-remaining,331.559342251056,0.0,140.6432980315675,False,243.79264,225.39999999999998,-61.285938031567525,85086.02880426156,74733.47574338801,74733.47574338801,-20319.925302985506
2051,97.74999999999999,225.39999999999998,2035.0,Grangemouth Refinery-crackers,193.40584394892005,0.0,140.79770433532283,False,243.79264,225.39999999999998,-61.44034433532289,49632.54872393184,43593.67722608658,43593.67722608658,-11882.921648685373
2051,97.74999999999999,225.39999999999998,2035.0,Lindsey Oil Refinery-smr,102.6592660424898,0.0,141.9929815759613,False,243.79264,225.39999999999998,-62.63562157596135,26344.814198906253,23139.3985659772,23139.3985659772,-6430.126939103331
2051,97.74999999999999,225.39999999999998,2035.0,Lindsey Oil Refinery-power,259.2581464462878,0.0,142.81115560903552,False,243.79264,225.39999999999998,-63.45379560903558,66531.81890910225,58436.78620899327,58436.78620899327,-16450.91343458016
2051,97.74999999999999,225.39999999999998,2036.0,Wolverhampton-W2E,42.42567,48.81233,142.87736864384428,False,0.0,225.39999999999998,180.27263135615567,0.0,9562.746017999998,20565.045199999997,16447.71433967293
2051,97.74999999999999,225.39999999999998,2036.0,Devonport-W2E,111.259155,128.00784499999995,143.82236892306247,False,0.0,225.39999999999998,179.3276310769375,0.0,25077.813536999998,53930.78179999998,42907.184304885595
2051,97.74999999999999,225.39999999999998,2036.0,Lindsey Oil Refinery-distillation,147.89894260358702,0.0,144.05717677984146,False,243.79264,225.39999999999998,-64.69981677984151,37954.393337407324,33336.42166284851,33336.42166284851,-9569.034488384375
2051,97.74999999999999,225.39999999999998,2036.0,Pembroke Refinery-distillation,385.192501827378,0.0,144.60895225355458,False,243.79264,225.39999999999998,-65.25159225355463,98849.57571442245,86822.38991189099,86822.38991189099,-25134.42406836667
2051,97.74999999999999,225.39999999999998,2036.0,Cornwall-W2E,103.46668499999998,119.04231499999996,145.15316997971505,False,0.0,225.39999999999998,177.9968300202849,0.0,23321.390798999993,50153.52859999998,39605.896650983566
2051,97.74999999999999,225.39999999999998,2036.0,Pembroke Refinery-power,675.2197973209334,0.0,146.4191539632569,False,243.79264,225.39999999999998,-67.06179396325695,173277.49154645816,152194.54231613837,152194.54231613837,-45281.45092784855
2051,97.74999999999999,225.39999999999998,2036.0,Lindsey Oil Refinery-remaining,163.5588306439668,0.0,148.07743604588833,False,243.79264,225.39999999999998,-68.72007604588839,41973.093808426915,36866.16042715011,36866.16042715011,-11239.775279829977
2051,97.74999999999999,225.39999999999998,2036.0,Pembroke Refinery-remaining,425.97759025615926,0.0,148.6969572317184,False,243.79264,225.39999999999998,-69.33959723171841,109316.00137830248,96015.34884373829,96015.34884373829,-29537.11453810006
2051,97.74999999999999,225.39999999999998,2036.0,Grangemouth Refinery-smr,114.1094479298628,0.0,149.4429641100151,False,243.79264,225.39999999999998,-70.08560411001514,29283.203747119776,25720.26956339107,25720.26956339107,-7997.42959282475
2051,97.74999999999999,225.39999999999998,2036.0,Milton Keynes ACT-W2E,35.066115,40.344885,149.91840922239953,False,0.0,225.39999999999998,173.23159077760045,0.0,7903.902321,16997.6394,13063.567492129627
2051,97.74999999999999,225.39999999999998,2036.0,Belfast ACT-W2E,48.48648,55.785519999999984,151.16178010182253,False,0.0,225.39999999999998,171.98821989817742,0.0,10928.852592,23502.908799999997,17933.555665222753
2051,97.74999999999999,225.39999999999998,2036.0,Grangemouth Refinery-power,288.1747074838908,0.0,151.2758042923232,False,243.79264,225.39999999999998,-71.91844429232322,73952.49759865843,64954.57906686898,64954.57906686898,-20725.07664663674
2051,97.74999999999999,225.39999999999998,2036.0,Peterborough-W2E,36.797775,42.33722499999999,151.58940342877088,False,0.0,225.39999999999998,171.5605965712291,0.0,8294.218485,17837.028999999995,13576.447809664212
2051,97.74999999999999,225.39999999999998,2036.0,Grangemouth Refinery-distillation,164.394967356582,0.0,151.9931581726091,False,243.79264,225.39999999999998,-72.63579817260916,42187.66641534206,37054.625642173574,37054.625642173574,-11940.95966950536
2051,97.74999999999999,225.39999999999998,2036.0,Pembroke Power Station-CCGT,5026.790800587,0.0,153.5814237169616,False,243.79264,225.39999999999998,-74.22406371696167,1289994.3157924404,1133038.6464523098,1133038.6464523098,-373108.84067460627
2051,97.74999999999999,225.39999999999998,2037.0,NewLincs-W2E,24.24324,27.892759999999992,154.91229031794154,False,0.0,225.39999999999998,168.23770968205844,0.0,5464.426296,11751.454399999999,8771.241231983799
2051,97.74999999999999,225.39999999999998,2037.0,Grangemouth Refinery-remaining,181.8014933119848,0.0,156.05875268873913,False,243.79264,225.39999999999998,-76.70139268873919,46654.59580049591,40978.056592521374,40978.056592521374,-13944.42772992174
2051,97.74999999999999,225.39999999999998,2037.0,Dudley-W2E,29.871135,34.367864999999995,157.17271920148522,False,0.0,225.39999999999998,165.97728079851476,0.0,6732.953828999999,14479.470599999997,10662.214541215788
2051,97.74999999999999,225.39999999999998,2037.0,Marchwood  Power  Station-CCGT,1815.7533444639,0.0,159.62812813767613,False,243.79264,225.39999999999998,-80.27076813767616,465965.5804586143,409270.803842163,409270.803842163,-145751.91570867173
2051,97.74999999999999,225.39999999999998,2037.0,Baddesley-W2E,41.55984,47.81616,160.35967910131896,False,0.0,225.39999999999998,162.790320898681,0.0,9367.587936,20145.3504,14549.547720640512
2051,97.74999999999999,225.39999999999998,2037.0,Enfield Power Station-CCGT,806.3891587964999,0.0,162.1675537167806,False,243.79264,225.39999999999998,-82.81019371678065,206938.67567408207,181760.11639273106,181760.11639273106,-66777.24245104995
2051,97.74999999999999,225.39999999999998,2037.0,Battlefield-W2E,39.82818,45.82381999999999,162.19804621799932,False,0.0,225.39999999999998,160.95195378200066,0.0,8977.271772,19305.960799999993,13785.856745335917
2051,97.74999999999999,225.39999999999998,2037.0,Saltend-CCGT,2179.7384288931,0.0,164.91708350379992,False,243.79264,225.39999999999998,-85.55972350379994,559372.8274624223,491313.04187250463,491313.04187250463,-186497.8172867009
2051,97.74999999999999,225.39999999999998,2037.0,Immingham-CCGT,2178.7933907240995,0.0,166.00773363458555,False,243.79264,225.39999999999998,-86.6503736345856,559130.3081465052,491100.030269212,491100.030269212,-188793.26137880888
2051,97.74999999999999,225.39999999999998,2037.0,Didcot B-CCGT,2663.1465497294994,0.0,168.98227960881977,False,243.79264,225.39999999999998,-89.62491960881982,683426.871647838,600273.2323090291,600273.2323090291,-238684.29542601228
2051,97.74999999999999,225.39999999999998,2038.0,Staythorpe Power Station-CCGT,3395.4703151412,0.0,169.40288726463294,False,243.79264,225.39999999999998,-90.045527264633,871358.6022841106,765339.0090328264,765339.0090328264,-305746.9148382989
2051,97.74999999999999,225.39999999999998,2038.0,Keadby-CCGT,1131.0949420923002,0.0,176.90140497406722,False,243.79264,225.39999999999998,-97.54404497406728,290265.9179192937,254948.79994760445,254948.79994760445,-110331.57590139136
2051,97.74999999999999,225.39999999999998,2038.0,Hooton Park ACT-W2E,35.499030000000005,40.84297,179.27780846771287,False,0.0,225.39999999999998,143.8721915322871,0.0,8001.481362,17207.486800000002,10983.490845957864
2051,97.74999999999999,225.39999999999998,2038.0,Exeter-W2E,27.273645,31.379354999999997,179.60333383475486,False,0.0,225.39999999999998,143.54666616524509,0.0,6147.479582999999,13220.386199999997,8419.442610590118
2051,97.74999999999999,225.39999999999998,2038.0,Bolton-W2E,35.066115,40.344885,181.92172711397333,False,0.0,225.39999999999998,141.22827288602662,0.0,7903.902321,16997.6394,10650.165286608153
2051,97.74999999999999,225.39999999999998,2038.0,West Burton B CCGT Power Station-CCGT,2228.0422268514,0.0,181.9230998694337,False,243.79264,225.39999999999998,-102.56573986943374,571768.7331742966,502200.7179323055,502200.7179323055,-228520.79945735456
2051,97.74999999999999,225.39999999999998,2039.0,Levenseat ACT-W2E,25.10907,28.888929999999995,183.8322948806435,False,0.0,225.39999999999998,139.31770511935645,0.0,5659.584378,12171.149199999996,7522.877441035008
2051,97.74999999999999,225.39999999999998,2039.0,Coolkeeragh-CCGT,722.1987379346999,0.0,184.70017000442445,False,243.79264,225.39999999999998,-105.3428100044245,185333.40729028278,162783.59553048134,162783.59553048134,-76078.44443569025
2051,97.74999999999999,225.39999999999998,2039.0,Carrington CCGT-CCGT,1673.6112263625,0.0,189.2092334567789,False,243.79264,225.39999999999998,-109.85187345677895,429488.5254826858,377231.9704221075,377231.9704221075,-183849.32865421797
2051,97.74999999999999,225.39999999999998,2039.0,Ballylumford-CCGT,1043.2211998752,0.0,195.1740589779237,False,243.79264,225.39999999999998,-115.81669897792375,267715.42149636074,235142.05845187005,235142.05845187005,-120822.43567333446
2051,97.74999999999999,225.39999999999998,2039.0,Glasgow ACT-W2E,60.60809999999999,69.73189999999998,195.93562567320143,False,0.0,225.39999999999998,127.21437432679853,0.0,13661.065739999996,29378.63599999999,16581.121549754916
2051,97.74999999999999,225.39999999999998,2039.0,NESS-W2E,42.858585,49.31041499999999,198.75501981615415,False,0.0,225.39999999999998,124.39498018384582,0.0,9660.325058999999,20774.892599999996,11465.360928564884
2051,97.74999999999999,225.39999999999998,2039.0,Energy Works ACT-W2E,13.420365,15.440635,201.40339180076796,False,0.0,225.39999999999998,121.746608199232,0.0,3024.9502709999997,6505.269399999999,3513.728859238035
2051,97.74999999999999,225.39999999999998,2039.0,Eco Park ACT-W2E,13.85328,15.938719999999996,202.93011759687164,False,0.0,225.39999999999998,120.21988240312832,0.0,3122.5293119999997,6715.116799999998,3581.5907365539983
2051,97.74999999999999,225.39999999999998,2039.0,Kilroot-CCGT,1059.7392638186998,0.0,207.3906503608189,False,243.79264,225.39999999999998,-128.03329036081897,271954.35035580775,238865.2300647349,238865.2300647349,-135681.90487126014
2051,97.74999999999999,225.39999999999998,2039.0,Kings Lynn Power Station-CCGT,607.5685909533,0.0,208.8847375922057,False,243.79264,225.39999999999998,-129.52737759220577,155916.57975745804,136945.96040087382,136945.96040087382,-78696.76629357251
2051,97.74999999999999,225.39999999999998,2039.0,Spalding-CCGT,1332.8402058705,0.0,210.92034860788132,False,243.79264,225.39999999999998,-131.56298860788138,342038.5605129608,300422.18240321067,300422.18240321067,-175352.44082106688
2051,97.74999999999999,225.39999999999998,2039.0,Seabank-CCGT,1626.4197752931002,0.0,215.24318898826735,False,243.79264,225.39999999999998,-135.8858289882674,417378.07449148595,366595.0173510648,366595.0173510648,-221007.3994486145
2051,97.74999999999999,225.39999999999998,2039.0,Shoreham Power Station-CCGT,584.0626047023999,0.0,223.96100678992715,False,243.79264,225.39999999999998,-144.6036467899272,149884.38350071,131647.7110999209,131647.7110999209,-84457.5825935907
2051,97.74999999999999,225.39999999999998,2039.0,Damhead Creek Power Station-CCGT,973.8051514482,0.0,231.84613890879083,False,243.79264,225.39999999999998,-152.4887789087909,249901.60917595433,219495.68113642427,219495.68113642427,-148494.3584394262
2051,97.74999999999999,225.39999999999998,2040.0,Cottam Development Centre-CCGT,550.2910471575,0.0,238.4158800035795,False,243.79264,225.39999999999998,-159.05852000357953,141217.79700514887,124035.60202930048,124035.60202930048,-87528.47953209194
2051,97.74999999999999,225.39999999999998,2040.0,Great Yarmouth Power Station-CCGT,566.475305193,0.0,240.013145571761,False,243.79264,225.39999999999998,-160.65578557176104,145371.06331348128,127683.5337905022,127683.5337905022,-91007.53516278451
2051,97.74999999999999,225.39999999999998,2040.0,Little Barford-CCGT,876.2518953272998,0.0,240.7576776464302,False,243.79264,225.39999999999998,-161.40031764643027,224867.11880720645,197507.17720677337,197507.17720677337,-141427.33424411278
2051,97.74999999999999,225.39999999999998,2040.0,South Humber-CCGT,1415.4141864696,0.0,246.5252661657621,False,243.79264,225.39999999999998,-167.16790616576213,363229.0118030274,319034.35763024783,319034.35763024783,-236611.82590943866
2051,97.74999999999999,225.39999999999998,2040.0,Langage Energy Centre-CCGT,1099.7517366462,0.0,250.05603522765227,False,243.79264,225.39999999999998,-170.6986752276523,282222.5044437493,247884.04144005346,247884.04144005346,-187726.1645248163
2051,97.74999999999999,225.39999999999998,2040.0,Grain CCGT-CCGT,1560.6667908717,0.0,256.5493066919562,False,243.79264,225.39999999999998,-177.19194669195622,400504.2916915154,351774.2946624811,351774.2946624811,-276537.58681204467
2051,97.74999999999999,225.39999999999998,2040.0,Peterhead Power Station-CCGT,1283.3503468848,0.0,275.097064063588,False,243.79264,225.39999999999998,-195.73970406358802,329338.2832757486,289267.1681878339,289267.1681878339,-251202.6171091338
2051,97.74999999999999,225.39999999999998,2040.0,Connahs Quay Power Station-CCGT,1302.9522420993,0.0,279.14393107084203,False,243.79264,225.39999999999998,-199.78657107084206,334368.5967319026,293685.4353691822,293685.4353691822,-260312.36071808482
2051,97.74999999999999,225.39999999999998,2040.0,Medway-CCGT,611.8560400155001,0.0,311.36638697059976,False,243.79264,225.39999999999998,-232.0090269705998,157016.84136349938,137912.3514194937,137912.3514194937,-141956.12449008055
2051,97.74999999999999,225.39999999999998,,Isle of Wight-W2E,0.0,0.0,378.6296091247897,False,0.0,0.0,0.0,0.0,0.0,0.0,0.0
2051,97.74999999999999,225.39999999999998,,Coryton-CCGT,0.0,0.0,386.8501086268143,False,243.79264,0.0,-243.79264,131344.92432013157,0.0,0.0,-131344.92432013157
2051,97.74999999999999,225.39999999999998,,Rye House-CCGT,0.0,0.0,392.2249091956061,False,243.79264,0.0,-243.79264,117855.21792016068,0.0,0.0,-117855.21792016068
2051,97.74999999999999,225.39999999999998,,Rocksavage-CCGT,0.0,0.0,430.77402140379735,False,243.79264,0.0,-243.79264,117460.95782214045,0.0,0.0,-117460.95782214045
2052,97.74999999999999,225.39999999999998,2026.0,Tees Valley-W2E,304.33924500000006,350.153755,88.11948048189508,False,0.0,225.39999999999998,225.39999999999998,0.0,68598.06582300001,147522.7222,147522.7222
2052,97.74999999999999,225.39999999999998,2027.0,Runcorn-W2E,411.702165,473.6788349999999,92.55278428419912,False,0.0,225.39999999999998,225.39999999999998,0.0,92797.66799099998,199564.87739999994,199564.87739999994
2052,97.74999999999999,225.39999999999998,2027.0,Riverside-W2E,342.00285,393.48714999999993,95.11886046105766,False,0.0,225.39999999999998,225.39999999999998,0.0,77087.44239,165779.446,165779.446
2052,97.74999999999999,225.39999999999998,2028.0,Wilton 11-W2E,178.79389499999996,205.70910499999997,95.57551058511204,False,0.0,225.39999999999998,225.39999999999998,0.0,40300.143932999985,86666.97619999998,86666.97619999998
2052,97.74999999999999,225.39999999999998,2028.0,Scunthorpe Power Station-chp,1562.2594042965,0.0,96.72056387395656,False,262.90656,225.39999999999998,-37.506560000000036,432345.5219065706,352133.26972843107,352133.26972843107,-58594.97608281099
2052,97.74999999999999,225.39999999999998,2029.0,Ferrybridge FM1-W2E,285.29098500000003,328.238015,98.85154951082956,False,0.0,225.39999999999998,224.29845048917042,0.0,64304.588019,138289.4366,137613.60403017025
2052,97.74999999999999,225.39999999999998,2029.0,Ferrybridge FM2-W2E,283.559325,326.24567499999995,98.9301306912529,False,0.0,225.39999999999998,224.21986930874706,0.0,63914.27185499999,137450.04699999996,136730.3974038205
2052,97.74999999999999,225.39999999999998,2029.0,Drax-BECCS,0.0,10924.999999999998,99.24068628496312,False,0.0,225.39999999999998,223.90931371503683,0.0,0.0,2462494.9999999995,2446209.252336777
2052,97.74999999999999,225.39999999999998,2032.0,Kemsley-W2E,245.02989,281.91610999999995,99.80091077600858,False,0.0,225.39999999999998,223.34908922399137,0.0,55229.73720599999,118773.62839999997,117692.90917022534
2052,97.74999999999999,225.39999999999998,2032.0,Allington-W2E,202.60422000000003,233.10378,100.90154534306674,False,0.0,225.39999999999998,222.24845465693323,0.0,45666.991188,98208.5832,96835.42968166307
2052,97.74999999999999,225.39999999999998,2032.0,Scunthorpe Blast Furnaces-stove,994.2298168221,0.0,101.76356955343398,False,262.90656,225.39999999999998,-41.520129553434,275146.8852527668,224099.4007117013,224099.4007117013,-41280.55080034055
2052,97.74999999999999,225.39999999999998,2032.0,Edmonton-W2E,209.53086,241.07314,102.28156448231805,False,0.0,225.39999999999998,220.86843551768192,0.0,47228.25584399999,101566.14159999999,99524.20051800954
2052,97.74999999999999,225.39999999999998,2032.0,Rookery South C-W2E,255.41985,293.8701499999999,103.38827027423388,False,0.0,225.39999999999998,219.7617297257661,0.0,57571.63419,123809.96599999999,120712.92052106604
2052,97.74999999999999,225.39999999999998,2032.0,SELCHP-W2E,169.269765,194.751235,105.54933952858303,False,0.0,225.39999999999998,217.60066047141692,0.0,38153.405030999995,82050.33339999999,79211.21002546565
2052,97.74999999999999,225.39999999999998,2032.0,Lakeside-W2E,178.79389499999996,205.70910499999997,105.75229786444092,False,0.0,225.39999999999998,217.39770213555903,0.0,40300.143932999985,86666.97619999998,83590.06866422883
2052,97.74999999999999,225.39999999999998,2032.0,Trident Park-W2E,177.92806500000003,204.712935,106.89966600386146,False,0.0,225.39999999999998,216.25033399613852,0.0,40104.985851000005,86247.28139999999,82746.24405061644
2052,97.74999999999999,225.39999999999998,2032.0,Severnside-W2E,173.598915,199.732085,107.69026084360516,False,0.0,225.39999999999998,215.4597391563948,0.0,39129.195440999996,84148.80739999999,80437.79987899603
2052,97.74999999999999,225.39999999999998,2033.0,Avonmouth-W2E,169.269765,194.751235,108.09353634841528,False,0.0,225.39999999999998,215.0564636515847,0.0,38153.405030999995,82050.33339999999,78285.06895491351
2052,97.74999999999999,225.39999999999998,2033.0,Beddington Lane-W2E,143.29486500000002,164.866135,108.33273184526364,False,0.0,225.39999999999998,214.81726815473633,0.0,32298.662571,69459.4894,66198.30417183171
2052,97.74999999999999,225.39999999999998,2033.0,Tyseley-W2E,157.148145,180.80485499999995,109.84350345016378,False,0.0,225.39999999999998,213.3064965498362,0.0,35421.191883,76174.60619999998,72087.57042850679
2052,97.74999999999999,225.39999999999998,2033.0,Allerton Park-W2E,117.31996499999998,134.98103499999996,110.24876424941378,False,0.0,225.39999999999998,212.90123575058618,0.0,26443.920110999992,56868.64539999998,53715.19468110863
2052,97.74999999999999,225.39999999999998,2033.0,Four Ashes-W2E,143.29486500000002,164.866135,111.41254904821844,False,0.0,225.39999999999998,211.7374509517815,0.0,32298.662571,69459.4894,65249.22462275196
2052,97.74999999999999,225.39999999999998,2033.0,Ardley-W2E,147.19109999999998,169.34889999999996,111.75263386171072,False,0.0,225.39999999999998,211.39736613828924,0.0,33176.87393999999,71348.11599999998,66915.72227741407
2052,97.74999999999999,225.39999999999998,2033.0,Great Blakenham-W2E,127.709925,146.93507499999996,111.99950117220564,False,0.0,225.39999999999998,211.1504988277943,0.0,28785.817095,61904.98299999999,57991.428750559564
2052,97.74999999999999,225.39999999999998,2033.0,North Hykeham-W2E,76.625955,88.16104499999999,112.24726485697003,False,0.0,225.39999999999998,210.90273514302993,0.0,17271.490256999998,37142.98979999999,34754.029016014465
2052,97.74999999999999,225.39999999999998,2033.0,Scunthorpe Sinter-sinter,633.6026468814001,0.0,112.48245883079248,False,262.90656,225.39999999999998,-52.23901883079253,175345.57084050908,142814.03660706757,142814.03660706757,-33098.78060167745
2052,97.74999999999999,225.39999999999998,2033.0,Coventry-W2E,126.41118,145.44081999999997,114.86629159129888,False,0.0,225.39999999999998,208.2837084087011,0.0,28493.079971999996,61275.44079999999,56622.34269832221
2052,97.74999999999999,225.39999999999998,2033.0,Greatmoor-W2E,119.48454,137.47145999999998,115.52278790869914,False,0.0,225.39999999999998,207.6272120913008,0.0,26931.815315999997,57917.88239999999,53351.05791013228
2052,97.74999999999999,225.39999999999998,2033.0,South Killingholme-crackers,381.3657875526,0.0,119.41657844198282,False,262.90656,225.39999999999998,-59.17313844198287,105540.59716541567,85959.84851435604,85959.84851435604,-22566.61054388583
2052,97.74999999999999,225.39999999999998,2033.0,Marchwood-W2E,90.479235,104.09976499999998,119.76307582774996,False,0.0,225.39999999999998,203.38692417225002,0.0,20394.019569,43858.10659999999,39574.824318512234
2052,97.74999999999999,225.39999999999998,2033.0,New Rugby-cement,866.2032106008,0.0,119.94033644561048,False,97.27542720000001,225.39999999999998,105.93423635438947,88695.03931916252,195242.2036694203,195242.2036694203,91760.57564271615
2052,97.74999999999999,225.39999999999998,2033.0,Dunbar-W2E,154.11774,177.31825999999995,120.88122377816076,False,0.0,225.39999999999998,202.2687762218392,0.0,34738.138596,74705.67439999997,67039.15411586149
2052,97.74999999999999,225.39999999999998,2033.0,Portsmouth-W2E,82.25384999999999,94.63614999999996,121.9344089585544,False,0.0,225.39999999999998,201.21559104144558,0.0,18540.017789999994,39871.00599999998,35593.02589932129
2052,97.74999999999999,225.39999999999998,2033.0,Grangemouth Power Station-CCGT,502.2772817634001,0.0,122.37005813568526,False,262.90656,225.39999999999998,-62.126618135685305,139002.09717322767,113213.29930947037,113213.29930947037,-31204.78888234477
2052,97.74999999999999,225.39999999999998,2034.0,Newhurst-W2E,129.00867,148.42932999999996,122.92780800610014,False,0.0,225.39999999999998,200.22219199389983,0.0,29078.554217999997,62534.52519999999,55549.24450240358
2052,97.74999999999999,225.39999999999998,2034.0,Fawley Refinery-crackers,600.55012751238,0.0,123.76948009124162,False,262.90656,225.39999999999998,-63.52604009124167,166198.49277035918,135363.99874129042,135363.99874129042,-38150.571477151745
2052,97.74999999999999,225.39999999999998,2034.0,South Killingholme-smr,225.005814656034,0.0,124.23754446793583,False,262.90656,225.39999999999998,-63.99410446793587,62268.952327595245,50716.31062347006,50716.31062347006,-14399.045608991257
2052,97.74999999999999,225.39999999999998,2034.0,Hope Cement Works-cement,1003.4760721869,0.0,124.28720193448665,False,97.27542720000001,225.39999999999998,101.58737086551331,102751.11958627237,226183.50667092722,226183.50667092722,101940.4958999192
2052,97.74999999999999,225.39999999999998,2034.0,Parc Adfer-W2E,89.61340500000001,103.103595,125.7346990960452,False,0.0,225.39999999999998,197.41530090395474,0.0,20198.861487000002,43438.4118,38045.28454430745
2052,97.74999999999999,225.39999999999998,2034.0,Eastcroft-W2E,80.52219,92.64380999999996,125.9173094124788,False,0.0,225.39999999999998,197.23269058752118,0.0,18149.701626,39031.616399999984,34153.99609827868
2052,97.74999999999999,225.39999999999998,2034.0,Tunstead Cement-cement,621.4191773385,0.0,126.32727118201583,False,97.27542720000001,225.39999999999998,99.54730161798412,63630.33257460543,140067.8825720979,140067.8825720979,61860.602277715225
2052,97.74999999999999,225.39999999999998,2034.0,Stanlow Refinery-crackers,352.7227045224,0.0,127.0371190337797,False,262.90656,225.39999999999998,-66.79367903377977,97613.8030314533,79503.69759934896,79503.69759934896,-23559.647113795927
2052,97.74999999999999,225.39999999999998,2034.0,Fawley Refinery-smr,354.32457523230414,0.0,127.12699478695876,False,262.90656,225.39999999999998,-66.88355478695883,98057.1107345119,79864.75925736135,79864.75925736135,-23698.487139915727
2052,97.74999999999999,225.39999999999998,2034.0,Millerhill-W2E,70.565145,81.18785499999998,127.43285186483614,False,0.0,225.39999999999998,195.71714813516382,0.0,15905.383682999998,34205.12619999999,29700.664380955513
2052,97.74999999999999,225.39999999999998,2034.0,Padeswood-cement,470.6002227744,0.0,127.4850460006812,False,97.27542720000001,225.39999999999998,98.38952679931876,48187.197590310454,106073.29021334974,106073.29021334974,46302.13323042721
2052,97.74999999999999,225.39999999999998,2034.0,South Killingholme-distillation,324.16091941971,0.0,128.70945593540847,False,262.90656,225.39999999999998,-68.4660159354085,89709.50759060332,73065.87123720263,73065.87123720263,-22194.00667462654
2052,97.74999999999999,225.39999999999998,2034.0,Ketton-cement,635.4803405793001,0.0,129.98256974643843,False,97.27542720000001,225.39999999999998,95.89200305356152,65070.128007424115,143237.26876657424,143237.26876657424,60937.482759308565
2052,97.74999999999999,225.39999999999998,2034.0,South Killingholme-power,568.235023453374,0.0,130.1966886940948,False,262.90656,225.39999999999998,-69.95324869409484,157255.48977646933,128080.17428639048,128080.17428639048,-39749.88591232868
2052,97.74999999999999,225.39999999999998,2034.0,Newhaven-W2E,91.77798,105.59401999999996,130.2947760528612,False,0.0,225.39999999999998,192.85522394713877,0.0,20686.756692,44487.64879999999,38064.221260894665
2052,97.74999999999999,225.39999999999998,2034.0,Leeds-W2E,77.05887,88.65912999999998,130.72273227888334,False,0.0,225.39999999999998,192.4272677211166,0.0,17369.069298,37352.83719999999,31888.661952207993
2052,97.74999999999999,225.39999999999998,2034.0,Ribblesdale-cement,487.7708319975,0.0,131.22283623409905,False,97.27542720000001,225.39999999999998,94.6517365659009,49945.38532448025,109943.54553223649,109943.54553223649,46168.35629475768
2052,97.74999999999999,225.39999999999998,2035.0,Hanford-W2E,80.08927500000001,92.145725,131.66934911672453,False,0.0,225.39999999999998,191.48065088327542,0.0,18052.122585,38821.769,32979.669904880946
2052,97.74999999999999,225.39999999999998,2035.0,Fawley Refinery-distillation,510.4676083855231,0.0,132.12222727391224,False,262.90656,225.39999999999998,-71.87878727391228,141268.7188548053,115059.3989300969,115059.3989300969,-36691.792633365774
2052,97.74999999999999,225.39999999999998,2035.0,Stanlow Refinery-smr,208.10639566821592,0.0,132.18064919232714,False,262.90656,225.39999999999998,-71.9372091923272,57592.14378855744,46907.181583615864,46907.181583615864,-14970.593319445665
2052,97.74999999999999,225.39999999999998,2035.0,Kirklees-W2E,57.14477999999999,65.74721999999997,132.2826363227577,False,0.0,225.39999999999998,190.86736367724228,0.0,12880.433411999997,27699.85679999999,23456.07205702365
2052,97.74999999999999,225.39999999999998,2035.0,Lindsey Oil Refinery-crackers,173.99875600422,0.0,132.48929210893525,False,262.90656,225.39999999999998,-72.24585210893531,48153.0677740514,39219.319603351185,39219.319603351185,-12570.6883934196
2052,97.74999999999999,225.39999999999998,2035.0,South Killingholme-remaining,358.48384029944395,0.0,132.82916790483205,False,262.90656,225.39999999999998,-72.58572790483208,99208.16133549075,80802.25760349465,80802.25760349465,-26020.810490254717
2052,97.74999999999999,225.39999999999998,2035.0,Fawley Refinery-power,894.8196899934462,0.0,134.32186480576613,False,262.90656,225.39999999999998,-74.07842480576619,247635.7542278351,201692.35812452275,201692.35812452275,-66286.83311989853
2052,97.74999999999999,225.39999999999998,2035.0,Baldovie-W2E,81.38802,93.63997999999998,134.50224562921326,False,0.0,225.39999999999998,188.64775437078669,0.0,18344.859707999996,39451.31119999999,33018.639152010044
2052,97.74999999999999,225.39999999999998,2035.0,Pembroke Refinery-crackers,453.1676492086801,0.0,135.6974630648525,False,262.90656,225.39999999999998,-75.45402306485255,125411.31342814822,102143.98813163648,102143.98813163648,-34193.322255636755
2052,97.74999999999999,225.39999999999998,2035.0,Fawley Refinery-remaining,564.5171198616373,0.0,136.13383164089475,False,262.90656,225.39999999999998,-75.89039164089479,156226.58320413763,127242.15881681304,127242.15881681304,-42841.425314289605
2052,97.74999999999999,225.39999999999998,2035.0,Stanlow Refinery-distillation,299.81429884404,0.0,136.513911998797,False,262.90656,225.39999999999998,-76.27047199879706,82971.7325767353,67578.14295944662,67578.14295944662,-22866.978084823328
2052,97.74999999999999,225.39999999999998,2035.0,Dunbar Works-cement,421.0548381849,0.0,136.98298025518972,False,97.27542720000001,225.39999999999998,88.89159254481024,43113.98869375055,94905.76052687645,94905.76052687645,37428.23511495314
2052,97.74999999999999,225.39999999999998,2035.0,Stanlow Refinery-power,525.5568297383759,0.0,137.82970188412523,False,262.90656,225.39999999999998,-77.58626188412529,145444.5665168654,118460.50942302991,118460.50942302991,-40775.98982707228
2052,97.74999999999999,225.39999999999998,2035.0,Hartlebury-W2E,90.91214999999998,104.59784999999997,138.13632582553586,False,0.0,225.39999999999998,185.0136741744641,0.0,20491.598609999994,44067.95399999998,36172.023437849464
2052,97.74999999999999,225.39999999999998,2035.0,Cauldon Cement-cement,510.3056236515,0.0,138.4784310020895,False,97.27542720000001,225.39999999999998,87.39614179791045,52252.839519223264,115022.8875710481,115022.8875710481,44598.74264491762
2052,97.74999999999999,225.39999999999998,2035.0,Javelin Park-W2E,81.38802,93.63997999999998,139.3228290773164,False,0.0,225.39999999999998,183.82717092268354,0.0,18344.859707999996,39451.31119999999,32174.90207225545
2052,97.74999999999999,225.39999999999998,2035.0,Sheffield-W2E,100.003365,115.05763499999998,139.8343235952813,False,0.0,225.39999999999998,183.31567640471866,0.0,22540.758470999997,48474.74939999999,39424.05268327519
2052,97.74999999999999,225.39999999999998,2035.0,Pembroke Refinery-smr,267.3689130331212,0.0,139.8863360016444,False,262.90656,225.39999999999998,-79.64289600164443,73992.67492260745,60264.95299766551,60264.95299766551,-21294.034534769587
2052,97.74999999999999,225.39999999999998,2035.0,Chineham-W2E,44.590245,51.30275499999999,140.32141856258616,False,0.0,225.39999999999998,182.8285814374138,0.0,10050.641223,21614.282199999998,17531.98115977792
2052,97.74999999999999,225.39999999999998,2035.0,Stanlow Refinery-remaining,331.559342251056,0.0,140.6432980315675,False,262.90656,225.39999999999998,-80.39985803156753,91756.97484956609,74733.47574338801,74733.47574338801,-26657.324046024816
2052,97.74999999999999,225.39999999999998,2035.0,Grangemouth Refinery-crackers,193.40584394892005,0.0,140.79770433532283,False,262.90656,225.39999999999998,-80.5542643353229,53523.858017376195,43593.67722608658,43593.67722608658,-15579.665477457516
2052,97.74999999999999,225.39999999999998,2035.0,Lindsey Oil Refinery-smr,102.6592660424898,0.0,141.9929815759613,False,262.90656,225.39999999999998,-81.74954157596136,28410.309986690325,23139.3985659772,23139.3985659772,-8392.347937498198
2052,97.74999999999999,225.39999999999998,2035.0,Lindsey Oil Refinery-power,259.2581464462878,0.0,142.81115560903552,False,262.90656,225.39999999999998,-82.56771560903559,71748.0709833366,58436.78620899327,58436.78620899327,-21406.35290510279
2052,97.74999999999999,225.39999999999998,2036.0,Wolverhampton-W2E,42.42567,48.81233,142.87736864384428,False,0.0,225.39999999999998,180.27263135615567,0.0,9562.746017999998,20565.045199999997,16447.71433967293
2052,97.74999999999999,225.39999999999998,2036.0,Devonport-W2E,111.259155,128.00784499999995,143.82236892306247,False,0.0,225.39999999999998,179.3276310769375,0.0,25077.813536999998,53930.78179999998,42907.184304885595
2052,97.74999999999999,225.39999999999998,2036.0,Lindsey Oil Refinery-distillation,147.89894260358702,0.0,144.05717677984146,False,262.90656,225.39999999999998,-83.81373677984152,40930.1076079437,33336.42166284851,33336.42166284851,-12395.963045393932
2052,97.74999999999999,225.39999999999998,2036.0,Pembroke Refinery-distillation,385.192501827378,0.0,144.60895225355458,False,262.90656,225.39999999999998,-84.36551225355464,106599.61641392599,86822.38991189099,86822.38991189099,-32496.962732895026
2052,97.74999999999999,225.39999999999998,2036.0,Cornwall-W2E,103.46668499999998,119.04231499999996,145.15316997971505,False,0.0,225.39999999999998,177.9968300202849,0.0,23321.390798999993,50153.52859999998,39605.896650983566
2052,97.74999999999999,225.39999999999998,2036.0,Pembroke Refinery-power,675.2197973209334,0.0,146.4191539632569,False,262.90656,225.39999999999998,-86.17571396325695,186862.85700794082,152194.54231613837,152194.54231613837,-58187.54811625709
2052,97.74999999999999,225.39999999999998,2036.0,Lindsey Oil Refinery-remaining,163.5588306439668,0.0,148.07743604588833,False,262.90656,225.39999999999998,-87.8339960458884,45263.88370760832,36866.16042715011,36866.16042715011,-14366.025684052309
2052,97.74999999999999,225.39999999999998,2036.0,Pembroke Refinery-remaining,425.97759025615926,0.0,148.6969572317184,False,262.90656,225.39999999999998,-88.45351723171842,117886.63462245933,96015.34884373829,96015.34884373829,-37679.216120049074
2052,97.74999999999999,225.39999999999998,2036.0,Grangemouth Refinery-smr,114.1094479298628,0.0,149.4429641100151,False,262.90656,225.39999999999998,-89.19952411001515,31579.076230251947,25720.26956339107,25720.26956339107,-10178.508451800315
2052,97.74999999999999,225.39999999999998,2036.0,Milton Keynes ACT-W2E,35.066115,40.344885,149.91840922239953,False,0.0,225.39999999999998,173.23159077760045,0.0,7903.902321,16997.6394,13063.567492129627
2052,97.74999999999999,225.39999999999998,2036.0,Belfast ACT-W2E,48.48648,55.785519999999984,151.16178010182253,False,0.0,225.39999999999998,171.98821989817742,0.0,10928.852592,23502.908799999997,17933.555665222753
2052,97.74999999999999,225.39999999999998,2036.0,Grangemouth Refinery-power,288.1747074838908,0.0,151.2758042923232,False,262.90656,225.39999999999998,-91.03236429232322,79750.54844589053,64954.57906686898,64954.57906686898,-26233.224951507233
2052,97.74999999999999,225.39999999999998,2036.0,Peterborough-W2E,36.797775,42.33722499999999,151.58940342877088,False,0.0,225.39999999999998,171.5605965712291,0.0,8294.218485,17837.028999999995,13576.447809664212
2052,97.74999999999999,225.39999999999998,2036.0,Grangemouth Refinery-distillation,164.394967356582,0.0,151.9931581726091,False,262.90656,225.39999999999998,-91.74971817260916,45495.27931476977,37054.625642173574,37054.625642173574,-15083.19192396168
2052,97.74999999999999,225.39999999999998,2036.0,Pembroke Power Station-CCGT,5026.790800587,0.0,153.5814237169616,False,262.90656,225.39999999999998,-93.33798371696167,1391132.923391552,1133038.6464523098,1133038.6464523098,-469190.51789376215
2052,97.74999999999999,225.39999999999998,2037.0,NewLincs-W2E,24.24324,27.892759999999992,154.91229031794154,False,0.0,225.39999999999998,168.23770968205844,0.0,5464.426296,11751.454399999999,8771.241231983799
2052,97.74999999999999,225.39999999999998,2037.0,Grangemouth Refinery-remaining,181.8014933119848,0.0,156.05875268873913,False,262.90656,225.39999999999998,-95.8153126887392,50312.42653633361,40978.056592521374,40978.056592521374,-17419.366928967553
2052,97.74999999999999,225.39999999999998,2037.0,Dudley-W2E,29.871135,34.367864999999995,157.17271920148522,False,0.0,225.39999999999998,165.97728079851476,0.0,6732.953828999999,14479.470599999997,10662.214541215788
2052,97.74999999999999,225.39999999999998,2037.0,Marchwood  Power  Station-CCGT,1815.7533444639,0.0,159.62812813767613,False,262.90656,225.39999999999998,-99.38468813767616,502498.38484368316,409270.803842163,409270.803842163,-180458.0798744872
2052,97.74999999999999,225.39999999999998,2037.0,Baddesley-W2E,41.55984,47.81616,160.35967910131896,False,0.0,225.39999999999998,162.790320898681,0.0,9367.587936,20145.3504,14549.547720640512
2052,97.74999999999999,225.39999999999998,2037.0,Enfield Power Station-CCGT,806.3891587964999,0.0,162.1675537167806,False,262.90656,225.39999999999998,-101.92411371678065,223163.15764261218,181760.11639273106,181760.11639273106,-82190.50032115355
2052,97.74999999999999,225.39999999999998,2037.0,Battlefield-W2E,39.82818,45.82381999999999,162.19804621799932,False,0.0,225.39999999999998,160.95195378200066,0.0,8977.271772,19305.960799999993,13785.856745335917
2052,97.74999999999999,225.39999999999998,2037.0,Saltend-CCGT,2179.7384288931,0.0,164.91708350379992,False,262.90656,225.39999999999998,-104.67364350379995,603228.9810948311,491313.04187250463,491313.04187250463,-228161.16323748932
2052,97.74999999999999,225.39999999999998,2037.0,Immingham-CCGT,2178.7933907240995,0.0,166.00773363458555,False,262.90656,225.39999999999998,-105.76429363458561,602967.4476905359,491100.030269212,491100.030269212,-230438.54394563808
2052,97.74999999999999,225.39999999999998,2037.0,Didcot B-CCGT,2663.1465497294994,0.0,168.98227960881977,False,262.90656,225.39999999999998,-108.73883960881983,737009.155963423,600273.2323090291,600273.2323090291,-289587.46552581794
2052,97.74999999999999,225.39999999999998,2038.0,Staythorpe Power Station-CCGT,3395.4703151412,0.0,169.40288726463294,False,262.90656,225.39999999999998,-109.159447264633,939675.1790904093,765339.0090328264,765339.0090328264,-370647.6628042826
2052,97.74999999999999,225.39999999999998,2038.0,Keadby-CCGT,1131.0949420923002,0.0,176.90140497406722,False,262.90656,225.39999999999998,-116.65796497406728,313023.4529040904,254948.79994760445,254948.79994760445,-131951.23413694822
2052,97.74999999999999,225.39999999999998,2038.0,Hooton Park ACT-W2E,35.499030000000005,40.84297,179.27780846771287,False,0.0,225.39999999999998,143.8721915322871,0.0,8001.481362,17207.486800000002,10983.490845957864
2052,97.74999999999999,225.39999999999998,2038.0,Exeter-W2E,27.273645,31.379354999999997,179.60333383475486,False,0.0,225.39999999999998,143.54666616524509,0.0,6147.479582999999,13220.386199999997,8419.442610590118
2052,97.74999999999999,225.39999999999998,2038.0,Bolton-W2E,35.066115,40.344885,181.92172711397333,False,0.0,225.39999999999998,141.22827288602662,0.0,7903.902321,16997.6394,10650.165286608153
2052,97.74999999999999,225.39999999999998,2038.0,West Burton B CCGT Power Station-CCGT,2228.0422268514,0.0,181.9230998694337,False,262.90656,225.39999999999998,-121.67965986943375,616596.7551539382,502200.7179323055,502200.7179323055,-271107.4203380141
2052,97.74999999999999,225.39999999999998,2039.0,Levenseat ACT-W2E,25.10907,28.888929999999995,183.8322948806435,False,0.0,225.39999999999998,139.31770511935645,0.0,5659.584378,12171.149199999996,7522.877441035008
2052,97.74999999999999,225.39999999999998,2039.0,Coolkeeragh-CCGT,722.1987379346999,0.0,184.70017000442445,False,262.90656,225.39999999999998,-124.45673000442451,199863.98508079312,162783.59553048134,162783.59553048134,-89882.49333667508
2052,97.74999999999999,225.39999999999998,2039.0,Carrington CCGT-CCGT,1673.6112263625,0.0,189.2092334567789,False,262.90656,225.39999999999998,-128.96579345677895,463161.4424214171,377231.9704221075,377231.9704221075,-215838.5997460127
2052,97.74999999999999,225.39999999999998,2039.0,Ballylumford-CCGT,1043.2211998752,0.0,195.1740589779237,False,262.90656,225.39999999999998,-134.93061897792376,288704.9441876435,235142.05845187005,235142.05845187005,-140762.48223005305
2052,97.74999999999999,225.39999999999998,2039.0,Glasgow ACT-W2E,60.60809999999999,69.73189999999998,195.93562567320143,False,0.0,225.39999999999998,127.21437432679853,0.0,13661.065739999996,29378.63599999999,16581.121549754916
2052,97.74999999999999,225.39999999999998,2039.0,NESS-W2E,42.858585,49.31041499999999,198.75501981615415,False,0.0,225.39999999999998,124.39498018384582,0.0,9660.325058999999,20774.892599999996,11465.360928564884
2052,97.74999999999999,225.39999999999998,2039.0,Energy Works ACT-W2E,13.420365,15.440635,201.40339180076796,False,0.0,225.39999999999998,121.746608199232,0.0,3024.9502709999997,6505.269399999999,3513.728859238035
2052,97.74999999999999,225.39999999999998,2039.0,Eco Park ACT-W2E,13.85328,15.938719999999996,202.93011759687164,False,0.0,225.39999999999998,120.21988240312832,0.0,3122.5293119999997,6715.116799999998,3581.5907365539983
2052,97.74999999999999,225.39999999999998,2039.0,Kilroot-CCGT,1059.7392638186998,0.0,207.3906503608189,False,262.90656,225.39999999999998,-147.14721036081897,293276.2151026388,238865.2300647349,238865.2300647349,-155937.67638074965
2052,97.74999999999999,225.39999999999998,2039.0,Kings Lynn Power Station-CCGT,607.5685909533,0.0,208.8847375922057,False,262.90656,225.39999999999998,-148.64129759220577,168140.8086437676,136945.96040087382,136945.96040087382,-90309.78373556661
2052,97.74999999999999,225.39999999999998,2039.0,Spalding-CCGT,1332.8402058705,0.0,210.92034860788132,False,262.90656,225.39999999999998,-150.6769086078814,368855.1932159,300422.18240321067,300422.18240321067,-200828.24188885916
2052,97.74999999999999,225.39999999999998,2039.0,Seabank-CCGT,1626.4197752931002,0.0,215.24318898826735,False,262.90656,225.39999999999998,-154.9997489882674,450101.50340871786,366595.0173510648,366595.0173510648,-252094.65691998482
2052,97.74999999999999,225.39999999999998,2039.0,Shoreham Power Station-CCGT,584.0626047023999,0.0,223.96100678992715,False,262.90656,225.39999999999998,-163.71756678992722,161635.67392310296,131647.7110999209,131647.7110999209,-95621.30849486402
2052,97.74999999999999,225.39999999999998,2039.0,Damhead Creek Power Station-CCGT,973.8051514482,0.0,231.84613890879083,False,262.90656,225.39999999999998,-171.6026989087909,269494.4868184478,219495.68113642427,219495.68113642427,-167107.592199795
2052,97.74999999999999,225.39999999999998,2040.0,Cottam Development Centre-CCGT,550.2910471575,0.0,238.4158800035795,False,262.90656,225.39999999999998,-178.17244000357954,152289.60653365907,124035.60202930048,124035.60202930048,-98046.69858417663
2052,97.74999999999999,225.39999999999998,2040.0,Great Yarmouth Power Station-CCGT,566.475305193,0.0,240.013145571761,False,262.90656,225.39999999999998,-179.76970557176105,156768.49875078083,127683.5337905022,127683.5337905022,-101835.09882821911
2052,97.74999999999999,225.39999999999998,2040.0,Little Barford-CCGT,876.2518953272998,0.0,240.7576776464302,False,262.90656,225.39999999999998,-180.51423764643027,242497.23315155847,197507.17720677337,197507.17720677337,-158175.94287124716
2052,97.74999999999999,225.39999999999998,2040.0,South Humber-CCGT,1415.4141864696,0.0,246.5252661657621,False,262.90656,225.39999999999998,-186.28182616576214,391707.02604202216,319034.35763024783,319034.35763024783,-263665.93943648366
2052,97.74999999999999,225.39999999999998,2040.0,Langage Energy Centre-CCGT,1099.7517366462,0.0,250.05603522765227,False,262.90656,225.39999999999998,-189.8125952276523,304349.41677439836,247884.04144005346,247884.04144005346,-208746.73123893284
2052,97.74999999999999,225.39999999999998,2040.0,Grain CCGT-CCGT,1560.6667908717,0.0,256.5493066919562,False,262.90656,225.39999999999998,-196.30586669195623,431904.7760992822,351774.2946624811,351774.2946624811,-306368.04699942307
2052,97.74999999999999,225.39999999999998,2040.0,Peterhead Power Station-CCGT,1283.3503468848,0.0,275.097064063588,False,262.90656,225.39999999999998,-214.85362406358803,355159.1841834626,289267.1681878339,289267.1681878339,-275732.4729714621
2052,97.74999999999999,225.39999999999998,2040.0,Connahs Quay Power Station-CCGT,1302.9522420993,0.0,279.14393107084203,False,262.90656,225.39999999999998,-218.90049107084207,360583.88612064644,293685.4353691822,293685.4353691822,-285216.8856373915
2052,97.74999999999999,225.39999999999998,2040.0,Medway-CCGT,611.8560400155001,0.0,311.36638697059976,False,262.90656,225.39999999999998,-251.1229469705998,169327.33336389207,137912.3514194937,137912.3514194937,-153651.09189045362
2052,97.74999999999999,225.39999999999998,,Isle of Wight-W2E,0.0,0.0,378.6296091247897,False,0.0,0.0,0.0,0.0,0.0,0.0,0.0
2052,97.74999999999999,225.39999999999998,,Coryton-CCGT,0.0,0.0,386.8501086268143,False,262.90656,0.0,-262.90656,141642.6772623904,0.0,0.0,-141642.6772623904
2052,97.74999999999999,225.39999999999998,,Rye House-CCGT,0.0,0.0,392.2249091956061,False,262.90656,0.0,-262.90656,127095.34595236264,0.0,0.0,-127095.34595236264
2052,97.74999999999999,225.39999999999998,,Rocksavage-CCGT,0.0,0.0,430.77402140379735,False,262.90656,0.0,-262.90656,126670.17492949762,0.0,0.0,-126670.17492949762
2053,97.74999999999999,225.39999999999998,2026.0,Tees Valley-W2E,304.33924500000006,350.153755,88.11948048189508,False,0.0,225.39999999999998,225.39999999999998,0.0,68598.06582300001,147522.7222,147522.7222
2053,97.74999999999999,225.39999999999998,2027.0,Runcorn-W2E,411.702165,473.6788349999999,92.55278428419912,False,0.0,225.39999999999998,225.39999999999998,0.0,92797.66799099998,199564.87739999994,199564.87739999994
2053,97.74999999999999,225.39999999999998,2027.0,Riverside-W2E,342.00285,393.48714999999993,95.11886046105766,False,0.0,225.39999999999998,225.39999999999998,0.0,77087.44239,165779.446,165779.446
2053,97.74999999999999,225.39999999999998,2028.0,Wilton 11-W2E,178.79389499999996,205.70910499999997,95.57551058511204,False,0.0,225.39999999999998,225.39999999999998,0.0,40300.143932999985,86666.97619999998,86666.97619999998
2053,97.74999999999999,225.39999999999998,2028.0,Scunthorpe Power Station-chp,1562.2594042965,0.0,96.72056387395656,False,282.74176,225.39999999999998,-57.34176000000002,464964.1826814147,352133.26972843107,352133.26972843107,-89582.70381891291
2053,97.74999999999999,225.39999999999998,2029.0,Ferrybridge FM1-W2E,285.29098500000003,328.238015,98.85154951082956,False,0.0,225.39999999999998,224.29845048917042,0.0,64304.588019,138289.4366,137613.60403017025
2053,97.74999999999999,225.39999999999998,2029.0,Ferrybridge FM2-W2E,283.559325,326.24567499999995,98.9301306912529,False,0.0,225.39999999999998,224.21986930874706,0.0,63914.27185499999,137450.04699999996,136730.3974038205
2053,97.74999999999999,225.39999999999998,2029.0,Drax-BECCS,0.0,10924.999999999998,99.24068628496312,False,0.0,225.39999999999998,223.90931371503683,0.0,0.0,2462494.9999999995,2446209.252336777
2053,97.74999999999999,225.39999999999998,2032.0,Kemsley-W2E,245.02989,281.91610999999995,99.80091077600858,False,0.0,225.39999999999998,223.34908922399137,0.0,55229.73720599999,118773.62839999997,117692.90917022534
2053,97.74999999999999,225.39999999999998,2032.0,Allington-W2E,202.60422000000003,233.10378,100.90154534306674,False,0.0,225.39999999999998,222.24845465693323,0.0,45666.991188,98208.5832,96835.42968166307
2053,97.74999999999999,225.39999999999998,2032.0,Scunthorpe Blast Furnaces-stove,994.2298168221,0.0,101.76356955343398,False,282.74176,225.39999999999998,-61.35532955343399,295905.5665818507,224099.4007117013,224099.4007117013,-61001.29806297026
2053,97.74999999999999,225.39999999999998,2032.0,Edmonton-W2E,209.53086,241.07314,102.28156448231805,False,0.0,225.39999999999998,220.86843551768192,0.0,47228.25584399999,101566.14159999999,99524.20051800954
2053,97.74999999999999,225.39999999999998,2032.0,Rookery South C-W2E,255.41985,293.8701499999999,103.38827027423388,False,0.0,225.39999999999998,219.7617297257661,0.0,57571.63419,123809.96599999999,120712.92052106604
2053,97.74999999999999,225.39999999999998,2032.0,SELCHP-W2E,169.269765,194.751235,105.54933952858303,False,0.0,225.39999999999998,217.60066047141692,0.0,38153.405030999995,82050.33339999999,79211.21002546565
2053,97.74999999999999,225.39999999999998,2032.0,Lakeside-W2E,178.79389499999996,205.70910499999997,105.75229786444092,False,0.0,225.39999999999998,217.39770213555903,0.0,40300.143932999985,86666.97619999998,83590.06866422883
2053,97.74999999999999,225.39999999999998,2032.0,Trident Park-W2E,177.92806500000003,204.712935,106.89966600386146,False,0.0,225.39999999999998,216.25033399613852,0.0,40104.985851000005,86247.28139999999,82746.24405061644
2053,97.74999999999999,225.39999999999998,2032.0,Severnside-W2E,173.598915,199.732085,107.69026084360516,False,0.0,225.39999999999998,215.4597391563948,0.0,39129.195440999996,84148.80739999999,80437.79987899603
2053,97.74999999999999,225.39999999999998,2033.0,Avonmouth-W2E,169.269765,194.751235,108.09353634841528,False,0.0,225.39999999999998,215.0564636515847,0.0,38153.405030999995,82050.33339999999,78285.06895491351
2053,97.74999999999999,225.39999999999998,2033.0,Beddington Lane-W2E,143.29486500000002,164.866135,108.33273184526364,False,0.0,225.39999999999998,214.81726815473633,0.0,32298.662571,69459.4894,66198.30417183171
2053,97.74999999999999,225.39999999999998,2033.0,Tyseley-W2E,157.148145,180.80485499999995,109.84350345016378,False,0.0,225.39999999999998,213.3064965498362,0.0,35421.191883,76174.60619999998,72087.57042850679
2053,97.74999999999999,225.39999999999998,2033.0,Allerton Park-W2E,117.31996499999998,134.98103499999996,110.24876424941378,False,0.0,225.39999999999998,212.90123575058618,0.0,26443.920110999992,56868.64539999998,53715.19468110863
2053,97.74999999999999,225.39999999999998,2033.0,Four Ashes-W2E,143.29486500000002,164.866135,111.41254904821844,False,0.0,225.39999999999998,211.7374509517815,0.0,32298.662571,69459.4894,65249.22462275196
2053,97.74999999999999,225.39999999999998,2033.0,Ardley-W2E,147.19109999999998,169.34889999999996,111.75263386171072,False,0.0,225.39999999999998,211.39736613828924,0.0,33176.87393999999,71348.11599999998,66915.72227741407
2053,97.74999999999999,225.39999999999998,2033.0,Great Blakenham-W2E,127.709925,146.93507499999996,111.99950117220564,False,0.0,225.39999999999998,211.1504988277943,0.0,28785.817095,61904.98299999999,57991.428750559564
2053,97.74999999999999,225.39999999999998,2033.0,North Hykeham-W2E,76.625955,88.16104499999999,112.24726485697003,False,0.0,225.39999999999998,210.90273514302993,0.0,17271.490256999998,37142.98979999999,34754.029016014465
2053,97.74999999999999,225.39999999999998,2033.0,Scunthorpe Sinter-sinter,633.6026468814001,0.0,112.48245883079248,False,282.74176,225.39999999999998,-72.07421883079252,188574.66054726904,142814.03660706757,142814.03660706757,-45666.41582309939
2053,97.74999999999999,225.39999999999998,2033.0,Coventry-W2E,126.41118,145.44081999999997,114.86629159129888,False,0.0,225.39999999999998,208.2837084087011,0.0,28493.079971999996,61275.44079999999,56622.34269832221
2053,97.74999999999999,225.39999999999998,2033.0,Greatmoor-W2E,119.48454,137.47145999999998,115.52278790869914,False,0.0,225.39999999999998,207.6272120913008,0.0,26931.815315999997,57917.88239999999,53351.05791013228
2053,97.74999999999999,225.39999999999998,2033.0,South Killingholme-crackers,381.3657875526,0.0,119.41657844198282,False,282.74176,225.39999999999998,-79.00833844198286,113503.19365937708,85959.84851435604,85959.84851435604,-30131.077213149154
2053,97.74999999999999,225.39999999999998,2033.0,Marchwood-W2E,90.479235,104.09976499999998,119.76307582774996,False,0.0,225.39999999999998,203.38692417225002,0.0,20394.019569,43858.10659999999,39574.824318512234
2053,97.74999999999999,225.39999999999998,2033.0,New Rugby-cement,866.2032106008,0.0,119.94033644561048,False,104.6144512,225.39999999999998,98.59521235438947,95386.70895229549,195242.2036694203,195242.2036694203,85403.48949123983
2053,97.74999999999999,225.39999999999998,2033.0,Dunbar-W2E,154.11774,177.31825999999995,120.88122377816076,False,0.0,225.39999999999998,202.2687762218392,0.0,34738.138596,74705.67439999997,67039.15411586149
2053,97.74999999999999,225.39999999999998,2033.0,Portsmouth-W2E,82.25384999999999,94.63614999999996,121.9344089585544,False,0.0,225.39999999999998,201.21559104144558,0.0,18540.017789999994,39871.00599999998,35593.02589932129
2053,97.74999999999999,225.39999999999998,2033.0,Grangemouth Power Station-CCGT,502.2772817634001,0.0,122.37005813568526,False,282.74176,225.39999999999998,-81.96181813568529,149489.2238461049,113213.29930947037,113213.29930947037,-41167.55922157816
2053,97.74999999999999,225.39999999999998,2034.0,Newhurst-W2E,129.00867,148.42932999999996,122.92780800610014,False,0.0,225.39999999999998,200.22219199389983,0.0,29078.554217999997,62534.52519999999,55549.24450240358
2053,97.74999999999999,225.39999999999998,2034.0,Fawley Refinery-crackers,600.55012751238,0.0,123.76948009124162,False,282.74176,225.39999999999998,-83.36124009124165,178737.4737063945,135363.99874129042,135363.99874129042,-50062.603366385294
2053,97.74999999999999,225.39999999999998,2034.0,South Killingholme-smr,225.005814656034,0.0,124.23754446793583,False,282.74176,225.39999999999998,-83.82930446793586,66966.88425903248,50716.31062347006,50716.31062347006,-18862.080943856618
2053,97.74999999999999,225.39999999999998,2034.0,Hope Cement Works-cement,1003.4760721869,0.0,124.28720193448665,False,104.6144512,225.39999999999998,94.24834686551333,110503.2616675412,226183.50667092722,226183.50667092722,94575.96092271384
2053,97.74999999999999,225.39999999999998,2034.0,Parc Adfer-W2E,89.61340500000001,103.103595,125.7346990960452,False,0.0,225.39999999999998,197.41530090395474,0.0,20198.861487000002,43438.4118,38045.28454430745
2053,97.74999999999999,225.39999999999998,2034.0,Eastcroft-W2E,80.52219,92.64380999999996,125.9173094124788,False,0.0,225.39999999999998,197.23269058752118,0.0,18149.701626,39031.616399999984,34153.99609827868
2053,97.74999999999999,225.39999999999998,2034.0,Tunstead Cement-cement,621.4191773385,0.0,126.32727118201583,False,104.6144512,225.39999999999998,92.20827761798412,68430.9749499186,140067.8825720979,140067.8825720979,57299.99202116772
2053,97.74999999999999,225.39999999999998,2034.0,Stanlow Refinery-crackers,352.7227045224,0.0,127.0371190337797,False,282.74176,225.39999999999998,-86.62887903377975,104978.3560722351,79503.69759934896,79503.69759934896,-30555.97250253863
2053,97.74999999999999,225.39999999999998,2034.0,Fawley Refinery-smr,354.32457523230414,0.0,127.12699478695876,False,282.74176,225.39999999999998,-86.71875478695881,105455.10948677274,79864.75925736135,79864.75925736135,-30726.58595456352
2053,97.74999999999999,225.39999999999998,2034.0,Millerhill-W2E,70.565145,81.18785499999998,127.43285186483614,False,0.0,225.39999999999998,195.71714813516382,0.0,15905.383682999998,34205.12619999999,29700.664380955513
2053,97.74999999999999,225.39999999999998,2034.0,Padeswood-cement,470.6002227744,0.0,127.4850460006812,False,104.6144512,225.39999999999998,91.05050279931876,51822.72004225432,106073.29021334974,106073.29021334974,42848.38690108054
2053,97.74999999999999,225.39999999999998,2034.0,South Killingholme-distillation,324.16091941971,0.0,128.70945593540847,False,282.74176,225.39999999999998,-88.3012159354085,96477.7146104705,73065.87123720263,73065.87123720263,-28623.803343500367
2053,97.74999999999999,225.39999999999998,2034.0,Ketton-cement,635.4803405793001,0.0,129.98256974643843,False,104.6144512,225.39999999999998,88.55297905356153,69979.39692430796,143237.26876657424,143237.26876657424,56273.67728826891
2053,97.74999999999999,225.39999999999998,2034.0,South Killingholme-power,568.235023453374,0.0,130.1966886940948,False,282.74176,225.39999999999998,-89.78844869409482,169119.7585524718,128080.17428639048,128080.17428639048,-51020.94124953104
2053,97.74999999999999,225.39999999999998,2034.0,Newhaven-W2E,91.77798,105.59401999999996,130.2947760528612,False,0.0,225.39999999999998,192.85522394713877,0.0,20686.756692,44487.64879999999,38064.221260894665
2053,97.74999999999999,225.39999999999998,2034.0,Leeds-W2E,77.05887,88.65912999999998,130.72273227888334,False,0.0,225.39999999999998,192.4272677211166,0.0,17369.069298,37352.83719999999,31888.661952207993
2053,97.74999999999999,225.39999999999998,2034.0,Ribblesdale-cement,487.7708319975,0.0,131.22283623409905,False,104.6144512,225.39999999999998,87.31271256590091,53713.55568503775,109943.54553223649,109943.54553223649,42588.59445222806
2053,97.74999999999999,225.39999999999998,2035.0,Hanford-W2E,80.08927500000001,92.145725,131.66934911672453,False,0.0,225.39999999999998,191.48065088327542,0.0,18052.122585,38821.769,32979.669904880946
2053,97.74999999999999,225.39999999999998,2035.0,Fawley Refinery-distillation,510.4676083855231,0.0,132.12222727391224,False,282.74176,225.39999999999998,-91.71398727391227,151926.85265043535,115059.3989300969,115059.3989300969,-46817.019739214295
2053,97.74999999999999,225.39999999999998,2035.0,Stanlow Refinery-smr,208.10639566821592,0.0,132.18064919232714,False,282.74176,225.39999999999998,-91.77240919232719,61937.2300826187,46907.181583615864,46907.181583615864,-19098.425298803857
2053,97.74999999999999,225.39999999999998,2035.0,Kirklees-W2E,57.14477999999999,65.74721999999997,132.2826363227577,False,0.0,225.39999999999998,190.86736367724228,0.0,12880.433411999997,27699.85679999999,23456.07205702365
2053,97.74999999999999,225.39999999999998,2035.0,Lindsey Oil Refinery-crackers,173.99875600422,0.0,132.48929210893525,False,282.74176,225.39999999999998,-92.0810521089353,51786.015274151294,39219.319603351185,39219.319603351185,-16021.988518514501
2053,97.74999999999999,225.39999999999998,2035.0,South Killingholme-remaining,358.48384029944395,0.0,132.82916790483205,False,282.74176,225.39999999999998,-92.42092790483207,106693.00203981446,80802.25760349465,80802.25760349465,-33131.40915936224
2053,97.74999999999999,225.39999999999998,2035.0,Fawley Refinery-power,894.8196899934462,0.0,134.32186480576613,False,282.74176,225.39999999999998,-93.91362480576618,266318.83582252776,201692.35812452275,201692.35812452275,-84035.76063485652
2053,97.74999999999999,225.39999999999998,2035.0,Baldovie-W2E,81.38802,93.63997999999998,134.50224562921326,False,0.0,225.39999999999998,188.64775437078669,0.0,18344.859707999996,39451.31119999999,33018.639152010044
2053,97.74999999999999,225.39999999999998,2035.0,Pembroke Refinery-crackers,453.1676492086801,0.0,135.6974630648525,False,282.74176,225.39999999999998,-95.28922306485254,134873.07232876297,102143.98813163648,102143.98813163648,-43181.99321122076
2053,97.74999999999999,225.39999999999998,2035.0,Fawley Refinery-remaining,564.5171198616373,0.0,136.13383164089475,False,282.74176,225.39999999999998,-95.72559164089478,168013.22528401084,127242.15881681304,127242.15881681304,-54038.73529016914
2053,97.74999999999999,225.39999999999998,2035.0,Stanlow Refinery-distillation,299.81429884404,0.0,136.513911998797,False,282.74176,225.39999999999998,-96.10567199879705,89231.60266139983,67578.14295944662,67578.14295944662,-28813.85466525463
2053,97.74999999999999,225.39999999999998,2035.0,Dunbar Works-cement,421.0548381849,0.0,136.98298025518972,False,104.6144512,225.39999999999998,81.55256854481024,46366.758759808545,94905.76052687645,94905.76052687645,34338.103552198045
2053,97.74999999999999,225.39999999999998,2035.0,Stanlow Refinery-power,525.5568297383759,0.0,137.82970188412523,False,282.74176,225.39999999999998,-97.42146188412528,156417.75054763028,118460.50942302991,118460.50942302991,-51200.5146562989
2053,97.74999999999999,225.39999999999998,2035.0,Hartlebury-W2E,90.91214999999998,104.59784999999997,138.13632582553586,False,0.0,225.39999999999998,185.0136741744641,0.0,20491.598609999994,44067.95399999998,36172.023437849464
2053,97.74999999999999,225.39999999999998,2035.0,Cauldon Cement-cement,510.3056236515,0.0,138.4784310020895,False,104.6144512,225.39999999999998,80.05711779791045,56195.09764481623,115022.8875710481,115022.8875710481,40853.5974256043
2053,97.74999999999999,225.39999999999998,2035.0,Javelin Park-W2E,81.38802,93.63997999999998,139.3228290773164,False,0.0,225.39999999999998,183.82717092268354,0.0,18344.859707999996,39451.31119999999,32174.90207225545
2053,97.74999999999999,225.39999999999998,2035.0,Sheffield-W2E,100.003365,115.05763499999998,139.8343235952813,False,0.0,225.39999999999998,183.31567640471866,0.0,22540.758470999997,48474.74939999999,39424.05268327519
2053,97.74999999999999,225.39999999999998,2035.0,Pembroke Refinery-smr,267.3689130331212,0.0,139.8863360016444,False,282.74176,225.39999999999998,-99.47809600164442,79575.11267397014,60264.95299766551,60264.95299766551,-26597.350398564147
2053,97.74999999999999,225.39999999999998,2035.0,Chineham-W2E,44.590245,51.30275499999999,140.32141856258616,False,0.0,225.39999999999998,182.8285814374138,0.0,10050.641223,21614.282199999998,17531.98115977792
2053,97.74999999999999,225.39999999999998,2035.0,Stanlow Refinery-remaining,331.559342251056,0.0,140.6432980315675,False,282.74176,225.39999999999998,-100.23505803156752,98679.65470790098,74733.47574338801,74733.47574338801,-33233.869911442955
2053,97.74999999999999,225.39999999999998,2035.0,Grangemouth Refinery-crackers,193.40584394892005,0.0,140.79770433532283,False,282.74176,225.39999999999998,-100.38946433532288,57562.00917095053,43593.67722608658,43593.67722608658,-19415.909073353134
2053,97.74999999999999,225.39999999999998,2035.0,Lindsey Oil Refinery-smr,102.6592660424898,0.0,141.9929815759613,False,282.74176,225.39999999999998,-101.58474157596135,30553.749011749263,23139.3985659772,23139.3985659772,-10428.615011304191
2053,97.74999999999999,225.39999999999998,2035.0,Lindsey Oil Refinery-power,259.2581464462878,0.0,142.81115560903552,False,282.74176,225.39999999999998,-102.40291560903557,77161.16275848544,58436.78620899327,58436.78620899327,-26548.790091494197
2053,97.74999999999999,225.39999999999998,2036.0,Wolverhampton-W2E,42.42567,48.81233,142.87736864384428,False,0.0,225.39999999999998,180.27263135615567,0.0,9562.746017999998,20565.045199999997,16447.71433967293
2053,97.74999999999999,225.39999999999998,2036.0,Devonport-W2E,111.259155,128.00784499999995,143.82236892306247,False,0.0,225.39999999999998,179.3276310769375,0.0,25077.813536999998,53930.78179999998,42907.184304885595
2053,97.74999999999999,225.39999999999998,2036.0,Lindsey Oil Refinery-distillation,147.89894260358702,0.0,144.05717677984146,False,282.74176,225.39999999999998,-103.6489367798415,44018.11298302861,33336.42166284851,33336.42166284851,-15329.568151724598
2053,97.74999999999999,225.39999999999998,2036.0,Pembroke Refinery-distillation,385.192501827378,0.0,144.60895225355458,False,282.74176,225.39999999999998,-104.20071225355463,114642.11147944852,86822.38991189099,86822.38991189099,-40137.33304514143
2053,97.74999999999999,225.39999999999998,2036.0,Cornwall-W2E,103.46668499999998,119.04231499999996,145.15316997971505,False,0.0,225.39999999999998,177.9968300202849,0.0,23321.390798999993,50153.52859999998,39605.896650983566
2053,97.74999999999999,225.39999999999998,2036.0,Pembroke Refinery-power,675.2197973209334,0.0,146.4191539632569,False,282.74176,225.39999999999998,-106.01091396325694,200960.87776985677,152194.54231613837,152194.54231613837,-71580.66784007725
2053,97.74999999999999,225.39999999999998,2036.0,Lindsey Oil Refinery-remaining,163.5588306439668,0.0,148.07743604588833,False,282.74176,225.39999999999998,-107.66919604588838,48678.85435770222,36866.16042715011,36866.16042715011,-17610.247801641515
2053,97.74999999999999,225.39999999999998,2036.0,Pembroke Refinery-remaining,425.97759025615926,0.0,148.6969572317184,False,282.74176,225.39999999999998,-108.28871723171841,126780.68798903718,96015.34884373829,96015.34884373829,-46128.56681829804
2053,97.74999999999999,225.39999999999998,2036.0,Grangemouth Refinery-smr,114.1094479298628,0.0,149.4429641100151,False,282.74176,225.39999999999998,-109.03472411001513,33961.585410860804,25720.26956339107,25720.26956339107,-12441.892173378728
2053,97.74999999999999,225.39999999999998,2036.0,Milton Keynes ACT-W2E,35.066115,40.344885,149.91840922239953,False,0.0,225.39999999999998,173.23159077760045,0.0,7903.902321,16997.6394,13063.567492129627
2053,97.74999999999999,225.39999999999998,2036.0,Belfast ACT-W2E,48.48648,55.785519999999984,151.16178010182253,False,0.0,225.39999999999998,171.98821989817742,0.0,10928.852592,23502.908799999997,17933.555665222753
2053,97.74999999999999,225.39999999999998,2036.0,Grangemouth Refinery-power,288.1747074838908,0.0,151.2758042923232,False,282.74176,225.39999999999998,-110.86756429232321,85767.39366471628,64954.57906686898,64954.57906686898,-31949.2279093917
2053,97.74999999999999,225.39999999999998,2036.0,Peterborough-W2E,36.797775,42.33722499999999,151.58940342877088,False,0.0,225.39999999999998,171.5605965712291,0.0,8294.218485,17837.028999999995,13576.447809664212
2053,97.74999999999999,225.39999999999998,2036.0,Grangemouth Refinery-distillation,164.394967356582,0.0,151.9931581726091,False,282.74176,225.39999999999998,-111.58491817260915,48927.70779530795,37054.625642173574,37054.625642173574,-18343.998980472952
2053,97.74999999999999,225.39999999999998,2036.0,Pembroke Power Station-CCGT,5026.790800587,0.0,153.5814237169616,False,282.74176,225.39999999999998,-113.17318371696166,1496088.0822208184,1133038.6464523098,1133038.6464523098,-568897.9187815654
2053,97.74999999999999,225.39999999999998,2037.0,NewLincs-W2E,24.24324,27.892759999999992,154.91229031794154,False,0.0,225.39999999999998,168.23770968205844,0.0,5464.426296,11751.454399999999,8771.241231983799
2053,97.74999999999999,225.39999999999998,2037.0,Grangemouth Refinery-remaining,181.8014933119848,0.0,156.05875268873913,False,282.74176,225.39999999999998,-115.65051268873918,54108.288620693485,40978.056592521374,40978.056592521374,-21025.43590910943
2053,97.74999999999999,225.39999999999998,2037.0,Dudley-W2E,29.871135,34.367864999999995,157.17271920148522,False,0.0,225.39999999999998,165.97728079851476,0.0,6732.953828999999,14479.470599999997,10662.214541215788
2053,97.74999999999999,225.39999999999998,2037.0,Marchwood  Power  Station-CCGT,1815.7533444639,0.0,159.62812813767613,False,282.74176,225.39999999999998,-119.21988813767615,540409.7856206414,409270.803842163,409270.803842163,-216473.9106125975
2053,97.74999999999999,225.39999999999998,2037.0,Baddesley-W2E,41.55984,47.81616,160.35967910131896,False,0.0,225.39999999999998,162.790320898681,0.0,9367.587936,20145.3504,14549.547720640512
2053,97.74999999999999,225.39999999999998,2037.0,Enfield Power Station-CCGT,806.3891587964999,0.0,162.1675537167806,False,282.74176,225.39999999999998,-121.75931371678064,239999.8842137283,181760.11639273106,181760.11639273106,-98185.39056371388
2053,97.74999999999999,225.39999999999998,2037.0,Battlefield-W2E,39.82818,45.82381999999999,162.19804621799932,False,0.0,225.39999999999998,160.95195378200066,0.0,8977.271772,19305.960799999993,13785.856745335917
2053,97.74999999999999,225.39999999999998,2037.0,Saltend-CCGT,2179.7384288931,0.0,164.91708350379992,False,282.74176,225.39999999999998,-124.50884350379994,648740.0839209158,491313.04187250463,491313.04187250463,-271396.71092226973
2053,97.74999999999999,225.39999999999998,2037.0,Immingham-CCGT,2178.7933907240995,0.0,166.00773363458555,False,282.74176,225.39999999999998,-125.5994936345856,648458.8189154734,491100.030269212,491100.030269212,-273655.3466093287
2053,97.74999999999999,225.39999999999998,2037.0,Didcot B-CCGT,2663.1465497294994,0.0,168.98227960881977,False,282.74176,225.39999999999998,-128.57403960881982,792613.4132720488,600273.2323090291,600273.2323090291,-342411.50996901246
2053,97.74999999999999,225.39999999999998,2038.0,Staythorpe Power Station-CCGT,3395.4703151412,0.0,169.40288726463294,False,282.74176,225.39999999999998,-128.994647264633,1010569.7399271342,765339.0090328264,765339.0090328264,-437997.4955991713
2053,97.74999999999999,225.39999999999998,2038.0,Keadby-CCGT,1131.0949420923002,0.0,176.90140497406722,False,282.74176,225.39999999999998,-136.49316497406727,336639.7627939737,254948.79994760445,254948.79994760445,-154386.7285323374
2053,97.74999999999999,225.39999999999998,2038.0,Hooton Park ACT-W2E,35.499030000000005,40.84297,179.27780846771287,False,0.0,225.39999999999998,143.8721915322871,0.0,8001.481362,17207.486800000002,10983.490845957864
2053,97.74999999999999,225.39999999999998,2038.0,Exeter-W2E,27.273645,31.379354999999997,179.60333383475486,False,0.0,225.39999999999998,143.54666616524509,0.0,6147.479582999999,13220.386199999997,8419.442610590118
2053,97.74999999999999,225.39999999999998,2038.0,Bolton-W2E,35.066115,40.344885,181.92172711397333,False,0.0,225.39999999999998,141.22827288602662,0.0,7903.902321,16997.6394,10650.165286608153
2053,97.74999999999999,225.39999999999998,2038.0,West Burton B CCGT Power Station-CCGT,2228.0422268514,0.0,181.9230998694337,False,282.74176,225.39999999999998,-141.51485986943374,663116.4006045096,502200.7179323055,502200.7179323055,-315301.08351605694
2053,97.74999999999999,225.39999999999998,2039.0,Levenseat ACT-W2E,25.10907,28.888929999999995,183.8322948806435,False,0.0,225.39999999999998,139.31770511935645,0.0,5659.584378,12171.149199999996,7522.877441035008
2053,97.74999999999999,225.39999999999998,2039.0,Coolkeeragh-CCGT,722.1987379346999,0.0,184.70017000442445,False,282.74176,225.39999999999998,-144.2919300044245,214942.8865615114,162783.59553048134,162783.59553048134,-104207.44974335743
2053,97.74999999999999,225.39999999999998,2039.0,Carrington CCGT-CCGT,1673.6112263625,0.0,189.2092334567789,False,282.74176,225.39999999999998,-148.80099345677894,498105.0354710439,377231.9704221075,377231.9704221075,-249035.01314315814
2053,97.74999999999999,225.39999999999998,2039.0,Ballylumford-CCGT,1043.2211998752,0.0,195.1740589779237,False,282.74176,225.39999999999998,-154.76581897792374,310486.52433897456,235142.05845187005,235142.05845187005,-161454.9833738176
2053,97.74999999999999,225.39999999999998,2039.0,Glasgow ACT-W2E,60.60809999999999,69.73189999999998,195.93562567320143,False,0.0,225.39999999999998,127.21437432679853,0.0,13661.065739999996,29378.63599999999,16581.121549754916
2053,97.74999999999999,225.39999999999998,2039.0,NESS-W2E,42.858585,49.31041499999999,198.75501981615415,False,0.0,225.39999999999998,124.39498018384582,0.0,9660.325058999999,20774.892599999996,11465.360928564884
2053,97.74999999999999,225.39999999999998,2039.0,Energy Works ACT-W2E,13.420365,15.440635,201.40339180076796,False,0.0,225.39999999999998,121.746608199232,0.0,3024.9502709999997,6505.269399999999,3513.728859238035
2053,97.74999999999999,225.39999999999998,2039.0,Eco Park ACT-W2E,13.85328,15.938719999999996,202.93011759687164,False,0.0,225.39999999999998,120.21988240312832,0.0,3122.5293119999997,6715.116799999998,3581.5907365539983
2053,97.74999999999999,225.39999999999998,2039.0,Kilroot-CCGT,1059.7392638186998,0.0,207.3906503608189,False,282.74176,225.39999999999998,-166.98241036081896,315402.67851916165,238865.2300647349,238865.2300647349,-176957.81662644632
2053,97.74999999999999,225.39999999999998,2039.0,Kings Lynn Power Station-CCGT,607.5685909533,0.0,208.8847375922057,False,282.74176,225.39999999999998,-168.47649759220576,180826.32918616434,136945.96040087382,136945.96040087382,-102361.0282508435
2053,97.74999999999999,225.39999999999998,2039.0,Spalding-CCGT,1332.8402058705,0.0,210.92034860788132,False,282.74176,225.39999999999998,-170.51210860788137,396683.7743227237,300422.18240321067,300422.18240321067,-227265.3939403417
2053,97.74999999999999,225.39999999999998,2039.0,Seabank-CCGT,1626.4197752931002,0.0,215.24318898826735,False,282.74176,225.39999999999998,-174.8349489882674,484059.7787001849,366595.0173510648,366595.0173510648,-284355.0184468785
2053,97.74999999999999,225.39999999999998,2039.0,Shoreham Power Station-CCGT,584.0626047023999,0.0,223.96100678992715,False,282.74176,225.39999999999998,-183.5527667899272,173830.40926709565,131647.7110999209,131647.7110999209,-107206.30707165705
2053,97.74999999999999,225.39999999999998,2039.0,Damhead Creek Power Station-CCGT,973.8051514482,0.0,231.84613890879083,False,282.74176,225.39999999999998,-191.43789890879088,289826.7183342429,219495.68113642427,219495.68113642427,-186423.2121398003
2053,97.74999999999999,225.39999999999998,2040.0,Cottam Development Centre-CCGT,550.2910471575,0.0,238.4158800035795,False,282.74176,225.39999999999998,-198.00764000357952,163779.22019532058,124035.60202930048,124035.60202930048,-108961.83156275506
2053,97.74999999999999,225.39999999999998,2040.0,Great Yarmouth Power Station-CCGT,566.475305193,0.0,240.013145571761,False,282.74176,225.39999999999998,-199.60490557176104,168596.02609137472,127683.5337905022,127683.5337905022,-113071.24980178328
2053,97.74999999999999,225.39999999999998,2040.0,Little Barford-CCGT,876.2518953272998,0.0,240.7576776464302,False,282.74176,225.39999999999998,-200.34943764643026,260792.63482965957,197507.17720677337,197507.17720677337,-175556.5744654432
2053,97.74999999999999,225.39999999999998,2040.0,South Humber-CCGT,1415.4141864696,0.0,246.5252661657621,False,282.74176,225.39999999999998,-206.11702616576213,421259.68232777144,319034.35763024783,319034.35763024783,-291740.96290794545
2053,97.74999999999999,225.39999999999998,2040.0,Langage Energy Centre-CCGT,1099.7517366462,0.0,250.05603522765227,False,282.74176,225.39999999999998,-209.6477952276523,327311.30692884536,247884.04144005346,247884.04144005346,-230560.52688565754
2053,97.74999999999999,225.39999999999998,2040.0,Grain CCGT-CCGT,1560.6667908717,0.0,256.5493066919562,False,282.74176,225.39999999999998,-216.1410666919562,464490.18444696465,351774.2946624811,351774.2946624811,-337324.1849297214
2053,97.74999999999999,225.39999999999998,2040.0,Peterhead Power Station-CCGT,1283.3503468848,0.0,275.097064063588,False,282.74176,225.39999999999998,-234.68882406358802,381954.4587103356,289267.1681878339,289267.1681878339,-301187.9837719915
2053,97.74999999999999,225.39999999999998,2040.0,Connahs Quay Power Station-CCGT,1302.9522420993,0.0,279.14393107084203,False,282.74176,225.39999999999998,-238.73569107084205,387788.4317127391,293685.4353691822,293685.4353691822,-311061.2039498795
2053,97.74999999999999,225.39999999999998,2040.0,Medway-CCGT,611.8560400155001,0.0,311.36638697059976,False,282.74176,225.39999999999998,-270.9581469705998,182102.37223222412,137912.3514194937,137912.3514194937,-165787.37881536904
2053,97.74999999999999,225.39999999999998,,Isle of Wight-W2E,0.0,0.0,378.6296091247897,False,0.0,0.0,0.0,0.0,0.0,0.0,0.0
2053,97.74999999999999,225.39999999999998,,Coryton-CCGT,0.0,0.0,386.8501086268143,False,282.74176,0.0,-282.74176,152329.0246553005,0.0,0.0,-152329.0246553005
2053,97.74999999999999,225.39999999999998,,Rye House-CCGT,0.0,0.0,392.2249091956061,False,282.74176,0.0,-282.74176,136684.15806125145,0.0,0.0,-136684.15806125145
2053,97.74999999999999,225.39999999999998,,Rocksavage-CCGT,0.0,0.0,430.77402140379735,False,282.74176,0.0,-282.74176,136226.9096635475,0.0,0.0,-136226.9096635475
2054,97.74999999999999,225.39999999999998,2026.0,Tees Valley-W2E,304.33924500000006,350.153755,88.11948048189508,False,0.0,225.39999999999998,225.39999999999998,0.0,68598.06582300001,147522.7222,147522.7222
2054,97.74999999999999,225.39999999999998,2027.0,Runcorn-W2E,411.702165,473.6788349999999,92.55278428419912,False,0.0,225.39999999999998,225.39999999999998,0.0,92797.66799099998,199564.87739999994,199564.87739999994
2054,97.74999999999999,225.39999999999998,2027.0,Riverside-W2E,342.00285,393.48714999999993,95.11886046105766,False,0.0,225.39999999999998,225.39999999999998,0.0,77087.44239,165779.446,165779.446
2054,97.74999999999999,225.39999999999998,2028.0,Wilton 11-W2E,178.79389499999996,205.70910499999997,95.57551058511204,False,0.0,225.39999999999998,225.39999999999998,0.0,40300.143932999985,86666.97619999998,86666.97619999998
2054,97.74999999999999,225.39999999999998,2028.0,Scunthorpe Power Station-chp,1562.2594042965,0.0,96.72056387395656,False,303.29823999999996,225.39999999999998,-77.89823999999999,498768.97657534404,352133.26972843107,352133.26972843107,-121697.25801814576
2054,97.74999999999999,225.39999999999998,2029.0,Ferrybridge FM1-W2E,285.29098500000003,328.238015,98.85154951082956,False,0.0,225.39999999999998,224.29845048917042,0.0,64304.588019,138289.4366,137613.60403017025
2054,97.74999999999999,225.39999999999998,2029.0,Ferrybridge FM2-W2E,283.559325,326.24567499999995,98.9301306912529,False,0.0,225.39999999999998,224.21986930874706,0.0,63914.27185499999,137450.04699999996,136730.3974038205
2054,97.74999999999999,225.39999999999998,2029.0,Drax-BECCS,0.0,10924.999999999998,99.24068628496312,False,0.0,225.39999999999998,223.90931371503683,0.0,0.0,2462494.9999999995,2446209.252336777
2054,97.74999999999999,225.39999999999998,2032.0,Kemsley-W2E,245.02989,281.91610999999995,99.80091077600858,False,0.0,225.39999999999998,223.34908922399137,0.0,55229.73720599999,118773.62839999997,117692.90917022534
2054,97.74999999999999,225.39999999999998,2032.0,Allington-W2E,202.60422000000003,233.10378,100.90154534306674,False,0.0,225.39999999999998,222.24845465693323,0.0,45666.991188,98208.5832,96835.42968166307
2054,97.74999999999999,225.39999999999998,2032.0,Scunthorpe Blast Furnaces-stove,994.2298168221,0.0,101.76356955343398,False,303.29823999999996,225.39999999999998,-81.91180955343395,317419.109050174,224099.4007117013,224099.4007117013,-81439.16340787738
2054,97.74999999999999,225.39999999999998,2032.0,Edmonton-W2E,209.53086,241.07314,102.28156448231805,False,0.0,225.39999999999998,220.86843551768192,0.0,47228.25584399999,101566.14159999999,99524.20051800954
2054,97.74999999999999,225.39999999999998,2032.0,Rookery South C-W2E,255.41985,293.8701499999999,103.38827027423388,False,0.0,225.39999999999998,219.7617297257661,0.0,57571.63419,123809.96599999999,120712.92052106604
2054,97.74999999999999,225.39999999999998,2032.0,SELCHP-W2E,169.269765,194.751235,105.54933952858303,False,0.0,225.39999999999998,217.60066047141692,0.0,38153.405030999995,82050.33339999999,79211.21002546565
2054,97.74999999999999,225.39999999999998,2032.0,Lakeside-W2E,178.79389499999996,205.70910499999997,105.75229786444092,False,0.0,225.39999999999998,217.39770213555903,0.0,40300.143932999985,86666.97619999998,83590.06866422883
2054,97.74999999999999,225.39999999999998,2032.0,Trident Park-W2E,177.92806500000003,204.712935,106.89966600386146,False,0.0,225.39999999999998,216.25033399613852,0.0,40104.985851000005,86247.28139999999,82746.24405061644
2054,97.74999999999999,225.39999999999998,2032.0,Severnside-W2E,173.598915,199.732085,107.69026084360516,False,0.0,225.39999999999998,215.4597391563948,0.0,39129.195440999996,84148.80739999999,80437.79987899603
2054,97.74999999999999,225.39999999999998,2033.0,Avonmouth-W2E,169.269765,194.751235,108.09353634841528,False,0.0,225.39999999999998,215.0564636515847,0.0,38153.405030999995,82050.33339999999,78285.06895491351
2054,97.74999999999999,225.39999999999998,2033.0,Beddington Lane-W2E,143.29486500000002,164.866135,108.33273184526364,False,0.0,225.39999999999998,214.81726815473633,0.0,32298.662571,69459.4894,66198.30417183171
2054,97.74999999999999,225.39999999999998,2033.0,Tyseley-W2E,157.148145,180.80485499999995,109.84350345016378,False,0.0,225.39999999999998,213.3064965498362,0.0,35421.191883,76174.60619999998,72087.57042850679
2054,97.74999999999999,225.39999999999998,2033.0,Allerton Park-W2E,117.31996499999998,134.98103499999996,110.24876424941378,False,0.0,225.39999999999998,212.90123575058618,0.0,26443.920110999992,56868.64539999998,53715.19468110863
2054,97.74999999999999,225.39999999999998,2033.0,Four Ashes-W2E,143.29486500000002,164.866135,111.41254904821844,False,0.0,225.39999999999998,211.7374509517815,0.0,32298.662571,69459.4894,65249.22462275196
2054,97.74999999999999,225.39999999999998,2033.0,Ardley-W2E,147.19109999999998,169.34889999999996,111.75263386171072,False,0.0,225.39999999999998,211.39736613828924,0.0,33176.87393999999,71348.11599999998,66915.72227741407
2054,97.74999999999999,225.39999999999998,2033.0,Great Blakenham-W2E,127.709925,146.93507499999996,111.99950117220564,False,0.0,225.39999999999998,211.1504988277943,0.0,28785.817095,61904.98299999999,57991.428750559564
2054,97.74999999999999,225.39999999999998,2033.0,North Hykeham-W2E,76.625955,88.16104499999999,112.24726485697003,False,0.0,225.39999999999998,210.90273514302993,0.0,17271.490256999998,37142.98979999999,34754.029016014465
2054,97.74999999999999,225.39999999999998,2033.0,Scunthorpe Sinter-sinter,633.6026468814001,0.0,112.48245883079248,False,303.29823999999996,225.39999999999998,-92.63069883079248,202284.8080615475,142814.03660706757,142814.03660706757,-58691.05596166393
2054,97.74999999999999,225.39999999999998,2033.0,Coventry-W2E,126.41118,145.44081999999997,114.86629159129888,False,0.0,225.39999999999998,208.2837084087011,0.0,28493.079971999996,61275.44079999999,56622.34269832221
2054,97.74999999999999,225.39999999999998,2033.0,Greatmoor-W2E,119.48454,137.47145999999998,115.52278790869914,False,0.0,225.39999999999998,207.6272120913008,0.0,26931.815315999997,57917.88239999999,53351.05791013228
2054,97.74999999999999,225.39999999999998,2033.0,South Killingholme-crackers,381.3657875526,0.0,119.41657844198282,False,303.29823999999996,225.39999999999998,-99.56481844198282,121755.33911675525,85959.84851435604,85959.84851435604,-37970.61539765841
2054,97.74999999999999,225.39999999999998,2033.0,Marchwood-W2E,90.479235,104.09976499999998,119.76307582774996,False,0.0,225.39999999999998,203.38692417225002,0.0,20394.019569,43858.10659999999,39574.824318512234
2054,97.74999999999999,225.39999999999998,2033.0,New Rugby-cement,866.2032106008,0.0,119.94033644561048,False,112.22034879999998,225.39999999999998,90.98931475438951,102321.71202663328,195242.2036694203,195242.2036694203,78815.23657061894
2054,97.74999999999999,225.39999999999998,2033.0,Dunbar-W2E,154.11774,177.31825999999995,120.88122377816076,False,0.0,225.39999999999998,202.2687762218392,0.0,34738.138596,74705.67439999997,67039.15411586149
2054,97.74999999999999,225.39999999999998,2033.0,Portsmouth-W2E,82.25384999999999,94.63614999999996,121.9344089585544,False,0.0,225.39999999999998,201.21559104144558,0.0,18540.017789999994,39871.00599999998,35593.02589932129
2054,97.74999999999999,225.39999999999998,2033.0,Grangemouth Power Station-CCGT,502.2772817634001,0.0,122.37005813568526,False,303.29823999999996,225.39999999999998,-102.51829813568526,160357.70057981403,113213.29930947037,113213.29930947037,-51492.612118601835
2054,97.74999999999999,225.39999999999998,2034.0,Newhurst-W2E,129.00867,148.42932999999996,122.92780800610014,False,0.0,225.39999999999998,200.22219199389983,0.0,29078.554217999997,62534.52519999999,55549.24450240358
2054,97.74999999999999,225.39999999999998,2034.0,Fawley Refinery-crackers,600.55012751238,0.0,123.76948009124162,False,303.29823999999996,225.39999999999998,-103.91772009124162,191732.41758555835,135363.99874129042,135363.99874129042,-62407.800051590966
2054,97.74999999999999,225.39999999999998,2034.0,South Killingholme-smr,225.005814656034,0.0,124.23754446793583,False,303.29823999999996,225.39999999999998,-104.38578446793582,71835.65007888559,50716.31062347006,50716.31062347006,-23487.40847271708
2054,97.74999999999999,225.39999999999998,2034.0,Hope Cement Works-cement,1003.4760721869,0.0,124.28720193448665,False,112.22034879999998,225.39999999999998,86.64244926551333,118537.29982449251,226183.50667092722,226183.50667092722,86943.62467361007
2054,97.74999999999999,225.39999999999998,2034.0,Parc Adfer-W2E,89.61340500000001,103.103595,125.7346990960452,False,0.0,225.39999999999998,197.41530090395474,0.0,20198.861487000002,43438.4118,38045.28454430745
2054,97.74999999999999,225.39999999999998,2034.0,Eastcroft-W2E,80.52219,92.64380999999996,125.9173094124788,False,0.0,225.39999999999998,197.23269058752118,0.0,18149.701626,39031.616399999984,34153.99609827868
2054,97.74999999999999,225.39999999999998,2034.0,Tunstead Cement-cement,621.4191773385,0.0,126.32727118201583,False,112.22034879999998,225.39999999999998,84.60238001798416,73406.1861388795,140067.8825720979,140067.8825720979,52573.54139165487
2054,97.74999999999999,225.39999999999998,2034.0,Stanlow Refinery-crackers,352.7227045224,0.0,127.0371190337797,False,303.29823999999996,225.39999999999998,-107.18535903377972,112610.71104177258,79503.69759934896,79503.69759934896,-37806.70972359924
2054,97.74999999999999,225.39999999999998,2034.0,Fawley Refinery-smr,354.32457523230414,0.0,127.12699478695876,False,303.29823999999996,225.39999999999998,-107.27523478695878,113122.12637547942,79864.75925736135,79864.75925736135,-38010.251998834865
2054,97.74999999999999,225.39999999999998,2034.0,Millerhill-W2E,70.565145,81.18785499999998,127.43285186483614,False,0.0,225.39999999999998,195.71714813516382,0.0,15905.383682999998,34205.12619999999,29700.664380955513
2054,97.74999999999999,225.39999999999998,2034.0,Padeswood-cement,470.6002227744,0.0,127.4850460006812,False,112.22034879999998,225.39999999999998,83.4446051993188,55590.44331063249,106073.29021334974,106073.29021334974,39269.04979612128
2054,97.74999999999999,225.39999999999998,2034.0,South Killingholme-distillation,324.16091941971,0.0,128.70945593540847,False,303.29823999999996,225.39999999999998,-108.85769593540846,103492.03824924194,73065.87123720263,73065.87123720263,-35287.41080033324
2054,97.74999999999999,225.39999999999998,2034.0,Ketton-cement,635.4803405793001,0.0,129.98256974643843,False,112.22034879999998,225.39999999999998,80.94708145356157,75067.18471089666,143237.26876657424,143237.26876657424,51440.27889100965
2054,97.74999999999999,225.39999999999998,2034.0,South Killingholme-power,568.235023453374,0.0,130.1966886940948,False,303.29823999999996,225.39999999999998,-110.34492869409479,181415.45528396525,128080.17428639048,128080.17428639048,-62701.85314444983
2054,97.74999999999999,225.39999999999998,2034.0,Newhaven-W2E,91.77798,105.59401999999996,130.2947760528612,False,0.0,225.39999999999998,192.85522394713877,0.0,20686.756692,44487.64879999999,38064.221260894665
2054,97.74999999999999,225.39999999999998,2034.0,Leeds-W2E,77.05887,88.65912999999998,130.72273227888334,False,0.0,225.39999999999998,192.4272677211166,0.0,17369.069298,37352.83719999999,31888.661952207993
2054,97.74999999999999,225.39999999999998,2034.0,Ribblesdale-cement,487.7708319975,0.0,131.22283623409905,False,112.22034879999998,225.39999999999998,79.70681496590095,57618.750422342775,109943.54553223649,109943.54553223649,38878.65945178829
2054,97.74999999999999,225.39999999999998,2035.0,Hanford-W2E,80.08927500000001,92.145725,131.66934911672453,False,0.0,225.39999999999998,191.48065088327542,0.0,18052.122585,38821.769,32979.669904880946
2054,97.74999999999999,225.39999999999998,2035.0,Fawley Refinery-distillation,510.4676083855231,0.0,132.12222727391224,False,303.29823999999996,225.39999999999998,-112.27046727391223,162972.55494772462,115059.3989300969,115059.3989300969,-57310.43692163911
2054,97.74999999999999,225.39999999999998,2035.0,Stanlow Refinery-smr,208.10639566821592,0.0,132.18064919232714,False,303.29823999999996,225.39999999999998,-112.32888919232715,66440.31951464582,46907.181583615864,46907.181583615864,-23376.36025922962
2054,97.74999999999999,225.39999999999998,2035.0,Kirklees-W2E,57.14477999999999,65.74721999999997,132.2826363227577,False,0.0,225.39999999999998,190.86736367724228,0.0,12880.433411999997,27699.85679999999,23456.07205702365
2054,97.74999999999999,225.39999999999998,2035.0,Lindsey Oil Refinery-crackers,173.99875600422,0.0,132.48929210893525,False,303.29823999999996,225.39999999999998,-112.63753210893526,55551.069956073006,39219.319603351185,39219.319603351185,-19598.790466340124
2054,97.74999999999999,225.39999999999998,2035.0,South Killingholme-remaining,358.48384029944395,0.0,132.82916790483205,False,303.29823999999996,225.39999999999998,-112.97740790483203,114450.01876974994,80802.25760349465,80802.25760349465,-40500.575052800945
2054,97.74999999999999,225.39999999999998,2035.0,Fawley Refinery-power,894.8196899934462,0.0,134.32186480576613,False,303.29823999999996,225.39999999999998,-114.47010480576614,285681.3022024819,201692.35812452275,201692.35812452275,-102430.10369581296
2054,97.74999999999999,225.39999999999998,2035.0,Baldovie-W2E,81.38802,93.63997999999998,134.50224562921326,False,0.0,225.39999999999998,188.64775437078669,0.0,18344.859707999996,39451.31119999999,33018.639152010044
2054,97.74999999999999,225.39999999999998,2035.0,Pembroke Refinery-crackers,453.1676492086801,0.0,135.6974630648525,False,303.29823999999996,225.39999999999998,-115.8457030648525,144678.89518940006,102143.98813163648,102143.98813163648,-52497.524928825995
2054,97.74999999999999,225.39999999999998,2035.0,Fawley Refinery-remaining,564.5171198616373,0.0,136.13383164089475,False,303.29823999999996,225.39999999999998,-116.28207164089474,180228.47253042486,127242.15881681304,127242.15881681304,-65643.22017426247
2054,97.74999999999999,225.39999999999998,2035.0,Stanlow Refinery-distillation,299.81429884404,0.0,136.513911998797,False,303.29823999999996,225.39999999999998,-116.66215199879701,95719.10438550668,67578.14295944662,67578.14295944662,-34976.98130315615
2054,97.74999999999999,225.39999999999998,2035.0,Dunbar Works-cement,421.0548381849,0.0,136.98298025518972,False,112.22034879999998,225.39999999999998,73.94667094481025,49737.81137372318,94905.76052687645,94905.76052687645,31135.603568979128
2054,97.74999999999999,225.39999999999998,2035.0,Stanlow Refinery-power,525.5568297383759,0.0,137.82970188412523,False,303.29823999999996,225.39999999999998,-117.97794188412524,167789.95945224114,118460.50942302991,118460.50942302991,-62004.11311567922
2054,97.74999999999999,225.39999999999998,2035.0,Hartlebury-W2E,90.91214999999998,104.59784999999997,138.13632582553586,False,0.0,225.39999999999998,185.0136741744641,0.0,20491.598609999994,44067.95399999998,36172.023437849464
2054,97.74999999999999,225.39999999999998,2035.0,Cauldon Cement-cement,510.3056236515,0.0,138.4784310020895,False,112.22034879999998,225.39999999999998,72.45122019791046,60280.71061133985,115022.8875710481,115022.8875710481,36972.26510740685
2054,97.74999999999999,225.39999999999998,2035.0,Javelin Park-W2E,81.38802,93.63997999999998,139.3228290773164,False,0.0,225.39999999999998,183.82717092268354,0.0,18344.859707999996,39451.31119999999,32174.90207225545
2054,97.74999999999999,225.39999999999998,2035.0,Sheffield-W2E,100.003365,115.05763499999998,139.8343235952813,False,0.0,225.39999999999998,183.31567640471866,0.0,22540.758470999997,48474.74939999999,39424.05268327519
2054,97.74999999999999,225.39999999999998,2035.0,Pembroke Refinery-smr,267.3689130331212,0.0,139.8863360016444,False,303.29823999999996,225.39999999999998,-120.03457600164438,85360.54816174602,60264.95299766551,60264.95299766551,-32093.514111951234
2054,97.74999999999999,225.39999999999998,2035.0,Chineham-W2E,44.590245,51.30275499999999,140.32141856258616,False,0.0,225.39999999999998,182.8285814374138,0.0,10050.641223,21614.282199999998,17531.98115977792
2054,97.74999999999999,225.39999999999998,2035.0,Stanlow Refinery-remaining,331.559342251056,0.0,140.6432980315675,False,303.29823999999996,225.39999999999998,-120.79153803156748,105854.06837926622,74733.47574338801,74733.47574338801,-40049.562899239936
2054,97.74999999999999,225.39999999999998,2035.0,Grangemouth Refinery-crackers,193.40584394892005,0.0,140.79770433532283,False,303.29823999999996,225.39999999999998,-120.94594433532285,61747.00218465483,43593.67722608658,43593.67722608658,-23391.652436372224
2054,97.74999999999999,225.39999999999998,2035.0,Lindsey Oil Refinery-smr,102.6592660424898,0.0,141.9929815759613,False,303.29823999999996,225.39999999999998,-122.14122157596131,32775.13127408307,23139.3985659772,23139.3985659772,-12538.928160521307
2054,97.74999999999999,225.39999999999998,2035.0,Lindsey Oil Refinery-power,259.2581464462878,0.0,142.81115560903552,False,303.29823999999996,225.39999999999998,-122.95939560903554,82771.09423454879,58436.78620899327,58436.78620899327,-31878.224993754375
2054,97.74999999999999,225.39999999999998,2036.0,Wolverhampton-W2E,42.42567,48.81233,142.87736864384428,False,0.0,225.39999999999998,180.27263135615567,0.0,9562.746017999998,20565.045199999997,16447.71433967293
2054,97.74999999999999,225.39999999999998,2036.0,Devonport-W2E,111.259155,128.00784499999995,143.82236892306247,False,0.0,225.39999999999998,179.3276310769375,0.0,25077.813536999998,53930.78179999998,42907.184304885595
2054,97.74999999999999,225.39999999999998,2036.0,Lindsey Oil Refinery-distillation,147.89894260358702,0.0,144.05717677984146,False,303.29823999999996,225.39999999999998,-124.20541677984147,47218.40946266206,33336.42166284851,33336.42166284851,-18369.849807376377
2054,97.74999999999999,225.39999999999998,2036.0,Pembroke Refinery-distillation,385.192501827378,0.0,144.60895225355458,False,303.29823999999996,225.39999999999998,-124.75719225355459,122977.06091099004,86822.38991189099,86822.38991189099,-48055.53500510588
2054,97.74999999999999,225.39999999999998,2036.0,Cornwall-W2E,103.46668499999998,119.04231499999996,145.15316997971505,False,0.0,225.39999999999998,177.9968300202849,0.0,23321.390798999993,50153.52859999998,39605.896650983566
2054,97.74999999999999,225.39999999999998,2036.0,Pembroke Refinery-power,675.2197973209334,0.0,146.4191539632569,False,303.29823999999996,225.39999999999998,-126.5673939632569,215571.55383220603,152194.54231613837,152194.54231613837,-85460.81009930905
2054,97.74999999999999,225.39999999999998,2036.0,Lindsey Oil Refinery-remaining,163.5588306439668,0.0,148.07743604588833,False,303.29823999999996,225.39999999999998,-128.22567604588835,52218.00575870863,36866.16042715011,36866.16042715011,-20972.4416325976
2054,97.74999999999999,225.39999999999998,2036.0,Pembroke Refinery-remaining,425.97759025615926,0.0,148.6969572317184,False,303.29823999999996,225.39999999999998,-128.84519723171837,135998.16147803605,96015.34884373829,96015.34884373829,-54885.16663284695
2054,97.74999999999999,225.39999999999998,2036.0,Grangemouth Refinery-smr,114.1094479298628,0.0,149.4429641100151,False,303.29823999999996,225.39999999999998,-129.5912041100151,36430.73128894634,25720.26956339107,25720.26956339107,-14787.58075755999
2054,97.74999999999999,225.39999999999998,2036.0,Milton Keynes ACT-W2E,35.066115,40.344885,149.91840922239953,False,0.0,225.39999999999998,173.23159077760045,0.0,7903.902321,16997.6394,13063.567492129627
2054,97.74999999999999,225.39999999999998,2036.0,Belfast ACT-W2E,48.48648,55.785519999999984,151.16178010182253,False,0.0,225.39999999999998,171.98821989817742,0.0,10928.852592,23502.908799999997,17933.555665222753
2054,97.74999999999999,225.39999999999998,2036.0,Grangemouth Refinery-power,288.1747074838908,0.0,151.2758042923232,False,303.29823999999996,225.39999999999998,-131.42404429232317,92003.0332551357,64954.57906686898,64954.57906686898,-37873.085520290144
2054,97.74999999999999,225.39999999999998,2036.0,Peterborough-W2E,36.797775,42.33722499999999,151.58940342877088,False,0.0,225.39999999999998,171.5605965712291,0.0,8294.218485,17837.028999999995,13576.447809664212
2054,97.74999999999999,225.39999999999998,2036.0,Grangemouth Refinery-distillation,164.394967356582,0.0,151.9931581726091,False,303.29823999999996,225.39999999999998,-132.14139817260912,52484.951856956606,37054.625642173574,37054.625642173574,-21723.38083903918
2054,97.74999999999999,225.39999999999998,2036.0,Pembroke Power Station-CCGT,5026.790800587,0.0,153.5814237169616,False,303.29823999999996,225.39999999999998,-133.72966371696162,1604859.79228024,1133038.6464523098,1133038.6464523098,-672231.0433380159
2054,97.74999999999999,225.39999999999998,2037.0,NewLincs-W2E,24.24324,27.892759999999992,154.91229031794154,False,0.0,225.39999999999998,168.23770968205844,0.0,5464.426296,11751.454399999999,8771.241231983799
2054,97.74999999999999,225.39999999999998,2037.0,Grangemouth Refinery-remaining,181.8014933119848,0.0,156.05875268873913,False,303.29823999999996,225.39999999999998,-136.20699268873915,58042.182053575525,40978.056592521374,40978.056592521374,-24762.634670347376
2054,97.74999999999999,225.39999999999998,2037.0,Dudley-W2E,29.871135,34.367864999999995,157.17271920148522,False,0.0,225.39999999999998,165.97728079851476,0.0,6732.953828999999,14479.470599999997,10662.214541215788
2054,97.74999999999999,225.39999999999998,2037.0,Marchwood  Power  Station-CCGT,1815.7533444639,0.0,159.62812813767613,False,303.29823999999996,225.39999999999998,-139.77636813767612,579699.782789489,409270.803842163,409270.803842163,-253799.40792300273
2054,97.74999999999999,225.39999999999998,2037.0,Baddesley-W2E,41.55984,47.81616,160.35967910131896,False,0.0,225.39999999999998,162.790320898681,0.0,9367.587936,20145.3504,14549.547720640512
2054,97.74999999999999,225.39999999999998,2037.0,Enfield Power Station-CCGT,806.3891587964999,0.0,162.1675537167806,False,303.29823999999996,225.39999999999998,-142.3157937167806,257448.85538743046,181760.11639273106,181760.11639273106,-114761.91317873092
2054,97.74999999999999,225.39999999999998,2037.0,Battlefield-W2E,39.82818,45.82381999999999,162.19804621799932,False,0.0,225.39999999999998,160.95195378200066,0.0,8977.271772,19305.960799999993,13785.856745335917
2054,97.74999999999999,225.39999999999998,2037.0,Saltend-CCGT,2179.7384288931,0.0,164.91708350379992,False,303.29823999999996,225.39999999999998,-145.0653235037999,695906.1359406762,491313.04187250463,491313.04187250463,-316204.4603410421
2054,97.74999999999999,225.39999999999998,2037.0,Immingham-CCGT,2178.7933907240995,0.0,166.00773363458555,False,303.29823999999996,225.39999999999998,-146.15597363458556,695604.4218213176,491100.030269212,491100.030269212,-318443.66936988075
2054,97.74999999999999,225.39999999999998,2037.0,Didcot B-CCGT,2663.1465497294994,0.0,168.98227960881977,False,303.29823999999996,225.39999999999998,-149.13051960881978,850239.6435737156,600273.2323090291,600273.2323090291,-397156.4287555959
2054,97.74999999999999,225.39999999999998,2038.0,Staythorpe Power Station-CCGT,3395.4703151412,0.0,169.40288726463294,False,303.29823999999996,225.39999999999998,-149.55112726463295,1084042.2847942854,765339.0090328264,765339.0090328264,-507796.41322296497
2054,97.74999999999999,225.39999999999998,2038.0,Keadby-CCGT,1131.0949420923002,0.0,176.90140497406722,False,303.29823999999996,225.39999999999998,-157.04964497406723,361114.8475889437,254948.79994760445,254948.79994760445,-177638.05908755888
2054,97.74999999999999,225.39999999999998,2038.0,Hooton Park ACT-W2E,35.499030000000005,40.84297,179.27780846771287,False,0.0,225.39999999999998,143.8721915322871,0.0,8001.481362,17207.486800000002,10983.490845957864
2054,97.74999999999999,225.39999999999998,2038.0,Exeter-W2E,27.273645,31.379354999999997,179.60333383475486,False,0.0,225.39999999999998,143.54666616524509,0.0,6147.479582999999,13220.386199999997,8419.442610590118
2054,97.74999999999999,225.39999999999998,2038.0,Bolton-W2E,35.066115,40.344885,181.92172711397333,False,0.0,225.39999999999998,141.22827288602662,0.0,7903.902321,16997.6394,10650.165286608153
2054,97.74999999999999,225.39999999999998,2038.0,West Burton B CCGT Power Station-CCGT,2228.0422268514,0.0,181.9230998694337,False,303.29823999999996,225.39999999999998,-162.0713398694337,711327.6695260109,502200.7179323055,502200.7179323055,-361101.7889914831
2054,97.74999999999999,225.39999999999998,2039.0,Levenseat ACT-W2E,25.10907,28.888929999999995,183.8322948806435,False,0.0,225.39999999999998,139.31770511935645,0.0,5659.584378,12171.149199999996,7522.877441035008
2054,97.74999999999999,225.39999999999998,2039.0,Coolkeeragh-CCGT,722.1987379346999,0.0,184.70017000442445,False,303.29823999999996,225.39999999999998,-164.84841000442447,230570.11173243757,162783.59553048134,162783.59553048134,-119053.3136557373
2054,97.74999999999999,225.39999999999998,2039.0,Carrington CCGT-CCGT,1673.6112263625,0.0,189.2092334567789,False,303.29823999999996,225.39999999999998,-169.3574734567789,534319.3046315662,377231.9704221075,377231.9704221075,-283438.5688456543
2054,97.74999999999999,225.39999999999998,2039.0,Ballylumford-CCGT,1043.2211998752,0.0,195.1740589779237,False,303.29823999999996,225.39999999999998,-175.3222989779237,333060.16195035406,235142.05845187005,235142.05845187005,-182899.9391046281
2054,97.74999999999999,225.39999999999998,2039.0,Glasgow ACT-W2E,60.60809999999999,69.73189999999998,195.93562567320143,False,0.0,225.39999999999998,127.21437432679853,0.0,13661.065739999996,29378.63599999999,16581.121549754916
2054,97.74999999999999,225.39999999999998,2039.0,NESS-W2E,42.858585,49.31041499999999,198.75501981615415,False,0.0,225.39999999999998,124.39498018384582,0.0,9660.325058999999,20774.892599999996,11465.360928564884
2054,97.74999999999999,225.39999999999998,2039.0,Energy Works ACT-W2E,13.420365,15.440635,201.40339180076796,False,0.0,225.39999999999998,121.746608199232,0.0,3024.9502709999997,6505.269399999999,3513.728859238035
2054,97.74999999999999,225.39999999999998,2039.0,Eco Park ACT-W2E,13.85328,15.938719999999996,202.93011759687164,False,0.0,225.39999999999998,120.21988240312832,0.0,3122.5293119999997,6715.116799999998,3581.5907365539983
2054,97.74999999999999,225.39999999999998,2039.0,Kilroot-CCGT,1059.7392638186998,0.0,207.3906503608189,False,303.29823999999996,225.39999999999998,-187.53889036081893,338333.74060537614,238865.2300647349,238865.2300647349,-198742.3256083501
2054,97.74999999999999,225.39999999999998,2039.0,Kings Lynn Power Station-CCGT,607.5685909533,0.0,208.8847375922057,False,303.29823999999996,225.39999999999998,-189.03297759220573,193973.14138464822,136945.96040087382,136945.96040087382,-114850.49983940317
2054,97.74999999999999,225.39999999999998,2039.0,Spalding-CCGT,1332.8402058705,0.0,210.92034860788132,False,303.29823999999996,225.39999999999998,-191.06858860788134,425524.3038334319,300422.18240321067,300422.18240321067,-254663.89697551445
2054,97.74999999999999,225.39999999999998,2039.0,Seabank-CCGT,1626.4197752931002,0.0,215.24318898826735,False,303.29823999999996,225.39999999999998,-195.39142898826736,519252.90036588704,366595.0173510648,366595.0173510648,-317788.48402929556
2054,97.74999999999999,225.39999999999998,2039.0,Shoreham Power Station-CCGT,584.0626047023999,0.0,223.96100678992715,False,303.29823999999996,225.39999999999998,-204.10924678992717,186468.58953268803,131647.7110999209,131647.7110999209,-119212.57832396982
2054,97.74999999999999,225.39999999999998,2039.0,Damhead Creek Power Station-CCGT,973.8051514482,0.0,231.84613890879083,False,303.29823999999996,225.39999999999998,-211.99437890879085,310898.3037233396,219495.68113642427,219495.68113642427,-206441.2182594422
2054,97.74999999999999,225.39999999999998,2040.0,Cottam Development Centre-CCGT,550.2910471575,0.0,238.4158800035795,False,303.29823999999996,225.39999999999998,-218.5641200035795,175686.6379901334,124035.60202930048,124035.60202930048,-120273.87846782725
2054,97.74999999999999,225.39999999999998,2040.0,Great Yarmouth Power Station-CCGT,566.475305193,0.0,240.013145571761,False,303.29823999999996,225.39999999999998,-220.161385571761,180853.6453352629,127683.5337905022,127683.5337905022,-124715.98808347707
2054,97.74999999999999,225.39999999999998,2040.0,Little Barford-CCGT,876.2518953272998,0.0,240.7576776464302,False,303.29823999999996,225.39999999999998,-220.90591764643023,279753.32384150976,197507.17720677337,197507.17720677337,-193569.2290267009
2054,97.74999999999999,225.39999999999998,2040.0,South Humber-CCGT,1415.4141864696,0.0,246.5252661657621,False,303.29823999999996,225.39999999999998,-226.6735061657621,451886.98066027515,319034.35763024783,319034.35763024783,-320836.896323824
2054,97.74999999999999,225.39999999999998,2040.0,Langage Energy Centre-CCGT,1099.7517366462,0.0,250.05603522765227,False,303.29823999999996,225.39999999999998,-230.20427522765226,351108.1749070905,247884.04144005346,247884.04144005346,-253167.55146499036
2054,97.74999999999999,225.39999999999998,2040.0,Grain CCGT-CCGT,1560.6667908717,0.0,256.5493066919562,False,303.29823999999996,225.39999999999998,-236.69754669195618,498260.51673456276,351774.2946624811,351774.2946624811,-369406.00060293963
2054,97.74999999999999,225.39999999999998,2040.0,Peterhead Power Station-CCGT,1283.3503468848,0.0,275.097064063588,False,303.29823999999996,225.39999999999998,-255.24530406358798,409724.1068563676,289267.1681878339,289267.1681878339,-327569.1495107219
2054,97.74999999999999,225.39999999999998,2040.0,Connahs Quay Power Station-CCGT,1302.9522420993,0.0,279.14393107084203,False,303.29823999999996,225.39999999999998,-259.292171070842,415982.23350818054,293685.4353691822,293685.4353691822,-337845.3156555489
2054,97.74999999999999,225.39999999999998,2040.0,Medway-CCGT,611.8560400155001,0.0,311.36638697059976,False,303.29823999999996,225.39999999999998,-291.5146269705998,195341.9579684955,137912.3514194937,137912.3514194937,-178364.9852648269
2054,97.74999999999999,225.39999999999998,,Isle of Wight-W2E,0.0,0.0,378.6296091247897,False,0.0,0.0,0.0,0.0,0.0,0.0,0.0
2054,97.74999999999999,225.39999999999998,,Coryton-CCGT,0.0,0.0,386.8501086268143,False,303.29823999999996,0.0,-303.29823999999996,163403.96649886188,0.0,0.0,-163403.96649886188
2054,97.74999999999999,225.39999999999998,,Rye House-CCGT,0.0,0.0,392.2249091956061,False,303.29823999999996,0.0,-303.29823999999996,146621.6542468271,0.0,0.0,-146621.6542468271
2054,97.74999999999999,225.39999999999998,,Rocksavage-CCGT,0.0,0.0,430.77402140379735,False,303.29823999999996,0.0,-303.29823999999996,146131.1620242901,0.0,0.0,-146131.1620242901
2055,97.74999999999999,225.39999999999998,2026.0,Tees Valley-W2E,304.33924500000006,350.153755,88.11948048189508,False,0.0,225.39999999999998,225.39999999999998,0.0,68598.06582300001,147522.7222,147522.7222
2055,97.74999999999999,225.39999999999998,2027.0,Runcorn-W2E,411.702165,473.6788349999999,92.55278428419912,False,0.0,225.39999999999998,225.39999999999998,0.0,92797.66799099998,199564.87739999994,199564.87739999994
2055,97.74999999999999,225.39999999999998,2027.0,Riverside-W2E,342.00285,393.48714999999993,95.11886046105766,False,0.0,225.39999999999998,225.39999999999998,0.0,77087.44239,165779.446,165779.446
2055,97.74999999999999,225.39999999999998,2028.0,Wilton 11-W2E,178.79389499999996,205.70910499999997,95.57551058511204,False,0.0,225.39999999999998,225.39999999999998,0.0,40300.143932999985,86666.97619999998,86666.97619999998
2055,97.74999999999999,225.39999999999998,2028.0,Scunthorpe Power Station-chp,1562.2594042965,0.0,96.72056387395656,False,324.5759999999999,225.39999999999998,-99.17599999999993,533759.9035883585,352133.26972843107,352133.26972843107,-154938.63868050958
2055,97.74999999999999,225.39999999999998,2029.0,Ferrybridge FM1-W2E,285.29098500000003,328.238015,98.85154951082956,False,0.0,225.39999999999998,224.29845048917042,0.0,64304.588019,138289.4366,137613.60403017025
2055,97.74999999999999,225.39999999999998,2029.0,Ferrybridge FM2-W2E,283.559325,326.24567499999995,98.9301306912529,False,0.0,225.39999999999998,224.21986930874706,0.0,63914.27185499999,137450.04699999996,136730.3974038205
2055,97.74999999999999,225.39999999999998,2029.0,Drax-BECCS,0.0,10924.999999999998,99.24068628496312,False,0.0,225.39999999999998,223.90931371503683,0.0,0.0,2462494.9999999995,2446209.252336777
2055,97.74999999999999,225.39999999999998,2032.0,Kemsley-W2E,245.02989,281.91610999999995,99.80091077600858,False,0.0,225.39999999999998,223.34908922399137,0.0,55229.73720599999,118773.62839999997,117692.90917022534
2055,97.74999999999999,225.39999999999998,2032.0,Allington-W2E,202.60422000000003,233.10378,100.90154534306674,False,0.0,225.39999999999998,222.24845465693323,0.0,45666.991188,98208.5832,96835.42968166307
2055,97.74999999999999,225.39999999999998,2032.0,Scunthorpe Blast Furnaces-stove,994.2298168221,0.0,101.76356955343398,False,324.5759999999999,225.39999999999998,-103.1895695534339,339687.51265773666,224099.4007117013,224099.4007117013,-102594.14683506194
2055,97.74999999999999,225.39999999999998,2032.0,Edmonton-W2E,209.53086,241.07314,102.28156448231805,False,0.0,225.39999999999998,220.86843551768192,0.0,47228.25584399999,101566.14159999999,99524.20051800954
2055,97.74999999999999,225.39999999999998,2032.0,Rookery South C-W2E,255.41985,293.8701499999999,103.38827027423388,False,0.0,225.39999999999998,219.7617297257661,0.0,57571.63419,123809.96599999999,120712.92052106604
2055,97.74999999999999,225.39999999999998,2032.0,SELCHP-W2E,169.269765,194.751235,105.54933952858303,False,0.0,225.39999999999998,217.60066047141692,0.0,38153.405030999995,82050.33339999999,79211.21002546565
2055,97.74999999999999,225.39999999999998,2032.0,Lakeside-W2E,178.79389499999996,205.70910499999997,105.75229786444092,False,0.0,225.39999999999998,217.39770213555903,0.0,40300.143932999985,86666.97619999998,83590.06866422883
2055,97.74999999999999,225.39999999999998,2032.0,Trident Park-W2E,177.92806500000003,204.712935,106.89966600386146,False,0.0,225.39999999999998,216.25033399613852,0.0,40104.985851000005,86247.28139999999,82746.24405061644
2055,97.74999999999999,225.39999999999998,2032.0,Severnside-W2E,173.598915,199.732085,107.69026084360516,False,0.0,225.39999999999998,215.4597391563948,0.0,39129.195440999996,84148.80739999999,80437.79987899603
2055,97.74999999999999,225.39999999999998,2033.0,Avonmouth-W2E,169.269765,194.751235,108.09353634841528,False,0.0,225.39999999999998,215.0564636515847,0.0,38153.405030999995,82050.33339999999,78285.06895491351
2055,97.74999999999999,225.39999999999998,2033.0,Beddington Lane-W2E,143.29486500000002,164.866135,108.33273184526364,False,0.0,225.39999999999998,214.81726815473633,0.0,32298.662571,69459.4894,66198.30417183171
2055,97.74999999999999,225.39999999999998,2033.0,Tyseley-W2E,157.148145,180.80485499999995,109.84350345016378,False,0.0,225.39999999999998,213.3064965498362,0.0,35421.191883,76174.60619999998,72087.57042850679
2055,97.74999999999999,225.39999999999998,2033.0,Allerton Park-W2E,117.31996499999998,134.98103499999996,110.24876424941378,False,0.0,225.39999999999998,212.90123575058618,0.0,26443.920110999992,56868.64539999998,53715.19468110863
2055,97.74999999999999,225.39999999999998,2033.0,Four Ashes-W2E,143.29486500000002,164.866135,111.41254904821844,False,0.0,225.39999999999998,211.7374509517815,0.0,32298.662571,69459.4894,65249.22462275196
2055,97.74999999999999,225.39999999999998,2033.0,Ardley-W2E,147.19109999999998,169.34889999999996,111.75263386171072,False,0.0,225.39999999999998,211.39736613828924,0.0,33176.87393999999,71348.11599999998,66915.72227741407
2055,97.74999999999999,225.39999999999998,2033.0,Great Blakenham-W2E,127.709925,146.93507499999996,111.99950117220564,False,0.0,225.39999999999998,211.1504988277943,0.0,28785.817095,61904.98299999999,57991.428750559564
2055,97.74999999999999,225.39999999999998,2033.0,North Hykeham-W2E,76.625955,88.16104499999999,112.24726485697003,False,0.0,225.39999999999998,210.90273514302993,0.0,17271.490256999998,37142.98979999999,34754.029016014465
2055,97.74999999999999,225.39999999999998,2033.0,Scunthorpe Sinter-sinter,633.6026468814001,0.0,112.48245883079248,False,324.5759999999999,225.39999999999998,-113.90845883079243,216476.01338334449,142814.03660706757,142814.03660706757,-72172.70101737107
2055,97.74999999999999,225.39999999999998,2033.0,Coventry-W2E,126.41118,145.44081999999997,114.86629159129888,False,0.0,225.39999999999998,208.2837084087011,0.0,28493.079971999996,61275.44079999999,56622.34269832221
2055,97.74999999999999,225.39999999999998,2033.0,Greatmoor-W2E,119.48454,137.47145999999998,115.52278790869914,False,0.0,225.39999999999998,207.6272120913008,0.0,26931.815315999997,57917.88239999999,53351.05791013228
2055,97.74999999999999,225.39999999999998,2033.0,South Killingholme-crackers,381.3657875526,0.0,119.41657844198282,False,324.5759999999999,225.39999999999998,-120.84257844198277,130297.03353755017,85959.84851435604,85959.84851435604,-46085.225097413604
2055,97.74999999999999,225.39999999999998,2033.0,Marchwood-W2E,90.479235,104.09976499999998,119.76307582774996,False,0.0,225.39999999999998,203.38692417225002,0.0,20394.019569,43858.10659999999,39574.824318512234
2055,97.74999999999999,225.39999999999998,2033.0,New Rugby-cement,866.2032106008,0.0,119.94033644561048,False,120.09311999999997,225.39999999999998,83.11654355438952,109500.04854217591,195242.2036694203,195242.2036694203,71995.81688085344
2055,97.74999999999999,225.39999999999998,2033.0,Dunbar-W2E,154.11774,177.31825999999995,120.88122377816076,False,0.0,225.39999999999998,202.2687762218392,0.0,34738.138596,74705.67439999997,67039.15411586149
2055,97.74999999999999,225.39999999999998,2033.0,Portsmouth-W2E,82.25384999999999,94.63614999999996,121.9344089585544,False,0.0,225.39999999999998,201.21559104144558,0.0,18540.017789999994,39871.00599999998,35593.02589932129
2055,97.74999999999999,225.39999999999998,2033.0,Grangemouth Power Station-CCGT,502.2772817634001,0.0,122.37005813568526,False,324.5759999999999,225.39999999999998,-123.7960581356852,171607.52737435506,113213.29930947037,113213.29930947037,-62179.94757341581
2055,97.74999999999999,225.39999999999998,2034.0,Newhurst-W2E,129.00867,148.42932999999996,122.92780800610014,False,0.0,225.39999999999998,200.22219199389983,0.0,29078.554217999997,62534.52519999999,55549.24450240358
2055,97.74999999999999,225.39999999999998,2034.0,Fawley Refinery-crackers,600.55012751238,0.0,123.76948009124162,False,324.5759999999999,225.39999999999998,-125.19548009124156,205183.32440785077,135363.99874129042,135363.99874129042,-75186.16153276875
2055,97.74999999999999,225.39999999999998,2034.0,South Killingholme-smr,225.005814656034,0.0,124.23754446793583,False,324.5759999999999,225.39999999999998,-125.66354446793576,76875.24978715461,50716.31062347006,50716.31062347006,-28275.028195572642
2055,97.74999999999999,225.39999999999998,2034.0,Hope Cement Works-cement,1003.4760721869,0.0,124.28720193448665,False,120.09311999999997,225.39999999999998,78.76967806551335,126853.23405712633,226183.50667092722,226183.50667092722,79043.48715260794
2055,97.74999999999999,225.39999999999998,2034.0,Parc Adfer-W2E,89.61340500000001,103.103595,125.7346990960452,False,0.0,225.39999999999998,197.41530090395474,0.0,20198.861487000002,43438.4118,38045.28454430745
2055,97.74999999999999,225.39999999999998,2034.0,Eastcroft-W2E,80.52219,92.64380999999996,125.9173094124788,False,0.0,225.39999999999998,197.23269058752118,0.0,18149.701626,39031.616399999984,34153.99609827868
2055,97.74999999999999,225.39999999999998,2034.0,Tunstead Cement-cement,621.4191773385,0.0,126.32727118201583,False,120.09311999999997,225.39999999999998,76.72960881798417,78555.96614148816,140067.8825720979,140067.8825720979,47681.25038917665
2055,97.74999999999999,225.39999999999998,2034.0,Stanlow Refinery-crackers,352.7227045224,0.0,127.0371190337797,False,324.5759999999999,225.39999999999998,-128.46311903377966,120510.86794006576,79503.69759934896,79503.69759934896,-45311.858776977766
2055,97.74999999999999,225.39999999999998,2034.0,Fawley Refinery-smr,354.32457523230414,0.0,127.12699478695876,False,324.5759999999999,225.39999999999998,-128.55299478695872,121058.16140063193,79864.75925736135,79864.75925736135,-45549.485272729755
2055,97.74999999999999,225.39999999999998,2034.0,Millerhill-W2E,70.565145,81.18785499999998,127.43285186483614,False,0.0,225.39999999999998,195.71714813516382,0.0,15905.383682999998,34205.12619999999,29700.664380955513
2055,97.74999999999999,225.39999999999998,2034.0,Padeswood-cement,470.6002227744,0.0,127.4850460006812,False,120.09311999999997,225.39999999999998,75.57183399931881,59490.36739544499,106073.29021334974,106073.29021334974,35564.12191554941
2055,97.74999999999999,225.39999999999998,2034.0,South Killingholme-distillation,324.16091941971,0.0,128.70945593540847,False,324.5759999999999,225.39999999999998,-130.1354559354084,110752.47850691764,73065.87123720263,73065.87123720263,-42184.829045125145
2055,97.74999999999999,225.39999999999998,2034.0,Ketton-cement,635.4803405793001,0.0,129.98256974643843,False,120.09311999999997,225.39999999999998,73.07431025356158,80333.49136719023,143237.26876657424,143237.26876657424,46437.28756753075
2055,97.74999999999999,225.39999999999998,2034.0,South Killingholme-power,568.235023453374,0.0,130.1966886940948,False,324.5759999999999,225.39999999999998,-131.62268869409473,194142.5799709497,128080.17428639048,128080.17428639048,-74792.62159708506
2055,97.74999999999999,225.39999999999998,2034.0,Newhaven-W2E,91.77798,105.59401999999996,130.2947760528612,False,0.0,225.39999999999998,192.85522394713877,0.0,20686.756692,44487.64879999999,38064.221260894665
2055,97.74999999999999,225.39999999999998,2034.0,Leeds-W2E,77.05887,88.65912999999998,130.72273227888334,False,0.0,225.39999999999998,192.4272677211166,0.0,17369.069298,37352.83719999999,31888.661952207993
2055,97.74999999999999,225.39999999999998,2034.0,Ribblesdale-cement,487.7708319975,0.0,131.22283623409905,False,120.09311999999997,225.39999999999998,71.83404376590096,61660.96953639536,109943.54553223649,109943.54553223649,35038.55129343834
2055,97.74999999999999,225.39999999999998,2035.0,Hanford-W2E,80.08927500000001,92.145725,131.66934911672453,False,0.0,225.39999999999998,191.48065088327542,0.0,18052.122585,38821.769,32979.669904880946
2055,97.74999999999999,225.39999999999998,2035.0,Fawley Refinery-distillation,510.4676083855231,0.0,132.12222727391224,False,324.5759999999999,225.39999999999998,-133.54822727391218,174405.82574667316,115059.3989300969,115059.3989300969,-68172.04418064024
2055,97.74999999999999,225.39999999999998,2035.0,Stanlow Refinery-smr,208.10639566821592,0.0,132.18064919232714,False,324.5759999999999,225.39999999999998,-133.6066491923271,71101.4120846388,46907.181583615864,46907.181583615864,-27804.398200722946
2055,97.74999999999999,225.39999999999998,2035.0,Kirklees-W2E,57.14477999999999,65.74721999999997,132.2826363227577,False,0.0,225.39999999999998,190.86736367724228,0.0,12880.433411999997,27699.85679999999,23456.07205702365
2055,97.74999999999999,225.39999999999998,2035.0,Lindsey Oil Refinery-crackers,173.99875600422,0.0,132.48929210893525,False,324.5759999999999,225.39999999999998,-133.9152921089352,59448.23181981652,39219.319603351185,39219.319603351185,-23301.094236896468
2055,97.74999999999999,225.39999999999998,2035.0,South Killingholme-remaining,358.48384029944395,0.0,132.82916790483205,False,324.5759999999999,225.39999999999998,-134.25516790483198,122479.21152529717,80802.25760349465,80802.25760349465,-48128.30817057082
2055,97.74999999999999,225.39999999999998,2035.0,Fawley Refinery-power,894.8196899934462,0.0,134.32186480576613,False,324.5759999999999,225.39999999999998,-135.74786480576608,305723.15336769755,201692.35812452275,201692.35812452275,-121469.86230276785
2055,97.74999999999999,225.39999999999998,2035.0,Baldovie-W2E,81.38802,93.63997999999998,134.50224562921326,False,0.0,225.39999999999998,188.64775437078669,0.0,18344.859707999996,39451.31119999999,33018.639152010044
2055,97.74999999999999,225.39999999999998,2035.0,Pembroke Refinery-crackers,453.1676492086801,0.0,135.6974630648525,False,324.5759999999999,225.39999999999998,-137.12346306485244,154828.78201005948,102143.98813163648,102143.98813163648,-62139.91740845245
2055,97.74999999999999,225.39999999999998,2035.0,Fawley Refinery-remaining,564.5171198616373,0.0,136.13383164089475,False,324.5759999999999,225.39999999999998,-137.55983164089469,192872.32494337973,127242.15881681304,127242.15881681304,-77654.8799665696
2055,97.74999999999999,225.39999999999998,2035.0,Stanlow Refinery-distillation,299.81429884404,0.0,136.513911998797,False,324.5759999999999,225.39999999999998,-137.93991199879696,102434.23774905589,67578.14295944662,67578.14295944662,-41356.35799852789
2055,97.74999999999999,225.39999999999998,2035.0,Dunbar Works-cement,421.0548381849,0.0,136.98298025518972,False,120.09311999999997,225.39999999999998,66.07389974481026,53227.14653549449,94905.76052687645,94905.76052687645,27820.73516529639
2055,97.74999999999999,225.39999999999998,2035.0,Stanlow Refinery-power,525.5568297383759,0.0,137.82970188412523,False,324.5759999999999,225.39999999999998,-139.2557018841252,179561.19323069797,118460.50942302991,118460.50942302991,-73186.78520521321
2055,97.74999999999999,225.39999999999998,2035.0,Hartlebury-W2E,90.91214999999998,104.59784999999997,138.13632582553586,False,0.0,225.39999999999998,185.0136741744641,0.0,20491.598609999994,44067.95399999998,36172.023437849464
2055,97.74999999999999,225.39999999999998,2035.0,Cauldon Cement-cement,510.3056236515,0.0,138.4784310020895,False,120.09311999999997,225.39999999999998,64.57844899791047,64509.67841879413,115022.8875710481,115022.8875710481,32954.74569032529
2055,97.74999999999999,225.39999999999998,2035.0,Javelin Park-W2E,81.38802,93.63997999999998,139.3228290773164,False,0.0,225.39999999999998,183.82717092268354,0.0,18344.859707999996,39451.31119999999,32174.90207225545
2055,97.74999999999999,225.39999999999998,2035.0,Sheffield-W2E,100.003365,115.05763499999998,139.8343235952813,False,0.0,225.39999999999998,183.31567640471866,0.0,22540.758470999997,48474.74939999999,39424.05268327519
2055,97.74999999999999,225.39999999999998,2035.0,Pembroke Refinery-smr,267.3689130331212,0.0,139.8863360016444,False,324.5759999999999,225.39999999999998,-141.31233600164433,91348.98138593508,60264.95299766551,60264.95299766551,-37782.52567493085
2055,97.74999999999999,225.39999999999998,2035.0,Chineham-W2E,44.590245,51.30275499999999,140.32141856258616,False,0.0,225.39999999999998,182.8285814374138,0.0,10050.641223,21614.282199999998,17531.98115977792
2055,97.74999999999999,225.39999999999998,2035.0,Stanlow Refinery-remaining,331.559342251056,0.0,140.6432980315675,False,324.5759999999999,225.39999999999998,-142.06929803156743,113280.21586366181,74733.47574338801,74733.47574338801,-47104.40300941574
2055,97.74999999999999,225.39999999999998,2035.0,Grangemouth Refinery-crackers,193.40584394892005,0.0,140.79770433532283,False,324.5759999999999,225.39999999999998,-142.2237043353228,66078.83705848911,43593.67722608658,43593.67722608658,-27506.895566514784
2055,97.74999999999999,225.39999999999998,2035.0,Lindsey Oil Refinery-smr,102.6592660424898,0.0,141.9929815759613,False,324.5759999999999,225.39999999999998,-143.41898157596125,35074.456773691745,23139.3985659772,23139.3985659772,-14723.28738514955
2055,97.74999999999999,225.39999999999998,2035.0,Lindsey Oil Refinery-power,259.2581464462878,0.0,142.81115560903552,False,324.5759999999999,225.39999999999998,-144.23715560903548,88577.86541152663,58436.78620899327,58436.78620899327,-37394.657611883325
2055,97.74999999999999,225.39999999999998,2036.0,Wolverhampton-W2E,42.42567,48.81233,142.87736864384428,False,0.0,225.39999999999998,180.27263135615567,0.0,9562.746017999998,20565.045199999997,16447.71433967293
2055,97.74999999999999,225.39999999999998,2036.0,Devonport-W2E,111.259155,128.00784499999995,143.82236892306247,False,0.0,225.39999999999998,179.3276310769375,0.0,25077.813536999998,53930.78179999998,42907.184304885595
2055,97.74999999999999,225.39999999999998,2036.0,Lindsey Oil Refinery-distillation,147.89894260358702,0.0,144.05717677984146,False,324.5759999999999,225.39999999999998,-145.48317677984141,50530.99704684405,33336.42166284851,33336.42166284851,-21516.80801234927
2055,97.74999999999999,225.39999999999998,2036.0,Pembroke Refinery-distillation,385.192501827378,0.0,144.60895225355458,False,324.5759999999999,225.39999999999998,-146.03495225355454,131604.46470855057,86822.38991189099,86822.38991189099,-56251.56861278837
2055,97.74999999999999,225.39999999999998,2036.0,Cornwall-W2E,103.46668499999998,119.04231499999996,145.15316997971505,False,0.0,225.39999999999998,177.9968300202849,0.0,23321.390798999993,50153.52859999998,39605.896650983566
2055,97.74999999999999,225.39999999999998,2036.0,Pembroke Refinery-power,675.2197973209334,0.0,146.4191539632569,False,324.5759999999999,225.39999999999998,-147.84515396325685,230694.88519498857,152194.54231613837,152194.54231613837,-99827.97489395247
2055,97.74999999999999,225.39999999999998,2036.0,Lindsey Oil Refinery-remaining,163.5588306439668,0.0,148.07743604588833,False,324.5759999999999,225.39999999999998,-149.5034360458883,55881.33791062754,36866.16042715011,36866.16042715011,-24452.607176920563
2055,97.74999999999999,225.39999999999998,2036.0,Pembroke Refinery-remaining,425.97759025615926,0.0,148.6969572317184,False,324.5759999999999,225.39999999999998,-150.12295723171832,145539.0550894559,96015.34884373829,96015.34884373829,-63949.01556369582
2055,97.74999999999999,225.39999999999998,2036.0,Grangemouth Refinery-smr,114.1094479298628,0.0,149.4429641100151,False,324.5759999999999,225.39999999999998,-150.86896411001504,38986.51386450857,25720.26956339107,25720.26956339107,-17215.5742043441
2055,97.74999999999999,225.39999999999998,2036.0,Milton Keynes ACT-W2E,35.066115,40.344885,149.91840922239953,False,0.0,225.39999999999998,173.23159077760045,0.0,7903.902321,16997.6394,13063.567492129627
2055,97.74999999999999,225.39999999999998,2036.0,Belfast ACT-W2E,48.48648,55.785519999999984,151.16178010182253,False,0.0,225.39999999999998,171.98821989817742,0.0,10928.852592,23502.908799999997,17933.555665222753
2055,97.74999999999999,225.39999999999998,2036.0,Grangemouth Refinery-power,288.1747074838908,0.0,151.2758042923232,False,324.5759999999999,225.39999999999998,-152.70180429232312,98457.46721714876,64954.57906686898,64954.57906686898,-44004.79778420256
2055,97.74999999999999,225.39999999999998,2036.0,Peterborough-W2E,36.797775,42.33722499999999,151.58940342877088,False,0.0,225.39999999999998,171.5605965712291,0.0,8294.218485,17837.028999999995,13576.447809664212
2055,97.74999999999999,225.39999999999998,2036.0,Grangemouth Refinery-distillation,164.394967356582,0.0,151.9931581726091,False,324.5759999999999,225.39999999999998,-153.41915817260906,56167.01149971574,37054.625642173574,37054.625642173574,-25221.337499660356
2055,97.74999999999999,225.39999999999998,2036.0,Pembroke Power Station-CCGT,5026.790800587,0.0,153.5814237169616,False,324.5759999999999,225.39999999999998,-155.00742371696157,1717448.0535698165,1133038.6464523098,1133038.6464523098,-779189.8915631137
2055,97.74999999999999,225.39999999999998,2037.0,NewLincs-W2E,24.24324,27.892759999999992,154.91229031794154,False,0.0,225.39999999999998,168.23770968205844,0.0,5464.426296,11751.454399999999,8771.241231983799
2055,97.74999999999999,225.39999999999998,2037.0,Grangemouth Refinery-remaining,181.8014933119848,0.0,156.05875268873913,False,324.5759999999999,225.39999999999998,-157.4847526887391,62114.10683497974,40978.056592521374,40978.056592521374,-28630.96321268138
2055,97.74999999999999,225.39999999999998,2037.0,Dudley-W2E,29.871135,34.367864999999995,157.17271920148522,False,0.0,225.39999999999998,165.97728079851476,0.0,6732.953828999999,14479.470599999997,10662.214541215788
2055,97.74999999999999,225.39999999999998,2037.0,Marchwood  Power  Station-CCGT,1815.7533444639,0.0,159.62812813767613,False,324.5759999999999,225.39999999999998,-161.05412813767606,620368.376350226,409270.803842163,409270.803842163,-292434.5718057028
2055,97.74999999999999,225.39999999999998,2037.0,Baddesley-W2E,41.55984,47.81616,160.35967910131896,False,0.0,225.39999999999998,162.790320898681,0.0,9367.587936,20145.3504,14549.547720640512
2055,97.74999999999999,225.39999999999998,2037.0,Enfield Power Station-CCGT,806.3891587964999,0.0,162.1675537167806,False,324.5759999999999,225.39999999999998,-163.59355371678055,275510.07116371865,181760.11639273106,181760.11639273106,-131920.0681662047
2055,97.74999999999999,225.39999999999998,2037.0,Battlefield-W2E,39.82818,45.82381999999999,162.19804621799932,False,0.0,225.39999999999998,160.95195378200066,0.0,8977.271772,19305.960799999993,13785.856745335917
2055,97.74999999999999,225.39999999999998,2037.0,Saltend-CCGT,2179.7384288931,0.0,164.91708350379992,False,324.5759999999999,225.39999999999998,-166.34308350379985,744727.1371541123,491313.04187250463,491313.04187250463,-362584.4114938064
2055,97.74999999999999,225.39999999999998,2037.0,Immingham-CCGT,2178.7933907240995,0.0,166.00773363458555,False,324.5759999999999,225.39999999999998,-167.4337336345855,744404.2564080687,491100.030269212,491100.030269212,-364803.51222729427
2055,97.74999999999999,225.39999999999998,2037.0,Didcot B-CCGT,2663.1465497294994,0.0,168.98227960881977,False,324.5759999999999,225.39999999999998,-170.40827960881973,909887.8468684232,600273.2323090291,600273.2323090291,-453822.22188556805
2055,97.74999999999999,225.39999999999998,2038.0,Staythorpe Power Station-CCGT,3395.4703151412,0.0,169.40288726463294,False,324.5759999999999,225.39999999999998,-170.8288872646329,1160092.8136918629,765339.0090328264,765339.0090328264,-580044.4156756636
2055,97.74999999999999,225.39999999999998,2038.0,Keadby-CCGT,1131.0949420923002,0.0,176.90140497406722,False,324.5759999999999,225.39999999999998,-178.32740497406718,386448.7072890004,254948.79994760445,254948.79994760445,-201705.2258026127
2055,97.74999999999999,225.39999999999998,2038.0,Hooton Park ACT-W2E,35.499030000000005,40.84297,179.27780846771287,False,0.0,225.39999999999998,143.8721915322871,0.0,8001.481362,17207.486800000002,10983.490845957864
2055,97.74999999999999,225.39999999999998,2038.0,Exeter-W2E,27.273645,31.379354999999997,179.60333383475486,False,0.0,225.39999999999998,143.54666616524509,0.0,6147.479582999999,13220.386199999997,8419.442610590118
2055,97.74999999999999,225.39999999999998,2038.0,Bolton-W2E,35.066115,40.344885,181.92172711397333,False,0.0,225.39999999999998,141.22827288602662,0.0,7903.902321,16997.6394,10650.165286608153
2055,97.74999999999999,225.39999999999998,2038.0,West Burton B CCGT Power Station-CCGT,2228.0422268514,0.0,181.9230998694337,False,324.5759999999999,225.39999999999998,-183.34909986943364,761230.561918442,502200.7179323055,502200.7179323055,-408509.5367642926
2055,97.74999999999999,225.39999999999998,2039.0,Levenseat ACT-W2E,25.10907,28.888929999999995,183.8322948806435,False,0.0,225.39999999999998,139.31770511935645,0.0,5659.584378,12171.149199999996,7522.877441035008
2055,97.74999999999999,225.39999999999998,2039.0,Coolkeeragh-CCGT,722.1987379346999,0.0,184.70017000442445,False,324.5759999999999,225.39999999999998,-186.1261700044244,246745.6605935717,162783.59553048134,162783.59553048134,-134420.0850738147
2055,97.74999999999999,225.39999999999998,2039.0,Carrington CCGT-CCGT,1673.6112263625,0.0,189.2092334567789,False,324.5759999999999,225.39999999999998,-190.63523345677885,571804.2499029839,377231.9704221075,377231.9704221075,-319049.26685350115
2055,97.74999999999999,225.39999999999998,2039.0,Ballylumford-CCGT,1043.2211998752,0.0,195.1740589779237,False,324.5759999999999,225.39999999999998,-196.60005897792365,356425.85702178197,235142.05845187005,235142.05845187005,-205097.3494224846
2055,97.74999999999999,225.39999999999998,2039.0,Glasgow ACT-W2E,60.60809999999999,69.73189999999998,195.93562567320143,False,0.0,225.39999999999998,127.21437432679853,0.0,13661.065739999996,29378.63599999999,16581.121549754916
2055,97.74999999999999,225.39999999999998,2039.0,NESS-W2E,42.858585,49.31041499999999,198.75501981615415,False,0.0,225.39999999999998,124.39498018384582,0.0,9660.325058999999,20774.892599999996,11465.360928564884
2055,97.74999999999999,225.39999999999998,2039.0,Energy Works ACT-W2E,13.420365,15.440635,201.40339180076796,False,0.0,225.39999999999998,121.746608199232,0.0,3024.9502709999997,6505.269399999999,3513.728859238035
2055,97.74999999999999,225.39999999999998,2039.0,Eco Park ACT-W2E,13.85328,15.938719999999996,202.93011759687164,False,0.0,225.39999999999998,120.21988240312832,0.0,3122.5293119999997,6715.116799999998,3581.5907365539983
2055,97.74999999999999,225.39999999999998,2039.0,Kilroot-CCGT,1059.7392638186998,0.0,207.3906503608189,False,324.5759999999999,225.39999999999998,-208.81665036081887,362069.4013612824,238865.2300647349,238865.2300647349,-221291.20332646102
2055,97.74999999999999,225.39999999999998,2039.0,Kings Lynn Power Station-CCGT,607.5685909533,0.0,208.8847375922057,False,324.5759999999999,225.39999999999998,-210.31073759220567,207581.24523921922,136945.96040087382,136945.96040087382,-127778.19850124563
2055,97.74999999999999,225.39999999999998,2039.0,Spalding-CCGT,1332.8402058705,0.0,210.92034860788132,False,324.5759999999999,225.39999999999998,-212.34634860788128,455376.7817480245,300422.18240321067,300422.18240321067,-283023.7509943775
2055,97.74999999999999,225.39999999999998,2039.0,Seabank-CCGT,1626.4197752931002,0.0,215.24318898826735,False,324.5759999999999,225.39999999999998,-216.6691889882673,555680.8684058243,366595.0173510648,366595.0173510648,-352395.053667236
2055,97.74999999999999,225.39999999999998,2039.0,Shoreham Power Station-CCGT,584.0626047023999,0.0,223.96100678992715,False,324.5759999999999,225.39999999999998,-225.3870067899271,199550.21471988014,131647.7110999209,131647.7110999209,-131640.12225180233
2055,97.74999999999999,225.39999999999998,2039.0,Damhead Creek Power Station-CCGT,973.8051514482,0.0,231.84613890879083,False,324.5759999999999,225.39999999999998,-233.2721389087908,332709.2429857379,219495.68113642427,219495.68113642427,-227161.61055872057
2055,97.74999999999999,225.39999999999998,2040.0,Cottam Development Centre-CCGT,550.2910471575,0.0,238.4158800035795,False,324.5759999999999,225.39999999999998,-239.84188000357943,188011.85991809756,124035.60202930048,124035.60202930048,-131982.83929939318
2055,97.74999999999999,225.39999999999998,2040.0,Great Yarmouth Power Station-CCGT,566.475305193,0.0,240.013145571761,False,324.5759999999999,225.39999999999998,-241.43914557176095,193541.3564824454,127683.5337905022,127683.5337905022,-136769.31367330044
2055,97.74999999999999,225.39999999999998,2040.0,Little Barford-CCGT,876.2518953272998,0.0,240.7576776464302,False,324.5759999999999,225.39999999999998,-242.18367764643017,299379.3001871091,197507.17720677337,197507.17720677337,-212213.90655502025
2055,97.74999999999999,225.39999999999998,2040.0,South Humber-CCGT,1415.4141864696,0.0,246.5252661657621,False,324.5759999999999,225.39999999999998,-247.95126616576204,483588.9210395334,319034.35763024783,319034.35763024783,-350953.73968411935
2055,97.74999999999999,225.39999999999998,2040.0,Langage Energy Centre-CCGT,1099.7517366462,0.0,250.05603522765227,False,324.5759999999999,225.39999999999998,-251.4820352276522,375740.0207091336,247884.04144005346,247884.04144005346,-276567.80497693137
2055,97.74999999999999,225.39999999999998,2040.0,Grain CCGT-CCGT,1560.6667908717,0.0,256.5493066919562,False,324.5759999999999,225.39999999999998,-257.9753066919561,533215.7729620766,351774.2946624811,351774.2946624811,-402613.49401907774
2055,97.74999999999999,225.39999999999998,2040.0,Peterhead Power Station-CCGT,1283.3503468848,0.0,275.097064063588,False,324.5759999999999,225.39999999999998,-276.5230640635879,438468.1286215586,289267.1681878339,289267.1681878339,-354875.9701876533
2055,97.74999999999999,225.39999999999998,2040.0,Connahs Quay Power Station-CCGT,1302.9522420993,0.0,279.14393107084203,False,324.5759999999999,225.39999999999998,-280.56993107084196,445165.29150697077,293685.4353691822,293685.4353691822,-365569.2207543996
2055,97.74999999999999,225.39999999999998,2040.0,Medway-CCGT,611.8560400155001,0.0,311.36638697059976,False,324.5759999999999,225.39999999999998,-312.79238697059975,209046.0905727062,137912.3514194937,137912.3514194937,-191383.91123882707
2055,97.74999999999999,225.39999999999998,,Isle of Wight-W2E,0.0,0.0,378.6296091247897,False,0.0,0.0,0.0,0.0,0.0,0.0,0.0
2055,97.74999999999999,225.39999999999998,,Coryton-CCGT,0.0,0.0,386.8501086268143,False,324.5759999999999,0.0,-324.5759999999999,174867.50279307453,0.0,0.0,-174867.50279307453
2055,97.74999999999999,225.39999999999998,,Rye House-CCGT,0.0,0.0,392.2249091956061,False,324.5759999999999,0.0,-324.5759999999999,156907.83450908962,0.0,0.0,-156907.83450908962
2055,97.74999999999999,225.39999999999998,,Rocksavage-CCGT,0.0,0.0,430.77402140379735,False,324.5759999999999,0.0,-324.5759999999999,156382.9320117254,0.0,0.0,-156382.9320117254
