Company Name [note 30],Site Name,Technology,Type,CHP,Primary Fuel,Secondary Fuel,InstalledCapacity (MW),Grid Connection Type,Country,Region,Postcode,OS Reference,X-Coordinate,Y-Coordinate,Year Commissioned,DESNZ site code
Anesco,Puriton,Solar,PV,No,Solar,, 4.6 ,LV,England,South West,TA64TG,,332462.0,142273.0,2015,SOL-000443
Anesco,Bourne Park,Solar,PV,No,Solar,, 0.2 ,LV,England,South West,DT27TU,,372107.0,97577.0,2012,SOL-000481
Anesco,Owls Lodge,Solar,PV,No,Solar,, 10.0 ,LV,England,South East,SP116PL,,443869.0,142971.0,2013,SOL-000585
Anesco,Shelswell,Solar,PV,No,Solar,, 5.1 ,LV,England,South East,OX278EH,,460822.0,230982.0,2013,SOL-000589
Anesco,Skylark,Solar,PV,No,Solar,, 4.9 ,LV,England,East of England,CB232SZ,,531754.0,257635.0,2013,SOL-000591
Anesco,Halse Solar Farm,Solar,PV,No,Solar,, 8.3 ,LV,England,South West,TA43LY,,315101.0,128738.0,2013,SOL-000608
Anesco,Jordanston Solar Farm,Solar,PV,No,Solar,, 4.6 ,LV,Wales,Wales,SA708NQ,,206785.0,201103.0,2013,SOL-000610
Anesco,Horsacott Solar Farm,Solar,PV,No,Solar,, 6.5 ,LV,England,South West,EX312PD,,252330.0,131541.0,2013,SOL-000616
Anesco,Sandys Moor,Solar,PV,No,Solar,, 2.9 ,LV,England,South West,TA42LY,,308509.0,127381.0,2013,SOL-000620
Anesco,East Farm,Solar,PV,No,Solar,, 6.8 ,LV,England,South West,BA120PG,,398727.0,142115.0,2013,SOL-000625
Anesco,Huntingdon,Solar,PV,No,Solar,, 10.2 ,LV,England,East of England,PE285YJ,,520021.0,281612.0,2014,SOL-000662
Anesco,Blackdown,Solar,PV,No,Solar,, 7.5 ,LV,England,South West,TA37DY,,320819.0,114679.0,2014,SOL-000664
Anesco,Mendip,Solar,PV,No,Solar,, 7.2 ,LV,England,South West,BA53AA,,359176.0,151234.0,2014,SOL-000666
Anesco,Newnton Dairy,Solar,PV,No,Solar,, 7.2 ,LV,England,South West,SN169SR,,392277.0,191968.0,2014,SOL-000667
Anesco,Whitchurch,Solar,PV,No,Solar,, 6.5 ,LV,England,South West,BA34DW,,363439.0,153553.0,2014,SOL-000669
Anesco,Watchfield Solar Farm,Solar,PV,No,Solar,, 10.7 ,LV,England,South West,TA94LD,,334135.0,147772.0,2014,SOL-000670
Anesco,Eynsham Solar Farm,Solar,PV,No,Solar,, 13.5 ,LV,England,South East,OX296XD,,439658.0,210754.0,2014,SOL-000682
Anesco,Steventon,Solar,PV,No,Solar,, 10.0 ,LV,England,South East,OX136AP,,444299.0,192928.0,2014,SOL-000683
Anesco,Anglesey,Solar,PV,No,Solar,, 14.9 ,LV,Wales,Wales,LL635SZ,,238717.0,367342.0,2014,SOL-000710
Anesco,Welbeck,Solar,PV,No,Solar,, 11.3 ,LV,England,East Midlands,NG209PU,,457669.0,369999.0,2014,SOL-000717
Anesco,Salcey Farm,Solar,PV,No,Solar,, 5.5 ,LV,England,South East,MK168LP,,485184.0,250544.0,2014,SOL-000718
Anesco,Bulls Head North,Solar,PV,No,Solar,, 5.5 ,LV,England,South East,MK168LP,,481460.0,251327.0,2014,SOL-000719
Anesco,Bilsthorpe,Solar,PV,No,Solar,, 5.7 ,LV,England,East Midlands,NG228ST,,465147.0,361625.0,2014,SOL-000720
Anesco,Tope Farm,Solar,PV,No,Solar,, 3.3 ,LV,England,South West,TQ97DR,,283048.0,52733.0,2014,SOL-000729
Anesco,Horam Solar Park,Solar,PV,No,Solar,, 2.6 ,LV,England,South East,TN210JN,,556616.0,115760.0,2014,SOL-000769
Anesco,Pierces Farm,Solar,PV,No,Solar,, 1.7 ,LV,England,South East,RG71LY,,468119.0,167296.0,2015,SOL-000775
Anesco,Culworth,Solar,PV,No,Solar,, 3.6 ,LV,England,East Midlands,OX172HW,,454564.0,245985.0,2015,SOL-000776
Anesco,Abergelli,Solar,PV,No,Solar,, 7.7 ,LV,Wales,Wales,SA57NN,,265507.0,202009.0,2015,SOL-000779
Anesco,Gedling,Solar,PV,No,Solar,, 5.7 ,LV,England,East Midlands,NG44JX,,461655.0,344045.0,2015,SOL-000789
Anesco,Higher Bye,Solar,PV,No,Solar,, 6.8 ,LV,England,South West,TA230JT,,305042.0,142360.0,2015,SOL-000823
Anesco,Trickey Warren,Solar,PV,No,Solar,, 4.6 ,LV,England,South West,TA37DY,,320109.0,114779.0,2015,SOL-000828
Anesco,Cotgrave,Solar,PV,No,Solar,, 5.0 ,LV,England,East Midlands,NG123GU,,463974.0,336042.0,2015,SOL-000863
Anesco,Pen-Y-Cae,Solar,PV,No,Solar,, 6.8 ,LV,Wales,Wales,SA183BJ,,260143.0,211806.0,2015,SOL-000864
Anesco,Radcliffe,Solar,PV,No,Solar,, 4.2 ,LV,England,East Midlands,NG122LT,,463038.0,338202.0,2015,SOL-000865
Anesco,Askern,Solar,PV,No,Solar,, 5.0 ,LV,England,Yorkshire and the Humber,DN60BZ,,455441.0,413876.0,2015,SOL-000877
Anesco,Lodge Farm ,Solar,PV,No,Solar,, 4.9 ,LV,England,East Midlands,S445TE,,441566.0,370954.0,2015,SOL-000878
Anesco,Oak Cottage,Solar,PV,No,Solar,, 4.9 ,LV,Wales,Wales,SA624PR,,202839.0,217801.0,2015,SOL-000879
Anesco,Playters,Solar,PV,No,Solar,, 8.6 ,LV,England,East of England,NR347TN,,644257.0,287733.0,2015,SOL-000880
Anesco,Yarburgh,Solar,PV,No,Solar,, 8.1 ,LV,England,East Midlands,LN11ONU,,534300.0,391971.0,2015,SOL-000882
Anesco,Brookbarn,Solar,PV,No,Solar,, 3.6 ,LV,England,South East,BN177PE,,500000.0,102000.0,2015,SOL-000894
Anesco,Portworthy,Solar,PV,No,Solar,, 4.0 ,LV,England,South West,PL75JP,,256878.0,60850.0,2015,SOL-000895
Anesco,Shalfleet ,Solar,PV,No,Solar,, 5.0 ,LV,England,South East,PO410TZ,,440587.0,88605.0,2015,SOL-000896
Anesco,Homestead,Solar,PV,No,Solar,, 4.0 ,LV,England,South East,PO410TZ,,439433.0,88404.0,2015,SOL-000909
Anesco,Rainbow,Solar,PV,No,Solar,, 4.8 ,LV,England,South West,TA64TG,,331238.0,141809.0,2015,SOL-000910
Anesco,Hale,Solar,PV,No,Solar,, 3.6 ,LV,England,South West,BH236BB,,409997.0,97268.0,2015,SOL-000911
Anesco,Woodtown,Solar,PV,No,Solar,, 2.7 ,LV,England,South West,BH228SW,,409156.0,97807.0,2015,SOL-000912
Anesco,Salford Lodge Solar Farm,Solar,PV,No,Solar,, 5.0 ,LV,England,West Midlands,WR118SN,SP0478950939,404789.0,250939.0,2015,SOL-000924
Anesco,Bourne Park 2,Solar,PV,No,Solar,, 2.4 ,LV,England,South West,DT27TU,,372234.0,97408.0,2015,SOL-000925
Anesco,Radford,Solar,PV,No,Solar,, 5.0 ,LV,England,West Midlands,CV311XJ,,435175.0,261988.0,2015,SOL-000933
Anesco,Eaton Hill ,Solar,PV,No,Solar,, 0.5 ,LV,England,West Midlands,HR60DG,SO5055459596,350554.0,259596.0,2015,SOL-000938
Anesco,Coleford Pingry Solar Farm,Solar,PV,No,Solar,, 3.4 ,LV,England,South West,GL168QD,,357121.0,209434.0,2016,SOL-000987
Anesco,Milkwall Solar Farm,Solar,PV,No,Solar,, 3.5 ,LV,England,South West,GL168QD,,357646.0,209411.0,2016,SOL-000989
Anesco,Sheepbridge,Solar,PV,No,Solar,, 5.0 ,LV,England,South East,RG71PX,SU7207665355,472076.0,165355.0,2016,SOL-000990
Anesco,Lindridge,Solar,PV,No,Solar,, 4.9 ,LV,England,East Midlands,LE99FD,SK4668005219,446680.0,305219.0,2016,SOL-000991
Anesco,Lee Moor,Solar,PV,No,Solar,, 5.0 ,LV,England,South West,PL75JP,,256033.0,60850.0,2015,SOL-000992
Anesco,Oakham,Solar,PV,No,Solar,, 4.6 ,LV,England,South West,BS324BS,,359684.0,183393.0,2016,SOL-000994
Anesco,The Beeches,Solar,PV,No,Solar,, 5.0 ,LV,England,West Midlands,CV379RG,,414445.0,254098.0,2016,SOL-000995
Anesco,East Appleton,Solar,PV,No,Solar,, 5.0 ,LV,England,Yorkshire and the Humber,DL107QE,,423660.0,495768.0,2016,SOL-000996
Anesco,Fell View,Solar,PV,No,Solar,, 4.3 ,LV,England,North West,PR25SD,,358322.0,433776.0,2016,SOL-000998
Anesco,Grimsargh,Solar,PV,No,Solar,, 2.9 ,LV,England,North West,PR25SD,,358322.0,433776.0,2016,SOL-001000
Anesco,Sheep Shed,Solar,PV,No,Solar,, 5.0 ,LV,England,West Midlands,CV379RG,,415469.0,255805.0,2016,SOL-001003
Anesco,Stripe,Solar,PV,No,Solar,, 5.0 ,LV,England,Yorkshire and the Humber,DL107PW,,419640.0,502487.0,2016,SOL-001004
Anesco,The Rushes,Solar,PV,No,Solar,, 5.0 ,LV,England,West Midlands,CV379RG,,416507.0,255215.0,2016,SOL-001005
Anesco,Wymeswold,Solar,PV,No,Solar,, 2.1 ,LV,England,East Midlands,LE126UA,,460007.0,323259.0,2016,SOL-001006
Anesco,Oxcroft,Solar,PV,No,Solar,, 4.2 ,LV,England,East Midlands,S446AG,,446492.0,374323.0,2016,SOL-001011
Anesco,Berry Court,Solar,PV,No,Solar,, 3.9 ,LV,England,South East,RG265AT,,461938.0,159221.0,2016,SOL-001013
Anesco,Stud Farm,Solar,PV,No,Solar,, 2.4 ,LV,England,East Midlands,NG228SX,,464448.0,361853.0,2016,SOL-001014
Anesco,Brookside,Solar,PV,No,Solar,, 5.0 ,LV,England,West Midlands,CV379RG,,414476.0,254127.0,2016,SOL-001016
Anesco,The Leys,Solar,PV,No,Solar,, 5.0 ,LV,England,West Midlands,CV379RG,,415118.0,253833.0,2016,SOL-001018
Anesco,Misson Park,Solar,PV,No,Solar,, 5.0 ,LV,England,East Midlands,DN106DP,,467034.0,394719.0,2016,SOL-001037
Anesco,Crow Trees Solar Farm,Solar,PV,No,Solar,, 4.7 ,LV,England,East Midlands,NG171JF,,447248.0,357200.0,2016,SOL-001040
Anesco,Hermitage,Solar,PV,No,Solar,, 5.0 ,LV,England,East of England,MK455JD,,503595.0,232813.0,2016,SOL-001058
Anesco,Brook Hall,Solar,PV,No,Solar,, 4.7 ,LV,England,South West,BA149PT,,385169.0,153475.0,2016,SOL-001070
Anesco,Wymeswold - Wide Lane,Solar,PV,No,Solar,, 4.3 ,LV,England,East Midlands,LE126SE,,463380.0,323140.0,2016,SOL-001077
Anesco,Abbey Fields Solar Farm,Solar,PV,No,Solar,, 4.9 ,LV,England,South East,ME108HD,TR0267762028,602677.0,162028.0,2016,SOL-001079
Anesco,Warren,Solar,PV,No,Solar,, 5.0 ,LV,England,South East,SO519AG,,437906.0,121342.0,2016,SOL-001080
Anesco,Hungerford,Solar,PV,No,Solar,, 4.5 ,LV,England,South East,RG278SW,,478178.0,153997.0,2016,SOL-001081
Anesco,Blue House,Solar,PV,No,Solar,, 5.0 ,LV,England,North East,TS225PW,,446965.0,526727.0,2016,SOL-001084
Anesco,Low Burntoft,Solar,PV,No,Solar,, 5.0 ,LV,England,North East,TS225PD,,445706.0,527911.0,2016,SOL-001086
Anesco,Palmersford,Solar,PV,No,Solar,, 3.0 ,LV,England,South West,BH236BG,,409981.0,99040.0,2015,SOL-001088
Anesco,Granville,Solar,PV,No,Solar,, 4.4 ,LV,England,West Midlands,TF28PQ,,372363.0,313370.0,2016,SOL-001091
Anesco,High Meadow,Solar,PV,No,Solar,, 3.9 ,LV,England,North East,TS211EA,,439442.0,521774.0,2016,SOL-001096
Anesco,Heywood Grange,Solar,PV,No,Solar,, 5.0 ,LV,England,West Midlands,ST102PL,,396689.0,345502.0,2016,SOL-001097
Anesco,Blisworth Solar Farm,Solar,PV,No,Solar,, 3.6 ,LV,England,East Midlands,NN73DA,,473113.0,252638.0,2016,SOL-001098
Anesco,Thame,Solar,PV,No,Solar,, 4.8 ,LV,England,South East,OX93QH,,473366.0,206186.0,2016,SOL-001101
Anesco,Michaelston Solar Farm,Solar,PV,No,Solar,, 4.2 ,LV,Wales,Wales,CF36XS,,322998.0,183674.0,2016,SOL-001102
Anesco,Greencroft,Solar,PV,No,Solar,, 4.9 ,LV,England,North East,DH97XR,,417307.0,550812.0,2016,SOL-001104
Anesco,Moneystone,Solar,PV,No,Solar,, 5.0 ,LV,England,West Midlands,ST102DZ,,404572.0,346224.0,2016,SOL-001108
Anesco,Willows Farm,Solar,PV,No,Solar,, 4.6 ,LV,England,West Midlands,WR114TG,SK1026233700,410262.0,333700.0,2016,SOL-001122
Anesco,The Willows,Solar,PV,No,Solar,, 4.7 ,LV,England,West Midlands,CV379RG,,410262.0,333700.0,2016,SOL-001124
Anesco,Poplars,Solar,PV,No,Solar,, 5.0 ,LV,England,West Midlands,CV379RG,,415118.0,253833.0,2016,SOL-001129
Anesco,Clayhill,Solar,PV,No,Solar,, 9.8 ,LV,England,East of England,MK455JD,,504351.0,233195.0,2017,SOL-001179
Anesco,Ollerton,Solar,PV,No,Solar,, 4.3 ,LV,England,East Midlands,NG229DX,,463220.0,366009.0,2017,SOL-001182
Anesco,Nanthenfoel,Solar,PV,No,Solar,, 5.0 ,LV,Wales,Wales,SA487NP,,254014.0,252465.0,2017,SOL-001183
Anesco,Albrighton,Solar,PV,No,Solar,, 5.0 ,LV,England,West Midlands,WV91RQ,,383987.0,305139.0,2017,SOL-001189
Anesco,Ashton,Solar,PV,No,Solar,, 4.8 ,LV,England,South West,BA146DX,,388976.0,158134.0,2017,SOL-001190
Anesco,Blackwell Grange,Solar,PV,No,Solar,, 5.0 ,LV,England,West Midlands,CV364PF,,422892.0,243330.0,2017,SOL-001191
Anesco,Hyde Farm,Solar,PV,No,Solar,, 4.9 ,LV,England,South East,MK464DU,,488765.0,253909.0,2017,SOL-001192
Anesco,Spring Lane,Solar,PV,No,Solar,, 1.0 ,LV,England,East Midlands,LE651WU,,436639.0,314607.0,2017,SOL-001193
Anesco,Moss Thorn,Solar,PV,No,Solar,, 5.0 ,LV,England,North West,CA110BY,,348608.0,530601.0,2017,SOL-001200
Anesco,Bristol Water,Solar,PV,No,Solar,, 0.8 ,LV,England,South West,GL139HN,,353895.0,167517.0,2017,SOL-001201
Anesco,Bumpers Farm,Solar,PV,No,Solar,, 5.0 ,LV,England,South East,HP279RE,,476303.0,205882.0,2017,SOL-001202
Anesco,Wreay,Solar,PV,No,Solar,, 5.0 ,LV,England,North West,CA40PY,,342315.0,547311.0,2017,SOL-001203
Anesco,Bumpers Farm 2,Solar,PV,No,Solar,, 12.0 ,LV,England,South East,HP279RE,,477235.0,206455.0,2020,SOL-001288
Anesco,Chalgrove,Solar,PV,No,Solar,, 2.4 ,LV,England,South East,OX447SL,,462500.0,196438.0,2014,SOL-001302
Anesco,Nether Mill,Solar,PV,No,Solar,, 3.8 ,LV,England,South West,EX152QQ,ST0209412271,302094.0,112271.0,2015,SOL-001303
Anesco,Barr Farm,Solar,PV,No,Solar,, 1.9 ,LV,England,West Midlands,WV107BN,,391152.0,307977.0,2015,SOL-001305
Anesco,Dale Farm,Solar,PV,No,Solar,, 5.0 ,LV,Northern Ireland,Northern Ireland,BT809UU,,96201.0,539164.0,2018,SOL-001306
Anesco,Sandridge,Solar,PV,No,Solar,, 49.6 ,LV,England,South West,SN152JN,ST9385563823,393855.0,163823.0,2015,SOL-001308
Anesco,Darran,Solar,PV,No,Solar,, 1.8 ,LV,Wales,Wales,NP120HX,,318423.0,199274.0,2017,SOL-001309
Anesco,Langley Priory,Solar,PV,No,Solar,, 2.0 ,LV,England,East Midlands,DE742QQ,,443358.0,323561.0,2015,SOL-001351
Anesco,Milborne Port,Solar,PV,No,Solar,, 3.3 ,LV,England,South West,DT95EF,ST6821819662,368218.0,119662.0,2017,SOL-001362
Anesco,Derwyn,Solar,PV,No,Solar,, 4.7 ,LV,Wales,Wales,CF62 3AA,ST0869169396,308691.0,169396.0,2016,SOL-001368
Anesco,Sutor,Solar,PV,No,Solar,, 5.0 ,LV,England,South West,BA9 9RA,ST7249427168,372494.0,127168.0,2016,SOL-001371
Anesco,Biglis,Solar,PV,No,Solar,, 5.0 ,LV,Wales,Wales,CF63 1BL,ST1391670097,313916.0,170097.0,2016,SOL-001372
Anesco,Chard,Solar,PV,No,Solar,, 3.0 ,LV,England,South West,TA20 1RR,ST3373410028,333734.0,110028.0,2016,SOL-001373
Anesco,Spear Hill,Solar,PV,No,Solar,, 5.0 ,LV,England,South East,RH20 3BA,TQ1338217346,513382.0,117346.0,2016,SOL-001374
Anesco,Nancrossa,Solar,PV,No,Solar,, 6.9 ,LV,England,South West,TR10 9EA,SW7265433891,172654.0,33891.0,2016,SOL-001375
Anesco,Lincoln Farm,Solar,PV,No,Solar,, 10.7 ,LV,England,East Midlands,PE24 5AT,TF4735362779,547353.0,362779.0,2016,SOL-001377
Anesco,Parcstormy,Solar,PV,No,Solar,, 0.7 ,LV,Wales,Wales,CF33 4RS,SS8409980079,284099.0,180079.0,2013,SOL-001378
Anesco,Swanland,Solar,PV,No,Solar,, 5.0 ,LV,England,East of England,EN63NH,TL2281300555,522813.0,200555.0,2017,SOL-001379
Anesco,Bedford,Solar,PV,No,Solar,, 0.6 ,LV,England,East Midlands,MK443SD,TL0254945634,502549.0,245634.0,2016,SOL-001405
Anesco,Dragon LNG,Solar,PV,No,Solar,, 10.0 ,LV,Wales,Wales,SA731DR,SM9258504781,192585.0,204781.0,2022,SOL-001406
Anesco,West Field,Solar,PV,No,Solar,, 4.9 ,LV,England,North West,PR30PU,SD4976942088,349769.0,442088.0,2016,SOL-001407
Anesco,Whilton,Solar,PV,No,Solar,, 0.3 ,LV,England,East Midlands,NN112NH,SP6170164551,461701.0,264551.0,2016,SOL-001408
Anesco,Littlewood,Solar,PV,No,Solar,, 5.0 ,LV,England,North West,NG19 8JA,SP8210547071,482105.0,247071.0,2017,SOL-001522
Anesco,Ilmer,Solar,PV,No,Solar,, 5.0 ,LV,England,East Midlands,HP279RE,SP7700006500,477000.0,206500.0,2017,SOL-001547
Anesco,West Hill,Solar,PV,No,Solar,, 11.1 ,LV,England,South West,EX348NF,SS5152742091,251527.0,142091.0,2014,SOL-001548
Anesco,Majors Hill,Solar,PV,No,Solar,, 1.2 ,HV,England,South East,RH10 4PE,TQ3215136216,532151.0,136216.0,2016,SOL-001595
Anesco,Malmpit,Solar,PV,No,Solar,, 5.0 ,LV,England,South West,BA12 0LZ,ST9742939768,397429.0,139768.0,2016,SOL-001596
Anesco,Park Hill,Solar,PV,No,Solar,, 5.0 ,HV,Scotland,Scotland,DD11 4QU,NO6412545917,364125.0,745917.0,,SOL-001604
Anesco,Beavor Grange,Solar,PV,No,Solar,, 19.5 ,HV,England,South West,EX13 5SE,SY3275798184,332757.0,98184.0,2024,SOL-001615
Anesco,Walley Corner,Solar,PV,No,Solar,, 5.0 ,LV,England,South East,OX10 7PQ,,0.0,0.0,2017,SOL-001630
Anesco,Siddington,Solar,PV,No,Solar,, 20.9 ,HV,England,South West,GL7 6DB,,0.0,0.0,2024,SOL-001646
Anesco,Low Farm,Solar,PV,No,Solar,, 49.9 ,HV,England,South East,PE24 4JS,,0.0,0.0,2025,SOL-001647
Anesco,Alfreton,Solar,PV,No,Solar,, 19.9 ,HV,England,East Midlands,DE55 5AL,,0.0,0.0,2024,SOL-001648
Atmosclear,Broadgate,Solar,PV,No,Solar,, 1.1 ,LV,England,South West,,SS7764107308,277641.0,107308.0,2012,SOL-000484
Atmosclear,Barton,Solar,PV,No,Solar,, 1.2 ,LV,England,South West,,ST0777817118,307778.0,117118.0,2012,SOL-000485
Atmosclear,Higher Pirzwell,Solar,PV,No,Solar,, 1.2 ,LV,England,South West,EX15 2AH,ST0754609156,307546.0,109156.0,2012,SOL-000486
Atmosclear,Stables Farm,Solar,PV,No,Solar,, 1.0 ,LV,England,South East,PO30 4NH,SZ4092088770,440920.0,88770.0,2012,SOL-000493
Atmosclear,Yeowood,Solar,PV,No,Solar,, 1.2 ,LV,England,South West,BS40 5AA,ST4438562232,344385.0,162232.0,2012,SOL-000498
Atmosclear,Kia-Ora Farm,Solar,PV,No,Solar,, 1.8 ,LV,England,South West,EX15 1PZ,ST0097507058,300975.0,107058.0,2013,SOL-000574
Atmosclear,Luson,Solar,PV,No,Solar,, 1.9 ,LV,England,South West,PL21 9JY,SX6201653112,262016.0,53112.0,2013,SOL-000579
Atmosclear,Copley Wood (Renewables (SW)),Solar,PV,No,Solar,, 1.5 ,LV,England,South West,,ST5184332305,351843.0,132305.0,2015,SOL-000921
Atmosclear,Long Ash Lane Solar Park ,Solar,PV,No,Solar,, 5.0 ,LV,England,South West,DT2 9PW,ST6092802540,360928.0,102540.0,2017,SOL-001180
Babcock International and Fluor Inc,Maentwrog,Hydro,Large Hydro,No,Hydro,, 35.3 ,HV,Wales,Wales,LL414HY,SH648396,267297.8,337806.9,1928,HNF-000003
BayWa R.E,Tir Mostyn & Foel Goch Ltd,Wind,Onshore,No,Wind,, 21.3 ,HV,Wales,Wales,LL165RN,,300300.0,358800.0,2005,WON-000275
BayWa R.E,Scout Moor Wind Farm Ltd,Wind,Onshore,No,Wind,, 65.0 ,HV,England,North West,OL127TY,,382400.0,419200.0,2008,WON-000338
BayWa R.E,Bagmoor Wind Ltd,Wind,Onshore,No,Wind,, 16.0 ,HV,England,Yorkshire and the Humber,DN159GH,,488240.0,415400.0,2009,WON-000369
Bluefield Services,Bradenstoke Solar Park Ltd,Solar,PV,No,Solar,, 69.8 ,LV,England,South West,SN154PZ,,402315.0,178635.0,2015,SOL-000827
Calon Energy,Severn Power Ltd,Fossil Fuel,CCGT,No,Natural Gas,, 850.0 ,HV,Wales,Wales,NP19 4RE,,333250.0,185006.0,2010,GAS-000377
Capital Dynamics UK,Rymes,Solar,PV,No,Solar,, 5.0 ,LV,England,South West,GL19 3AJ,,374052.0,225256.0,2017,SOL-001381
Capital Dynamics UK,Home Farm,Solar,PV,No,Solar,, 3.1 ,LV,Wales,Wales,,ST1031075854,310310.0,175854.0,2017,SOL-001574
Capital Dynamics UK,Ysgellog,Wind,Onshore,No,Wind,, 4.6 ,LV,Wales,Wales,LL060AW,,240490.0,391238.0,2013,WON-000540
Capital Dynamics UK,Garlenick,Wind,Onshore,No,Wind,, 4.0 ,LV,England,South West,TR24RQ,,194662.0,49203.0,2014,WON-000657
Capital Dynamics UK,Daintree,Wind,Onshore,No,Wind,, 4.0 ,LV,England,East Midlands,NN67GW,,457545.0,272243.0,2014,WON-000660
Capital Dynamics UK,Wythegill,Wind,Onshore,No,Wind,, 2.3 ,LV,England,North West,CA14 1SA,NY0121131657,301881.0,532072.0,2015,WON-000751
Capital Dynamics UK,East Youlstone,Wind,Onshore,No,Wind,, 4.0 ,LV,England,South West,EX239PU,,227610.0,115654.0,2015,WON-000765
Capital Dynamics UK,Mossmorran,Wind,Onshore,No,Wind,, 4.6 ,LV,Scotland,Scotland,KY4 8EP,NT1793489429,318109.0,689419.0,2016,WON-000946
Capital Dynamics UK,Watford Lodge ,Wind,Onshore,No,Wind,, 10.3 ,LV,England,East Midlands,NN67UN,SP6096070200,460960.0,270200.0,2015,WON-001314
Capital Dynamics UK,Seegronan,Wind,Onshore,No,Wind,, 13.8 ,LV,Northern Ireland,Northern Ireland,BT817HQ,NV3271444451,32714.0,544451.0,2016,WON-001315
Capital Dynamics UK,Potato Pot,Wind,Onshore,No,Wind,, 7.1 ,LV,England,North West,CA144ST,NY0300024100,303000.0,524100.0,2016,WON-001316
Capital Dynamics UK,Middle Balbeggie,Wind,Onshore,No,Wind,, 6.4 ,LV,Scotland,Scotland,KY13NS,NT2776096279,327760.0,696279.0,2016,WON-001317
Capital Dynamics UK,Shantavny,Wind,Onshore,No,Wind,, 16.1 ,LV,Northern Ireland,Northern Ireland,BT702DL,,69686.0,522810.0,2017,WON-001318
Capital Dynamics UK,Airfield Poddington,Wind,Onshore,No,Wind,, 8.6 ,LV,England,East of England,NN29 7JQ,,495095.0,260698.0,2017,WON-001319
Capital Dynamics UK,Red Gap,Wind,Onshore,No,Wind,, 12.5 ,LV,England,North East,TS27 3HH,NZ4394228174,443942.0,528174.0,2017,WON-001320
Capital Dynamics UK,Falkirk Tod Hill,Wind,Onshore,No,Wind,, 11.4 ,LV,Scotland,Scotland,FK54SJ,NS8406483742,284064.0,683742.0,2015,WON-001321
Capital Dynamics UK,Harthill Torrance,Wind,Onshore,No,Wind,, 5.7 ,LV,Scotland,Scotland,EH483AN,,291163.0,664768.0,2015,WON-001322
Capital Dynamics UK,Westnewton (BEGL4),Wind,Onshore,No,Wind,, 6.2 ,LV,England,North West,CA73PB,,313505.0,543564.0,2014,WON-001323
Capital Dynamics UK,Dunmore,Wind,Onshore,No,Wind,, 21.0 ,LV,Northern Ireland,Northern Ireland,,NV8801585846,88015.0,585846.0,2014,WON-001324
Capital Dynamics UK,Crockandun,Wind,Onshore,No,Wind,, 15.0 ,LV,Northern Ireland,Northern Ireland,BT80 9UA,NV9602550873,96025.0,550873.0,2017,WON-001325
Capital Dynamics UK,Elginny,Wind,Onshore,No,Wind,, 23.0 ,LV,Northern Ireland,Northern Ireland,BT437GZ,,131511.0,567821.0,2018,WON-001326
Capital Dynamics UK,Whiteside Hill,Wind,Onshore,No,Wind,, 28.5 ,HV,Scotland,Scotland,DG4 6LF,,271440.0,608920.0,2018,WON-001328
Capital Dynamics UK,Sorbie,Wind,Onshore,No,Wind,, 12.6 ,LV,Scotland,Scotland,,NS2480045170,224800.0,645170.0,2023,WON-001575
Capital Dynamics UK,Longhill,Wind,Onshore,No,Wind,, 50.0 ,LV,Scotland,Scotland,EH55 8HQ,NS9818958735,298189.0,658735.0,2024,WON-001609
Capital Dynamics UK,Pines Burn,Wind,Onshore,No,Wind,, 33.6 ,LV,Scotland,Scotland,TD9 9TZ,NT5408106737,354081.0,606737.0,2024,WON-001613
Community Wind Power,Aikengall,Wind,Onshore,No,Wind,, 48.0 ,LV,Scotland,Scotland,,NT6946869455,369468.0,669455.0,2009,WON-001578
Community Wind Power,Aikengall II,Wind,Onshore,No,Wind,, 60.8 ,HV,Scotland,Scotland,,NT6946869455,369468.0,669455.0,2017,WON-001579
Community Wind Power,Aikengall IIA,Wind,Onshore,No,Wind,, 81.7 ,HV,Scotland,Scotland,,NT7179366791,371793.0,666791.0,2021,WON-001580
Community Wind Power,Calder Water,Wind,Onshore,No,Wind,, 39.0 ,LV,Scotland,Scotland,,NS6086940428,260869.0,640428.0,2013,WON-001581
Community Wind Power,Millour Hill,Wind,Onshore,No,Wind,, 18.0 ,LV,Scotland,Scotland,,NS2584352080,225843.0,652080.0,2012,WON-001582
Community Wind Power,Millour Hill Ext.,Wind,Onshore,No,Wind,, 6.4 ,LV,Scotland,Scotland,KA24 5AW,NS256524,225696.0,652415.0,2016,WON-001583
Community Wind Power,Sanquhar,Wind,Onshore,No,Wind,, 31.1 ,HV,Scotland,Scotland,,NS7031107479,270311.0,607479.0,2018,WON-001584
Community Wind Power,Wardlaw Wood,Wind,Onshore,No,Wind,, 18.0 ,LV,Scotland,Scotland,,NS2490051200,224900.0,651200.0,2006,WON-001585
Co-owned by SSE Group and Cheung Kong Infrastructure Ltd,Seabank Power Ltd,Fossil Fuel,CCGT,No,Natural Gas,," 1,234.0 ",HV,England,South West,BS10 7SP,,343425.0,161749.0,2000,GAS-000197
Co-owned by SSE Group and Wheelabrator Technologies Inc,FM1,Bioenergy,Bioenergy,No,MSW,, 79.0 ,LV,England,Yorkshire and the Humber,WF11 8TB,SE474246,447490.0,424684.0,2015,BIO-000740
Co-owned by SSE Group and Wheelabrator Technologies Inc,FM2,Bioenergy,Bioenergy,No,MSW,, 79.0 ,LV,England,Yorkshire and the Humber,WF11 8TB,SE474246,447490.0,424684.0,2019,BIO-001276
Cubico Sustainable Investments,Broxted,Solar,PV,No,Solar,, 31.6 ,LV,England,East of England,CB8 9YD,TQ637458,572387.0,251110.0,2013,SOL-000629
Cubico Sustainable Investments,Owls Hatch,Solar,PV,No,Solar,, 51.9 ,LV,England,South East,CT6 7FT,TR158659,615860.0,165945.0,2015,SOL-000784
Cubico Sustainable Investments,Hadlow Place,Solar,PV,No,Solar,, 18.9 ,LV,England,South East,TN11 0PD,,562879.0,145736.0,2015,SOL-000793
Cubico Sustainable Investments,Barton Close,Solar,PV,No,Solar,, 4.6 ,LV,England,South West,EX33 1HX,SY651810,247374.0,141403.0,2015,SOL-000881
Cubico Sustainable Investments,Grantham,Solar,PV,No,Solar,, 4.9 ,LV,England,East Midlands,NG32 1EQ,SU508503,507000.0,392000.0,2015,SOL-000897
Cubico Sustainable Investments,Overton,Solar,PV,No,Solar,, 3.8 ,LV,England,South East,RG25 3ES,SU510500,450500.0,150500.0,2015,SOL-000898
Cubico Sustainable Investments,Guynd,Solar,PV,No,Solar,, 9.5 ,LV,Scotland,Scotland,DD11 2QR,SK880386,356230.0,742772.0,2015,SOL-000899
Cubico Sustainable Investments,Wisbech,Solar,PV,No,Solar,, 3.4 ,LV,England,East of England,PE14 0AZ,NO633470,546000.0,307000.0,2015,SOL-000900
Cubico Sustainable Investments,Newlands,Solar,PV,No,Solar,, 5.0 ,LV,England,South West,DT3 4BG,SU115278,365099.0,81019.0,2015,SOL-000908
Cubico Sustainable Investments,Bake Farm,Solar,PV,No,Solar,, 5.0 ,LV,Scotland,Scotland,DD11 2QZ,NO564429,233036.0,58842.0,2015,SOL-000918
Cubico Sustainable Investments,Kinblethmont,Solar,PV,No,Solar,, 5.0 ,LV,Scotland,Scotland,DD11 4RW,NO632468,363182.0,746857.0,2016,SOL-001010
Cubico Sustainable Investments,Southfield,Solar,PV,No,Solar,, 9.8 ,LV,England,South West,BA22 8HQ,ST570240,357089.0,124014.0,2016,SOL-001046
Cubico Sustainable Investments,Wandylaw,Wind,Onshore,No,Wind,, 20.5 ,LV,England,North East,NE675HG,NU1498925121,414989.0,625121.0,2013,WON-000536
Cubico Sustainable Investments,Middlewick,Wind,Onshore,No,Wind,, 20.7 ,LV,England,East of England,CM07JQ,,600140.0,200001.0,2014,WON-000645
Cubico Sustainable Investments,Kelmarsh,Wind,Onshore,No,Wind,, 12.3 ,LV,England,East Midlands,NN69LZ,SP7252778054,472527.0,278054.0,2016,WON-000955
Cubico Sustainable Investments,Chiplow,Wind,Onshore,No,Wind,, 8.2 ,LV,England,East of England,PE318SR,TF812335,581286.0,333548.0,2016,WON-000956
Cubico Sustainable Investments,Penmanshiel,Wind,Onshore,No,Wind,, 28.7 ,LV,Scotland,Scotland,TD113RP,,380006.0,667129.0,2016,WON-000959
Cubico Sustainable Investments,Winwick,Wind,Onshore,No,Wind,, 12.3 ,LV,England,East Midlands,NN67NS,,464374.0,274095.0,2016,WON-000962
E.ON,Steven's Croft,Bioenergy,Bioenergy,Yes,Biomass,, 46.0 ,LV,Scotland,Scotland,DG11 2SQ,NY121854,312100.0,585100.0,2007,BIO-000303
E.ON,Blackburn Meadows,Bioenergy,Bioenergy,Yes,Biomass,, 34.0 ,LV,England,Yorkshire and the Humber,,SK3950991482,440075.0,391650.0,2015,BIO-000739
Ecotricity,Fen Farm Solar,Solar,PV,No,Solar,, 0.9 ,LV,England,East Midlands,LN117BP,TF386931,537585.0,393825.0,2011,SOL-000451
Ecotricity,Bulkworthy Solar,Solar,PV,No,Solar,, 6.2 ,LV,England,South West,EX227UP,SS4051214816,240512.0,114816.0,2022,SOL-001392
Ecotricity,Dalby Solar,Solar,PV,No,Solar,, 6.9 ,LV,England,East Midlands,LE14 3LY,SK6487023180,464870.0,323180.0,2023,SOL-001393
Ecotricity,Lynch Knoll,Wind,Onshore,No,Wind,, 0.5 ,LV,England,South West,GL103UJ,SO815004,381600.0,200400.0,1996,WON-000163
Ecotricity,Ecotech,Wind,Onshore,No,Wind,, 1.5 ,LV,England,East of England,PE377HT,TF816099,0.0,0.0,1999,WON-000192
Ecotricity,Somerton,Wind,Onshore,No,Wind,, 1.8 ,LV,England,East of England,NR29 4DU,TG469187,646900.0,318800.0,2000,WON-000203
Ecotricity,East Kilbride,Wind,Onshore,No,Wind,, 0.6 ,LV,Scotland,Scotland,G750ZZ,NS641514,264500.0,652000.0,2001,WON-000219
Ecotricity,Mablethorpe,Wind,Onshore,No,Wind,, 1.2 ,LV,England,East Midlands,LN122QW,TF489824,548900.0,382500.0,2002,WON-000231
Ecotricity,Swaffham II,Wind,Onshore,No,Wind,, 1.8 ,LV,England,East of England,PE377HL,TF827099,582197.0,309324.0,2003,WON-000242
Ecotricity,Dagenham,Wind,Onshore,No,Wind,, 5.9 ,LV,England,London,RM96SA,TQ499819,550300.0,181600.0,2004,WON-000256
Ecotricity,Bambers,Wind,Onshore,No,Wind,, 9.6 ,LV,England,East Midlands,LN112QW,TF491826,549500.0,383600.0,2004,WON-000257
Ecotricity,Green Park,Wind,Onshore,No,Wind,, 2.0 ,LV,England,South East,RG26UE,SU706693,470755.0,169271.0,2005,WON-000277
Ecotricity,Dundee,Wind,Onshore,No,Wind,, 4.0 ,LV,Scotland,Scotland,DD88UQ,NO449327,269652.0,688422.0,2006,WON-000289
Ecotricity,Bristol Port,Wind,Onshore,No,Wind,, 6.0 ,LV,England,South West,BS119DQ,ST509794,350907.0,179457.0,2007,WON-000313
Ecotricity,Fen Farm,Wind,Onshore,No,Wind,, 16.0 ,LV,England,East Midlands,LN117LU,TF386940,537585.0,393825.0,2007,WON-000314
Ecotricity,Shooters,Wind,Onshore,No,Wind,, 2.0 ,LV,England,South West,BA34LU,ST594507,359380.0,150740.0,2008,WON-000339
Ecotricity,Worksop,Wind,Onshore,No,Wind,, 2.0 ,LV,England,East Midlands,S802PU,SK608779,461695.0,378487.0,2009,WON-000370
Ecotricity,Cardiff,Wind,Onshore,No,Wind,, 2.3 ,LV,Wales,Wales,CF32EE,ST236791,323460.0,179215.0,2011,WON-000415
Ecotricity,Ballymena,Wind,Onshore,No,Wind,, 4.6 ,LV,Northern Ireland,Northern Ireland,BT424HZ,NW287618,130743.0,561194.0,2013,WON-000522
Ecotricity,Galsworthy,Wind,Onshore,No,Wind,, 9.2 ,LV,England,South West,EX395NP,SS401157,240007.0,115922.0,2014,WON-000653
Ecotricity,Dalby,Wind,Onshore,No,Wind,, 7.3 ,LV,England,East Midlands,LE143LY,SK652238,465397.0,322239.0,2016,WON-000954
Ecotricity,H&H,Wind,Onshore,No,Wind,, 0.8 ,LV,England,Yorkshire and the Humber,DN140BA,SE604200,0.0,0.0,2016,WON-000968
Ecotricity,QEH,Wind,Onshore,No,Wind,, 0.8 ,LV,England,East of England,PE304ET,TF654205,565228.0,320492.0,2016,WON-000969
Ecotricity,RSPB,Wind,Onshore,No,Wind,, 0.8 ,LV,England,East of England,SG192DL,TL197485,0.0,0.0,2016,WON-000970
Ecotricity,Alveston,Wind,Onshore,No,Wind,, 6.9 ,LV,England,South West,BS353TD,ST649843,365450.0,186055.0,2017,WON-001151
EDF Energy,Hartlepool,Nuclear,AGR,No,Nuclear,," 1,185.0 ",HV,England,North East,TS252BZ,,451747.0,531078.0,1983,NUC-000126
EDF Energy,Heysham 1,Nuclear,AGR,No,Nuclear,," 1,060.0 ",HV,England,North West,LA32XH,,341498.0,461449.0,1983,NUC-000127
EDF Energy,Heysham 2,Nuclear,AGR,No,Nuclear,," 1,240.0 ",HV,England,North West,LA32XH,,341498.0,461449.0,1988,NUC-000131
EDF Energy,Torness,Nuclear,AGR,No,Nuclear,," 1,200.0 ",HV,Scotland,Scotland,EH421QS,,218252.0,651517.0,1988,NUC-000132
EDF Energy,Sizewell B,Nuclear,PWR,No,Nuclear,," 1,198.0 ",HV,England,East of England,IP164UR,,647453.0,260420.0,1995,NUC-000159
EDF Energy,Burwell,Solar,PV,No,Solar,, 69.9 ,HV,England,East of England,CB25 0BP,TL5700068000,557000.0,268000.0,2023,SOL-001554
EDF Energy,Porth Wen,Solar,PV,No,Solar,, 69.1 ,LV,Wales,Wales,LL66 0AT   ,SH3994793525,239947.0,393525.0,2023,SOL-001555
EDF Energy,Sutton Bridge,Solar,PV,No,Solar,, 73.1 ,HV,England,East Midlands,PE12 9TF,TF4809619978,548096.0,319978.0,2023,SOL-001556
EDF Energy,Teesside,Wind,Offshore,No,Wind,, 62.0 ,LV,England,North East,TS240RQ,,458470.0,528174.0,2013,WOF-000507
EDF Energy,Blyth,Wind,Offshore,No,Wind,, 40.0 ,LV,England,North East,NE227FB,,438227.0,582010.0,2018,WOF-001257
EDF Energy,NNG,Wind,Offshore,No,Wind,, 448.0 ,HV,Scotland,Scotland,TD14 5SD,NO8464508429,384645.0,708429.0,2024,WOF-001614
EDF Energy,Great Orton,Wind,Onshore,No,Wind,, 4.0 ,LV,England,North west,CA70JY,,331300.0,553400.0,1999,WON-000193
EDF Energy,Kirkheaton,Wind,Onshore,No,Wind,, 1.8 ,LV,England,North East,NE192DQ,,400800.0,576900.0,2000,WON-000205
EDF Energy,High Hedley I,Wind,Onshore,No,Wind,, 2.4 ,LV,England,North East,DL134PR,,415700.0,541000.0,2001,WON-000216
EDF Energy,Cemmaes,Wind,Onshore,No,Wind,, 15.3 ,LV,Wales,Wales,SY209PR,,286800.0,306000.0,2002,WON-000237
EDF Energy,Llangwyryfon,Wind,Onshore,No,Wind,, 9.4 ,LV,Wales,Wales,SY234SR,,261752.0,269577.0,2003,WON-000241
EDF Energy,Glassmoor I,Wind,Onshore,No,Wind,, 16.0 ,LV,England,East of England,PE262TS,,543128.0,292192.0,2006,WON-000291
EDF Energy,Deeping,Wind,Onshore,No,Wind,, 16.0 ,LV,England,East Midlands,PE113DD,,519905.0,316471.0,2006,WON-000292
EDF Energy,Red House,Wind,Onshore,No,Wind,, 12.0 ,LV,England,East Midlands,PE129NG,,542000.0,329000.0,2006,WON-000294
EDF Energy,Red Tile,Wind,Onshore,No,Wind,, 24.0 ,LV,England,East of England,PE282JX,,523939.0,271933.0,2007,WON-000324
EDF Energy,Bicker Fen,Wind,Onshore,No,Wind,, 26.0 ,LV,England,East Midlands,PE203BF,,519870.0,339325.0,2008,WON-000346
EDF Energy,High Hedley II,Wind,Onshore,No,Wind,, 5.2 ,LV,England,North East,DL134PR,,415700.0,541000.0,2008,WON-000349
EDF Energy,Trimdon,Wind,Onshore,No,Wind,, 5.2 ,LV,England,North East,TS296NR,,436000.0,536300.0,2008,WON-000350
EDF Energy,Langley,Wind,Onshore,No,Wind,, 8.0 ,LV,England,North East,DH70EE,,420928.0,547703.0,2008,WON-000351
EDF Energy,Walkway,Wind,Onshore,No,Wind,, 14.0 ,LV,England,North East,TS225NS,,439000.0,530000.0,2008,WON-000353
EDF Energy,Longpark,Wind,Onshore,No,Wind,, 38.0 ,LV,Scotland,Scotland,TD12SW,,348050.0,642050.0,2009,WON-000365
EDF Energy,Broomhill,Wind,Onshore,No,Wind,, 8.0 ,LV,England,North East,DL134LY,,415500.0,539500.0,2009,WON-000372
EDF Energy,Rusholme,Wind,Onshore,No,Wind,, 24.0 ,LV,England,Yorkshire and the Humber,YO88PX,,469500.0,426500.0,2010,WON-000388
EDF Energy,Burnfoot,Wind,Onshore,No,Wind,, 30.1 ,LV,Scotland,Scotland,FK147JZ,,290135.0,703250.0,2010,WON-000394
EDF Energy,Fairfield,Wind,Onshore,No,Wind,, 6.5 ,LV,England,North West,CA144QE,,301826.0,521459.0,2011,WON-000410
EDF Energy,Green Rigg,Wind,Onshore,No,Wind,, 36.0 ,LV,England,North East,NE482EY,,392000.0,582000.0,2012,WON-000473
EDF Energy,Fallago Rig,Wind,Onshore,No,Wind,, 144.0 ,HV,Scotland,Scotland,TD36NW,,357000.0,660000.0,2013,WON-000514
EDF Energy,Boundary Lane,Wind,Onshore,No,Wind,, 6.2 ,LV,England,North East,DH89LQ,,404708.0,550336.0,2013,WON-000523
EDF Energy,Glassmoor II,Wind,Onshore,No,Wind,, 12.3 ,LV,England,East of England,PE262TS,,528421.0,292867.0,2013,WON-000527
EDF Energy,Roade,Wind,Onshore,No,Wind,, 7.2 ,LV,England,East Midlands,NN72EG,,477964.0,252105.0,2014,WON-000642
EDF Energy,Barmoor,Wind,Onshore,No,Wind,, 12.0 ,LV,England,North East,TD152QD,,393797.0,634046.0,2014,WON-000655
EDF Energy,Park Spring,Wind,Onshore,No,Wind,, 8.6 ,LV,England,Yorkshire and the Humber,S72 7GX,,439689.0,408763.0,2015,WON-000761
EDF Energy,Burnhead Moss,Wind,Onshore,No,Wind,, 26.0 ,LV,Scotland,Scotland,FK12JW,,288503.0,671903.0,2016,WON-000947
EDF Energy,Rhodders,Wind,Onshore,No,Wind,, 12.3 ,LV,Scotland,Scotland,FK147JZ,,288738.0,697461.0,2016,WON-000948
EDF Energy,Pearie Law,Wind,Onshore,No,Wind,, 19.2 ,LV,Scotland,Scotland,EH558RT,,302205.0,659690.0,2016,WON-000980
EDF Energy,Corriemoillie,Wind,Onshore,No,Wind,, 48.5 ,HV,Scotland,Scotland,IV232PQ,,234700.0,867700.0,2017,WON-001156
EDF Energy,Beckburn,Wind,Onshore,No,Wind,, 31.1 ,LV,England,North West,DG165HU,,334466.0,568940.0,2017,WON-001164
EDF Energy,Dorenell,Wind,Onshore,No,Wind,, 177.0 ,HV,Scotland,Scotland,AB554DT,,332000.0,829500.0,2018,WON-001271
EDF Energy,Burnfoot East,Wind,Onshore,No,Wind,, 10.8 ,LV,Scotland,Scotland,FK147JZ,NN9468204706,294682.0,704706.0,2020,WON-001285
EDF Energy,West Benhar,Wind,Onshore,No,Wind,, 30.1 ,LV,Scotland,Scotland,ML7 5TF,NS8956061750,289560.0,661750.0,2023,WON-001557
Eneco Wind UK,Oaklands,Solar,PV,No,Solar,, 5.0 ,LV,England,South West,,SY900894,389957.0,89555.0,2015,SOL-000928
Eneco Wind UK,Tullo,Wind,Onshore,No,Wind,, 17.5 ,HV,Scotland,Scotland,,NO757723,387283.0,785873.0,2010,WON-000392
Eneco Wind UK,Lochluichart,Wind,Onshore,No,Wind,, 69.0 ,HV,Scotland,Scotland,,NH333680,232030.0,866235.0,2013,WON-000560
Eneco Wind UK,Twinshiels,Wind,Onshore,No,Wind,, 25.0 ,HV,Scotland,Scotland,,NO757723,375955.0,771728.0,2014,WON-000644
Eneco Wind UK,Burn of Whilk,Wind,Onshore,No,Wind,, 22.5 ,HV,Scotland,Scotland,,ND293407,326232.0,939965.0,2015,WON-000754
Eneco Wind UK,Moy,Wind,Onshore,No,Wind,, 66.0 ,HV,Scotland,Scotland,,NH779370,276741.0,835240.0,2016,WON-000949
Energy Capital Partners,Saltend Power Station,Fossil Fuel,CCGT,Yes,Natural Gas,," 1,200.0 ",HV,England,Yorkshire and the Humber,HU128GA,TA162282,509793.0,428825.0,2000,GAS-000198
Energy Capital Partners,Indian Queens Power Ltd,Fossil Fuel,Single cycle,No,Diesel/Gas Oil,, 140.0 ,HV,England,South West,PL26 8BY,SW940591,191739.0,58385.0,1996,OIL-000168
Engie Power,Ffestiniog Power Station,Pumped Hydro,Pumped hydro,No,Pumped hydro,, 360.0 ,HV,Wales,Wales,,SH679444,267900.0,344400.0,1963,HST-000101
Engie Power,Dinorwig Power Station,Pumped Hydro,Pumped hydro,No,Pumped hydro,," 1,800.0 ",HV,Wales,Wales,,SH594600,259400.0,360000.0,1984,HST-000128
Engie Power,Capel Grange Solar Energy Ltd,Solar,PV,No,Solar,, 4.1 ,LV,England,South East,TN126QX,,565242.0,144832.0,2016,SOL-001036
Engie Power,Scotia Wind (Craigengelt) Ltd,Wind,Onshore,No,Wind,, 20.0 ,LV,Scotland,Scotland,FK79QS,,272451.0,686495.0,2010,WON-000386
Engie Power,Crimp Wind Power Ltd,Wind,Onshore,No,Wind,, 2.4 ,LV,England,South West,EX239PD,,225180.0,115445.0,2011,WON-000414
Engie Power,Flimby Wind Energy Ltd,Wind,Onshore,No,Wind,, 6.2 ,LV,England,North West,CA158SU,,302500.0,533500.0,2013,WON-000532
Engie Power,Barlockhart Moor Wind Energy Ltd,Wind,Onshore,No,Wind,, 8.2 ,HV,Scotland,Scotland,DG80JQ,,221183.0,555886.0,2013,WON-000549
Engie Power,Sober Hill Wind Farm Ltd,Wind,Onshore,No,Wind,, 12.3 ,HV,England,Yorkshire and the Humber,YO434TG,,480972.0,437663.0,2013,WON-000564
Engie Power,Blantyre Muir Wind Energy Ltd,Wind,Onshore,No,Wind,, 12.3 ,LV,Scotland,Scotland,G720TR,,268888.0,651781.0,2014,WON-000637
Engie Power,Carsington Wind Energy Ltd,Wind,Onshore,No,Wind,, 8.2 ,LV,England,East Midlands,DE44HF,,424640.0,354200.0,2014,WON-000639
Engie Power,Cairnborrow Wind Energy Ltd,Wind,Onshore,No,Wind,, 10.3 ,HV,Scotland,Scotland,AB544XP,,346153.0,841867.0,2017,WON-001152
EPR,EPR Eye Ltd,Bioenergy,Bioenergy,No,Biomass,, 14.3 ,LV,England,East of England,IP238BW,,613050.0,275050.0,1992,BIO-000134
EPR,EPR Glanford Ltd,Bioenergy,Bioenergy,No,Biomass,, 14.0 ,HV,England,Yorkshire and the Humber,DN158SB,SE859147,486050.0,415050.0,1993,BIO-000137
EPR,EPR Thetford Ltd,Bioenergy,Bioenergy,No,Biomass,, 41.5 ,LV,England,East of England,IP241LX,,585300.0,286900.0,1998,BIO-000175
EPR,EPR Scotland Ltd,Bioenergy,Bioenergy,No,Biomass,, 12.5 ,LV,Scotland,Scotland,KY50HR,,319000.0,695100.0,2000,BIO-000194
EPR,EPR Ely Ltd,Bioenergy,Bioenergy,No,Biomass,, 38.0 ,LV,England,East of England,CB62QE,,545000.0,279900.0,2001,BIO-000211
EPR,Ovenden Moor,Wind,Onshore,No,Wind,, 18.0 ,LV,England,Yorkshire and the Humber,HX2 7UA,SE0430030900,404300.0,430900.0,1993,WON-000140
EPR,Royd Moor,Wind,Onshore,No,Wind,, 6.5 ,LV,England,Yorkshire and the Humber,S36 7RD,SE2200004000,422000.0,404000.0,1993,WON-000142
EPUKi,Lynemouth Power Limited,Bioenergy,Bioenergy,No,Biomass,, 420.0 ,HV,England,North East,NE639NW,,429850.0,590374.0,2018,BIO-001255
EPUKi,EP SHB LTD,Fossil Fuel,CCGT,No,Natural Gas,," 1,365.0 ",HV,England,Yorkshire and the Humber,DN418BZ,TA228134,520457.0,409164.0,1997,GAS-000169
EPUKi,EP Ballylumford CCGT,Fossil Fuel,CCGT,No,Natural Gas,, 616.0 ,HV,Northern Ireland,Northern Ireland,BT403RS,,156969.0,556595.0,2003,GAS-000239
EPUKi,EP Langage Ltd,Fossil Fuel,CCGT,No,Natural Gas,, 905.0 ,HV,England,South West,PL75AW,,257085.0,56194.0,2010,GAS-000376
EPUKi,EP Ballylumford,Fossil Fuel,Single cycle,No,Diesel/Gas Oil,, 116.0 ,HV,Northern Ireland,Northern Ireland,BT403RS,,156969.0,556595.0,1974,OIL-000116
ESB,Corby Power Station,Fossil Fuel,CCGT,No,Natural Gas,, 407.0 ,HV,England,East Midlands,NN17 5QT,,488447.0,266932.0,1994,GAS-000146
ESB,CoolkeeraghESB C30,Fossil Fuel,CCGT,No,Natural Gas,, 413.0 ,HV,Northern Ireland,Northern Ireland,BT476UL,,64846.0,584768.0,2004,GAS-000248
ESB,Carrington Power,Fossil Fuel,CCGT,No,Natural Gas,, 884.0 ,HV,England,North West,M314AY,,373287.0,393037.0,2016,GAS-000941
ESB,CoolkeeraghESB GT8,Fossil Fuel,Single cycle,No,Diesel/Gas Oil,, 53.0 ,HV,Northern Ireland,Northern Ireland,BT476UL,,64846.0,584768.0,1970,OIL-000109
European Energy A/S,PV@Pendine Solar Farm,Solar,PV,No,Solar,, 4.9 ,LV,Wales,Wales,SA33 4PR,SN2410310103,224103.0,210103.0,2016,SOL-001015
European Energy A/S,Canewdon CIC,Solar,PV,No,Solar,, 5.0 ,LV,England,East of England,SS4 3LW,,586831.0,194705.0,2015,SOL-001384
European Energy A/S,West End Farm PV CIC,Solar,PV,No,Solar,, 4.9 ,LV,England,East Midlands,"	DN22 0EF",TQ8605694401,586056.0,194401.0,2016,SOL-001385
European Energy A/S,High Leas PV,Solar,PV,No,Solar,, 4.9 ,LV,England,East Midlands,LN11 8PJ,TF3962982380,539629.0,382380.0,2015,SOL-001386
European Energy A/S,Canewdon PV,Solar,PV,No,Solar,, 5.0 ,LV,England,East of England,SS4 3LW,,586831.0,194705.0,2015,SOL-001387
European Energy A/S,Woodhouse PV,Solar,PV,No,Solar,, 4.9 ,LV,England,North East,SR5 3NS,NZ5990215917,459902.0,515917.0,2017,SOL-001388
European Energy A/S,West End Farm PV,Solar,PV,No,Solar,, 4.9 ,LV,England,East Midlands,"	DN22 0EF",TQ8605694401,586056.0,194401.0,2016,SOL-001389
European Energy A/S,Bubney,Solar,PV,No,Solar,, 40.4 ,LV,England,East Midlands,SY13 4QH,SJ5134442321,351344.0,342321.0,2023,SOL-001576
European Energy A/S,Parc Cynog,Wind,Onshore,No,Wind,, 3.6 ,LV,Wales,Wales,SA33 4PY,SN2550009500,225500.0,209500.0,2001,WON-000214
European Energy A/S,Pendine Wind Farm Limited,Wind,Onshore,No,Wind,, 4.8 ,LV,Wales,Wales,SA33 4PY,SN2523009760,225230.0,209760.0,2009,WON-000368
Falck Renewables SpA,Cambrian,Wind,Onshore,No,Wind,, 58.5 ,LV,Wales,Wales,SY233LE,,281000.0,280000.0,2005,WON-000271
Falck Renewables SpA,Boyndie,Wind,Onshore,No,Wind,, 16.3 ,LV,Scotland,Scotland,,NJ613641,364000.0,862000.0,2006,WON-000300
Falck Renewables SpA,Earlsburn,Wind,Onshore,No,Wind,, 37.5 ,LV,Scotland,Scotland,,NS697882,269652.0,688422.0,2007,WON-000308
Falck Renewables SpA,Ben Aketil,Wind,Onshore,No,Wind,, 27.6 ,LV,Scotland,Scotland,,NG311485,132500.0,846500.0,2007,WON-000318
Falck Renewables SpA,Kilbraur,Wind,Onshore,No,Wind,, 67.5 ,HV,Scotland,Scotland,,NC788078,278550.0,907550.0,2008,WON-000337
Falck Renewables SpA,Millennium,Wind,Onshore,No,Wind,, 65.0 ,HV,Scotland,Scotland,,NH265106,225679.0,810840.0,2008,WON-000340
Falck Renewables SpA,Nutberry,Wind,Onshore,No,Wind,, 15.0 ,LV,Scotland,Scotland,,NS777322,279021.0,635662.0,2013,WON-000555
Falck Renewables SpA,West Browncastle,Wind,Onshore,No,Wind,, 30.0 ,LV,Scotland,Scotland,,NS619426,261117.0,642821.0,2014,WON-000643
Falck Renewables SpA,Kingsburn,Wind,Onshore,No,Wind,, 22.5 ,LV,Scotland,Scotland,,NS668898,266606.0,686412.0,2016,WON-000952
Falck Renewables SpA,Spaldington,Wind,Onshore,No,Wind,, 11.8 ,LV,England,Yorkshire and the Humber,,SE753329,475377.0,431986.0,2016,WON-000953
Falck Renewables SpA,Assel Valley,Wind,Onshore,No,Wind,, 25.0 ,LV,Scotland,Scotland,,NX211938,223370.0,595995.0,2016,WON-000966
Falck Renewables SpA,Auchrobert,Wind,Onshore,No,Wind,, 38.8 ,LV,Scotland,Scotland,,NS760392,275154.0,638500.0,2017,WON-001166
Foresight Group,Shotwick,Solar,PV,No,Solar,, 72.2 ,LV,Wales,Wales,CH52UA,,332888.0,371036.0,2016,SOL-001032
Foresight Group,Moel Moelogan,Wind,Onshore,No,Wind,, 2.6 ,LV,Wales,Wales,LL26 0NY,SH8461962203,284619.0,362203.0,2003,WON-000247
Foresight Group,Moel Moelogan 2,Wind,Onshore,No,Wind,, 11.7 ,LV,Wales,Wales,LL26 0NY,SH8470061300,284700.0,361300.0,2008,WON-000347
Foresight Group,Frodsham Wind Farm ,Wind,Onshore,No,Wind,, 50.4 ,LV,England,North West,CH24LB,SJ 466 762,348635.0,376504.0,2017,WON-001150
Fred Olsen Renewables,Brockloch Rig 1,Wind,Onshore,No,Wind,, 21.6 ,HV,Scotland,Scotland,KA16 0TU,NS6150002500,261500.0,602500.0,1996,WON-000167
Fred Olsen Renewables,Crystal Rig,Wind,Onshore,No,Wind,, 62.5 ,LV,Scotland,Scotland,EH42 1SH,NT6800067000,368000.0,667000.0,2003,WON-000243
Fred Olsen Renewables,Crystal Rig II,Wind,Onshore,No,Wind,, 138.0 ,HV,Scotland,Scotland,EH42 1SH,NT6700067500,367000.0,667500.0,2010,WON-000246
Fred Olsen Renewables,Rothes,Wind,Onshore,No,Wind,, 50.6 ,LV,Scotland,Scotland,IV36 2RZ,NJ1840055900,318400.0,855900.0,2005,WON-000261
Fred Olsen Renewables,Pauls Hill,Wind,Onshore,No,Wind,, 64.4 ,LV,Scotland,Scotland,IV36 2RZ,NJ1150540495,311505.0,840495.0,2006,WON-000279
Fred Olsen Renewables,Rothes II,Wind,Onshore,No,Wind,, 41.4 ,LV,Scotland,Scotland,IV36 2RZ,NJ1850050500,318500.0,850500.0,2013,WON-000541
Fred Olsen Renewables,Mid Hill,Wind,Onshore,No,Wind,, 75.9 ,LV,Scotland,Scotland,AB39 3TE,NO7054086500,370540.0,786500.0,2014,WON-000556
Fred Olsen Renewables,Crystal Rig III,Wind,Onshore,No,Wind,, 13.8 ,HV,Scotland,Scotland,EH42 1SH,NT6856272486,368562.0,672486.0,2016,WON-000974
Fred Olsen Renewables,Brockloch Rig ,Wind,Onshore,No,Wind,, 61.5 ,HV,Scotland,Scotland,KA16 0TU,NX6516096516,265160.0,596516.0,2017,WON-001175
Greencoat Capital,Llancayo,Solar,PV,No,Solar,, 5.0 ,LV,Wales,Wales,NP151HY,,336790.0,203067.0,2011,SOL-000440
Greencoat Capital,Manor Farm,Solar,PV,No,Solar,, 4.9 ,LV,England,South East,P0229NR,,355189.0,130227.0,2011,SOL-000445
Greencoat Capital,Springhill,Solar,PV,No,Solar,, 4.9 ,LV,England,South West,WR127LB,,413653.0,235615.0,2011,SOL-000446
Greencoat Capital,Islip,Solar,PV,No,Solar,, 5.0 ,LV,England,East Midlands,NN143LT,,497983.0,279596.0,2013,SOL-000479
Greencoat Capital,Grange Farm,Solar,PV,No,Solar,, 5.8 ,LV,England,South West,TA210BU,,229006.0,92956.0,2013,SOL-000571
Greencoat Capital,Limberlost,Solar,PV,No,Solar,, 1.6 ,LV,England,South East,RG198BR,,453510.0,164953.0,2013,SOL-000576
Greencoat Capital,Redbridge,Solar,PV,No,Solar,, 6.5 ,LV,England,South West,DT28DY,,377194.0,88984.0,2014,SOL-000607
Greencoat Capital,Bicester,Solar,PV,No,Solar,, 18.4 ,LV,England,South East,OX252ND,,459052.0,218811.0,2013,SOL-000622
Greencoat Capital,Wrangle,Solar,PV,No,Solar,, 10.8 ,LV,England,East Midlands,PE220PZ,,538495.0,348945.0,2014,SOL-000678
Greencoat Capital,Stonebarrow,Solar,PV,No,Solar,, 7.5 ,LV,England,South West,EX135UL,,334899.0,98840.0,2014,SOL-000702
Greencoat Capital,Stowbridge,Solar,PV,No,Solar,, 24.3 ,LV,England,East of England,CB63LF,,551252.0,272416.0,2014,SOL-000703
Greencoat Capital,Westover,Solar,PV,No,Solar,, 7.0 ,LV,England,South East,SP117SE,,434623.0,140438.0,2014,SOL-000706
Greencoat Capital,Stables,Solar,PV,No,Solar,, 2.0 ,LV,England,East Midlands,CV136EB,,440233.0,297103.0,2014,SOL-000728
Greencoat Capital,Grange Farm,Solar,PV,No,Solar,, 21.1 ,LV,England,South West,BS361RR,,363968.0,182366.0,2014,SOL-000734
Greencoat Capital,Winnards,Solar,PV,No,Solar,, 4.5 ,LV,England,South West,TR96DG,,192864.0,66586.0,2015,SOL-000767
Greencoat Capital,Bluegates,Solar,PV,No,Solar,, 10.7 ,LV,England,East of England,CO78DE,,607018.0,222279.0,2015,SOL-000771
Greencoat Capital,Rowles,Solar,PV,No,Solar,, 12.8 ,LV,England,South East,OX253QQ,,453433.0,216448.0,2015,SOL-000777
Greencoat Capital,Flit,Solar,PV,No,Solar,, 10.5 ,LV,England,South East,OX51PH,SP4877412010,448774.0,212010.0,2015,SOL-000780
Greencoat Capital,Christchurch,Solar,PV,No,Solar,, 17.9 ,LV,England,South West,BH237AA,,417714.0,95129.0,2015,SOL-000785
Greencoat Capital,Egmanton,Solar,PV,No,Solar,, 14.1 ,LV,England,East Midlands,NG220HH,,474907.0,368832.0,2015,SOL-000786
Greencoat Capital,Aston Clinton,Solar,PV,No,Solar,, 24.2 ,LV,England,South East,HP225DY,,484594.0,215796.0,2015,SOL-000790
Greencoat Capital,Dunkeswell,Solar,PV,No,Solar,, 2.8 ,LV,England,South West,,"EX144RD	",313746.0,107938.0,2015,SOL-000792
Greencoat Capital,Homestead,Solar,PV,No,Solar,, 17.7 ,LV,England,East Midlands,NN127LS,,473845.0,244756.0,2015,SOL-000794
Greencoat Capital,Hunciecroft,Solar,PV,No,Solar,, 7.6 ,LV,England,East Midlands,S803ND,,454513.0,373909.0,2015,SOL-000795
Greencoat Capital,New Kaine,Solar,PV,No,Solar,, 1.9 ,LV,England,South East,ME97HP,,584858.0,166460.0,2015,SOL-000797
Greencoat Capital,New Stone House,Solar,PV,No,Solar,, 11.5 ,LV,England,South East,OX252PT,,455811.0,219330.0,2015,SOL-000798
Greencoat Capital,Chapel Hill,Solar,PV,No,Solar,, 10.1 ,LV,Wales,Wales,SA715HY,,196092.0,197842.0,2015,SOL-000821
Greencoat Capital,Saron,Solar,PV,No,Solar,, 6.3 ,LV,Wales,Wales,SA183TW,,260904.0,212664.0,2015,SOL-000824
Greencoat Capital,Hendai,Solar,PV,No,Solar,, 13.4 ,LV,Wales,Wales,"CF82 8FU	 ","CF828FU	",312392.0,197842.0,2015,SOL-000829
Greencoat Capital,Weston Longville,Solar,PV,No,Solar,, 7.6 ,LV,England,East of England,"NR9 5JF	 	 ","NR95JF		",610220.0,315069.0,2015,SOL-000832
Greencoat Capital,Gaultney,Solar,PV,No,Solar,, 21.6 ,LV,England,East Midlands,NN142SW,SP8117783964,481177.0,283964.0,2015,SOL-000833
Greencoat Capital,Garvinack,Solar,PV,No,Solar,, 9.6 ,LV,England,South West,TR49EP,,177775.0,47586.0,2015,SOL-000834
Greencoat Capital,Coombe,Solar,PV,No,Solar,, 7.3 ,LV,England,South West,EX85AZ,,301187.0,84681.0,2015,SOL-000835
Greencoat Capital,Isle of Wight,Solar,PV,No,Solar,, 6.2 ,LV,England,South East,PO334RW,,452614.0,90511.0,2015,SOL-000836
Greencoat Capital,Place Farm,Solar,PV,No,Solar,, 6.8 ,LV,England,South East,TN262LX,,597181.0,132855.0,2015,SOL-000838
Greencoat Capital,Malmaynes,Solar,PV,No,Solar,, 14.8 ,LV,England,South East,ME39SQ,,580664.0,175335.0,2015,SOL-000839
Greencoat Capital,Littlewood,Solar,PV,No,Solar,, 13.7 ,LV,England,South East,MK197NF,,482105.0,247071.0,2015,SOL-000840
Greencoat Capital,Moat Farm,Solar,PV,No,Solar,, 4.6 ,LV,England,East Midlands,DN228QX,,466600.0,384353.0,2015,SOL-000841
Greencoat Capital,Upper Farm,Solar,PV,No,Solar,, 10.0 ,LV,England,South East,SO249RY,,463453.0,141758.0,2015,SOL-000843
Greencoat Capital,Rhydypandy,Solar,PV,No,Solar,, 6.4 ,LV,Wales,Wales,SA66NX,,265957.0,200658.0,2015,SOL-000844
Greencoat Capital,Wilton,Solar,PV,No,Solar,, 9.5 ,LV,England,South West,PL125BX,,231509.0,58873.0,2015,SOL-000846
Greencoat Capital,Hoplass,Solar,PV,No,Solar,, 10.3 ,LV,Wales,Wales,SA715TG,,190875.0,200362.0,2015,SOL-000848
Greencoat Capital,Radstone,Solar,PV,No,Solar,, 5.2 ,LV,England,East Midlands,NN135PY,,458697.0,239909.0,2015,SOL-000851
Greencoat Capital,Hendre Fawr,Solar,PV,No,Solar,, 11.6 ,LV,Wales,Wales,CF449RJ,,291347.0,206062.0,2015,SOL-000852
Greencoat Capital,Aston House,Solar,PV,No,Solar,, 19.8 ,LV,England,East Midlands,"DE6 5AG	 	 ","DE65AG		",416833.0,331778.0,2015,SOL-000853
Greencoat Capital,Morton Solar,Solar,PV,No,Solar,, 28.1 ,LV,England,East Midlands,DN228HD,,467120.0,379462.0,2015,SOL-000854
Greencoat Capital,Welbeck,Solar,PV,No,Solar,, 16.0 ,LV,England,East Midlands,NG229EY,,460619.0,372696.0,2015,SOL-000857
Greencoat Capital,Gedulah,Solar,PV,No,Solar,, 18.3 ,LV,England,North West,CA73JU,NY1485143478,314851.0,543478.0,2015,SOL-000861
Greencoat Capital,Rolleston,Solar,PV,No,Solar,, 18.0 ,LV,England,West Midlands,DE139HH,,421291.0,326955.0,2015,SOL-000875
Greencoat Capital,Bentham,Solar,PV,No,Solar,, 11.1 ,LV,England,South West,SN54JB,,407114.0,189633.0,2015,SOL-000876
Greencoat Capital,Bedborough,Solar,PV,No,Solar,, 5.0 ,LV,England,South West,BH217BQ,,404920.0,101836.0,2015,SOL-000883
Greencoat Capital,Slade Farm,Solar,PV,No,Solar,, 4.1 ,LV,England,South West,TQ72HE,,274224.0,45194.0,2015,SOL-000886
Greencoat Capital,FannyHouse,Solar,PV,No,Solar,, 4.9 ,LV,England,North West,LA33EF,,342598.0,462146.0,2015,SOL-000892
Greencoat Capital,Guston,Solar,PV,No,Solar,, 5.0 ,LV,England,South East,CT155EW,,632877.0,144096.0,2015,SOL-000902
Greencoat Capital,Long Meadow,Solar,PV,No,Solar,, 4.1 ,LV,England,South East,LU79DY,,493475.0,217559.0,2015,SOL-000913
Greencoat Capital,Margate,Solar,PV,No,Solar,, 3.4 ,LV,England,South West,PL311HE,,208657.0,66512.0,2015,SOL-000916
Greencoat Capital,Great Seabrook,Solar,PV,No,Solar,, 5.0 ,LV,England,South East,LU79DY,,493192.0,217705.0,2015,SOL-000923
Greencoat Capital,Ferry Farm,Solar,PV,No,Solar,, 4.9 ,LV,England,South East,PO209DZ,,485830.0,96047.0,2015,SOL-000931
Greencoat Capital,Canopus,Solar,PV,No,Solar,, 5.0 ,LV,England,East Midlands,PE227BE,,530597.0,347613.0,2015,SOL-000935
Greencoat Capital,Burnham Wick,Solar,PV,No,Solar,, 5.0 ,LV,England,East of England,CM08LU,,596876.0,195875.0,2015,SOL-000936
Greencoat Capital,Upper Wick,Solar,PV,No,Solar,, 5.0 ,LV,England,South West,GL116DE,,371550.0,195850.0,2015,SOL-000937
Greencoat Capital,ScottowMoor,Solar,PV,No,Solar,, 33.7 ,LV,England,East of England,NR105FB,,626488.0,323770.0,2015,SOL-000939
Greencoat Capital,Five Oaks,Solar,PV,No,Solar,, 5.0 ,LV,England,South East,RH149AZ,,509003.0,130058.0,2016,SOL-000986
Greencoat Capital,SMSL1,Solar,PV,No,Solar,, 4.8 ,LV,England,East of England,NR105FB,,626626.0,322780.0,2016,SOL-000988
Greencoat Capital,Eveley,Solar,PV,No,Solar,, 49.3 ,LV,England,South East,SO206SA,,432815.0,133266.0,2016,SOL-000997
Greencoat Capital,Ford,Solar,PV,No,Solar,, 11.6 ,LV,England,South East,BN443AT,,517748.0,117195.0,2016,SOL-000999
Greencoat Capital,LowerHouse,Solar,PV,No,Solar,, 8.2 ,LV,Wales,Wales,NP151JU,,334870.0,204817.0,2016,SOL-001001
Greencoat Capital,Sellindge,Solar,PV,No,Solar,, 11.2 ,LV,England,South East,TN256EE,,608480.0,137870.0,2016,SOL-001007
Greencoat Capital,Trowle,Solar,PV,No,Solar,, 5.0 ,LV,England,South West,BA149BR,,383857.0,158625.0,2016,SOL-001008
Greencoat Capital,Bryn Bachau,Solar,PV,No,Solar,, 4.6 ,LV,Wales,Wales,LL536RQ,,243136.0,336998.0,2016,SOL-001009
Greencoat Capital,Bent Spur,Solar,PV,No,Solar,, 5.0 ,LV,England,North West,BL48SJ,,375173.0,404114.0,2016,SOL-001012
Greencoat Capital,Swindon,Solar,PV,No,Solar,, 60.9 ,LV,England,South West,SN49NS,,413029.0,179126.0,2016,SOL-001017
Greencoat Capital,SMSL2,Solar,PV,No,Solar,, 4.9 ,LV,England,East of England,NR105FB,,625975.0,323016.0,2016,SOL-001019
Greencoat Capital,SMSL3,Solar,PV,No,Solar,, 5.0 ,LV,England,East of England,NR105FB,,625975.0,323016.0,2016,SOL-001020
Greencoat Capital,SMSL4,Solar,PV,No,Solar,, 3.6 ,LV,England,East of England,NR105FB,,625975.0,323016.0,2016,SOL-001021
Greencoat Capital,Bobbing,Solar,PV,No,Solar,, 11.6 ,LV,England,South East,ME97HZ,,586894.0,165757.0,2016,SOL-001027
Greencoat Capital,Outwood,Solar,PV,No,Solar,, 5.0 ,LV,England,East of England,CM112TX,,568931.0,193607.0,2016,SOL-001028
Greencoat Capital,Lagness,Solar,PV,No,Solar,, 4.8 ,LV,England,South East,PO201LR,,490675.0,101234.0,2016,SOL-001029
Greencoat Capital,Seaview,Solar,PV,No,Solar,, 1.9 ,LV,Wales,Wales,CF365TB,,282388.0,178878.0,2016,SOL-001030
Greencoat Capital,30Acres,Solar,PV,No,Solar,, 3.8 ,LV,England,East Midlands,NG208XT,,453432.0,367916.0,2016,SOL-001034
Greencoat Capital,Errol,Solar,PV,No,Solar,, 13.0 ,LV,Scotland,Scotland,PH27NL,,321840.0,721031.0,2016,SOL-001043
Greencoat Capital,Wilsom Farm,Solar,PV,No,Solar,, 4.0 ,LV,England,South East,GU343BF,,472777.0,138856.0,2016,SOL-001045
Greencoat Capital,Honeysome,Solar,PV,No,Solar,, 4.3 ,LV,England,East of England,PE166TG,,538755.0,286122.0,2016,SOL-001049
Greencoat Capital,RamseySolar,Solar,PV,No,Solar,, 5.0 ,LV,England,East of England,PE262RU,,527862.0,284726.0,2016,SOL-001051
Greencoat Capital,Newton,Solar,PV,No,Solar,, 5.0 ,LV,England,East of England,NR148GD,,624152.0,306192.0,2016,SOL-001053
Greencoat Capital,Severn Beach,Solar,PV,No,Solar,, 4.0 ,LV,England,South West,BS354NL,,354534.0,184909.0,2016,SOL-001054
Greencoat Capital,Marchington,Solar,PV,No,Solar,, 5.0 ,LV,England,West Midlands,DE65GX,,416198.0,330270.0,2016,SOL-001056
Greencoat Capital,Tower Hayes,Solar,PV,No,Solar,, 5.0 ,LV,England,East Midlands,LE671FH,,444576.0,310822.0,2016,SOL-001060
Greencoat Capital,Carnemough,Solar,PV,No,Solar,, 10.1 ,LV,England,South West,TR24EL,,191629.0,52065.0,2016,SOL-001062
Greencoat Capital,Kinmel 1,Solar,PV,No,Solar,, 5.0 ,LV,Wales,Wales,LL229SD,,298420.0,377733.0,2016,SOL-001063
Greencoat Capital,Merston,Solar,PV,No,Solar,, 5.0 ,LV,England,South East,PO201LL,,489440.0,102825.0,2016,SOL-001064
Greencoat Capital,Carlam Hill Education,Solar,PV,No,Solar,, 5.0 ,LV,England,Yorkshire and the Humber,HU75YX,TA1100036000,511000.0,436000.0,2016,SOL-001065
Greencoat Capital,Rhewl 1,Solar,PV,No,Solar,, 3.0 ,LV,Wales,Wales,NP166AG,ST4949093050,349490.0,193050.0,2016,SOL-001066
Greencoat Capital,Sudbrook,Solar,PV,No,Solar,, 5.0 ,LV,Wales,Wales,NP265SR,,350024.0,187852.0,2016,SOL-001068
Greencoat Capital,Kinmel 2,Solar,PV,No,Solar,, 5.0 ,LV,Wales,Wales,LL229SG,,296340.0,376905.0,2016,SOL-001071
Greencoat Capital,Ashby,Solar,PV,No,Solar,, 4.8 ,LV,England,East Midlands,LE652UN,,434525.0,317774.0,2016,SOL-001094
Greencoat Capital,Balcombe,Solar,PV,No,Solar,, 5.0 ,LV,England,South East,RH194QS,,535377.0,132854.0,2016,SOL-001100
Greencoat Capital,Huntspill,Solar,PV,No,Solar,, 5.0 ,LV,England,South West,TA93PN,,332877.0,144342.0,2016,SOL-001103
Greencoat Capital,Shuttleworth,Solar,PV,No,Solar,, 5.0 ,LV,England,North West,BB74LL,,382296.0,448048.0,2016,SOL-001105
Greencoat Capital,Wilbees,Solar,PV,No,Solar,, 5.0 ,LV,England,South East,BN266RU,,554339.0,106829.0,2016,SOL-001107
Greencoat Capital,Basin Bridge,Solar,PV,No,Solar,, 5.0 ,LV,England,East Midlands,CV136JJ,SP3952296115,439522.0,296115.0,2016,SOL-001109
Greencoat Capital,Pantymoch,Solar,PV,No,Solar,, 5.0 ,LV,Wales,Wales,SA132UT,,277876.0,190467.0,2016,SOL-001110
Greencoat Capital,Royston,Solar,PV,No,Solar,, 5.0 ,LV,England,East of England,SG85UT,,535667.0,242584.0,2015,SOL-001111
Greencoat Capital,Moor House,Solar,PV,No,Solar,, 4.9 ,LV,England,North West,CA144JZ,,301300.0,525369.0,2016,SOL-001113
Greencoat Capital,Cranham,Solar,PV,No,Solar,, 3.0 ,LV,England,London,RM143NU,,558400.0,187089.0,2016,SOL-001114
Greencoat Capital,Mill Farm,Solar,PV,No,Solar,, 5.0 ,LV,England,East Midlands,NG335DP,,494872.0,331696.0,2016,SOL-001116
Greencoat Capital,Bury Green,Solar,PV,No,Solar,, 5.0 ,LV,England,East of England,PE262RY,,525500.0,285500.0,2016,SOL-001120
Greencoat Capital,Eckland Lodge,Solar,PV,No,Solar,, 3.7 ,LV,England,East Midlands,LE168HB,,478672.0,284948.0,2016,SOL-001123
Greencoat Capital,Royston CIC,Solar,PV,No,Solar,, 4.9 ,LV,England,East of England,SG85UT,,535667.0,242584.0,2016,SOL-001125
Greencoat Capital,Pantymoch CIC,Solar,PV,No,Solar,, 4.9 ,LV,Wales,Wales,SA132UT,,277876.0,190467.0,2016,SOL-001126
Greencoat Capital,Wick Road CIC,Solar,PV,No,Solar,, 2.2 ,LV,England,South West,BS246RR,,331664.0,154677.0,2016,SOL-001127
Greencoat Capital,Wick Road,Solar,PV,No,Solar,, 4.7 ,LV,England,South West,BS246RR,,331664.0,154677.0,2016,SOL-001128
Greencoat Capital,Bransholme Solar,Solar,PV,No,Solar,, 5.0 ,LV,England,Yorkshire and the Humber,HU75YX,,511000.0,436000.0,2016,SOL-001130
Greencoat Capital,Rolls Royce,Solar,PV,No,Solar,, 3.2 ,LV,England,South West,BS346QA,,360460.0,180792.0,2016,SOL-001133
Greencoat Capital,Rhewl 2,Solar,PV,No,Solar,, 3.1 ,LV,Wales,Wales,NP166AG,ST493931,349376.0,193176.0,2016,SOL-001134
Greencoat Capital,Carrowdore,Solar,PV,No,Solar,, 6.0 ,LV,Northern Ireland,Northern Ireland,BT222HH,,169400.0,525454.0,2017,SOL-001195
Greencoat Capital,Carver Hey,Solar,PV,No,Solar,, 2.5 ,LV,England,North West,PR44SX,,348519.0,423631.0,2017,SOL-001199
Greencoat Capital,Woodhouse,Solar,PV,No,Solar,, 5.0 ,LV,England,West Midlands,ST145HY,,409432.0,339052.0,2017,SOL-001205
Greencoat Capital,Brent Broad,Solar,PV,No,Solar,, 3.8 ,LV,England,South West,BS246RR,,332623.0,152727.0,2017,SOL-001209
Greencoat Capital,Home Farm,Solar,PV,No,Solar,, 5.0 ,LV,England,South West,GL519RS,,393986.0,226037.0,2017,SOL-001210
Greencoat Capital,Arnawood,Solar,PV,No,Solar,, 5.0 ,LV,England,North West,LA20AE,,346363.0,459484.0,2017,SOL-001211
Greencoat Capital,Bilsborrow,Solar,PV,No,Solar,, 5.0 ,LV,England,North West,PR30RU,,350124.0,439100.0,2017,SOL-001216
Greencoat Capital,Snettisham,Solar,PV,No,Solar,, 2.7 ,LV,England,East of England,PE317NE,,570621.0,334187.0,2017,SOL-001217
Greencoat Capital,Otherton,Solar,PV,No,Solar,, 2.5 ,LV,England,West Midlands,WR65LS,,380432.0,254242.0,2017,SOL-001218
Greencoat Capital,West Strathore,Solar,PV,No,Solar,, 5.0 ,LV,Scotland,Scotland,KY14DQ,,328619.0,697504.0,2017,SOL-001219
Greencoat Capital,Potters Bar,Solar,PV,No,Solar,, 5.0 ,LV,England,East of England,EN63DQ,,524112.0,202677.0,2017,SOL-001220
Greencoat Capital,Widehurst,Solar,PV,No,Solar,, 5.0 ,LV,England,South East,TN129LN,,575536.0,142994.0,2017,SOL-001221
Greencoat Capital,Ainderby,Solar,PV,No,Solar,, 5.0 ,LV,England,Yorkshire and the Humber,DL79PZ,,433420.0,492119.0,2017,SOL-001222
Greencoat Capital,Bann Road,Solar,PV,No,Solar,, 45.8 ,LV,Northern Ireland,Northern Ireland,BT44 8SD,NW1126271958,111262.0,571958.0,2017,SOL-001223
Greencoat Capital,Cockett Valley,Solar,PV,No,Solar,, 5.0 ,LV,Wales,Wales,SA54TH,,260884.0,195188.0,2017,SOL-001224
Greencoat Capital,Henley,Solar,PV,No,Solar,, 5.0 ,LV,England,West Midlands,SY66RS,,345599.0,288062.0,2017,SOL-001225
Greencoat Capital,Upper Meadowley,Solar,PV,No,Solar,, 4.9 ,LV,England,West Midlands,WV166UQ,,366792.0,292516.0,2017,SOL-001228
Greencoat Capital,Wraysbury,Solar,PV,No,Solar,, 3.0 ,LV,England,South East,TW195AH,,501492.0,172752.0,2017,SOL-001229
Greencoat Capital,Berthllwyd,Solar,PV,No,Solar,, 5.0 ,LV,Wales,Wales,CF371PS,,307796.0,188016.0,2017,SOL-001230
Greencoat Capital,Bodwen,Solar,PV,No,Solar,, 5.0 ,LV,England,South West,PL268RP,,202672.0,60536.0,2017,SOL-001231
Greencoat Capital,Ebnal Lodge,Solar,PV,No,Solar,, 5.0 ,LV,England,West Midlands,SY107BL,,331810.0,334117.0,2017,SOL-001232
Greencoat Capital,Sandhutton,Solar,PV,No,Solar,, 5.0 ,LV,England,Yorkshire and the Humber,YO74RW,,439302.0,482532.0,2017,SOL-001233
Greencoat Capital,Hunger Hill,Solar,PV,No,Solar,, 5.0 ,LV,England,North East,DL21JZ,,433439.0,512522.0,2017,SOL-001234
Greencoat Capital,Wrea Green,Solar,PV,No,Solar,, 4.9 ,LV,England,North West,PR42WP,,338850.0,431150.0,2017,SOL-001239
Greencoat Capital,CommonFarm,Solar,PV,No,Solar,, 3.3 ,LV,England,South West,SN49QJ,,413720.0,181837.0,2017,SOL-001241
Greencoat Capital,Netley,Solar,PV,No,Solar,, 5.0 ,LV,England,South East,SO315FF,,446625.0,109005.0,2017,SOL-001244
Greencoat Capital,West Carclaze,Solar,PV,No,Solar,, 5.0 ,LV,England,South West,PL268XL,,201930.0,55161.0,2017,SOL-001245
Greencoat Capital,Belper,Solar,PV,No,Solar,, 5.0 ,LV,England,North East,TS160PS,,437351.0,348648.0,2017,SOL-001246
Greencoat Capital,Carmarthen,Solar,PV,No,Solar,, 4.7 ,LV,Wales,Wales,SA312LS,,0.0,0.0,2017,SOL-001247
Greencoat Capital,Clay Cross,Solar,PV,No,Solar,, 5.0 ,LV,England,North West,CA141LG,,301000.0,532000.0,2017,SOL-001248
Greencoat Capital,Lisburn,Solar,PV,No,Solar,, 20.5 ,LV,Northern Ireland,Northern Ireland,BT282SL,,134798.0,521384.0,2017,SOL-001254
Greencoat Capital,Mount Farm,Solar,PV,No,Solar,, 23.1 ,LV,England,West Midlands,WR12 7JA,,404408.0,239674.0,2016,SOL-001311
Greencoat Capital,Vine Farm,Solar,PV,No,Solar,, 45.9 ,LV,England,East of England,SG8 0HJ,TL3232147623,532321.0,247623.0,2016,SOL-001312
Greencoat Capital,Rose & Crown,Solar,PV,No,Solar,, 30.1 ,LV,England,East of England,PE14 7JB,,548440.0,315807.0,2016,SOL-001313
Greencoat Capital,Laurel Hill,Solar,PV,No,Solar,, 14.2 ,LV,Northern Ireland,Northern Ireland,BT251JS,NW2348809151,123488.0,509151.0,2018,SOL-001369
Greencoat Capital,Trefullock,Solar,PV,No,Solar,, 5.0 ,LV,England,South West,TR85BH,SW8984056035,189840.0,56035.0,2011,SOL-001382
Greencoat Capital,Thornham,Solar,PV,No,Solar,, 20.6 ,LV,England,East of England,PE365LH,SK7640878677,476408.0,378677.0,2022,SOL-001383
Greencoat Capital,Beech Farm,Solar,PV,No,Solar,, 4.3 ,LV,England,South West,SN67SE,SU1799990239,417999.0,190239.0,2016,SOL-001409
Greencoat Capital,Dove View,Solar,PV,No,Solar,, 4.6 ,LV,England,West Midlands,ST148JY,SK1289531114,412895.0,331114.0,2016,SOL-001410
Greencoat Capital,Hurcott,Solar,PV,No,Solar,, 10.0 ,LV,England,South West,TA190JS,ST3924915679,339249.0,115679.0,2015,SOL-001411
Greencoat Capital,Turweston,Solar,PV,No,Solar,, 16.4 ,LV,England,South East,NN135YD,SP6156038176,461560.0,238176.0,2014,SOL-001412
Greencoat Capital,Streetfield,Solar,PV,No,Solar,, 50.0 ,LV,England,West Midlands,LE17 4HS,SP5072682742,450726.0,282742.0,2022,SOL-001415
Greencoat Capital,Carn Nicholas,Solar,PV,No,Solar,, 9.9 ,LV,Wales,Wales,SA17BL,SS6784394294,267843.0,194294.0,2023,SOL-001549
Greencoat Capital,Gorse Lane,Solar,PV,No,Solar,, 50.0 ,LV,England,East Midlands,NG34 8PF,TF0707541219,507075.0,341219.0,2017,SOL-001571
Greencoat Capital,Thaxted,Solar,PV,No,Solar,, 48.0 ,LV,England,East of England,CM6 2RD,TL6257532043,562575.0,232043.0,2024,SOL-001572
Greencoat Capital,Bicker Fen,Solar,PV,No,Solar,, 22.6 ,LV,England,East Midlands,PE24 5AZ,TF4668363395,546683.0,363395.0,2024,SOL-001605
Greencoat Capital,Tiln Solar,Solar,PV,No,Solar,, 61.5 ,LV,England,East Midlands,DN22 9JH,SK7116383043,471163.0,383043.0,2024,SOL-001616
Greencoat Capital,Eynsham,Solar,PV,No,Solar,, 32.0 ,LV,England,South East,OX294BH,,0.0,0.0,2024,SOL-001643
Greencoat Capital,Elms,Solar,PV,No,Solar,, 27.8 ,LV,England,West Midlands,CV35 9DP,,0.0,0.0,2024,SOL-001649
Greencoat Capital,Stokeford,Solar,PV,No,Solar,, 28.5 ,LV,England,South West,BH20 6AN,,0.0,0.0,2024,SOL-001651
Greencoat Capital,Tappaghan Wind Farm,Wind,Onshore,No,Wind,, 28.5 ,LV,Northern Ireland,Northern Ireland,,NV4101531174,41015.0,531174.0,2005,WON-000272
Greencoat Capital,Braes of Doune Wind Farm,Wind,Onshore,No,Wind,, 72.0 ,HV,Scotland,Scotland,,NN7259010500,272590.0,710500.0,2007,WON-000306
Greencoat Capital,Bin Mountain Wind Farm ,Wind,Onshore,No,Wind,, 9.0 ,LV,Northern Ireland,Northern Ireland,,NV5714558200,57145.0,558200.0,2007,WON-000312
Greencoat Capital,Slieve Divena,Wind,Onshore,No,Wind,, 30.0 ,LV,Northern Ireland,Northern Ireland,,NV6960224593,69602.0,524593.0,2009,WON-000359
Greencoat Capital,North Rhins,Wind,Onshore,No,Wind,, 22.0 ,LV,Scotland,Scotland,,NX0198057960,201980.0,557960.0,2009,WON-000360
Greencoat Capital,Carcant Wind Farm,Wind,Onshore,No,Wind,, 6.0 ,LV,Scotland,Scotland,,NT3625052850,336250.0,652850.0,2010,WON-000390
Greencoat Capital,Screggagh,Wind,Onshore,No,Wind,, 20.0 ,LV,Northern Ireland,Northern Ireland,,NV5456620549,54566.0,520549.0,2011,WON-000413
Greencoat Capital,Church Hill,Wind,Onshore,No,Wind,, 18.4 ,LV,Northern Ireland,Northern Ireland,,NV3171143769,31711.0,543769.0,2012,WON-000462
Greencoat Capital,Crighshane,Wind,Onshore,No,Wind,, 32.2 ,LV,Northern Ireland,Northern Ireland,BT81 7HS,NV2902142409,29021.0,542409.0,2012,WON-000463
Greencoat Capital,Drone Hill,Wind,Onshore,No,Wind,, 28.6 ,LV,Scotland,Scotland,,NT8371967227,383719.0,667227.0,2012,WON-000472
Greencoat Capital,Cotton Farm,Wind,Onshore,No,Wind,, 16.4 ,LV,England,East of England,,TL2327064130,523270.0,264130.0,2013,WON-000512
Greencoat Capital,Earls Hall Farm,Wind,Onshore,No,Wind,, 10.3 ,LV,England,East of England,,TM1455016860,614550.0,216860.0,2013,WON-000513
Greencoat Capital,Kildrummy,Wind,Onshore,No,Wind,, 18.4 ,LV,Scotland,Scotland,,NJ5765515170,357655.0,815170.0,2013,WON-000531
Greencoat Capital,Sixpenny Wood,Wind,Onshore,No,Wind,, 20.5 ,LV,England,Yorkshire and the Humber,DN14 7TU,SE7850027500,478500.0,427500.0,2013,WON-000542
Greencoat Capital,Yelvertoft,Wind,Onshore,No,Wind,, 16.4 ,LV,England,East Midlands,NN6 6AS,SP5788775532,457887.0,275532.0,2013,WON-000543
Greencoat Capital,Maerdy,Wind,Onshore,No,Wind,, 24.0 ,LV,Wales,Wales,,SS9539099853,295390.0,199853.0,2013,WON-000544
Greencoat Capital,Langhope Rig,Wind,Onshore,No,Wind,, 16.4 ,LV,Scotland,Scotland,TD7 4PQ,NT4051915032,340519.0,615032.0,2016,WON-000563
Greencoat Capital,Boganlea,Wind,Onshore,No,Wind,, 2.3 ,LV,Scotland,Scotland,AB535UY,,382155.0,852949.0,2014,WON-000646
Greencoat Capital,Stroupster,Wind,Onshore,No,Wind,, 29.9 ,LV,Scotland,Scotland,,ND3425066250,334250.0,966250.0,2015,WON-000757
Greencoat Capital,Corriegarth,Wind,Onshore,No,Wind,, 69.5 ,HV,Scotland,Scotland,,NH5750013500,257500.0,813500.0,2017,WON-001154
Greencoat Capital,Bishopthorpe,Wind,Onshore,No,Wind,, 16.4 ,LV,England,East Midlands,,TA3267903330,532679.0,403330.0,2017,WON-001163
Greencoat Capital,Slieve Divena 2,Wind,Onshore,No,Wind,, 18.8 ,LV,Northern Ireland,Northern Ireland,,NV6960224593,69602.0,524593.0,2017,WON-001168
Greencoat Capital,Brockaghboy,Wind,Onshore,No,Wind,, 47.5 ,LV,Northern Ireland,Northern Ireland,,NV9655071846,96550.0,571846.0,2017,WON-001176
Greencoat Capital,Tom Nan Clach,Wind,Onshore,No,Wind,, 39.1 ,HV,Scotland,Scotland,,NH8650034500,286500.0,834500.0,2019,WON-001282
Greencoat Capital,Windy Rig,Wind,Onshore,No,Wind,, 43.2 ,HV,Scotland,Scotland,,NS6170000000,261700.0,600000.0,2021,WON-001366
Greencoat Capital,Glen Kyllachy,Wind,Onshore,No,Wind,, 48.5 ,HV,Scotland,Scotland,,NH7450527480,274505.0,827480.0,2021,WON-001367
Greencoat Capital,Douglas West,Wind,Onshore,No,Wind,, 44.9 ,HV,Scotland,Scotland,ML11 0LU,NS8199231739,281992.0,631739.0,2021,WON-001368
Greencoat Capital,TwentyShilling Hill,Wind,Onshore,No,Wind,, 37.8 ,HV,Scotland,Scotland,,NS7951204495,279512.0,604495.0,2022,WON-001369
Greencoat Capital,South Kyle,Wind,Onshore,No,Wind,, 240.0 ,HV,Scotland,Scotland,,NS5500104272,255001.0,604272.0,2023,WON-001544
Greencoat Capital,Dalquhandy,Wind,Onshore,No,Wind,, 42.0 ,HV,Scotland,Scotland,,NS8097434241,280974.0,634241.0,2023,WON-001546
Intergen,Rocksavage Power Company Ltd,Fossil Fuel,CCGT,No,Natural Gas,, 810.0 ,HV,England,North West, WA7 4FZ,,352414.0,377661.0,1998,GAS-000178
Intergen,Coryton Energy Company Ltd,Fossil Fuel,CCGT,No,Natural Gas,, 800.0 ,HV,England,South East, SS17 9GN,,565166.0,178798.0,2002,GAS-000222
Intergen,Spalding Energy Company Ltd ,Fossil Fuel,CCGT,No,Natural Gas,, 950.0 ,HV,England,East Midlands,PE11 3BB,,524944.0,320245.0,2004,GAS-000250
Intergen,Spalding Expansion OCGT ,Fossil Fuel,Single cycle,No,Natural Gas,, 300.0 ,HV,England,East Midlands,PE11 3BB,TF256249,525689.0,324941.0,2019,GAS-001280
Lightsource BP,Howbery,Solar,PV,No,Solar,, 0.7 ,LV,England,South East,TR24EP,,461755.0,190325.0,2011,SOL-000428
Lightsource BP,Moor Solar 1,Solar,PV,No,Solar,, 1.7 ,LV,England,East Midlands,PE12 9LE,TF4405523522,544055.0,323522.0,2011,SOL-000429
Lightsource BP,Moor Solar 2,Solar,PV,No,Solar,, 1.1 ,LV,England,East Midlands,PE12 9LE,TF4412523559,544125.0,323559.0,2011,SOL-000430
Lightsource BP,Howton,Solar,PV,No,Solar,, 5.0 ,LV,England,South West,PL126QY,,238063.0,62770.0,2011,SOL-000431
Lightsource BP,Marston,Solar,PV,No,Solar,, 4.5 ,LV,England,East Midlands,NG322JP,,488029.0,342114.0,2011,SOL-000432
Lightsource BP,Wilburton,Solar,PV,No,Solar,, 5.0 ,LV,England,East of England,CB63PU,,547655.0,274082.0,2011,SOL-000433
Lightsource BP,Promens,Solar,PV,No,Solar,, 1.6 ,LV,England,East of England,NR347TB,,644496.0,288255.0,2011,SOL-000434
Lightsource BP,Wheal Jane,Solar,PV,No,Solar,, 1.4 ,LV,England,South West,TR3 6EE,SW7741242176,177412.0,42176.0,2011,SOL-000435
Lightsource BP,Walton,Solar,PV,No,Solar,, 1.8 ,LV,England,South East,KT122EG,,511550.0,168450.0,2011,SOL-000436
Lightsource BP,Benbole,Solar,PV,No,Solar,, 1.7 ,LV,England,South West,PL303EF,,202931.0,74850.0,2011,SOL-000437
Lightsource BP,Crossness,Solar,PV,No,Solar,, 1.5 ,LV,England,London,SE29AQ,,548450.0,180950.0,2011,SOL-000438
Lightsource BP,Trevemper,Solar,PV,No,Solar,, 1.7 ,LV,England,South West,TR8 5JR,SW8194659506,181946.0,59506.0,2011,SOL-000444
Lightsource BP,Dunsfold,Solar,PV,No,Solar,, 2.0 ,LV,England,South East,GU8 4BW,TQ0194436562,501944.1,136562.0,2011,SOL-000448
Lightsource BP,Hawton,Solar,PV,No,Solar,, 4.9 ,LV,England,East Midlands,NG243RJ,,479632.0,348905.0,2011,SOL-000449
Lightsource BP,Sandhill,Solar,PV,No,Solar,, 1.9 ,LV,England,South West,TA4 3BT,ST1618829704,316188.0,129704.0,2011,SOL-000450
Lightsource BP,Fawley (Langley),Solar,PV,No,Solar,, 5.0 ,LV,England,South East,SO451AB,,445171.0,100816.0,2012,SOL-000480
Lightsource BP,Chittering,Solar,PV,No,Solar,, 5.0 ,LV,England,East of England,CB25 9PW,TL5148871214,551488.0,271214.0,2012,SOL-000482
Lightsource BP,Eastacombe,Solar,PV,No,Solar,, 3.6 ,LV,England,South West,EX22 6RP,SX3543599648,235435.0,99648.0,2012,SOL-000483
Lightsource BP,Summerlands,Solar,PV,No,Solar,, 0.8 ,LV,England,South West,EX174DF,,284552.0,108297.0,2012,SOL-000487
Lightsource BP,Great Knowles,Solar,PV,No,Solar,, 2.9 ,LV,England,South West,EX226JY,,232612.0,103213.0,2012,SOL-000489
Lightsource BP,West Bradley,Solar,PV,No,Solar,, 1.0 ,LV,England,South West,EX168BJ,,289684.0,114161.0,2012,SOL-000490
Lightsource BP,Pont Andrew,Solar,PV,No,Solar,, 1.5 ,LV,Wales,Wales,CF449UL,,252617.0,210675.0,2012,SOL-000492
Lightsource BP,Ffos Las,Solar,PV,No,Solar,, 5.0 ,LV,Wales,Wales,SA17 4DE,SN4547805296,245478.0,205296.0,2012,SOL-000497
Lightsource BP,Bodmin,Solar,PV,No,Solar,, 5.0 ,LV,England,South West,PL312PF,,206175.0,68428.0,2012,SOL-000499
Lightsource BP,Langunnett,Solar,PV,No,Solar,, 6.2 ,LV,England,South West,PL220NQ,,215569.0,57824.0,2013,SOL-000575
Lightsource BP,Manston,Solar,PV,No,Solar,, 9.8 ,LV,England,South East,CT125AU,,634574.0,166813.0,2013,SOL-000580
Lightsource BP,West Farm,Solar,PV,No,Solar,, 7.6 ,LV,Wales,Wales,SA724UN,,199608.0,203981.0,2013,SOL-000599
Lightsource BP,Blatchworthy,Solar,PV,No,Solar,, 1.4 ,LV,England,South West,, EX169QH,250572.0,140713.0,2013,SOL-000602
Lightsource BP,Five Mile Drive,Solar,PV,No,Solar,, 3.9 ,LV,England,South West,GL569TG,,413600.0,235700.0,2013,SOL-000618
Lightsource BP,Trefinnick,Solar,PV,No,Solar,, 4.4 ,LV,England,South West,PL178QD,,233642.0,74030.0,2013,SOL-000627
Lightsource BP,Cleave Farm,Solar,PV,No,Solar,, 4.6 ,LV,England,South West,EX394PU,,249891.0,124902.0,2013,SOL-000628
Lightsource BP,Rudge Hill Farm,Solar,PV,No,Solar,, 1.0 ,LV,England,South West,DT102AB,,378118.0,112656.0,2013,SOL-000631
Lightsource BP,Says Court,Solar,PV,No,Solar,, 19.8 ,LV,England,South West,BS362NY,,368922.0,181730.0,2014,SOL-000665
Lightsource BP,Westwood,Solar,PV,No,Solar,, 9.2 ,LV,England,South East,CT125AS,,635063.0,166833.0,2014,SOL-000675
Lightsource BP,Fareham,Solar,PV,No,Solar,, 20.5 ,LV,England,South East,PO141AU,,456710.0,103840.0,2014,SOL-000676
Lightsource BP,Knowlton,Solar,PV,No,Solar,, 11.5 ,LV,England,South East,CT31PT,,628013.0,153474.0,2014,SOL-000677
Lightsource BP,Crucis Farm,Solar,PV,No,Solar,, 16.1 ,LV,England,South West,GL75DX,,406095.0,202822.0,2014,SOL-000711
Lightsource BP,Fairwinds,Solar,PV,No,Solar,, 12.2 ,LV,England,East of England,SS166EB,,565725.0,187731.0,2014,SOL-000713
Lightsource BP,Norrington,Solar,PV,No,Solar,, 11.1 ,LV,England,South West,SN128LT,,388259.0,164933.0,2014,SOL-000715
Lightsource BP,Bury Lane,Solar,PV,No,Solar,, 22.2 ,LV,England,East of England,SG86DF,,537439.0,244200.0,2014,SOL-000725
Lightsource BP,Epwell,Solar,PV,No,Solar,, 9.0 ,LV,England,South East,OX156HF,,436715.0,241041.0,2014,SOL-000726
Lightsource BP,Brynteg,Solar,PV,No,Solar,, 14.8 ,LV,Wales,Wales,SA154ND,,249621.0,203809.0,2014,SOL-000731
Lightsource BP,Burnthouse,Solar,PV,No,Solar,, 4.8 ,LV,England,East of England,PE72HS,,534234.0,294198.0,2014,SOL-000735
Lightsource BP,Primrose Hill,Solar,PV,No,Solar,, 4.3 ,LV,England,Yorkshire and the Humber,LN85JE,,460491.0,428957.0,2015,SOL-000768
Lightsource BP,Crundale,Solar,PV,No,Solar,, 43.7 ,LV,Wales,Wales,SA624PY,,198922.0,217459.0,2015,SOL-000770
Lightsource BP,Castle Combe,Solar,PV,No,Solar,, 15.3 ,LV,England,South West,SN147EY,,385003.0,177211.0,2015,SOL-000778
Lightsource BP,Horam,Solar,PV,No,Solar,, 8.1 ,LV,England,South East,TN210JB,,557342.0,117038.0,2015,SOL-000782
Lightsource BP,Hill House Farm,Solar,PV,No,Solar,, 28.3 ,LV,England,South West,GL27AN,,375073.0,204169.0,2015,SOL-000783
Lightsource BP,Burthy,Solar,PV,No,Solar,, 13.1 ,LV,England,South West,TR85BN,,191082.0,55525.0,2015,SOL-000802
Lightsource BP,Little Neath,Solar,PV,No,Solar,, 6.1 ,LV,Wales,Wales,SA715AA,,191001.0,200291.0,2015,SOL-000803
Lightsource BP,Prestop Park,Solar,PV,No,Solar,, 15.9 ,LV,England,East Midlands,LE652TE,,433582.0,316633.0,2015,SOL-000804
Lightsource BP,Sundorne Grove,Solar,PV,No,Solar,, 18.2 ,LV,England,West Midlands,SY44RR,,352826.0,315367.0,2015,SOL-000805
Lightsource BP,Wrockwardine,Solar,PV,No,Solar,, 10.5 ,LV,England,West Midlands,TF50BJ,,361262.0,311911.0,2015,SOL-000807
Lightsource BP,St Francis,Solar,PV,No,Solar,, 4.3 ,LV,England,South East,TN339BL,,572709.0,111249.0,2015,SOL-000808
Lightsource BP,Treguff,Solar,PV,No,Solar,, 3.7 ,LV,Wales,Wales,CF715LT,,302265.0,171141.0,2015,SOL-000815
Lightsource BP,Henbury Quarry,Solar,PV,No,Solar,, 3.7 ,LV,England,South West,BH213QZ,,396735.0,97102.0,2015,SOL-000816
Lightsource BP,Exning,Solar,PV,No,Solar,, 30.3 ,LV,England,East of England,CB80XG,,561429.0,263931.0,2015,SOL-000831
Lightsource BP,Hill Farm,Solar,PV,No,Solar,, 7.7 ,LV,Wales,Wales,NP117BB,,319254.0,192650.0,2015,SOL-000842
Lightsource BP,Langton (FIT),Solar,PV,No,Solar,, 4.3 ,LV,Wales,Wales,SA659RH,,194473.0,233813.0,2015,SOL-000867
Lightsource BP,Maes Bach,Solar,PV,No,Solar,, 4.6 ,LV,Wales,Wales,CF381SL,,310571.0,185789.0,2015,SOL-000868
Lightsource BP,Shaftesbury,Solar,PV,No,Solar,, 5.0 ,LV,England,South West,SP79HD,,386849.0,124179.0,2015,SOL-000870
Lightsource BP,Upper Clayhill,Solar,PV,No,Solar,, 4.7 ,LV,England,South East,BN85RR,,544648.0,114840.0,2015,SOL-000872
Lightsource BP,Manor Farm Eggington,Solar,PV,No,Solar,, 5.0 ,LV,England,East of England,LU79PB,,495555.0,226052.0,2015,SOL-000873
Lightsource BP,Hadley Farm,Solar,PV,No,Solar,, 5.0 ,LV,England,West Midlands,SY133AB,,351460.0,340636.0,2015,SOL-000885
Lightsource BP,Bentley Estate,Solar,PV,No,Solar,, 4.8 ,LV,England,South East,BN86PT,,548420.0,117019.0,2015,SOL-000887
Lightsource BP,Church Farm - Slapton,Solar,PV,No,Solar,, 5.0 ,LV,England,South East,LU79DY,,494241.0,220134.0,2015,SOL-000888
Lightsource BP,Cold Harbour,Solar,PV,No,Solar,, 5.0 ,LV,England,Yorkshire and the Humber,YO73NT,,444776.0,475104.0,2015,SOL-000889
Lightsource BP,Nefyn (Tyddyn Cae),Solar,PV,No,Solar,, 4.9 ,LV,Wales,Wales,LL536DS,,233416.0,338035.0,2015,SOL-000890
Lightsource BP,School Aycliffe,Solar,PV,No,Solar,, 5.0 ,LV,England,North East,DL56QE,,426142.0,523694.0,2015,SOL-000891
Lightsource BP,RedHill Farm ,Solar,PV,No,Solar,, 4.8 ,LV,England,South West,TA210DL,,308588.0,118087.0,2015,SOL-000901
Lightsource BP,Lawrence End Park,Solar,PV,No,Solar,, 5.0 ,LV,England,East of England,LU28PF,,513149.0,220690.0,2015,SOL-000903
Lightsource BP,Hornacott,Solar,PV,No,Solar,, 5.0 ,LV,England,South West,EX226SD,,230097.0,95148.0,2015,SOL-000914
Lightsource BP,Acrefair,Solar,PV,No,Solar,, 5.0 ,LV,Wales,Wales,LL141TU,,328224.0,343948.0,2015,SOL-000919
Lightsource BP,Francis Court,Solar,PV,No,Solar,, 4.2 ,LV,England,South West,EX53LW,,297957.0,99694.0,2015,SOL-000920
Lightsource BP,Sheriffhales,Solar,PV,No,Solar,, 5.0 ,LV,England,West Midlands,TF118QY,,375171.0,312179.0,2015,SOL-000926
Lightsource BP,Brook Farm,Solar,PV,No,Solar,, 8.9 ,LV,England,South East,OX251NX,,461083.0,217119.0,2015,SOL-000932
Lightsource BP,Beckton,Solar,PV,No,Solar,, 0.5 ,LV,England,London,IG110AD,,545350.0,181950.0,2016,SOL-000985
Lightsource BP,Manor Farm,Solar,PV,No,Solar,, 0.8 ,LV,England,South West,TA117BT,,493450.0,102216.0,2011,SOL-001002
Lightsource BP,QE2 Reservoir,Solar,PV,No,Solar,, 6.3 ,LV,England,South East,IG110AD,,512509.0,167686.0,2016,SOL-001033
Lightsource BP,Binsted,Solar,PV,No,Solar,, 5.0 ,LV,England,South East,BN180LN,,498131.0,106406.0,2016,SOL-001038
Lightsource BP,Stragglethorpe,Solar,PV,No,Solar,, 5.0 ,LV,England,East Midlands,NG123HD,,463188.0,336136.0,2016,SOL-001059
Lightsource BP,Crookedstone,Solar,PV,No,Solar,, 4.8 ,LV,Northern Ireland,Northern Ireland,BT294EH,,129401.0,538723.0,2016,SOL-001061
Lightsource BP,South Creake,Solar,PV,No,Solar,, 26.0 ,LV,England,East of England,NR219LY,,585483.0,335992.0,2016,SOL-001074
Lightsource BP,Morfa,Solar,PV,No,Solar,, 2.0 ,LV,Wales,Wales,CF612YT,,258062.0,301195.0,2016,SOL-001076
Lightsource BP,Charity Farm - CfD,Solar,PV,No,Solar,, 14.4 ,LV,England,West Midlands,SY45SX,,345545.0,325520.0,2016,SOL-001083
Lightsource BP,Bentley Estate 2,Solar,PV,No,Solar,, 5.0 ,LV,England,South East,BN86PT,,548465.0,117641.0,2016,SOL-001112
Lightsource BP,Cwrt Henllys,Solar,PV,No,Solar,, 5.0 ,LV,Wales,Wales,NP447AS,,326262.0,191423.0,2016,SOL-001117
Lightsource BP,Gelli Gron,Solar,PV,No,Solar,, 3.6 ,LV,Wales,Wales,LL536DQ,,241787.0,339725.0,2016,SOL-001118
Lightsource BP,Hill Hall Farm,Solar,PV,No,Solar,, 5.0 ,LV,England,East of England,CM74SH,,565650.0,232265.0,2016,SOL-001119
Lightsource BP,Wick Red Farm,Solar,PV,No,Solar,, 5.0 ,LV,England,South West,BS240HD,,331399.0,154837.0,2016,SOL-001121
Lightsource BP,Millar Farm,Solar,PV,No,Solar,, 7.2 ,LV,Northern Ireland,Northern Ireland,BT412JJ,,127283.0,546753.0,2017,SOL-001181
Lightsource BP,Bolsovermoor Quarry ,Solar,PV,No,Solar,, 5.0 ,LV,England,East Midlands,S446XE,,449954.0,371271.0,2017,SOL-001184
Lightsource BP,Fields Farm (Agden) ,Solar,PV,No,Solar,, 5.0 ,LV,England,North West,SY134RB,,351085.0,344240.0,2017,SOL-001185
Lightsource BP,Pen Rhiw ,Solar,PV,No,Solar,, 4.7 ,LV,Wales,Wales,CF453UX,,304596.0,197986.0,2017,SOL-001186
Lightsource BP,Safeguard Bradwall,Solar,PV,No,Solar,, 5.0 ,LV,England,North West,CW100LA,,375914.0,363479.0,2017,SOL-001187
Lightsource BP,Sharland Farm ,Solar,PV,No,Solar,, 2.8 ,LV,England,South West,EX176SJ,,274885.0,105456.0,2017,SOL-001188
Lightsource BP,High Point,Solar,PV,No,Solar,, 3.7 ,LV,England,West Midlands,DY149AD,,366415.0,270925.0,2017,SOL-001194
Lightsource BP,Green Lane,Solar,PV,No,Solar,, 4.2 ,LV,England,West Midlands,ST148LQ,,414839.0,330919.0,2017,SOL-001197
Lightsource BP,Middle Balbeggie ,Solar,PV,No,Solar,, 5.0 ,LV,Scotland,Scotland,KY13NW,,328584.0,696136.0,2017,SOL-001204
Lightsource BP,NOR Parsonage Wood ,Solar,PV,No,Solar,, 4.2 ,LV,England,South West,EX226LA,,231095.0,102160.0,2017,SOL-001206
Lightsource BP,Meadow Farm (Thorpe Lanton) ,Solar,PV,No,Solar,, 5.0 ,LV,England,East Midlands,LE167TR,,472795.0,290643.0,2017,SOL-001207
Lightsource BP,Park Farm West ,Solar,PV,No,Solar,, 3.9 ,LV,Wales,Wales,NP183NY,,331876.0,191657.0,2017,SOL-001208
Lightsource BP,Pressock,Solar,PV,No,Solar,, 4.2 ,LV,Scotland,Scotland,DD82SN,,356791.0,749786.0,2017,SOL-001226
Lightsource BP,North Tenement,Solar,PV,No,Solar,, 5.0 ,LV,Wales,Wales,SA623NX,,193951.0,212945.0,2017,SOL-001235
Lightsource BP,Finvoy,Solar,PV,No,Solar,, 6.0 ,LV,Northern Ireland,Northern Ireland,BT448SD,,112523.0,572478.0,2017,SOL-001240
Lightsource BP,NI Cluster Lough Road,Solar,PV,No,Solar,, 5.4 ,LV,Northern Ireland,Northern Ireland,BT282PQ,,129148.0,526209.0,2017,SOL-001249
Lightsource BP,NI Cluster Knockairn Road,Solar,PV,No,Solar,, 5.4 ,LV,Northern Ireland,Northern Ireland,BT294UE,,131013.0,531722.0,2017,SOL-001250
Lightsource BP,NI Cluster Hillside,Solar,PV,No,Solar,, 5.4 ,LV,Northern Ireland,Northern Ireland,BT282PQ,,129820.0,526363.0,2017,SOL-001251
Lightsource BP,NI Cluster Moira Road,Solar,PV,No,Solar,, 5.9 ,LV,Northern Ireland,Northern Ireland,BT294JL,,129536.0,531688.0,2017,SOL-001252
Lightsource BP,NI Cluster Belfast Road,Solar,PV,No,Solar,, 10.0 ,LV,Northern Ireland,Northern Ireland,BT294TH,,134568.0,534503.0,2017,SOL-001253
Lightsource BP,Maghaberry,Solar,PV,No,Solar,, 27.1 ,LV,Northern Ireland,Northern Ireland,BT282PT,,129097.0,520344.0,2018,SOL-001273
Lightsource BP,Brett Martin,Solar,PV,No,Solar,, 6.5 ,LV,Northern Ireland,Northern Ireland,BT364QU,,141191.0,538562.0,2018,SOL-001274
Lightsource BP,Pilkington,Solar,PV,No,Solar,, 2.3 ,LV,England,North West, L407TB,,346150.0,408856.0,2019,SOL-001283
Lightsource BP,Ibstock,Solar,PV,No,Solar,, 4.8 ,LV,England,West Midlands, LE676HS,SK415110,441562.0,311209.0,2020,SOL-001287
Lightsource BP,Goosehall,Solar,PV,No,Solar,, 43.2 ,LV,England,East of England,CB250BN,TL5768268685,557682.0,268685.0,2020,SOL-001289
Lightsource BP,Arkwright CIC,Solar,PV,No,Solar,, 2.5 ,,England,East Midlands,S44 5DS,SK433719,443359.0,371989.0,2015,SOL-001558
Lightsource BP,Arkwright SPV,Solar,PV,No,Solar,, 5.0 ,,England,East Midlands,S44 5DS,SK433719,443359.0,371989.0,2015,SOL-001559
Lightsource BP,Firs Road CIC1,Solar,PV,No,Solar,, 4.9 ,,Wales,Wales,NP7 8SW,SO364152,336462.0,215214.0,2015,SOL-001560
Lightsource BP,Firs Road CIC2,Solar,PV,No,Solar,, 4.6 ,,Wales,Wales,NP7 8SW,SO364152,336462.0,215214.0,2015,SOL-001561
Lightsource BP,Hafod CIC,Solar,PV,No,Solar,, 2.8 ,,Wales,Wales,NP13 2ER,SO201036,320123.0,203663.0,2015,SOL-001562
Lightsource BP,Hafod SPV,Solar,PV,No,Solar,, 5.0 ,,Wales,Wales,NP13 2ER,SO201036,3201233.0,203663.0,2015,SOL-001563
Lightsource BP,Laceby CIC1,Solar,PV,No,Solar,, 5.0 ,,England,East Midlands,DN37 7LD,TA227047,522785.0,404749.0,2015,SOL-001564
Lightsource BP,Laceby CIC2,Solar,PV,No,Solar,, 5.0 ,,England,East Midlands,DN37 7LD,TA227047,522785.0,404749.0,2015,SOL-001565
Lightsource BP,Llancadle,Solar,PV,No,Solar,, 5.0 ,,Wales,Wales,CF62 3AQ,ST0367968416,303679.0,168416.0,2015,SOL-001566
Lightsource BP,Teyrdan CIC,Solar,PV,No,Solar,, 4.6 ,,England,West Midlands,LL29 8YY,SH877757,287715.0,375713.0,2015,SOL-001567
Lightsource BP,Teyrdan SPV,Solar,PV,No,Solar,, 4.7 ,,England,West Midlands,LL29 8YY,SH877757,287715.0,375713.0,2015,SOL-001568
Lightsource BP,Thorne,Solar,PV,No,Solar,, 5.0 ,,England,East Midlands,DN8 4NA,TR3338864922,470602.0,416004.0,2015,SOL-001569
Lightsource BP,Watnall,Solar,PV,No,Solar,, 10.0 ,,England,East Midlands,NG16 1HY,SK5152246872,451522.0,346872.0,2014,SOL-001570
Lightsource BP,Defford,Solar,PV,No,Solar,, 50.0 ,,England,West Midlands,,WR8 9BP,390739.0,244947.0,2016,SOL-001603
LondonEnergy,Londonwaste Ltd,Bioenergy,Bioenergy,No,MSW,, 58.0 ,LV,England,London,N183AG,,535050.0,192550.0,1970,BIO-000108
Marchwood Power,Marchwood Power,Fossil Fuel,CCGT,No,Natural Gas,, 898.0 ,HV,England,South East,SO404BD,,438274.0,108147.0,2009,GAS-000354
Moray Offshore Windfarm (East) Ltd,Moray Offshore Windfarm East Limited,Wind,Offshore,No,Wind,, 950.0 ,HV,Scotland,Scotland,AB43 9BR,ND5900320015,359003.0,920015.0,2021,WOF-001390
Moray Offshore Windfarm (East) Ltd,Moray Offshore Windfarm West Limited,Wind,Offshore,No,Wind,, 882.0 ,HV,Scotland,Scotland,AB43 9BR,,340747.0,912463.0,2024,WOF-001644
Octopus Investments,Craymarsh,Solar,PV,No,Solar,, 1.8 ,LV,England,South West,SN126RG,,393506.0,162624.0,2012,SOL-000491
Octopus Investments,Park Wall,Solar,PV,No,Solar,, 5.0 ,LV,England,South West,TA70HY,,332133.0,136030.0,2012,SOL-000495
Octopus Investments,Lenham,Solar,PV,No,Solar,, 6.6 ,LV,England,South East,ME172HX,,589450.0,151072.0,2014,SOL-000496
Octopus Investments,Bradford,Solar,PV,No,Solar,, 5.3 ,LV,England,South West,EX226LQ,,227973.0,100750.0,2013,SOL-000566
Octopus Investments,Bratton Fleming,Solar,PV,No,Solar,, 5.0 ,LV,England,South West,EX327LG,,265395.0,137979.0,2013,SOL-000567
Octopus Investments,Chittering 2,Solar,PV,No,Solar,, 6.3 ,LV,England,East of England,CB259PH,,551264.0,270881.0,2013,SOL-000569
Octopus Investments,Ellicombe,Solar,PV,No,Solar,, 1.3 ,LV,England,South West,EX175LS,,274429.0,105004.0,2013,SOL-000570
Octopus Investments,Hatchlands,Solar,PV,No,Solar,, 5.2 ,LV,England,South West,TQ97LB,,273302.0,59712.0,2013,SOL-000572
Octopus Investments,Higher Knapp Farm,Solar,PV,No,Solar,, 1.5 ,LV,England,South West,TA36AY,,330222.0,124913.0,2013,SOL-000573
Octopus Investments,Little T,Solar,PV,No,Solar,, 5.4 ,LV,England,South West,TR109EF,,171916.0,31778.0,2013,SOL-000577
Octopus Investments,Lovedean,Solar,PV,No,Solar,, 4.5 ,LV,England,South East,PO80SH,,468005.0,112956.0,2013,SOL-000578
Octopus Investments,Marley Thatch,Solar,PV,No,Solar,, 6.2 ,LV,England,South West,TQ109LW,,271573.0,59890.0,2013,SOL-000581
Octopus Investments,Newlands,Solar,PV,No,Solar,, 4.3 ,LV,England,South West,EX135SF,,333040.0,97434.0,2013,SOL-000582
Octopus Investments,Ninnis,Solar,PV,No,Solar,, 3.9 ,LV,England,South West,PL267EN,,198252.0,50490.0,2013,SOL-000583
Octopus Investments,North Perrott Fruit Farm,Solar,PV,No,Solar,, 0.8 ,LV,England,South West,TA187SN,,346475.0,110116.0,2013,SOL-000584
Octopus Investments,Palfreys Barton,Solar,PV,No,Solar,, 1.0 ,LV,England,South West,EX167RZ,,296533.0,118055.0,2013,SOL-000586
Octopus Investments,Parkhouse,Solar,PV,No,Solar,, 6.6 ,LV,England,South East,SP97UZ,,422792.0,144085.0,2013,SOL-000587
Octopus Investments,Rudge Manor,Solar,PV,No,Solar,, 6.4 ,LV,England,South West,SN82HN,,427444.0,169114.0,2013,SOL-000588
Octopus Investments,Shipton Bellinger,Solar,PV,No,Solar,, 5.4 ,LV,England,South East,SP40EG,,423437.0,143998.0,2013,SOL-000590
Octopus Investments,Slaughtergate,Solar,PV,No,Solar,, 1.8 ,LV,England,South West,SP85NH,,378233.0,127441.0,2013,SOL-000592
Octopus Investments,Southcombe Farm,Solar,PV,No,Solar,, 1.2 ,LV,England,South West,EX215RF,,244284.0,111956.0,2013,SOL-000593
Octopus Investments,Strete,Solar,PV,No,Solar,, 4.9 ,LV,England,South West,EX52PL,,304235.0,94913.0,2013,SOL-000594
Octopus Investments,Tavells,Solar,PV,No,Solar,, 5.4 ,LV,England,South East,SO404WH,,438181.0,110655.0,2013,SOL-000595
Octopus Investments,Tregassow,Solar,PV,No,Solar,, 5.9 ,LV,England,South West,TR49BL,,185395.0,49565.0,2013,SOL-000597
Octopus Investments,Turves,Solar,PV,No,Solar,, 5.0 ,LV,England,East of England,PE72HS,,533992.0,294321.0,2013,SOL-000598
Octopus Investments,Whiddon Farm,Solar,PV,No,Solar,, 0.9 ,LV,England,South West,EX226PJ,,239451.0,97227.0,2013,SOL-000600
Octopus Investments,Willsland,Solar,PV,No,Solar,, 3.3 ,LV,England,South West,EX215LS,,250049.0,104054.0,2013,SOL-000601
Octopus Investments,Burntstalk Farm,Solar,PV,No,Solar,, 11.5 ,LV,England,East of England,PE321JA,,577721.0,311630.0,2013,SOL-000603
Octopus Investments,Causilgey,Solar,PV,No,Solar,, 5.0 ,LV,England,South West,TR49EP,,177775.0,47586.0,2013,SOL-000604
Octopus Investments,Chawton,Solar,PV,No,Solar,, 3.7 ,LV,England,South East,PO318QT,,449357.0,93055.0,2013,SOL-000605
Octopus Investments,Chediston Hall,Solar,PV,No,Solar,, 12.3 ,LV,England,East of England,IP190RA,,636663.0,278367.0,2013,SOL-000606
Octopus Investments,Hewas,Solar,PV,No,Solar,, 6.0 ,LV,England,South West,TR24EP,,191590.0,53161.0,2013,SOL-000609
Octopus Investments,The Hollies,Solar,PV,No,Solar,, 8.6 ,LV,England,East Midlands,PE244SH,,549558.0,363539.0,2013,SOL-000611
Octopus Investments,Apse New Barn,Solar,PV,No,Solar,, 3.1 ,LV,England,South East,PO377PS,,456363.0,82780.0,2013,SOL-000612
Octopus Investments,Higher Trenhayle,Solar,PV,No,Solar,, 2.9 ,LV,England,South West,TR275JU,,158256.0,36251.0,2013,SOL-000613
Octopus Investments,Hollamoor,Solar,PV,No,Solar,, 2.2 ,LV,England,South West,EX313HX,,254698.0,129964.0,2013,SOL-000621
Octopus Investments,Lexham,Solar,PV,No,Solar,, 7.9 ,LV,England,East of England,PE322RY,,587463.0,319985.0,2013,SOL-000623
Octopus Investments,Tredown Farm,Solar,PV,No,Solar,, 1.4 ,LV,England,South West,PL160HH,,239431.0,81407.0,2013,SOL-000624
Octopus Investments,Penhale,Solar,PV,No,Solar,, 3.5 ,LV,England,South West,PL277RQ,,194606.0,71371.0,2013,SOL-000626
Octopus Investments,Mopley/Cadland,Solar,PV,No,Solar,, 3.0 ,LV,England,South East,SO451YH,,444681.0,100949.0,2013,SOL-000630
Octopus Investments,Bishops Sutton,Solar,PV,No,Solar,, 12.0 ,LV,England,South East,SO240AA,,459558.0,131825.0,2014,SOL-000663
Octopus Investments,Rew Farm,Solar,PV,No,Solar,, 5.1 ,LV,England,South West,PL305AW,,209034.0,61130.0,2014,SOL-000668
Octopus Investments,Week Farm 2,Solar,PV,No,Solar,, 3.7 ,LV,England,South West,EX387HU,,251218.0,119059.0,2014,SOL-000674
Octopus Investments,Willburton 2 (Mingay Farm),Solar,PV,No,Solar,, 19.3 ,LV,England,East of England,CB63PU,,547073.0,272967.0,2014,SOL-000679
Octopus Investments,Hazard,Solar,PV,No,Solar,, 5.7 ,LV,England,South West,TQ97LN,,274991.0,59302.0,2014,SOL-000680
Octopus Investments,Crapnell Farm,Solar,PV,No,Solar,, 4.7 ,LV,England,South West,BA53HG,,359691.0,145698.0,2014,SOL-000684
Octopus Investments,Hill Farm (OI),Solar,PV,No,Solar,, 10.8 ,LV,England,South East,PO360BB,,461387.0,89012.0,2014,SOL-000685
Octopus Investments,Drapers Farm,Solar,PV,No,Solar,, 6.0 ,LV,England,East of England,CM31QF,,572146.0,220468.0,2014,SOL-000686
Octopus Investments,Reaches Farm,Solar,PV,No,Solar,, 6.2 ,LV,England,East of England,IP265LA,,573913.0,298817.0,2014,SOL-000687
Octopus Investments,Meadow Farm,Solar,PV,No,Solar,, 6.1 ,LV,England,East of England,IP264RG,,572611.0,296975.0,2014,SOL-000688
Octopus Investments,Little Morton,Solar,PV,No,Solar,, 14.3 ,LV,England,East Midlands,DN228HE,,467187.0,379023.0,2014,SOL-000689
Octopus Investments,Abbots Ripton,Solar,PV,No,Solar,, 24.7 ,LV,England,East of England,PE282LQ,,522746.0,277158.0,2014,SOL-000690
Octopus Investments,Manor Farm Dorset,Solar,PV,No,Solar,, 4.9 ,LV,England,South West,SP85PR,,377815.0,128359.0,2014,SOL-000691
Octopus Investments,Lodge Farm,Solar,PV,No,Solar,, 12.0 ,LV,England,East Midlands,NG139PL,,478519.0,341598.0,2014,SOL-000692
Octopus Investments,Sycamore,Solar,PV,No,Solar,, 19.0 ,LV,England,South East,TN299SY,,601943.0,125385.0,2014,SOL-000693
Octopus Investments,North Wayton,Solar,PV,No,Solar,, 8.4 ,LV,England,South West,PL126QQ,,242671.0,62588.0,2014,SOL-000694
Octopus Investments,Hill End Farm,Solar,PV,No,Solar,, 2.8 ,LV,England,South East,RG265HA,,462034.0,157344.0,2014,SOL-000697
Octopus Investments,Pyde Drove,Solar,PV,No,Solar,, 8.4 ,LV,England,South West,TA78DN,,335530.0,142499.0,2014,SOL-000700
Octopus Investments,Spittleborough,Solar,PV,No,Solar,, 9.1 ,LV,England,South West,SN48ET,,408318.0,183058.0,2014,SOL-000701
Octopus Investments,Stratton Hall,Solar,PV,No,Solar,, 11.8 ,LV,England,East of England,IP100PL,,625674.0,239588.0,2014,SOL-000704
Octopus Investments,Tillhouse,Solar,PV,No,Solar,, 10.5 ,LV,England,South West,EX53BG,,301013.0,96534.0,2014,SOL-000705
Octopus Investments,Decoy,Solar,PV,No,Solar,, 5.3 ,LV,England,South East,PO203TR,,492213.0,104099.0,2014,SOL-000709
Octopus Investments,Ermine Street,Solar,PV,No,Solar,, 32.4 ,LV,England,East Midlands,NG348QT,,499291.0,347452.0,2014,SOL-000712
Octopus Investments,New Row Farm,Solar,PV,No,Solar,, 4.5 ,LV,England,South West,BA44JT,,363204.0,145130.0,2014,SOL-000714
Octopus Investments,Pitts Farm,Solar,PV,No,Solar,, 3.2 ,LV,England,South West,BA53HG,,359176.0,146235.0,2014,SOL-000716
Octopus Investments,Hullavington,Solar,PV,No,Solar,, 8.3 ,LV,England,South West,SN146QP,,389154.0,182299.0,2014,SOL-000721
Octopus Investments,The Hydes,Solar,PV,No,Solar,, 10.7 ,LV,England,East of England,CM74TX,,564210.0,230560.0,2014,SOL-000722
Octopus Investments,Manston Thorne,Solar,PV,No,Solar,, 6.2 ,LV,England,South East,CT125DS,,633388.0,164922.0,2014,SOL-000723
Octopus Investments,Ottringham,Solar,PV,No,Solar,, 6.1 ,LV,England,Yorkshire and the Humber,HU120AD,,527561.0,424182.0,2014,SOL-000724
Octopus Investments,Sutton Mawr,Solar,PV,No,Solar,, 7.5 ,LV,Wales,Wales,CF623AB,,307224.0,170024.0,2014,SOL-000727
Octopus Investments,West Hall,Solar,PV,No,Solar,, 5.5 ,LV,Wales,Wales,CF624ZW,,302476.0,166946.0,2014,SOL-000730
Octopus Investments,Clann Farm,Solar,PV,No,Solar,, 1.5 ,LV,England,South West,PL305HD,,202639.0,63931.0,2014,SOL-000732
Octopus Investments,Westwood Farm,Solar,PV,No,Solar,, 5.1 ,LV,England,East Midlands,NG220PF,,471765.0,370062.0,2014,SOL-000737
Octopus Investments,Walland Farm,Solar,PV,No,Solar,, 5.0 ,LV,England,South West,EX395DP,,235344.0,122223.0,2015,SOL-000773
Octopus Investments,Wedgehill,Solar,PV,No,Solar,, 13.5 ,LV,England,South West,BH216SB,,406557.0,108809.0,2015,SOL-000774
Octopus Investments,Bryn Yr Odyn,Solar,PV,No,Solar,, 14.9 ,LV,Wales,Wales,LL625DE,,239600.0,373400.0,2015,SOL-000788
Octopus Investments,Avenue Farm,Solar,PV,No,Solar,, 7.6 ,LV,England,East of England,NR147PJ,,628770.0,303787.0,2015,SOL-000791
Octopus Investments,Mount Mill,Solar,PV,No,Solar,, 12.0 ,LV,England,East Midlands,MK196DG,,476366.0,237708.0,2015,SOL-000796
Octopus Investments,Pitchford,Solar,PV,No,Solar,, 21.0 ,LV,England,West Midlands,SY5 7DU,SJ5096502668,350965.0,302668.0,2015,SOL-000800
Octopus Investments,Somerton Door,Solar,PV,No,Solar,, 8.7 ,LV,England,South West,TA116JA,,347045.0,130025.0,2015,SOL-000801
Octopus Investments,Wiggin Hill,Solar,PV,No,Solar,, 11.4 ,LV,England,East of England,PE273LL,,530442.0,273663.0,2015,SOL-000806
Octopus Investments,Oaklands,Solar,PV,No,Solar,, 6.9 ,LV,England,South West,TN261ER,,596397.0,144740.0,2015,SOL-000809
Octopus Investments,Chisbon,Solar,PV,No,Solar,, 12.3 ,LV,England,East of England,CO168HJ,,612862.0,218208.0,2015,SOL-000810
Octopus Investments,Singrug,Solar,PV,No,Solar,, 12.0 ,LV,Wales,Wales,NP122BG,,319137.0,193566.0,2015,SOL-000811
Octopus Investments,Trench Farm,Solar,PV,No,Solar,, 5.0 ,LV,Wales,Wales,LL130NA,,338419.0,339068.0,2015,SOL-000812
Octopus Investments,Westerfield,Solar,PV,No,Solar,, 13.0 ,LV,England,South East,OX183PA,,427125.0,209714.0,2015,SOL-000813
Octopus Investments,Parciau,Solar,PV,No,Solar,, 12.7 ,LV,Wales,Wales,LL551TS,,250255.0,365482.0,2015,SOL-000814
Octopus Investments,Melbourn Black Peak,Solar,PV,No,Solar,, 19.0 ,LV,England,East of England,SG87ND,,540507.0,244190.0,2015,SOL-000817
Octopus Investments,Melbourn Muncey Farm,Solar,PV,No,Solar,, 30.9 ,LV,England,East of England,SG86DG,,537951.0,242629.0,2015,SOL-000818
Octopus Investments,Northmoor,Solar,PV,No,Solar,, 4.9 ,LV,England,South West,EX226TD,,227223.0,97462.0,2015,SOL-000819
Octopus Investments,Eakring,Solar,PV,No,Solar,, 11.8 ,LV,England,East Midlands,NG220AN,,466033.0,362403.0,2015,SOL-000820
Octopus Investments,Littleton Farm,Solar,PV,No,Solar,, 12.0 ,LV,England,South West,DT119QP,,388332.0,105051.0,2015,SOL-000825
Octopus Investments,Rydon Farm,Solar,PV,No,Solar,, 9.6 ,LV,England,South West,TQ126DB,,284136.0,68721.0,2015,SOL-000826
Octopus Investments,Thoresby,Solar,PV,No,Solar,, 19.8 ,LV,England,East Midlands,NG229EX,,460364.0,370225.0,2015,SOL-000830
Octopus Investments,Upper Farringdon,Solar,PV,No,Solar,, 6.2 ,LV,England,South East,GU343HW,,471468.0,135482.0,2015,SOL-000847
Octopus Investments,Bystock Farm,Solar,PV,No,Solar,, 4.1 ,LV,England,South West,EX85ED,,302289.0,84362.0,2015,SOL-000849
Octopus Investments,Six Hills,Solar,PV,No,Solar,, 18.7 ,LV,England,East Midlands,LE143PR,,463321.0,321230.0,2015,SOL-000850
Octopus Investments,Ryston Farm,Solar,PV,No,Solar,, 4.6 ,LV,England,East of England,PE380AA,,561681.0,302008.0,2015,SOL-000856
Octopus Investments,Waterloo Farm 1 and 2,Solar,PV,No,Solar,, 28.7 ,LV,England,East of England,SG192JW,,518826.0,251804.0,2015,SOL-000858
Octopus Investments,Woodlands Farm,Solar,PV,No,Solar,, 13.2 ,LV,England,South East,CT34NB,,617569.0,163068.0,2015,SOL-000859
Octopus Investments,Natewood,Solar,PV,No,Solar,, 9.0 ,LV,England,South East,BN273PH,,557796.0,107151.0,2015,SOL-000860
Octopus Investments,Cloford Common Farm,Solar,PV,No,Solar,, 5.0 ,LV,England,South West,BA114PE,,373029.0,143593.0,2015,SOL-000866
Octopus Investments,Molland Farm,Solar,PV,No,Solar,, 5.0 ,LV,England,South West,EX363PS,,282422.0,126165.0,2015,SOL-000869
Octopus Investments,Tooley Farm,Solar,PV,No,Solar,, 5.0 ,LV,England,East of England,CM63AA,,564888.0,223424.0,2015,SOL-000871
Octopus Investments,Barn Farm,Solar,PV,No,Solar,, 4.7 ,LV,England,East of England,CO112UX,,615682.0,231393.0,2015,SOL-000874
Octopus Investments,Birch Estate,Solar,PV,No,Solar,, 5.0 ,LV,England,East of England,CO20NU,,593323.0,219800.0,2015,SOL-000884
Octopus Investments,Mill Hill Farm,Solar,PV,No,Solar,, 5.0 ,LV,England,Yorkshire and the Humber,YO606QN,,463388.0,467066.0,2015,SOL-000893
Octopus Investments,Averill Farm,Solar,PV,No,Solar,, 5.0 ,LV,England,East Midlands,DE556HB,,441094.0,361390.0,2015,SOL-000904
Octopus Investments,Ratcliffe House Farm,Solar,PV,No,Solar,, 3.5 ,LV,England,East Midlands,CV93LZ,,433432.0,299754.0,2015,SOL-000905
Octopus Investments,Pollington Airfield,Solar,PV,No,Solar,, 5.0 ,LV,England,Yorkshire and the Humber,DN140BA,,461763.0,420790.0,2015,SOL-000906
Octopus Investments,Ash Row Farm,Solar,PV,No,Solar,, 5.0 ,LV,England,Yorkshire and the Humber,LS256JJ,,451649.0,433677.0,2015,SOL-000907
Octopus Investments,Cressing,Solar,PV,No,Solar,, 5.0 ,LV,England,East of England,CM778PD,,579757.0,218798.0,2016,SOL-001024
Octopus Investments,Short Hazel,Solar,PV,No,Solar,, 5.0 ,LV,England,East Midlands,DE117BD,,433077.0,319883.0,2016,SOL-001039
Octopus Investments,Blaby,Solar,PV,No,Solar,, 3.5 ,LV,England,East Midlands,LE85QW,,458722.0,296614.0,2016,SOL-001041
Octopus Investments,Dairy House Farm,Solar,PV,No,Solar,, 3.4 ,LV,England,North West,CW56DN,,365834.0,356455.0,2016,SOL-001042
Octopus Investments,Carlisle Estate,Solar,PV,No,Solar,, 5.0 ,LV,England,North West,CA57ES,,336020.0,546015.0,2016,SOL-001047
Octopus Investments,Peter Hill,Solar,PV,No,Solar,, 5.0 ,LV,England,Yorkshire and the Humber,YO614PN,,450038.0,473183.0,2016,SOL-001048
Octopus Investments,Guisborough,Solar,PV,No,Solar,, 5.0 ,LV,England,North East,TS146QX,,460407.0,516083.0,2016,SOL-001050
Octopus Investments,Caswell,Solar,PV,No,Solar,, 5.9 ,LV,England,South West,BA229RH,,357538.0,109283.0,2016,SOL-001052
Octopus Investments,Staining Wood,Solar,PV,No,Solar,, 5.0 ,LV,England,North West,PR43PH,,336929.0,432551.0,2016,SOL-001055
Octopus Investments,Holtwood,Solar,PV,No,Solar,, 5.0 ,LV,England,East Midlands,DE65JW,,412619.0,333405.0,2016,SOL-001057
Octopus Investments,Peterlee,Solar,PV,No,Solar,, 5.0 ,LV,England,North East,SR83UJ,,440912.0,542443.0,2016,SOL-001069
Octopus Investments,Brickkiln Lane,Solar,PV,No,Solar,, 5.0 ,LV,England,East of England,NR148AJ,,620403.0,299944.0,2016,SOL-001072
Octopus Investments,Lawn Lane,Solar,PV,No,Solar,, 4.3 ,LV,England,West Midlands,WV95BB,,390095.0,304875.0,2016,SOL-001073
Octopus Investments,The Breck,Solar,PV,No,Solar,, 5.0 ,LV,England,East Midlands,S432NP,,442323.0,376116.0,2016,SOL-001075
Octopus Investments,Deepdale,Solar,PV,No,Solar,, 5.0 ,LV,England,East Midlands,NG348SH,,507434.0,349013.0,2016,SOL-001082
Octopus Investments,Lochcraigs Farm,Solar,PV,No,Solar,, 5.0 ,LV,Scotland,Scotland,KA204LB,,227518.0,643857.0,2017,SOL-001196
Octopus Investments,Seaton Road,Solar,PV,No,Solar,, 4.2 ,LV,England,East Midlands,LE159BG,,487565.0,299395.0,2017,SOL-001198
Octopus Investments,Stormy Down,Solar,PV,No,Solar,, 4.7 ,LV,Wales,Wales,CF334RS,,284154.0,180554.0,2017,SOL-001227
Octopus Investments,Corntown Solar,Solar,PV,No,Solar,, 2.5 ,LV,Wales,Wales,CF355FB,,293545.0,177153.0,2017,SOL-001237
Octopus Investments,Penyrheollas,Solar,PV,No,Solar,, 5.0 ,LV,Wales,Wales,NP120HY,,318604.0,201211.0,2017,SOL-001238
Octopus Investments,Fullerton,Solar,PV,No,Solar,, 4.4 ,LV,England,South East,SP117HR,,437054.0,141581.0,2017,SOL-001243
Octopus Investments,Pingewood,Solar,PV,No,Solar,, 15.4 ,LV,England,South East,RG303UG,SU6985269244,469852.0,169244.0,2015,SOL-001413
Octopus Investments,Breach Solar ,Solar,PV,No,Solar,, 67.4 ,,England,East of England,CB25 0DB,TL603685,560313.0,268572.0,2024,SOL-001608
Orsted,Barrow,Wind,Offshore,No,Wind,, 90.0 ,HV,England,North West,,SD1497855827,314978.0,455827.0,2006,WOF-000286
Orsted,Burbo ,Wind,Offshore,No,Wind,, 90.0 ,LV,England,North West,,SJ2147699706,321476.0,399706.0,2008,WOF-000328
Orsted,Gunfleet Sands 01,Wind,Offshore,No,Wind,, 172.8 ,HV,England,East of England,,TM192092,622317.0,208468.0,2010,WOF-000382
Orsted,Walney 01,Wind,Offshore,No,Wind,, 368.0 ,HV,England,North West,,SD0083361449,300833.0,461449.0,2011,WOF-000407
Orsted,Lincs,Wind,Offshore,No,Wind,, 270.0 ,HV,England,East Midlands,,TF6702068144,567020.0,368144.0,2013,WOF-000505
Orsted,Gunfleet Sands Demo,Wind,Offshore,No,Wind,, 12.0 ,HV,England,East of England,,TM192092,620650.0,205297.0,2013,WOF-000506
Orsted,West of Duddon Sands,Wind,Offshore,No,Wind,, 389.0 ,HV,England,North West,,SD0423055334,304230.0,455334.0,2014,WOF-000635
Orsted,Westermost Rough,Wind,Offshore,No,Wind,, 210.0 ,HV,England,Yorkshire and the Humber,,TA4167736555,541677.0,436555.0,2015,WOF-000743
Orsted,Burbo Extension ,Wind,Offshore,No,Wind,, 259.0 ,HV,England,North West,,SJ1581598892,315815.0,398892.0,2016,WOF-000943
Orsted,Walney 03,Wind,Offshore,No,Wind,, 330.0 ,HV,England,North West,,SC9503366313,295033.0,466313.0,2017,WOF-001139
Orsted,Race Bank,Wind,Offshore,No,Wind,, 573.0 ,HV,England,East of England,,TF7330063000,573300.0,363000.0,2018,WOF-001256
Orsted,Walney 04,Wind,Offshore,No,Wind,, 329.0 ,HV,England,North West,,SD2003964000,320039.0,464000.0,2018,WOF-001259
Orsted,Hornsea 01,Wind,Offshore,No,Wind,," 1,218.0 ",HV,England,Yorkshire and the Humber,,TB2600026000,626000.0,426000.0,2019,WOF-001277
Orsted,Gunfleet Sands 02,Wind,Offshore,No,Wind,, 172.8 ,HV,England,East of England,,TM242081,624262.0,208150.0,2010,WOF-001279
Orsted,Walney 02,Wind,Offshore,No,Wind,, 368.0 ,HV,England,North West,,SD0083361449,300833.0,461449.0,2012,WOF-001280
Orsted,Hornsea 02,Wind,Offshore,No,Wind,," 1,386.0 ",HV,England,Yorkshire and the Humber,,TB2500026000,625000.0,426000.0,2022,WOF-001365
Part of Drax Group,Drax Power Station Biomass Units,Bioenergy,Bioenergy,No,Biomass,," 2,580.0 ",HV,England,Yorkshire and the Humber,YO88PH,,466650.0,427050.0,2013,BIO-000501
Part of Drax Group,Stonebyres,Hydro,Large Hydro,No,Hydro,, 6.0 ,LV,Scotland,Scotland,ML119UP,,284977.4,644040.9,1927,HNF-000001
Part of Drax Group,Bonnington,Hydro,Large Hydro,No,Hydro,, 11.0 ,LV,Scotland,Scotland,ML119TB,,288851.3,641742.8,1927,HNF-000002
Part of Drax Group,Drumjohn,Hydro,Small Hydro,No,Hydro,, 1.0 ,LV,Scotland,Scotland,DG73TJ,,252514.4,597670.5,1984,HNF-000006
Part of Drax Group,Carsfad,Hydro,Large Hydro,No,Hydro,, 12.0 ,LV,Scotland,Scotland,DG73ST,,259672.5,584952.2,1936,HNF-000007
Part of Drax Group,Earlstoun,Hydro,Large Hydro,No,Hydro,, 14.0 ,LV,Scotland,Scotland,DG73SR,,261304.7,583126.6,1936,HNF-000008
Part of Drax Group,Kendoon,Hydro,Large Hydro,No,Hydro,, 24.0 ,LV,Scotland,Scotland,DG73UB,,261359.1,589083.4,1935,HNF-000009
Part of Drax Group,Glenlee,Hydro,Large Hydro,No,Hydro,, 24.0 ,LV,Scotland,Scotland,DG73SF,,261221.4,580243.5,1935,HNF-000010
Part of Drax Group,Tongland,Hydro,Large Hydro,No,Hydro,, 33.0 ,LV,Scotland,Scotland,DG64LT,,270138.1,554581.0,1935,HNF-000011
Part of Drax Group,Cruachan,Pumped Hydro,Pumped hydro,No,Pumped hydro,, 440.0 ,HV,Scotland,Scotland,PA331AN,,207006.0,716929.0,1965,HST-000102
Pennant Walters,Maesgwyn Solar,Solar,PV,No,Solar,, 2.5 ,LV,Wales,Wales,SA11 5TU,SN886070,288678.0,207067.0,2017,SOL-001213
Pennant Walters,Maesgwyn,Wind,Onshore,No,Wind,, 26.0 ,HV,Wales,Wales,,SASN86400890,285500.0,205500.0,2011,WON-000417
Pennant Walters,Pant y Wal,Wind,Onshore,No,Wind,, 52.5 ,HV,Wales,Wales,CF356ED,,295886.0,191521.0,2013,WON-000534
Pennant Walters,Mynydd Bwllfa,Wind,Onshore,No,Wind,, 22.5 ,HV,Wales,Wales,CF449NB,,295979.0,205172.0,2015,WON-000753
Pennant Walters,Maesgwyn Extension,Wind,Onshore,No,Wind,, 2.5 ,HV,Wales,Wales,,SN8710908818,286568.0,205930.0,2017,WON-001144
Pennant Walters,Pant y Wal Extension,Wind,Onshore,No,Wind,, 20.0 ,HV,Wales,Wales,CF356ED,,294649.0,188695.0,2017,WON-001174
RES Group,Parsonage (Hazel),Solar,PV,No,Solar,, 7.0 ,LV,England,South West,TA199EF,ST379155,336700.0,115500.0,2013,SOL-000614
RES Group,Derriton (Tamar Heights),Solar,PV,No,Solar,, 11.7 ,LV,England,South West,EX226JX,SS331027,233249.0,103010.0,2014,SOL-000671
RES Group,Parley,Solar,PV,No,Solar,, 24.2 ,LV,England,South West,BH236BG,SZ098992,409877.0,99146.0,2014,SOL-000672
RES Group,Wix Lodge (Stour Fields),Solar,PV,No,Solar,, 18.7 ,LV,England,East of England,CO112RP,TM152288,614962.0,228422.0,2014,SOL-000673
RES Group,Goonhilly Solar,Solar,PV,No,Solar,, 4.5 ,LV,England,South West,TR12 7BA,SW6971121226,169711.0,21226.0,2014,SOL-000681
RES Group,Egmere,Solar,PV,No,Solar,, 21.0 ,LV,England,East of England,NR226AY,TF904378,590428.0,338001.0,2014,SOL-000696
RES Group,Penare,Solar,PV,No,Solar,, 11.1 ,LV,England,South West,TR49DG,SW812496,181089.0,49385.0,2014,SOL-000699
RES Group,UK Solar (Lower Newton) LLP,Solar,PV,No,Solar,, 11.9 ,LV,England,West Midlands,,SJ988386,398731.0,338883.0,2014,SOL-000733
RES Group,Marvel (Stone Farm),Solar,PV,No,Solar,, 5.0 ,LV,England,South East,PO303BQ,SZ507862,451260.0,86014.0,2011,SOL-000766
RES Group,Four Burrows Solar (Kenwyn),Solar,PV,No,Solar,, 7.2 ,LV,England,South West,TR48JB,SW761480,176372.0,48050.0,2014,SOL-000772
RES Group,SPD 3 - Grange Farm,Solar,PV,No,Solar,, 9.5 ,LV,England,East Midlands,,TF231620,523131.0,362337.0,2015,SOL-000781
RES Group,Chalgrove Solar Limited,Solar,PV,No,Solar,, 21.3 ,LV,England,South East,,SU649967,465126.0,197272.0,2015,SOL-000787
RES Group,Pencoose,Solar,PV,No,Solar,, 8.1 ,LV,England,South West,,SW728379,173927.0,37998.0,2015,SOL-000799
RES Group,SPD 4  - Gelliwern,Solar,PV,No,Solar,, 6.2 ,LV,Wales,Wales,,SN626019,262382.0,202019.0,2015,SOL-000822
RES Group,UK Solar (Hartwell) LLP,Solar,PV,No,Solar,, 18.6 ,LV,England,East Midlands,,SP791490,478515.0,248927.0,2015,SOL-000845
RES Group,Hale Farm Solar Ltd,Solar,PV,No,Solar,, 12.2 ,LV,England,South West,,SU1946137939,419461.0,137939.0,2015,SOL-000855
RES Group,Newton Ferrers,Solar,PV,No,Solar,, 19.5 ,LV,England,South West,,SX359665,235294.0,67022.0,2015,SOL-000915
RES Group,Mendennick Solar,Solar,PV,No,Solar,, 2.6 ,LV,England,South West,SX408530,SX4155153320,241551.0,53320.0,2015,SOL-000929
RES Group,SPD 2 - Hall Farm,Solar,PV,No,Solar,, 14.9 ,LV,England,East of England,,TM195952,0.0,0.0,2015,SOL-000930
RES Group,East Langford Solar,Solar,PV,No,Solar,, 5.0 ,LV,England,South West,,SS2931810657,229318.0,110657.0,2014,SOL-001541
RES Group,Manor Farm Solar,Solar,PV,No,Solar,, 5.0 ,LV,England,South West,PL26 7TQ,SW982524,198260.0,52426.0,2011,SOL-001542
RES Group,Churchtown Farm Solar ,Solar,PV,No,Solar,, 5.0 ,LV,England,South West,,SW5982240754,159822.0,40754.0,2011,SOL-001543
RES Group,Dyffryn Brodyn Wind Farm (GB),Wind,Onshore,No,Wind,, 5.4 ,LV,Wales,Wales,SA340JE,SN220270,222100.0,226800.0,1994,WON-000148
RES Group,Four Burrows Wind Farm (GB),Wind,Onshore,No,Wind,, 4.5 ,LV,England,South West,TR48JB,SW770480,176000.0,48200.0,1995,WON-000154
RES Group,Lendrums Bridge Wind Farm (NI),Wind,Onshore,No,Wind,, 5.9 ,LV,Northern Ireland,Northern Ireland,BT750LL,NV456119,63672.0,512074.0,2000,WON-000208
RES Group,Lendrums Bridge Extension Wind Farm (NI),Wind,Onshore,No,Wind,, 7.3 ,LV,Northern Ireland,Northern Ireland,BT750LL,NV456119,54170.0,517391.0,1999,WON-000230
RES Group,Forss Wind Farm (GB),Wind,Onshore,No,Wind,, 2.0 ,LV,Scotland,Scotland,KW147U,ND020695,302000.0,969500.0,2003,WON-000244
RES Group,Altahullion Wind Farm (NI),Wind,Onshore,No,Wind,, 26.0 ,LV,Northern Ireland,Northern Ireland,BT474NS,IC627142,78039.0,574408.0,2003,WON-000245
RES Group,"Castle Pill Farm 1 - A, C",Wind,Onshore,No,Wind,, 3.1 ,LV,Wales,Wales,,SM9239807108,192398.0,207108.0,2004,WON-000262
RES Group,High Sharpley,Wind,Onshore,No,Wind,, 2.6 ,LV,England,North East,SR7 0NJ,NZ4264449702,442644.0,549702.0,2006,WON-000297
RES Group,Black Hill Wind Farm,Wind,Onshore,No,Wind,, 28.6 ,LV,Scotland,Scotland,,NT730555,373000.0,656300.0,2007,WON-000305
RES Group,Forss Extension Wind Farm (GB),Wind,Onshore,No,Wind,, 5.2 ,LV,Scotland,Scotland,KW147U,ND020695,302000.0,969500.0,2007,WON-000310
RES Group,Lough Hill Wind Farm (NI),Wind,Onshore,No,Wind,, 7.8 ,LV,Northern Ireland,Northern Ireland,BT817SL,NV326476,38467.0,541020.0,2007,WON-000311
RES Group,Altahullion Extension Wind Farm (NI),Wind,Onshore,No,Wind,, 11.7 ,LV,Northern Ireland,Northern Ireland,BT474NS,IC627142,78039.0,574408.0,2007,WON-000315
RES Group,Braich Ddu,Wind,Onshore,No,Wind,, 3.9 ,LV,Wales,Wales,LL23 7LE,SH6750001500,267500.0,301500.0,2007,WON-000319
RES Group,Goonhilly Downs Wind Farm,Wind,Onshore,No,Wind,, 12.0 ,LV,England,South West,TR12 7AZ,SW7100021200,171000.0,21200.0,2008,WON-000331
RES Group,Roskrow Barton,Wind,Onshore,No,Wind,, 1.7 ,LV,England,South West,TR10 9AW,SW7650035500,176500.0,35500.0,2008,WON-000344
RES Group,Ramsey,Wind,Onshore,No,Wind,, 1.8 ,LV,England,East of England,PE26 2SL,TL2880084900,528800.0,284900.0,2008,WON-000345
RES Group,Glens of Foudland,Wind,Onshore,No,Wind,, 26.0 ,LV,Scotland,Scotland,AB54 6AS,NJ6149637303,361496.0,837303.0,2009,WON-000358
RES Group,Loscar,Wind,Onshore,No,Wind,, 4.5 ,LV,England,Yorkshire and the Humber,S26 7XY,SK5100080000,451000.0,380000.0,2010,WON-000397
RES Group,High Haswell Wind Farm,Wind,Onshore,No,Wind,, 4.0 ,LV,England,North East,DH6 1PZ,NZ3667543772,436675.0,543772.0,2011,WON-000409
RES Group,Ferndale Wind Farm,Wind,Onshore,No,Wind,, 6.4 ,LV,Wales,Wales,CF43 3RG,SS9970095700,299700.0,195700.0,2011,WON-000411
RES Group,Sancton Hill Wind Farm,Wind,Onshore,No,Wind,, 10.0 ,LV,England,Yorkshire and the Humber,YO43 4TG,SE9155439660,491554.0,439660.0,2011,WON-000423
RES Group,South Sharpley Wind Farm,Wind,Onshore,No,Wind,, 6.0 ,LV,England,North East,SR7 0NJ,NZ3849049675,438490.0,549675.0,2011,WON-000426
RES Group,Hill of Towie Wind Farm (GB),Wind,Onshore,No,Wind,, 48.3 ,HV,Scotland,Scotland,AB556YU,NJ366468,320000.0,860000.0,2012,WON-000464
RES Group,Kelburn Wind Farm (GB),Wind,Onshore,No,Wind,, 28.0 ,LV,Scotland,Scotland,KA245LE,NS246544,224000.0,655000.0,2012,WON-000465
RES Group,Auquhirie Land ,Wind,Onshore,No,Wind,, 6.9 ,LV,Scotland,Scotland,AB393XB,NO831830,328500.0,785500.0,2013,WON-000515
RES Group,Bilsthorpe,Wind,Onshore,No,Wind,, 10.3 ,LV,England,East Midlands,NG22 8ST,SK6600062000,466000.0,362000.0,2013,WON-000520
RES Group,Grange Wind Farm (GB),Wind,Onshore,No,Wind,, 14.0 ,LV,England,East Midlands,PE135RB,TF459192,545055.0,318754.0,2013,WON-000521
RES Group,Burnthouse Windfarm,Wind,Onshore,No,Wind,, 6.0 ,LV,England,East of England,PE7 2DQ,TL3345895082,533458.0,295082.0,2013,WON-000524
RES Group,Hall Farm Wind Farm,Wind,Onshore,No,Wind,, 24.6 ,LV,England,Yorkshire and the Humber,HU17 9SG,TA0786543185,507865.0,443185.0,2013,WON-000529
RES Group,Orchard End Windfarm,Wind,Onshore,No,Wind,, 4.0 ,LV,England,North West,PR3 6BA,SD4321645233,343216.0,445233.0,2013,WON-000533
RES Group,Roos Wind Farm (GB),Wind,Onshore,No,Wind,, 17.1 ,LV,England,Yorkshire and the Humber,HU120LA,TA275294,527376.0,430105.0,2013,WON-000535
RES Group,Meikle Carewe Wind Farm (GB),Wind,Onshore,No,Wind,, 10.2 ,LV,Scotland,Scotland,AB393QH,NO835918,383200.0,792000.0,2013,WON-000545
RES Group,Tallentire Wind Farm (GB),Wind,Onshore,No,Wind,, 12.0 ,LV,England,North West,CA130QA,NY131363,312500.0,535500.0,2013,WON-000546
RES Group,Earlseat Wind Farm (GB),Wind,Onshore,No,Wind,, 16.0 ,LV,Scotland,Scotland,,NT311973,332961.0,698416.0,2014,WON-000561
RES Group,Ramsey 2 Wind Farm,Wind,Onshore,No,Wind,, 8.0 ,LV,England,East of England,PE26 1GH,TL2781486445,527814.0,286445.0,2013,WON-000562
RES Group,Carscreugh,Wind,Onshore,No,Wind,, 15.3 ,LV,Scotland,Scotland,DG8 0NU,NX2500055000,225000.0,555000.0,2014,WON-000641
RES Group,Wear Point Wind Farm,Wind,Onshore,No,Wind,, 8.2 ,LV,Wales,Wales,SA73 1DR,SM9304104629,193041.0,204629.0,2014,WON-000647
RES Group,Burton Wold,Wind,Onshore,No,Wind,, 14.4 ,LV,England,East Midlands,NN15 5PJ,SP9190274577,491902.0,274577.0,2014,WON-000651
RES Group,High Down,Wind,Onshore,No,Wind,, 0.5 ,LV,England,South West,PL14 5RH,SX3077069217,230770.0,69217.0,2014,WON-000658
RES Group,High Pow,Wind,Onshore,No,Wind,, 3.9 ,LV,England,North West,CA7 1DF,NY2355044400,323550.0,544400.0,2015,WON-000746
RES Group,Whittlesey,Wind,Onshore,No,Wind,, 1.8 ,LV,England,East of England,PE7 2PA,TL2402797139,524027.0,297139.0,2015,WON-000747
RES Group,Woolley Hill (GB),Wind,Onshore,No,Wind,, 10.0 ,LV,England,East of England,PE280UA,TL161729,515374.0,272655.0,2015,WON-000748
RES Group,Jacks Lane (GB),Wind,Onshore,No,Wind,, 15.0 ,LV,England,East of England,PE318PZ,TF818350,580388.0,335874.0,2015,WON-000750
RES Group,St Breock,Wind,Onshore,No,Wind,, 10.0 ,LV,England,South West,PL30 5PN,SW9859268218,198592.0,68218.0,2015,WON-000752
RES Group,Dungavel,Wind,Onshore,No,Wind,, 26.0 ,LV,Scotland,Scotland,ML10 6SW,NS6795436995,267954.0,636995.0,2015,WON-000756
RES Group,Denzell Downs Windfarm,Wind,Onshore,No,Wind,, 10.0 ,LV,England,South West, TR9 6DR,SW8992367094,189923.0,67094.0,2015,WON-000759
RES Group,New Albion,Wind,Onshore,No,Wind,, 14.4 ,LV,England,East Midlands,NN14 1QP,SP8367983792,483679.0,283792.0,2015,WON-000762
RES Group,Barlborough,Wind,Onshore,No,Wind,, 0.9 ,LV,England,East Midlands,S43 4TB,SK4897576975,448975.0,376975.0,2015,WON-000763
RES Group,Grange Wind Farm,Wind,Onshore,No,Wind,, 12.3 ,LV,England,Yorkshire and the Humber,DN158RY,SE866157,486042.0,416496.0,2016,WON-000945
RES Group,Wryde Croft Wind Farm (GB),Wind,Onshore,No,Wind,, 26.0 ,LV,England,East of England,PE60TP,TF290040,532606.0,307038.0,2016,WON-000957
RES Group,Glenchamber Wind Farm (GB),Wind,Onshore,No,Wind,, 25.3 ,LV,Scotland,Scotland,DG80PB,NX223642,224474.0,564039.0,2016,WON-000958
RES Group,Batsworthy Cross,Wind,Onshore,No,Wind,, 10.0 ,LV,England,South West,EX36 4RZ,SS8292821610,282928.0,121610.0,2016,WON-000961
RES Group,Den Brook Wind Farm (GB),Wind,Onshore,No,Wind,, 18.0 ,LV,England,South West,EX202BJ,SS686001,268496.0,101120.0,2016,WON-000972
RES Group,French Farm Wind Farm,Wind,Onshore,No,Wind,, 4.0 ,LV,England,East of England,PE6 0PQ,TF2830009000,528300.0,309000.0,2016,WON-000975
RES Group,Brackagh Quarry,Wind,Onshore,No,Wind,, 5.0 ,LV,Northern Ireland,Northern Ireland,BT45 7JN,NV9761756429,97617.0,556429.0,2016,WON-000981
RES Group,Rodbaston ,Wind,Onshore,No,Wind,, 4.0 ,LV,England,West Midlands,ST19 5PH,SJ921116,392176.0,311645.0,2016,WON-000983
RES Group,Mynydd Portref,Wind,Onshore,No,Wind,, 12.0 ,LV,Wales,Wales,CF35 6NR,SS9889785178,298897.0,185178.0,2017,WON-001143
RES Group,Turncole Wind Farm (GB),Wind,Onshore,No,Wind,, 17.5 ,LV,England,East of England,CM08NE,TQ988976,598484.0,196719.0,2016,WON-001145
RES Group,Cour Wind Farm,Wind,Onshore,No,Wind,, 20.5 ,HV,Scotland,Scotland,PA286QL,NR793486,181005.0,648528.0,2017,WON-001153
RES Group,Mynydd Brombil,Wind,Onshore,No,Wind,, 8.0 ,LV,Wales,Wales,SA13 2YN,SS7914188569,279141.0,188569.0,2017,WON-001159
RES Group,Freasdail (GB),Wind,Onshore,No,Wind,, 22.5 ,HV,Scotland,Scotland,PA296XR,NR830585,180721.0,660754.0,2017,WON-001161
RES Group,Minnygap (GB),Wind,Onshore,No,Wind,, 25.0 ,HV,Scotland,Scotland,DG109PX,NY027964,307313.0,597397.0,2017,WON-001162
RES Group,Garreg Llwyd (GB),Wind,Onshore,No,Wind,, 30.4 ,LV,Wales,Wales,LD16YS,SO136798,294491.0,272407.0,2017,WON-001167
RES Group,Llynfi Afan Renewable Energy Limited,Wind,Onshore,No,Wind,, 24.0 ,LV,Wales,Wales,SA13 3YE,SS8925296198,289252.0,196198.0,2017,WON-001171
RES Group,Tormywheel,Wind,Onshore,No,Wind,, 30.8 ,LV,Scotland,Scotland,,NS9490555232,294905.0,655232.0,2017,WON-001172
RES Group,Pen Bryn Oer Wind Farm,Wind,Onshore,No,Wind,, 6.0 ,LV,Wales,Wales,NP22 5QR,SO1206509235,312065.0,209235.0,2017,WON-001177
RES Group,Beinneun Wind Farm,Wind,Onshore,No,Wind,, 108.8 ,HV,Scotland,Scotland,IV63 7YJ,NH233109,220442.0,804419.0,2017,WON-001178
RES Group,Neilston (GB),Wind,Onshore,No,Wind,, 10.0 ,LV,Scotland,Scotland,G784BZ,NS454538,245292.0,653952.0,2013,WON-001262
RES Group,Hallburn Farm Wind Farm,Wind,Onshore,No,Wind,, 13.2 ,LV,England,North West,CA6 5TZ,NY415687,341545.0,568771.0,2018,WON-001266
RES Group,Little Raith (GB),Wind,Onshore,No,Wind,, 24.8 ,LV,Scotland,Scotland,KY50AX,NT210919,322245.0,692552.0,2012,WON-001284
RES Group,Burton Wold South (GB),Wind,Onshore,No,Wind,, 8.3 ,LV,England,East Midlands,NN15 5PH,SP9160273681,491602.0,273681.0,2017,WON-001294
RES Group,Muirhall South (GB),Wind,Onshore,No,Wind,, 8.3 ,LV,Scotland,Scotland,ML11 8LL,NS993528,301624.0,651749.0,2016,WON-001295
RES Group,Solwaybank,Wind,Onshore,No,Wind,, 30.4 ,HV,Scotland,Scotland,DG113HG,NY2514082461,325140.0,582461.0,2020,WON-001296
RES Group,Blary Hill,Wind,Onshore,No,Wind,, 35.0 ,HV,Scotland,Scotland,PA29 6UZ,NR7082736430,170827.0,636430.0,2022,WON-001364
RES Group,Crossdykes Wind Farm,Wind,Onshore,No,Wind,, 48.0 ,HV,Scotland,Scotland,DG11 2QL ,NY2587387951,325873.0,587951.0,2021,WON-001540
RES Group,Cumberhead Wind Farm,Wind,Onshore,No,Wind,, 50.0 ,HV,Scotland,Scotland,ML11 0FW,NS7727032735,277270.0,632735.0,2023,WON-001617
River Nene,Peterborough Power Station,Fossil Fuel,Single cycle,No,Natural Gas,, 245.0 ,HV,England,East of England,PE15NT,,518401.0,299217.0,1993,GAS-000144
River Nene,Croydon,Fossil Fuel,Single cycle,No,Natural Gas,, 50.0 ,LV,England,London,CR03RL,TQ314659,531449.0,165923.0,2005,XXX-001525
River Nene,Derby,Fossil Fuel,Single cycle,No,Natural Gas,, 50.0 ,LV,England,East Midlands,DE248YF,SK372335,437293.0,333556.0,1997,XXX-001526
River Nene,Exeter,Fossil Fuel,Single cycle,No,Natural Gas,, 50.0 ,LV,England,South West,EX28QN,SX923908,292378.0,90810.0,2000,XXX-001527
River Nene,Heartlands,Fossil Fuel,Single cycle,No,Natural Gas,, 100.0 ,LV,England,West Midlands,B249FQ,SP130902,413029.0,290226.0,1998,XXX-001528
River Nene,Peterborough Power Station PPL2 Gas Engines,Fossil Fuel,Single cycle,No,Natural Gas,, 49.0 ,LV,England,East Midlands,PE15NT,TL218991,521813.0,299186.0,2018,XXX-001529
River Nene,Thornhill,Fossil Fuel,Single cycle,No,Natural Gas,, 40.0 ,LV,England,Yorkshire and the Humber,WF129EA,SE227200,422737.0,420044.0,1997,XXX-001530
River Nene,Viking,Fossil Fuel,Single cycle,No,Natural Gas,, 50.0 ,HV,England,North East,TS21UB,NZ532242,453281.0,524210.0,2000,XXX-001531
Riverside Resource Recovery,Riverside - Energy from Waste,Bioenergy,Bioenergy,No,MSW,, 80.0 ,LV,England,London,DA176JY,TQ49669 80643,547200.0,176500.0,2011,BIO-000402
RWE Npower,Markinch,Bioenergy,Bioenergy,Yes,Biomass,, 61.0 ,LV,Scotland,Scotland,KY76GU,,327988.0,701561.0,2014,BIO-000634
RWE Npower,Little Barford,Fossil Fuel,CCGT,No,Natural Gas,, 735.0 ,HV,England,East of England,PE196YT,,519049.0,256838.0,1995,GAS-000151
RWE Npower,Kings Lynn,Fossil Fuel,CCGT,No,Natural Gas,, 395.0 ,LV,England,East of England,PE343RD,TF611171,561175.0,317125.0,1997,GAS-000170
RWE Npower,Didcot B,Fossil Fuel,CCGT,No,Natural Gas,," 1,450.0 ",HV,England,South East,OX117YU,,451077.0,182210.0,1998,GAS-000176
RWE Npower,Cheshire,Fossil Fuel,Single cycle,No,Natural Gas,, 40.0 ,LV,England,North West,CH651AF,,339060.0,378391.0,2000,GAS-000210
RWE Npower,Great Yarmouth,Fossil Fuel,CCGT,No,Natural Gas,, 420.0 ,LV,England,East of England,NR303PY,,652534.0,307744.0,2001,GAS-000212
RWE Npower,Hythe,Fossil Fuel,Single cycle,No,Natural Gas,, 53.0 ,LV,England,South East,SO453BP,,443586.0,105782.0,2005,GAS-000282
RWE Npower,Staythorpe,Fossil Fuel,CCGT,No,Natural Gas,," 1,828.0 ",HV,England,East Midlands,NG235RQ,,475532.0,351265.0,2010,GAS-000375
RWE Npower,Pembroke,Fossil Fuel,CCGT,No,Natural Gas,," 2,199.0 ",HV,Wales,Wales,SA715SS,,193370.0,200137.0,2012,GAS-000453
RWE Npower,Grimsby,Fossil Fuel,Single cycle,No,Natural Gas,, 40.0 ,LV,England,Yorkshire and the Humber,DN31 2SW,TA257111,525704.0,411176.0,2018,GAS-001275
RWE Npower,Garnedd,Hydro,Small Hydro,No,Hydro,, 0.6 ,LV,Wales,Wales,LL25 0JQ,SH6964153035,269641.3,353035.8,1990,HNF-000133
RWE Npower,Dulyn,Hydro,Small Hydro,No,Hydro,, 0.5 ,LV,Wales,Wales,,SH7775468358,277754.0,368358.0,1998,HNF-000180
RWE Npower,Croesor,Hydro,Small Hydro,No,Hydro,, 0.5 ,LV,Wales,Wales,,SH6490046000,264900.0,346000.0,1999,HNF-000188
RWE Npower,Glen Tarbert,Hydro,Small Hydro,No,Hydro,, 0.9 ,LV,Scotland,Scotland,,NM8660060500,186600.0,760500.0,2000,HNF-000199
RWE Npower,Auchtertyre,Hydro,Small Hydro,No,Hydro,, 0.6 ,LV,Scotland,Scotland,,NN3542229327,235422.0,729327.0,2000,HNF-000200
RWE Npower,Cwm Dyli,Hydro,Large Hydro,No,Hydro,, 9.9 ,LV,Wales,Wales,LL55 4NW,SH5797660502,257976.5,360502.8,2002,HNF-000224
RWE Npower,High Head,Hydro,Large Hydro,No,Hydro,, 17.0 ,LV,Wales,Wales,LL32 8QE,SH7692767625,276927.5,367625.1,2002,HNF-000225
RWE Npower,Garry Gualach,Hydro,Small Hydro,No,Hydro,, 0.8 ,LV,Scotland,Scotland,PH35 4HS,NN1660099800,216600.0,799800.0,2002,HNF-000226
RWE Npower,Low Head,Hydro,Large Hydro,No,Hydro,, 15.0 ,LV,Wales,Wales,LL32 8QE,SH7692767625,276927.5,367625.1,2002,HNF-000228
RWE Npower,Garrogie,Hydro,Small Hydro,No,Hydro,, 2.4 ,LV,Scotland,Scotland,,NH5010013300,250100.0,813300.0,2005,HNF-000266
RWE Npower,Braevallich,Hydro,Small Hydro,No,Hydro,, 2.3 ,LV,Scotland,Scotland,,NM9665706908,196657.0,706909.0,2005,HNF-000267
RWE Npower,Kielder,Hydro,Large Hydro,No,Hydro,, 6.0 ,LV,England,North East,,NY6988787826,369887.3,587826.8,2006,HNF-000283
RWE Npower,Inverbain,Hydro,Small Hydro,No,Hydro,, 1.0 ,LV,Scotland,Scotland,,NG7809556066,178095.5,856066.2,2006,HNF-000285
RWE Npower,River E,Hydro,Small Hydro,No,Hydro,, 3.0 ,LV,Scotland,Scotland,,NH5135918186,251359.4,818186.7,2008,HNF-000325
RWE Npower,Douglas Water,Hydro,Small Hydro,No,Hydro,, 3.0 ,LV,Scotland,Scotland,PA32 8XT,NN0455906949,204559.0,706950.0,2008,HNF-000326
RWE Npower,Carnoch,Hydro,Small Hydro,No,Hydro,, 1.4 ,LV,Scotland,Scotland,,NM7458959870,174589.8,759870.6,2009,HNF-000355
RWE Npower,Inverlael,Hydro,Small Hydro,No,Hydro,, 2.5 ,LV,Scotland,Scotland,,NH1820885467,218208.4,885467.8,2009,HNF-000356
RWE Npower,Selset,Hydro,Small Hydro,No,Hydro,, 0.8 ,LV,England,North East,,NY9030021200,390300.0,521200.0,2010,HNF-000378
RWE Npower,Black Rock,Hydro,Small Hydro,No,Hydro,, 3.5 ,LV,Scotland,Scotland,,NH5990066800,259900.0,866800.0,2012,HNF-000454
RWE Npower,Maldie,Hydro,Small Hydro,No,Hydro,, 4.0 ,LV,Scotland,Scotland,,NC2515034050,225150.0,934050.0,2013,HNF-000503
RWE Npower,Cia Aig,Hydro,Small Hydro,No,Hydro,, 3.0 ,LV,Scotland,Scotland,,NN1719688748,217196.0,788748.0,2016,HNF-000942
RWE Npower,Grudie,Hydro,Small Hydro,No,Hydro,, 2.0 ,LV,Scotland,Scotland,IV22 2HL,NG9645967347,196459.0,867347.0,2017,HNF-001135
RWE Npower,Glen Noe,Hydro,Small Hydro,No,Hydro,, 2.0 ,LV,Scotland,Scotland,PA35 1JT,NN067358,206775.0,735875.0,2021,HNF-001291
RWE Npower,Didcot GT,Fossil Fuel,Single cycle,No,Diesel/Gas Oil,, 100.0 ,HV,England,South East,OX117YU,,451077.0,182210.0,1972,OIL-000112
RWE Npower,Cowes,Fossil Fuel,Single cycle,No,Diesel/Gas Oil,, 140.0 ,LV,England,South East,PO326JF,,448472.0,93554.0,1982,OIL-000124
RWE Npower,Little Barford GT,Fossil Fuel,Single cycle,No,Diesel/Gas Oil,, 17.0 ,HV,England,East Midlands,PE196YT,,519049.0,256838.0,2006,OIL-000301
RWE Npower,North Hoyle,Wind,Offshore,No,Wind,, 60.0 ,LV,Wales,Wales,,SJ0383892229,303823.0,392138.0,2004,WOF-000251
RWE Npower,Scroby Sands,Wind,Offshore,No,Wind,, 60.0 ,LV,England,East of England,NR30 3NS,TG5641711874,656417.0,311874.0,2004,WOF-000252
RWE Npower,Rhyl Flats,Wind,Offshore,No,Wind,, 90.0 ,LV,Wales,Wales,,SH9024488299,290990.0,388002.0,2009,WOF-000357
RWE Npower,Robin Rigg West,Wind,Offshore,No,Wind,, 90.0 ,HV,Scotland,Scotland,,NX8878540522,288785.0,540522.0,2010,WOF-000379
RWE Npower,Robin Rigg East,Wind,Offshore,No,Wind,, 84.0 ,HV,Scotland,Scotland,,NX9100542348,291005.0,542348.0,2010,WOF-000381
RWE Npower,London Array,Wind,Offshore,No,Wind,, 630.0 ,HV,England,South East,,TM459013,642078.0,197218.0,2013,WOF-000504
RWE Npower,Gwynt y Mor,Wind,Offshore,No,Wind,, 576.0 ,HV,Wales,Wales,,SH9482396924,292082.0,396482.0,2015,WOF-000508
RWE Npower,Humber Gateway,Wind,Offshore,No,Wind,, 219.0 ,HV,England,Yorkshire and the Humber,DN31 3SY,TA2843911181,528439.0,411181.0,2015,WOF-000744
RWE Npower,Galloper,Wind,Offshore,No,Wind,, 352.8 ,HV,England,East of England,,TM7796929898,646316.0,262379.0,2017,WOF-001138
RWE Npower,Rampion,Wind,Offshore,No,Wind,, 400.2 ,HV,England,South East,,TV2500095000,525000.0,95000.0,2018,WOF-001258
RWE Npower,Triton Knoll,Wind,Offshore,No,Wind,, 857.0 ,HV,England,East Midlands,,TA2540511338,525405.0,411338.0,2021,WOF-001290
RWE Npower,Great Eppleton (ex NFFO),Wind,Onshore,No,Wind,, 4.1 ,LV,England,North East,DH5 9EZ,NZ3690048200,436900.0,548200.0,1997,WON-000171
RWE Npower,Hare Hill,Wind,Onshore,No,Wind,, 2.3 ,LV,England,North East,DH6 2BA,NZ4250040500,442500.0,540500.0,2000,WON-000207
RWE Npower,Deucheran Hill (RO),Wind,Onshore,No,Wind,, 15.8 ,LV,Scotland,Scotland,PA29 6XF,NR7700043000,177000.0,643000.0,2001,WON-000218
RWE Npower,Out Newton (RO),Wind,Onshore,No,Wind,, 9.1 ,LV,England,Yorkshire and the Humber,HU12 0TG,TA3880021200,538800.0,421200.0,2002,WON-000232
RWE Npower,Bowbeat (Emly Bank) - RO,Wind,Onshore,No,Wind,, 15.6 ,LV,Scotland,Scotland,EH23 4AE,NT2960047500,329600.0,647500.0,2002,WON-000233
RWE Npower,Bowbeat (Roughside) - RO,Wind,Onshore,No,Wind,, 15.6 ,LV,Scotland,Scotland,EH23 4TE,NT3300046200,333000.0,646200.0,2002,WON-000234
RWE Npower,High Volts RO,Wind,Onshore,No,Wind,, 5.5 ,LV,England,North East,TS27 3DT,NZ4520033400,445200.0,533400.0,2004,WON-000255
RWE Npower,Hare Hill RO,Wind,Onshore,No,Wind,, 2.8 ,LV,England,North East,DH6 3QL,NZ4250040500,442500.0,540500.0,2004,WON-000258
RWE Npower,Holmside,Wind,Onshore,No,Wind,, 2.3 ,LV,England,North East,DH9 6FF,NZ2080050300,420800.0,550300.0,2004,WON-000259
RWE Npower,Holmside RO,Wind,Onshore,No,Wind,, 2.8 ,LV,England,North East,DH9 6FF,NZ1950052500,419500.0,552500.0,2004,WON-000260
RWE Npower,High Volts,Wind,Onshore,No,Wind,, 2.3 ,LV,England,North East,TS27 3AW,NZ4560033500,445600.0,533500.0,2004,WON-000263
RWE Npower,An Suidhe,Wind,Onshore,No,Wind,, 19.3 ,HV,Scotland,Scotland,,NN0048307563,200483.0,707563.0,2005,WON-000281
RWE Npower,Burgar Hill,Wind,Onshore,No,Wind,, 5.0 ,LV,Scotland,Scotland,KW17 2PJ,HY3430026200,334300.0,1026200.0,2006,WON-000298
RWE Npower,Hameldon Hill,Wind,Onshore,No,Wind,, 6.0 ,LV,England,North West,BB11 5QQ,SD8949532441,389495.0,432441.0,2006,WON-000299
RWE Npower,Stags Holt,Wind,Onshore,No,Wind,, 20.0 ,LV,England,East of England,PE15 0DR,TL4400099000,544000.0,299000.0,2007,WON-000317
RWE Npower,Knabs Ridge,Wind,Onshore,No,Wind,, 16.0 ,LV,England,Yorkshire and the Humber,,SE2306955946,423069.0,455946.0,2007,WON-000322
RWE Npower,Bilbster,Wind,Onshore,No,Wind,, 3.9 ,LV,Scotland,Scotland,,ND2715051850,327150.0,951850.0,2007,WON-000323
RWE Npower,The Hollies,Wind,Onshore,No,Wind,, 2.6 ,LV,England,East Midlands,PE24 4SH,TF4999562998,549995.0,362998.0,2008,WON-000342
RWE Npower,Little Cheyne Court,Wind,Onshore,No,Wind,, 59.8 ,LV,England,South East,,TQ9831022060,598310.0,122060.0,2008,WON-000348
RWE Npower,Great Eppleton RO,Wind,Onshore,No,Wind,, 4.1 ,LV,England,North East,DH5 9EZ,NZ3690048200,436900.0,548200.0,2010,WON-000384
RWE Npower,Haswell Moor Circuit 1,Wind,Onshore,No,Wind,, 5.2 ,LV,England,North East,DH6 2BD,NZ3808541365,438085.0,541365.0,2010,WON-000389
RWE Npower,Lindhurst,Wind,Onshore,No,Wind,, 9.0 ,LV,England,East Midlands,,SK5688058150,456880.0,358150.0,2010,WON-000395
RWE Npower,Lochelbank,Wind,Onshore,No,Wind,, 9.6 ,LV,Scotland,Scotland,,NO1144013477,311440.0,713477.0,2010,WON-000399
RWE Npower,Haswell Moor Circuit 2,Wind,Onshore,No,Wind,, 5.2 ,LV,England,North East,DH6 2BD,NZ3808541365,438085.0,541365.0,2010,WON-000401
RWE Npower,Butterwick Moor Circuit 1,Wind,Onshore,No,Wind,, 9.4 ,LV,England,North East,TS21 3ER,NZ3900030000,439000.0,530000.0,2011,WON-000408
RWE Npower,Kiln Pit Hill,Wind,Onshore,No,Wind,, 14.0 ,LV,England,North East,,NZ0559054583,405590.0,554583.0,2011,WON-000424
RWE Npower,Butterwick Moor Circuit 2,Wind,Onshore,No,Wind,, 9.4 ,LV,England,North East,TS21 3ER,NZ3900030000,439000.0,530000.0,2011,WON-000427
RWE Npower,Hellrigg,Wind,Onshore,No,Wind,, 9.2 ,LV,England,North West,,NY1358551775,313585.0,551775.0,2012,WON-000459
RWE Npower,Tween Bridge,Wind,Onshore,No,Wind,, 44.0 ,LV,England,Yorkshire and the Humber,DN8 4JU,SE6932416182,469324.0,416182.0,2012,WON-000468
RWE Npower,Novar 2,Wind,Onshore,No,Wind,, 36.8 ,HV,Scotland,Scotland,,NH5550071500,255500.0,871500.0,2012,WON-000470
RWE Npower,Rosehall,Wind,Onshore,No,Wind,, 24.7 ,LV,Scotland,Scotland,IV27 4BD,NC4955003550,249550.0,903550.0,2013,WON-000519
RWE Npower,Camster,Wind,Onshore,No,Wind,, 50.0 ,LV,Scotland,Scotland,KW1 5SX,ND2580047400,325800.0,947400.0,2013,WON-000525
RWE Npower,Hameldon Hill Extension,Wind,Onshore,No,Wind,, 6.0 ,LV,England,North West,BB11 5QQ,SD7991430561,379914.0,430561.0,2013,WON-000530
RWE Npower,Bradwell,Wind,Onshore,No,Wind,, 20.5 ,LV,England,East of England,,TL9500005000,595000.0,205000.0,2013,WON-000550
RWE Npower,Goole Fields A,Wind,Onshore,No,Wind,, 33.0 ,HV,England,Yorkshire and the Humber,,SE7348719400,473487.0,419400.0,2013,WON-000551
RWE Npower,Middlemoor,Wind,Onshore,No,Wind,, 54.0 ,LV,England,North East,,NU1476522786,414765.0,622786.0,2013,WON-000553
RWE Npower,Goole Fields B,Wind,Onshore,No,Wind,, 34.9 ,HV,England,Yorkshire and the Humber,,SE7363220610,473632.0,420610.0,2016,WON-000976
RWE Npower,Brechfa Forest West,Wind,Onshore,No,Wind,, 57.4 ,HV,Wales,Wales,,SN5149333864,251493.0,233864.0,2018,WON-001264
RWE Npower,Bad a Cheo,Wind,Onshore,No,Wind,, 26.7 ,HV,Scotland,Scotland,,ND1661548900,316615.0,948900.0,2018,WON-001269
RWE Npower,Mynydd y Gwair,Wind,Onshore,No,Wind,, 32.8 ,HV,Wales,Wales,,SN6540008320,265400.0,208320.0,2019,WON-001279
RWE Npower,Clocaenog Forest,Wind,Onshore,No,Wind,, 96.0 ,HV,Wales,Wales,,SJ0156859344,301568.0,359344.0,2019,WON-001280
Scira Offshore Energy,Sheringham Shoal BMU 1,Wind,Offshore,No,Wind,, 158.0 ,HV,England,East of England,,TG1067164425,610671.0,364425.0,2012,WOF-000456
Scira Offshore Energy,Sheringham Shoal BMU 2,Wind,Offshore,No,Wind,, 158.0 ,HV,England,East of England,,TG1067164425,610671.0,364425.0,2012,WOF-000457
Scira Offshore Energy,Dudgeon BMU 1,Wind,Offshore,No,Wind,, 108.0 ,HV,England,East of England,,TF7500061000,575000.0,361000.0,2017,WOF-001136
Scira Offshore Energy,Hywind BMU 1,Wind,Offshore,No,Wind,, 30.0 ,HV,Scotland,Scotland,,NK3350046500,433500.0,846500.0,2017,WOF-001137
Scira Offshore Energy,Dudgeon BMU 2,Wind,Offshore,No,Wind,, 90.0 ,HV,England,East of England,,TF7500061000,575000.0,361000.0,2017,WOF-001140
Scira Offshore Energy,Dudgeon BMU 3,Wind,Offshore,No,Wind,, 102.0 ,HV,England,East of England,,TF7500061000,575000.0,361000.0,2017,WOF-001141
Scira Offshore Energy,Dudgeon BMU 4,Wind,Offshore,No,Wind,, 102.0 ,HV,England,East of England,,TF7500061000,575000.0,361000.0,2017,WOF-001142
Scottish Power,Carland Cross PV,Solar,PV,No,Solar,, 10.0 ,LV,England,South West,TR85JB,TF7393241095,573932.0,341095.0,2022,SOL-001363
Scottish Power,Coldham PV,Solar,PV,No,Solar,, 9.1 ,LV,England,East of England,BT44 9JB,TL2570099000,525700.0,299000.0,2024,SOL-001552
Scottish Power,East Anglia One,Wind,Offshore,No,Wind,, 714.0 ,HV,England,East of England,,TM901677,690118.0,267787.0,2019,WOF-001278
Scottish Power,P&L,Wind,Onshore,No,Wind,, 30.6 ,LV,Wales,Wales,LD1 6YS,,302860.0,288543.0,1993,WON-000143
Scottish Power,Corkey,Wind,Onshore,No,Wind,, 5.0 ,LV,Northern Ireland,Northern Ireland,BT449JB,,126222.0,580523.0,1995,WON-000156
Scottish Power,Elliot's Hill,Wind,Onshore,No,Wind,, 5.0 ,LV,Northern Ireland,Northern Ireland,BT39 9SW,NW394518,134974.0,546006.0,1995,WON-000157
Scottish Power,Rigged Hill,Wind,Onshore,No,Wind,, 5.0 ,LV,Northern Ireland,Northern Ireland,BT490QJ,,90731.0,589745.0,1995,WON-000158
Scottish Power,Hare Hill I,Wind,Onshore,No,Wind,, 13.2 ,LV,Scotland,Scotland,KA184NW,,265320.0,609703.0,2000,WON-000202
Scottish Power,Dun Law I,Wind,Onshore,No,Wind,, 17.2 ,LV,Scotland,Scotland,TD26RA,,344600.0,657500.0,2000,WON-000204
Scottish Power,Beinn an Tuirc I,Wind,Onshore,No,Wind,, 29.7 ,HV,Scotland,Scotland,PA286QY,,173950.0,636900.0,2002,WON-000236
Scottish Power,Cruach Mhor,Wind,Onshore,No,Wind,, 29.8 ,LV,Scotland,Scotland,PA223AE,,203500.0,687500.0,2004,WON-000254
Scottish Power,Black Law I,Wind,Onshore,No,Wind,, 124.2 ,HV,Scotland,Scotland,ML11 8EW,,290998.0,653991.0,2005,WON-000273
Scottish Power,Coldham,Wind,Onshore,No,Wind,, 16.0 ,LV,England,East of England,PE14OLX,,525748.0,299048.0,2005,WON-000276
Scottish Power,Beinn Tharsuinn,Wind,Onshore,No,Wind,, 29.8 ,HV,Scotland,Scotland,IV191LH,,261700.0,881900.0,2005,WON-000278
Scottish Power,Callagheen,Wind,Onshore,No,Wind,, 16.9 ,LV,Northern Ireland,Northern Ireland,BT934AL,,10820.0,521167.0,2006,WON-000293
Scottish Power,Wether Hill,Wind,Onshore,No,Wind,, 18.2 ,LV,Scotland,Scotland,DG73UG,,270000.0,594000.0,2007,WON-000309
Scottish Power,Whitelee I,Wind,Onshore,No,Wind,, 322.0 ,HV,Scotland,Scotland,KA36EX,,256800.0,645435.0,2007,WON-000321
Scottish Power,Hagshaw Hill II,Wind,Onshore,No,Wind,, 26.0 ,LV,Scotland,Scotland,ML110RR,,278965.0,630750.0,2008,WON-000332
Scottish Power,Wolf Bog,Wind,Onshore,No,Wind,, 10.0 ,LV,Northern Ireland,Northern Ireland,BT390TD,,137865.0,553129.0,2008,WON-000333
Scottish Power,Green Knowes,Wind,Onshore,No,Wind,, 27.0 ,LV,Scotland,Scotland,FK14 7JY,NN990045,296850.0,707550.0,2008,WON-000336
Scottish Power,Clachan Flats,Wind,Onshore,No,Wind,, 15.0 ,HV,Scotland,Scotland,PA268BJ,,217950.0,714520.0,2009,WON-000361
Scottish Power,Dun Law II,Wind,Onshore,No,Wind,, 29.8 ,HV,Scotland,Scotland,TD26RA,,346582.0,657530.0,2009,WON-000374
Scottish Power,Arecleoch,Wind,Onshore,No,Wind,, 120.0 ,HV,Scotland,Scotland,KA260SJ,,221500.0,578500.0,2010,WON-000396
Scottish Power,Mark Hill,Wind,Onshore,No,Wind,, 56.0 ,HV,Scotland,Scotland,KA260PX,,225000.0,585000.0,2011,WON-000412
Scottish Power,Lynemouth,Wind,Onshore,No,Wind,, 26.0 ,LV,England,North East,NE63 9AT,NZ284893,429400.0,589799.0,2012,WON-000467
Scottish Power,Whitelee II,Wind,Onshore,No,Wind,, 217.0 ,HV,Scotland,Scotland,G76 0QQ,,254220.0,640867.0,2012,WON-000471
Scottish Power,Beinn an Tuirc II,Wind,Onshore,No,Wind,, 43.7 ,HV,Scotland,Scotland,PA286QY,,173950.0,636900.0,2012,WON-000478
Scottish Power,Carland Cross RP,Wind,Onshore,No,Wind,, 20.0 ,LV,England,South West,TR85JB,,184500.0,54500.0,2013,WON-000547
Scottish Power,Middleton,Wind,Onshore,No,Wind,, 12.0 ,LV,Scotland,Scotland,G776PZ,,253158.0,656019.0,2013,WON-000548
Scottish Power,Harestanes,Wind,Onshore,No,Wind,, 136.0 ,HV,Scotland,Scotland,DG111TU,,300000.0,595000.0,2013,WON-000552
Scottish Power,Coal Clough RP,Wind,Onshore,No,Wind,, 16.0 ,LV,England,North West,BB104RR,,390207.0,428154.0,2014,WON-000636
Scottish Power,Black Law II,Wind,Onshore,No,Wind,, 63.4 ,HV,Scotland,Scotland,ML118EW,,289500.0,653500.0,2016,WON-000951
Scottish Power,Ewe Hill I,Wind,Onshore,No,Wind,, 13.8 ,LV,Scotland,Scotland,DG112QG,,315000.0,580000.0,2016,WON-000965
Scottish Power,Dersalloch,Wind,Onshore,No,Wind,, 69.0 ,HV,Scotland,Scotland,KA197NJ,,242500.0,603500.0,2016,WON-000967
Scottish Power,Hare Hill II,Wind,Onshore,No,Wind,, 29.8 ,HV,Scotland,Scotland,KA184NW,,265931.0,613982.0,2016,WON-000971
Scottish Power,Kilgallioch,Wind,Onshore,No,Wind,, 239.0 ,HV,Scotland,Scotland,KA260RF,,223000.0,578000.0,2016,WON-000977
Scottish Power,Ewe Hill II,Wind,Onshore,No,Wind,, 36.8 ,HV,Scotland,Scotland,DG112QG,,315000.0,580000.0,2017,WON-001157
Scottish Power,Glen App,Wind,Onshore,No,Wind,, 22.0 ,HV,Scotland,Scotland,KA260PG,,208000.0,573000.0,2017,WON-001158
Scottish Power,Halsary,Wind,Onshore,No,Wind,, 30.0 ,HV,Scotland,Scotland,KW126UW,,313553.0,953351.0,2020,WON-001286
Scottish Power,Beinn an Tuirc III,Wind,Onshore,No,Wind,, 50.0 ,HV,Scotland,Scotland,PA286QY,NR7866938956,178669.0,638956.0,2021,WON-001292
Sembcorp Utilities,Wilton 10 Biomass,Bioenergy,Bioenergy,Yes,Biomass,, 33.3 ,HV,England,North East,TS908WS,,456536.0,520395.0,2007,BIO-000302
Sembcorp Utilities,Wilton 11,Bioenergy,Bioenergy,No,MSW,, 49.0 ,HV,England,North East,TS90 8WS,,458191.0,520347.0,2016,BIO-000940
Sembcorp Utilities,Wilton International,Fossil Fuel,Conventional steam,Yes,Natural Gas,, 120.0 ,HV,England,North East,TS908WS,,458275.0,517359.0,1952,GAS-000026
SSE Group,Slough Heat & Power,Bioenergy,Bioenergy,Yes,Biomass,, 35.0 ,LV,England,South East,SL14TT,,495316.0,181476.0,2014,BIO-000632
SSE Group,Peterhead,Fossil Fuel,CCGT,No,Natural Gas,," 1,180.0 ",HV,Scotland,Scotland,AB423BZ,,412790.0,843093.0,1980,GAS-000120
SSE Group,Keadby,Fossil Fuel,CCGT,No,Natural Gas,, 735.0 ,HV,England,East Midlands,DN173EF,,483280.0,411671.0,1986,GAS-000123
SSE Group,Medway,Fossil Fuel,CCGT,No,Natural Gas,, 755.0 ,HV,England,South East,ME30AG,,586916.0,174008.0,1995,GAS-000152
SSE Group,Burghfield,Fossil Fuel,Single cycle,No,Natural Gas,, 50.0 ,HV,England,South East,RG303UW,,466926.0,166323.0,1998,GAS-000182
SSE Group,Chickerell,Fossil Fuel,Single cycle,No,Natural Gas,, 50.0 ,HV,England,South West,DT49XH,,364051.0,80933.0,1999,GAS-000183
SSE Group,Keadby 2,Fossil Fuel,CCGT,No,Natural Gas,, 840.0 ,HV,England,East Midlands,DN17 4DG,SE823117,482347.0,411709.0,2023,GAS-001553
SSE Group,Rannoch,Hydro,Large Hydro,No,Hydro,, 45.0 ,LV,Scotland,Scotland,PH173QP,,265618.9,758237.4,1930,HNF-000004
SSE Group,Tummel,Hydro,Large Hydro,No,Hydro,, 34.0 ,LV,Scotland,Scotland,PH165SB,,261249.2,580838.5,1933,HNF-000005
SSE Group,Cladach Dam,Hydro,Small Hydro,No,Hydro,, 0.2 ,LV,Scotland,Scotland,,NS014376,219715.0,595201.0,1949,HNF-000013
SSE Group,Pitlochry Power Station - A,Hydro,Large Hydro,No,Hydro,, 15.0 ,HV,Scotland,Scotland,,NN936577,293515.0,757730.0,1950,HNF-000014
SSE Group,"Morar Power Station - A,C",Hydro,Small Hydro,No,Hydro,, 0.8 ,LV,Scotland,Scotland,,NM682922,168582.0,792663.6,1950,HNF-000015
SSE Group,Nostie Bridge Power Station - A,Hydro,Small Hydro,No,Hydro,, 1.3 ,LV,Scotland,Scotland,,NH852274,185143.9,826708.6,1950,HNF-000016
SSE Group,"Grudie Bridge Power Station - A, G",Hydro,Large Hydro,No,Hydro,, 18.7 ,LV,Scotland,Scotland,,NH310624,231315.7,862293.4,1950,HNF-000017
SSE Group,Clunie,Hydro,Large Hydro,No,Hydro,, 61.2 ,HV,Scotland,Scotland,PH165NF,,293345.9,757790.0,1950,HNF-000018
SSE Group,Sloy,Hydro,Large Hydro,No,Hydro,, 152.5 ,HV,Scotland,Scotland,G837DP,,232178.8,709714.4,1950,HNF-000019
SSE Group,Clunie Dam - A,Hydro,Small Hydro,No,Hydro,, 0.2 ,LV,Scotland,Scotland,,NN884603,293345.9,757790.0,1950,HNF-000020
SSE Group,Pitlochry Compensation Generation - A,Hydro,Small Hydro,No,Hydro,, 0.1 ,LV,Scotland,Scotland,,NN936577,293500.0,757752.0,1950,HNF-000021
SSE Group,Striven Power Station - A,Hydro,Large Hydro,No,Hydro,, 8.0 ,LV,Scotland,Scotland,,NS056840,205595.0,683990.0,1951,HNF-000022
SSE Group,Fasnakyle,Hydro,Large Hydro,No,Hydro,, 69.0 ,HV,Scotland,Scotland,,NH319296,226978.0,827215.2,1951,HNF-000023
SSE Group,Kerry Falls Power Station,Hydro,Small Hydro,No,Hydro,, 1.3 ,LV,Scotland,Scotland,,NG829720,181231.1,875180.6,1951,HNF-000024
SSE Group,Beannachran Dam - A,Hydro,Small Hydro,No,Hydro,, 0.2 ,LV,Scotland,Scotland,,NN325394,233926.1,831784.4,1951,HNF-000025
SSE Group,Storr Lochs Power Station - A,Hydro,Small Hydro,No,Hydro,, 2.4 ,LV,Scotland,Scotland,,NG515527,147915.6,843505.4,1952,HNF-000027
SSE Group,Lussa Power Station - A,Hydro,Small Hydro,No,Hydro,, 2.4 ,LV,Scotland,Scotland,,NR735261,176153.7,625756.9,1952,HNF-000028
SSE Group,Dundreggan Dam A,Hydro,Small Hydro,No,Hydro,, 0.2 ,LV,Scotland,Scotland,,NH357156,231413.1,813651.7,1953,HNF-000031
SSE Group,Gaur Power Station - A,Hydro,Small Hydro,No,Hydro,, 7.9 ,LV,Scotland,Scotland,,NN464579,247261.3,757140.6,1953,HNF-000033
SSE Group,"Torr Achilty Power Station - A,E",Hydro,Large Hydro,No,Hydro,, 15.0 ,LV,Scotland,Scotland,,NH446545,244418.4,854546.6,1954,HNF-000036
SSE Group,Loch Dubh,Hydro,Small Hydro,No,Hydro,, 1.2 ,LV,Scotland,Scotland,,NC149012,213243.8,901138.9,1954,HNF-000037
SSE Group,Luichart,Hydro,Large Hydro,No,Hydro,, 34.0 ,HV,Scotland,Scotland,IV149EW,,231809.7,862261.3,1954,HNF-000038
SSE Group,Meig Dam,Hydro,Small Hydro,No,Hydro,, 0.1 ,LV,Scotland,Scotland,,NH375560,237124.7,855942.4,1954,HNF-000039
SSE Group,Luichart Dam - A,Hydro,Small Hydro,No,Hydro,, 0.1 ,LV,Scotland,Scotland,,NH389579,232652.8,862232.7,1954,HNF-000040
SSE Group,"Mullardoch Power Station - A,C",Hydro,Small Hydro,No,Hydro,, 2.4 ,LV,Scotland,Scotland,,NH223310,222860.0,831415.0,1955,HNF-000041
SSE Group,"Quoich Power Station - A, E, G",Hydro,Large Hydro,No,Hydro,, 18.1 ,LV,Scotland,Scotland,,NH107012,216881.8,800852.9,1955,HNF-000042
SSE Group,"Finlarig Power Station - A,G",Hydro,Large Hydro,No,Hydro,, 16.5 ,HV,Scotland,Scotland,,NN585345,257077.3,733907.8,1955,HNF-000043
SSE Group,Clachan,Hydro,Large Hydro,No,Hydro,, 40.0 ,LV,Scotland,Scotland,,NN192133,148598.0,866496.7,1955,HNF-000044
SSE Group,Errochty,Hydro,Large Hydro,No,Hydro,, 75.0 ,HV,Scotland,Scotland,PH165SD,,280853.3,765408.2,1955,HNF-000045
SSE Group,Quoich Dam - A,Hydro,Small Hydro,No,Hydro,, 0.3 ,LV,Scotland,Scotland,,NH071023,216881.8,800852.9,1955,HNF-000046
SSE Group,Allt Na Lairige Power Station,Hydro,Large Hydro,No,Hydro,, 6.0 ,LV,Scotland,Scotland,,NN231164,220655.0,714679.0,1956,HNF-000047
SSE Group,"Ceannacroc Power Station - A, E",Hydro,Large Hydro,No,Hydro,, 16.5 ,LV,Scotland,Scotland,,NH224108,222745.0,810690.0,1956,HNF-000048
SSE Group,"Invergarry Power Station - A,E",Hydro,Large Hydro,No,Hydro,, 20.0 ,HV,Scotland,Scotland,,NH319013,231930.0,801320.0,1956,HNF-000049
SSE Group,"Kilmelford Power Station - A, C,",Hydro,Small Hydro,No,Hydro,, 2.0 ,LV,Scotland,Scotland,,NM541144,183921.7,712587.0,1956,HNF-000050
SSE Group,Achanalt Power Station - A,Hydro,Small Hydro,No,Hydro,, 3.1 ,LV,Scotland,Scotland,,NH309620,225895.0,861615.0,1956,HNF-000051
SSE Group,Cluanie Dam  - A,Hydro,Small Hydro,No,Hydro,, 0.3 ,LV,Scotland,Scotland,,NH185099,218164.2,809842.5,1956,HNF-000052
SSE Group,Awe Barrage - A,Hydro,Small Hydro,No,Hydro,, 0.9 ,LV,Scotland,Scotland,,NN046287,202987.0,729485.0,1956,HNF-000053
SSE Group,"Kilmelford Compset  A,C",Hydro,Small Hydro,No,Hydro,, 0.1 ,LV,Scotland,Scotland,,NM541144,183921.7,712587.0,1956,HNF-000054
SSE Group,"Loyne Power Station - A,C",Hydro,Small Hydro,No,Hydro,, 0.6 ,LV,Scotland,Scotland,,NH200079,228554.9,813307.0,1956,HNF-000055
SSE Group,Tralaig Power Station,Hydro,Small Hydro,No,Hydro,, 0.1 ,LV,Scotland,Scotland,,NM871169,183921.7,712587.0,1956,HNF-000056
SSE Group,Vaich Power Station,Hydro,Small Hydro,No,Hydro,, 0.3 ,LV,Scotland,Scotland,,NH321726,234419.7,875106.6,1956,HNF-000057
SSE Group,Ceannacroc Compensation Generator,Hydro,Small Hydro,No,Hydro,, 3.5 ,LV,Scotland,Scotland,,NH224108,222745.0,810690.0,1956,HNF-000058
SSE Group,"St Fillans Power Station - A, G",Hydro,Large Hydro,No,Hydro,, 16.8 ,LV,Scotland,Scotland,,NN691246,269101.6,724133.4,1957,HNF-000059
SSE Group,"Sron Mor Power Station - A,C",Hydro,Large Hydro,No,Hydro,, 5.0 ,LV,Scotland,Scotland,,NN161201,264850.0,798415.0,1957,HNF-000060
SSE Group,"Mossford Power Station - A,G",Hydro,Large Hydro,No,Hydro,, 18.7 ,HV,Scotland,Scotland,,NH330633,233010.4,863187.4,1957,HNF-000061
SSE Group,Glenmoriston,Hydro,Large Hydro,No,Hydro,, 37.0 ,HV,Scotland,Scotland,IV36YH,,230869.8,812928.1,1957,HNF-000062
SSE Group,Stronuich Power Station - A,Hydro,Small Hydro,No,Hydro,, 0.2 ,LV,Scotland,Scotland,,NN507419,250616.9,742103.9,1957,HNF-000063
SSE Group,"Dalchonize Power Station-A,C ",Hydro,Small Hydro,No,Hydro,, 4.0 ,LV,Scotland,Scotland,,NN740220,274035.0,721990.0,1958,HNF-000064
SSE Group,"Shin Power Station-A,G",Hydro,Large Hydro,No,Hydro,, 18.6 ,LV,Scotland,Scotland,,NH574974,257261.3,897258.5,1958,HNF-000065
SSE Group,Lochay,Hydro,Large Hydro,No,Hydro,, 46.0 ,HV,Scotland,Scotland,,NN545350,256968.2,734182.1,1958,HNF-000066
SSE Group,Shin Diversion Dam - A,Hydro,Small Hydro,No,Hydro,, 0.1 ,LV,Scotland,Scotland,,NC582051,257261.3,897258.5,1958,HNF-000067
SSE Group,Lubreoch Power Station - A,Hydro,Small Hydro,No,Hydro,, 4.0 ,LV,Scotland,Scotland,,NN454418,245251.0,741685.4,1958,HNF-000068
SSE Group,Lochay Compensation Generator,Hydro,Small Hydro,No,Hydro,, 2.0 ,LV,Scotland,Scotland,,NN545350,258746.5,733924.4,1958,HNF-000069
SSE Group,Lochay Fish Pass Generator  -  C,Hydro,Small Hydro,No,Hydro,, 0.1 ,LV,Scotland,Scotland,,NN545350,256968.2,734182.1,1958,HNF-000070
SSE Group,"Cassley Power Station - A,C,E",Hydro,Large Hydro,No,Hydro,, 10.0 ,LV,Scotland,Scotland,,NC396232,247325.0,901540.0,1959,HNF-000073
SSE Group,"Cashlie Power Station - A,C",Hydro,Large Hydro,No,Hydro,, 11.0 ,LV,Scotland,Scotland,,NN507421,248530.0,741735.0,1959,HNF-000074
SSE Group,Orrin Power Station- A,Hydro,Large Hydro,No,Hydro,, 18.0 ,HV,Scotland,Scotland,,NH436546,246905.0,851695.0,1959,HNF-000075
SSE Group,"Cuaich Power Station - A,C",Hydro,Small Hydro,No,Hydro,, 2.5 ,LV,Scotland,Scotland,,NN574868,263487.8,784203.5,1959,HNF-000076
SSE Group,Trinafour Power Station - A,Hydro,Small Hydro,No,Hydro,, 0.6 ,LV,Scotland,Scotland,,NN725648,270988.1,765725.2,1959,HNF-000077
SSE Group,"Duchally Power Station - A,C,E",Hydro,Small Hydro,No,Hydro,, 0.5 ,LV,Scotland,Scotland,,NC368203,238694.1,916750.9,1959,HNF-000078
SSE Group,Lairg Power Station,Hydro,Small Hydro,No,Hydro,, 3.5 ,LV,Scotland,Scotland,,NC575070,249712.9,916014.0,1959,HNF-000079
SSE Group,Gisla Power Station - A,Hydro,Small Hydro,No,Hydro,, 0.7 ,LV,Scotland,Scotland,,NB129258,113291.0,926162.9,1960,HNF-000080
SSE Group,"Chliostair Power Station - A,C",Hydro,Small Hydro,No,Hydro,, 1.3 ,LV,Scotland,Scotland,,NB059092,120329.0,908665.5,1960,HNF-000081
SSE Group,"Loch Gair Power Station - A,C",Hydro,Large Hydro,No,Hydro,, 6.0 ,LV,Scotland,Scotland,,NR925908,192865.0,691305.0,1961,HNF-000082
SSE Group,Lednock Power Station - A,Hydro,Small Hydro,No,Hydro,, 3.0 ,LV,Scotland,Scotland,,NN698304,276730.0,722040.0,1961,HNF-000083
SSE Group,Livishie Power Station - A,Hydro,Large Hydro,No,Hydro,, 15.0 ,LV,Scotland,Scotland,,NH353160,240245.0,817495.0,1962,HNF-000086
SSE Group,"Aigas Power Station - A,E",Hydro,Large Hydro,No,Hydro,, 20.0 ,HV,Scotland,Scotland,,NH474437,247395.0,843655.0,1962,HNF-000087
SSE Group,"Kilmorack Power Station -A,E",Hydro,Large Hydro,No,Hydro,, 20.0 ,HV,Scotland,Scotland,,NH494442,249410.0,844225.0,1962,HNF-000088
SSE Group,Culligran Power Station Unit 2 - A,Hydro,Large Hydro,No,Hydro,, 17.1 ,HV,Scotland,Scotland,,NH378405,231877.3,839888.3,1962,HNF-000089
SSE Group,Loch Ericht Power Station - A,Hydro,Small Hydro,No,Hydro,, 2.2 ,LV,Scotland,Scotland,,NN553728,262079.9,783677.4,1962,HNF-000091
SSE Group,"Culligran Comp Set - A,C,E",Hydro,Small Hydro,No,Hydro,, 2.0 ,HV,Scotland,Scotland,,NH378405,231877.3,839888.3,1962,HNF-000093
SSE Group,Mucomir Power Station,Hydro,Small Hydro,No,Hydro,, 1.9 ,LV,Scotland,Scotland,,NN183838,218350.0,783900.0,1962,HNF-000094
SSE Group,"Nant Power Station - A,E",Hydro,Large Hydro,No,Hydro,, 15.0 ,HV,Scotland,Scotland,,NN016207,203606.8,723291.4,1963,HNF-000095
SSE Group,Inverawe,Hydro,Large Hydro,No,Hydro,, 25.0 ,LV,Scotland,Scotland,PA351HQ,,202299.5,730929.5,1963,HNF-000096
SSE Group,Deanie,Hydro,Large Hydro,No,Hydro,, 38.0 ,HV,Scotland,Scotland,IV47JX,,219200.0,710100.0,1963,HNF-000097
SSE Group,Misgeach Power Station - A,Hydro,Small Hydro,No,Hydro,, 0.4 ,LV,Scotland,Scotland,,NH183381,229571.0,838608.4,1963,HNF-000100
SSE Group,Foyers Falls Power Station,Hydro,Large Hydro,No,Hydro,, 5.2 ,LV,Scotland,Scotland,,NH497210,249845.0,820010.0,1968,HNF-000105
SSE Group,River Cuileig,Hydro,Small Hydro,No,Hydro,, 3.3 ,LV,Scotland,Scotland,,NH193789,219300.0,878900.0,2002,HNF-000227
SSE Group,Orrin Dam - A,Hydro,Small Hydro,No,Hydro,, 0.3 ,LV,Scotland,Scotland,,NH403503,245505.4,856091.6,2002,HNF-000229
SSE Group,"Invergarry Dam - A, E",Hydro,Small Hydro,No,Hydro,, 0.2 ,LV,Scotland,Scotland,,NH319413,238863.0,809324.0,2003,HNF-000240
SSE Group,"Kingairloch Power Station - A,C",Hydro,Small Hydro,No,Hydro,, 3.5 ,LV,Scotland,Scotland,,NM810547,184177.0,752489.5,2005,HNF-000265
SSE Group,"Fasnakyle Compensation Generator - A, C",Hydro,Large Hydro,No,Hydro,, 7.7 ,LV,Scotland,Scotland,,NH319296,226978.0,827215.2,2006,HNF-000284
SSE Group,Glendoe Hydro Power Station,Hydro,Large Hydro,No,Hydro,, 100.0 ,HV,Scotland,Scotland,,NH406079,238719.4,808777.0,2008,HNF-000327
SSE Group,Foyers Pumped Storage,Pumped hydro,Pumped hydro,No,Pumped hydro,, 300.0 ,HV,Scotland,Scotland,,NH497210,250350.0,821750.0,1974,HST-000115
SSE Group,Bowmore,Fossil Fuel,Single cycle,No,Diesel/Gas Oil,, 6.0 ,HV,Scotland,Scotland,PA437LL,,132024.0,660214.0,1946,OIL-000012
SSE Group,Kirkwall,Fossil Fuel,Single cycle,No,Diesel/Gas Oil,, 16.0 ,HV,Scotland,Scotland,KW151AN,,344667.0,1010985.0,1952,OIL-000029
SSE Group,Stornoway,Fossil Fuel,Single cycle,No,Diesel/Gas Oil,, 23.0 ,HV,Scotland,Scotland,HS1 2RT,NB431321,143150.0,932158.0,1952,OIL-000030
SSE Group,Lerwick,Fossil Fuel,Single cycle,No,Diesel/Gas Oil,, 67.0 ,LV,Scotland,Scotland,ZE10PS,,446456.0,1142790.0,1953,OIL-000034
SSE Group,Tiree,Fossil Fuel,Single cycle,No,Diesel/Gas Oil,, 2.5 ,HV,Scotland,Scotland,PA776UP,,100030.0,744120.0,1953,OIL-000035
SSE Group,Loch Carnan,Fossil Fuel,Single cycle,No,Diesel/Gas Oil,, 11.0 ,HV,Scotland,Scotland,HS8 5NY,NF832427,83233.0,842636.0,1972,OIL-000113
SSE Group,Barra,Fossil Fuel,Single cycle,No,Diesel/Gas Oil,, 2.5 ,HV,Scotland,Scotland,HS95YA,,71706.0,803309.0,1986,OIL-000130
SSE Group,Arnish,Fossil Fuel,Single cycle,No,Diesel/Gas Oil,, 10.0 ,HV,Scotland,Scotland,HS1 2XX,NB422305,142229.0,930499.0,2000,OIL-000209
SSE Group,SSE Arena Belfast,Solar,PV,No,Solar,, 0.4 ,LV,Northern Ireland,Northern Ireland,,NW473302,147232.0,530243.0,2017,SOL-001236
SSE Group,Greater Gabbard,Wind,Offshore,No,Wind,, 504.0 ,HV,England,East of England,,TM714315,670237.0,231640.0,2011,WOF-000406
SSE Group,Beatrice Offshore windfarm,Wind,Offshore,No,Wind,, 588.0 ,HV,Scotland,Scotland,,ND500486,344074.0,911416.0,2018,WOF-001261
SSE Group,Seagreen,Wind,Offshore,No,Wind,," 1,075.0 ",HV,Scotland,Scotland,,NP1700042000,417000.0,742000.0,2022,WOF-001523
SSE Group,Tangy Wind Farm - A,Wind,Onshore,No,Wind,, 18.5 ,LV,Scotland,Scotland,,NR685282,167373.0,626330.0,2002,WON-000235
SSE Group,"Artfield Fell Windfarm - A,C",Wind,Onshore,No,Wind,, 28.6 ,LV,Scotland,Scotland,,NX236659,223005.0,567000.0,2005,WON-000274
SSE Group,"Hadyard Hill Windfarm - A,C",Wind,Onshore,No,Wind,, 119.8 ,HV,Scotland,Scotland,,NX279982,227133.0,597446.0,2005,WON-000280
SSE Group,Bessy Bell Windfarm (NI) Limited,Wind,Onshore,No,Wind,, 9.0 ,LV,Northern Ireland,Northern Ireland,BT78 4EZ,H395815,51953.0,543825.0,2008,WON-000334
SSE Group,Drumderg Windfarm,Wind,Onshore,No,Wind,, 36.8 ,LV,Scotland,Scotland,,NO180538,324500.0,748500.0,2008,WON-000335
SSE Group,Fairburn Windfarm,Wind,Onshore,No,Wind,, 40.0 ,LV,Scotland,Scotland,,NH426534,242550.0,852250.0,2009,WON-000366
SSE Group,Toddleburn Windfarm,Wind,Onshore,No,Wind,, 27.6 ,HV,Scotland,Scotland,,NT433499,345050.0,653150.0,2010,WON-000387
SSE Group,Achany Windfarm,Wind,Onshore,No,Wind,, 38.0 ,LV,Scotland,Scotland,,NC480018,252350.0,904150.0,2010,WON-000391
SSE Group,Slieve Kirk Windfarm,Wind,Onshore,No,Wind,, 73.6 ,HV,Northern Ireland,Northern Ireland,BT473RL,,61258.0,571215.0,2011,WON-000418
SSE Group,Clyde Windfarm (South),Wind,Onshore,No,Wind,, 128.8 ,LV,Scotland,Scotland,,NS982134,302500.0,617500.0,2011,WON-000419
SSE Group,Griffin Wind Farm,Wind,Onshore,No,Wind,, 188.6 ,HV,Scotland,Scotland,,NN910427,293600.0,744600.0,2011,WON-000420
SSE Group,Gordonbush Wind Farm,Wind,Onshore,No,Wind,, 70.0 ,HV,Scotland,Scotland,,NC826113,284500.0,909500.0,2011,WON-000422
SSE Group,Clyde Windfarm (Central),Wind,Onshore,No,Wind,, 195.9 ,LV,Scotland,Scotland,,NS987202,302500.0,622500.0,2011,WON-000425
SSE Group,Clyde Windfarm (North),Wind,Onshore,No,Wind,, 197.7 ,LV,Scotland,Scotland,,NS985240,302500.0,627500.0,2012,WON-000476
SSE Group,Spurness Wind Farm II,Wind,Onshore,No,Wind,, 10.0 ,LV,Scotland,Scotland,,HY606356,360531.0,1033828.0,2012,WON-000477
SSE Group,Cathkin Braes Wind Farm,Wind,Onshore,No,Wind,, 3.0 ,LV,Scotland,Scotland,,NS612582,261220.0,658203.0,2013,WON-000526
SSE Group,Keadby Wind Farm,Wind,Onshore,No,Wind,, 68.0 ,LV,England,Yorkshire and the Humber,,SE829126,481890.0,413515.0,2013,WON-000559
SSE Group,Strathy North,Wind,Onshore,No,Wind,, 66.0 ,HV,Scotland,Scotland,,NC820598,281550.0,957550.0,2015,WON-000758
SSE Group,Dunmaglass Wind Farm,Wind,Onshore,No,Wind,, 94.1 ,HV,Scotland,Scotland,,NH609227,264000.0,820120.0,2016,WON-000978
SSE Group,Tievenameenta Wind Farm,Wind,Onshore,No,Wind,, 34.5 ,LV,Northern Ireland,Northern Ireland,,NV288423,28892.0,543668.0,2016,WON-000979
SSE Group,Bhlaraidh Wind Farm,Wind,Onshore,No,Wind,, 110.4 ,HV,Scotland,Scotland,,NH369203,238277.0,816488.0,2017,WON-001169
SSE Group,Stronelairg Wind Farm,Wind,Onshore,No,Wind,, 227.7 ,HV,Scotland,Scotland,,NH526030,247166.0,806833.0,2018,WON-001268
SSE Group,Gordonbush Ext,Wind,Onshore,No,Wind,, 47.3 ,HV,Scotland,Scotland,,NC826113,284500.0,909500.0,2021,WON-001293
SSE Group,Viking Wind Farm,Wind,Onshore,No,Wind,, 443.0 ,HV,Scotland,Scotland,,HU4380061960,443800.0,1161960.0,2023,WON-001600
SSE Group and Equinor,Dogger Bank A,Wind,Offshore,No,Wind,, 520.0 ,HV,England,North East,,OV7000050000,570000.0,550000.0,2024,WOF-001577
Statkraft,Rheidol Hydro Scheme Gen 4,Hydro,Small Hydro,No,Hydro,, 1.3 ,LV,Wales,Wales,,SN7070479283,270704.1,279283.0,1961,HNF-000084
Statkraft,Rheidol Hydro Scheme Gen 3,Hydro,Large Hydro,No,Hydro,, 20.5 ,LV,Wales,Wales,,SN7469283465,274692.2,283465.9,1962,HNF-000085
Statkraft,Rheidol Hydro Scheme Gen 1,Hydro,Large Hydro,No,Hydro,, 13.5 ,LV,Wales,Wales,,SN7046679169,270466.4,279169.8,1962,HNF-000090
Statkraft,Rheidol Hydro Scheme Gen 2,Hydro,Large Hydro,No,Hydro,, 20.5 ,LV,Wales,Wales,,SN7469283465,274692.2,283465.9,1962,HNF-000092
Statkraft,Rheidol Hydro Scheme Gen 5,Hydro,Small Hydro,No,Hydro,, 0.1 ,LV,Wales,Wales,,SN7530383745,275303.2,283745.9,1963,HNF-000098
Statkraft,Rheidol Hydro Scheme Gen 6,Hydro,Small Hydro,No,Hydro,, 0.1 ,LV,Wales,Wales,,SN7469283465,274692.2,283465.9,1963,HNF-000099
Statkraft,Rheidol Hydro Scheme Gen 7,Hydro,Small Hydro,No,Hydro,, 0.1 ,LV,Wales,Wales,,SN7070479283,270704.1,279283.0,1985,HNF-000129
Statkraft,Alltwalis,Wind,Onshore,No,Wind,, 23.0 ,HV,Wales,Wales,SA327ED,,246387.0,233404.0,2009,WON-000373
Statkraft,Baillie,Wind,Onshore,No,Wind,, 53.0 ,HV,Scotland,Scotland,KW147EP,,302550.0,965650.0,2013,WON-000511
Statkraft,Berry Burn,Wind,Onshore,No,Wind,, 67.0 ,HV,Scotland,Scotland,IV362QH,,311550.0,840550.0,2014,WON-000640
Statkraft,Andershaw,Wind,Onshore,No,Wind,, 36.0 ,HV,Scotland,Scotland,ML126SX,,283500.0,625500.0,2017,WON-001146
Temporis Capital,Osspower,Hydro,Small Hydro,No,Hydro,, 2.0 ,LV,Scotland,Scotland,G837DX,,0.0,0.0,2012,HNF-000455
Temporis Capital,Derrydarroch,Hydro,Small Hydro,No,Hydro,, 2.0 ,LV,Scotland,Scotland,G837DX,,212176.0,775418.0,2015,HNF-000741
Temporis Capital,Upper Falloch,Hydro,Small Hydro,No,Hydro,, 0.9 ,LV,Scotland,Scotland,FK208RL,,0.0,0.0,2015,HNF-000742
Temporis Capital,Ransonmoor,Wind,Onshore,No,Wind,, 10.0 ,LV,England,East of England,PE150TY,,537950.0,292470.0,2007,WON-000304
Temporis Capital,Greendykeside,Wind,Onshore,No,Wind,, 4.0 ,LV,Scotland,Scotland,ML67TT,,281134.0,670403.0,2007,WON-000316
Temporis Capital,Craig,Wind,Onshore,No,Wind,, 10.0 ,HV,Scotland,Scotland,DG130NZ,,331995.0,586055.0,2007,WON-000320
Temporis Capital,Lochhead,Wind,Onshore,No,Wind,, 6.0 ,LV,Scotland,Scotland,ML93PP,,275500.0,646500.0,2009,WON-000362
Temporis Capital,Achairn,Wind,Onshore,No,Wind,, 6.0 ,LV,Scotland,Scotland,KW15SG,,329950.0,950650.0,2009,WON-000364
Temporis Capital,Muirhall,Wind,Onshore,No,Wind,, 12.3 ,LV,Scotland,Scotland,EH558LN,,300605.0,653760.0,2010,WON-000398
Temporis Capital,White Mill,Wind,Onshore,No,Wind,, 14.4 ,LV,England,East of England,PE140LX,,545100.0,301570.0,2012,WON-000469
Temporis Capital,Biggleswade,Wind,Onshore,No,Wind,, 20.0 ,LV,England,East of England,SG189TA,,521653.0,240193.0,2013,WON-000558
Temporis Capital,Weston,Wind,Onshore,No,Wind,, 4.0 ,LV,England,East of England,PE378JX,,609009.0,315326.0,2014,WON-000648
Temporis Capital,Pickenham,Wind,Onshore,No,Wind,, 4.0 ,LV,England,East of England,PE378JX,,585114.0,306597.0,2014,WON-000649
Temporis Capital,Eye,Wind,Onshore,No,Wind,, 6.8 ,LV,England,East of England,SG189TA,,613137.0,274854.0,2014,WON-000650
Temporis Capital,Halesworth,Wind,Onshore,No,Wind,, 10.0 ,LV,England,East of England,IP198NH,,640461.0,278558.0,2015,WON-000760
Temporis Capital,Craig 2,Wind,Onshore,No,Wind,, 4.7 ,HV,Scotland,Scotland,DG130NZ,,333264.0,587956.0,2017,WON-001160
Temporis Capital,Dunsland Cross,Wind,Onshore,No,Wind,, 6.2 ,LV,England,South West,EX227AW,,242041.0,107244.0,2017,WON-001170
Temporis Capital,Newark,Wind,Onshore,No,Wind,, 6.0 ,LV,England,East Midlands,NG243SD,,479589.0,350765.0,2017,WON-001173
Temporis Capital,Blackcraig,Wind,Onshore,No,Wind,, 52.9 ,HV,Scotland,Scotland,DG73DZ,,270500.0,582500.0,2018,WON-001265
Temporis Capital,Tullymurdoch,Wind,Onshore,No,Wind,, 14.4 ,LV,Scotland,Scotland,PH118LH,,319575.0,752228.0,2018,WON-001267
The Banks Group,Hazlehead Wind Farm,Wind,Onshore,No,Wind,, 6.2 ,LV,England,Yorkshire and the Humber,HD92TR,,417915.0,403915.0,2011,WON-000421
The Banks Group,Marr Wind Farm,Wind,Onshore,No,Wind,, 8.2 ,LV,England,Yorkshire and the Humber,DN57AZ,,451425.0,405250.0,2012,WON-000461
The Banks Group,Armistead Wind Farm,Wind,Onshore,No,Wind,, 12.3 ,LV,England,North West,LA80HT,,358500.0,486900.0,2013,WON-000510
The Banks Group,Penny Hill Wind Farm,Wind,Onshore,No,Wind,, 20.4 ,LV,England,Yorkshire and the Humber,S669BH,,446825.0,387627.0,2013,WON-000518
The Banks Group,Heysham South Wind Farm,Wind,Onshore,No,Wind,, 7.5 ,LV,England,North West,LA33ES,,343719.0,461193.0,2015,WON-000755
The Banks Group,Hook Moor Wind Farm,Wind,Onshore,No,Wind,, 10.0 ,LV,England,Yorkshire and the Humber,LS253EB,SE4490036085,444900.0,436085.0,2016,WON-000944
The Banks Group,Lambs Hill Wind Farm,Wind,Onshore,No,Wind,, 8.0 ,LV,England,North East,TS211LX,NZ4368216981,443682.0,516981.0,2017,WON-001147
The Banks Group,Moor House Wind Farm,Wind,Onshore,No,Wind,, 12.0 ,LV,England,North East,DL21SN,,432599.0,520053.0,2018,WON-001263
The Banks Group,Middle Muir Wind Farm,Wind,Onshore,No,Wind,, 51.0 ,HV,Scotland,Scotland,ML126SZ,,288964.0,625283.0,2018,WON-001272
The Banks Group,Kype Muir Wind Farm,Wind,Onshore,No,Wind,, 88.4 ,HV,Scotland,Scotland,ML106RE,,268129.0,640258.0,2019,WON-001281
The Banks Group,Pates Hill,Wind,Onshore,No,Wind,, 14.0 ,LV,Scotland,Scotland,,NS9913059300,299130.0,659300.0,2010,WON-001535
The Banks Group,Milton Keynes,Wind,Onshore,No,Wind,, 14.0 ,LV,England,East Midlands,,SP9000049090,490000.0,249090.0,2010,WON-001536
UK Transition Limited,West Burton CCGT,Fossil Fuel,CCGT,No,Natural Gas,," 1,332.0 ",HV,England,East Midlands,DN229BL,SK800861,479368.0,384538.0,2013,GAS-000502
Uniper UK,Killingholme,Fossil Fuel,Single cycle,No,Natural Gas,, 600.0 ,HV,England,Yorkshire and the Humber,DN403LU,,516717.0,419816.0,1992,GAS-000136
Uniper UK,Connahs Quay,Fossil Fuel,CCGT,No,Sour Gas,," 1,380.0 ",HV,Wales,Wales,CH54BP,,328878.0,368331.0,1996,GAS-000162
Uniper UK,Cottam Development Centre,Fossil Fuel,CCGT,No,Natural Gas,, 445.0 ,HV,England,East Midlands,DN220TF,,470307.0,378332.0,1999,GAS-000179
Uniper UK,Enfield,Fossil Fuel,CCGT,No,Natural Gas,, 408.0 ,HV,England,London,EN37PL,,532446.0,190691.0,1999,GAS-000186
Uniper UK,Grain,Fossil Fuel,CCGT,Yes,Natural Gas,," 1,517.0 ",HV,England,South East,ME30AR,,588672.0,172826.0,2011,GAS-000404
Uniper UK,Ratcliffe (OCGT),Fossil Fuel,Single cycle,No,Diesel/Gas Oil,, 34.0 ,HV,England,East Midlands,NG110EE,,449969.0,327738.0,1967,OIL-000104
Uniper UK,Taylors Lane,Fossil Fuel,Single cycle,No,Diesel/Gas Oil,, 144.0 ,HV,England,London,NW108JP,,524680.0,195111.0,1979,OIL-000119
Uniper UK,Grain (OCGT),Fossil Fuel,Single cycle,No,Diesel/Gas Oil,, 50.0 ,HV,England,South East,ME30AR,,0.0,0.0,2011,OIL-000452
Vattenfall,Kentish Flats,Wind,Offshore,No,Wind,, 90.0 ,LV,England,South East,,TR1501578055,615015.0,178055.0,2005,WOF-000268
Vattenfall,Thanet ,Wind,Offshore,No,Wind,, 300.0 ,HV,England,South East,,TR5265876367,652658.0,176367.0,2010,WOF-000380
Vattenfall,Ormonde,Wind,Offshore,No,Wind,, 150.0 ,HV,England,North West,,SD0600066842,306000.0,466842.0,2011,WOF-000405
Vattenfall,Kentish Flats Extension,Wind,Offshore,No,Wind,, 49.5 ,LV,England,South East,,TR1537775526,615377.0,175526.0,2015,WOF-000745
Vattenfall,Aberdeen,Wind,Offshore,No,Wind,, 96.8 ,HV,Scotland,Scotland,,NJ9574814283,395748.0,814283.0,2018,WOF-001260
Vattenfall,Edinbane,Wind,Onshore,No,Wind,, 41.4 ,HV,Scotland,Scotland,,NG3435350769,134353.0,850769.0,2009,WON-000367
Vattenfall,Swinford,Wind,Onshore,No,Wind,, 22.0 ,LV,England,East Midlands,,SP5680479647,456804.0,279647.0,2012,WON-000475
Vattenfall,Clashindarroch,Wind,Onshore,No,Wind,, 36.9 ,HV,Scotland,Scotland,,NJ4821439951,348214.0,839951.0,2015,WON-000749
Vattenfall,Pen Y Cymoedd,Wind,Onshore,No,Wind,, 228.0 ,HV,Wales,Wales,,SS9287999365,292879.0,199365.0,2016,WON-000973
Vattenfall,Ray,Wind,Onshore,No,Wind,, 54.4 ,LV,England,North East,,NY9555087550,395550.0,587550.0,2017,WON-001155
Venitent Energy Services,Kirkby Moor,Wind,Onshore,No,Wind,, 4.8 ,LV,England,North West,LA177UN,,326111.0,485242.0,1993,WON-000139
Venitent Energy Services,Taff Ely,Wind,Onshore,No,Wind,, 9.0 ,LV,Wales,Wales,CF398DJ,,297000.0,186000.0,1993,WON-000141
Venitent Energy Services,Bryn Titli,Wind,Onshore,No,Wind,, 9.9 ,LV,Wales,Wales,SY186RX,,293500.0,275500.0,1994,WON-000147
Venitent Energy Services,Trysglwyn,Wind,Onshore,No,Wind,, 5.6 ,LV,Wales,Wales,LL689RF,,244000.0,389000.0,1996,WON-000165
Venitent Energy Services,Rheidol,Wind,Onshore,No,Wind,, 2.4 ,LV,Wales,Wales,SY233N,,272400.0,280500.0,1997,WON-000172
Venitent Energy Services,Llyn Alaw,Wind,Onshore,No,Wind,, 20.4 ,LV,Wales,Wales,LL680TB,,236000.0,387000.0,1997,WON-000173
Venitent Energy Services,Novar,Wind,Onshore,No,Wind,, 17.0 ,LV,Scotland,Scotland,IV170XJ,,255500.0,871000.0,1997,WON-000174
Venitent Energy Services,Mynydd Gorddu,Wind,Onshore,No,Wind,, 10.2 ,LV,Wales,Wales,SY245DP,,266200.0,287200.0,1998,WON-000181
Venitent Energy Services,Beinn Ghlas,Wind,Onshore,No,Wind,, 8.4 ,LV,Scotland,Scotland,PA351HY,,196500.0,726000.0,1999,WON-000190
Venitent Energy Services,Lambrigg,Wind,Onshore,No,Wind,, 6.5 ,LV,England,North West,LA80AP,,358800.0,493600.0,2000,WON-000206
Venitent Energy Services,Bears Down,Wind,Onshore,No,Wind,, 9.6 ,LV,England,South West,TR84RJ,,190360.0,67560.0,2001,WON-000215
Venitent Energy Services,Tow Law,Wind,Onshore,No,Wind,, 2.3 ,LV,England,North East,DL134DE,,411500.0,541000.0,2001,WON-000217
Venitent Energy Services,Ardrossan,Wind,Onshore,No,Wind,, 30.0 ,LV,Scotland,Scotland,KA227NU,,223500.0,642500.0,2004,WON-000253
Venitent Energy Services,Causeymire,Wind,Onshore,No,Wind,, 48.3 ,HV,Scotland,Scotland,KW15XR,,312000.0,950000.0,2005,WON-000269
Venitent Energy Services,Mynydd Clogau,Wind,Onshore,No,Wind,, 14.5 ,LV,Wales,Wales,SY163DQ,,303300.0,298800.0,2006,WON-000287
Venitent Energy Services,Farr,Wind,Onshore,No,Wind,, 92.0 ,HV,Scotland,Scotland,IV137ZA,,273500.0,829000.0,2006,WON-000288
Venitent Energy Services,Ffynnon Oer,Wind,Onshore,No,Wind,, 32.0 ,LV,Wales,Wales,SA133LG,,285500.0,205500.0,2006,WON-000290
Venitent Energy Services,Minsca,Wind,Onshore,No,Wind,, 36.8 ,HV,Scotland,Scotland,DG112QE,,313821.0,581690.0,2008,WON-000341
Venitent Energy Services,Dalswinton,Wind,Onshore,No,Wind,, 30.0 ,HV,Scotland,Scotland,DG20YB,,295000.0,589000.0,2008,WON-000343
Venitent Energy Services,Lissett Airfield,Wind,Onshore,No,Wind,, 30.0 ,LV,England,Yorkshire and the Humber,YO258PZ,,512263.0,458139.0,2009,WON-000371
Venitent Energy Services,Hill of Fiddes,Wind,Onshore,No,Wind,, 6.9 ,LV,Scotland,Scotland,AB416QR,,393495.0,824485.0,2010,WON-000385
Venitent Energy Services,Low Spinney,Wind,Onshore,No,Wind,, 8.2 ,LV,England,East Midlands,LE175NB,,455816.0,289705.0,2011,WON-000416
Venitent Energy Services,Glenkerie,Wind,Onshore,No,Wind,, 22.0 ,LV,Scotland,Scotland,ML126QL,,310453.0,628117.0,2012,WON-000460
Venitent Energy Services,Seamer,Wind,Onshore,No,Wind,, 10.3 ,LV,England,North East,TS159JH,,448125.0,511235.0,2012,WON-000474
Venitent Energy Services,Blackstone Edge,Wind,Onshore,No,Wind,, 7.5 ,LV,England,Yorkshire and the Humber,S369PA,,419565.0,405226.0,2013,WON-000509
Venitent Energy Services,Gordonstown Hill,Wind,Onshore,No,Wind,, 12.5 ,LV,Scotland,Scotland,AB538LH,,371136.0,841396.0,2013,WON-000528
Venitent Energy Services,Westfield,Wind,Onshore,No,Wind,, 10.0 ,LV,Scotland,Scotland,KY50HJ,,319640.0,695487.0,2013,WON-000537
Venitent Energy Services,Wingates,Wind,Onshore,No,Wind,, 15.0 ,LV,England,North East,NE658RW,,413034.0,597920.0,2013,WON-000538
Venitent Energy Services,Tedder Hill,Wind,Onshore,No,Wind,, 7.5 ,LV,England,Yorkshire and the Humber,HU192BY,,530221.0,430242.0,2013,WON-000554
Venitent Energy Services,A'Chruach,Wind,Onshore,No,Wind,, 42.6 ,HV,Scotland,Scotland,PA318BA,,197742.0,696597.0,2016,WON-000950
Venitent Energy Services,North Steads,Wind,Onshore,No,Wind,, 18.5 ,LV,England,North East,NE615BB,,425478.0,597629.0,2016,WON-000963
Venitent Energy Services,Sisters,Wind,Onshore,No,Wind,, 8.2 ,LV,England,North East,NE615ED,,425476.0,595602.0,2016,WON-000964
Venitent Energy Services,Galawhistle,Wind,Onshore,No,Wind,, 66.0 ,HV,Scotland,Scotland,ML110SJ,,275443.0,629080.0,2017,WON-001148
Veolia,SELCHP,Bioenergy,Bioenergy,Yes,MSW,, 35.0 ,LV,England,London,SE14 5RS,TQ358779,535605.0,178129.0,1994,BIO-000145
Viridor Waste Management,Runcorn Energy from Waste,Bioenergy,Bioenergy,No,MSW,, 91.0 ,LV,England,North West,WA7 4HG,SJ498816,349985.0,381240.0,2014,BIO-000633
Vitol,Rye House,Fossil Fuel,CCGT,No,Natural Gas,, 715.0 ,HV,England,East of England,EN110RF,,538365.0,209811.0,1993,GAS-000138
Vitol,Damhead Creek,Fossil Fuel,CCGT,No,Natural Gas,, 805.0 ,HV,England,South East,ME39TX,,581973.0,173211.0,2000,GAS-000195
Vitol,Shoreham,Fossil Fuel,CCGT,No,Natural Gas,, 420.0 ,LV,England,South East,BN411WF,,521488.0,105110.0,2000,GAS-000196
Vitol,Blackburn,Fossil Fuel,CCGT,No,Natural Gas,, 60.0 ,LV,England,North West,BB25HX,,364659.0,424755.0,2002,GAS-000221
Vitol,VPI,Fossil Fuel,CCGT,Yes,Natural Gas,," 1,252.0 ",HV,England,Yorkshire and the Humber,DN403DZ,,518189.0,412390.0,2004,GAS-000249
Wise Energy Limited,Wyld Meadow Farm Solar Park,Solar,PV,No,Solar,, 4.8 ,LV,England,South West,EX13 5UL,SY3414498155,334144.0,98155.0,2012,SOL-000488
Wise Energy Limited,Chilton Cantelo Solar park,Solar,PV,No,Solar,, 5.0 ,LV,England,South West,BA22 8BQ,ST5779721851,357797.0,121851.0,2012,SOL-000494
Wise Energy Limited,Crossways Solar Park,Solar,PV,No,Solar,, 5.0 ,LV,England,South West,DT2 8BG,SY7747688548,377476.0,88548.0,2012,SOL-000500
Wise Energy Limited,Knockworthy Farm Solar Park,Solar,PV,No,Solar,, 4.6 ,LV,England,South West,EX38 7HJ,SS5112122799,251121.0,122799.0,2013,SOL-000617
Wise Energy Limited,Raglington Farm Solar Park,Solar,PV,No,Solar,, 5.7 ,LV,England,South East,SO32 2HN,SU5406213445,454062.0,113445.0,2013,SOL-000619
Wise Energy Limited,Blenches Mill Solar Park,Solar,PV,No,Solar,, 6.1 ,LV,England,South West,BA13 4LR,ST8684852850,386848.0,152850.0,2014,SOL-000695
Wise Energy Limited,Hook Valley Solar Park,Solar,PV,No,Solar,, 15.3 ,LV,England,South West,BA9 8AD,TM1085951069,610859.0,251069.0,2014,SOL-000698
Wise Energy Limited,Whitley (Ashcott Farm) Solar Park,Solar,PV,No,Solar,, 7.6 ,LV,England,South West,TA7 9QW,ST4444937081,344449.0,137081.0,2014,SOL-000707
Wise Energy Limited,Burcroft Solar Parks,Solar,PV,No,Solar,, 12.7 ,LV,England,South West,EX5 3DA,SY0044297423,300442.0,97423.0,2014,SOL-000708
WPO UK Services,Grange,Solar,PV,No,Solar,, 14.0 ,LV,England,East Midlands,,TF3932618855,545055.0,318754.0,2015,SOL-000596
WPO UK Services,Newnham,Solar,PV,No,Solar,, 11.6 ,LV,England,South West,,SX5607658771,255124.0,57810.0,2015,SOL-000837
WPO UK Services,Combermere,Solar,PV,No,Solar,, 14.0 ,LV,England,North West,,SJ6013144306,360131.0,344306.0,2015,SOL-000862
WPO UK Services,Bake Farm,Solar,PV,No,Solar,, 5.0 ,LV,England,South West,,SX3264958430,233036.0,58842.0,2016,SOL-000917
WPO UK Services,Robert's Wall,Solar,PV,No,Solar,, 2.6 ,LV,Wales,Wales,,SN1018600504,404789.0,250939.0,2015,SOL-000922
WPO UK Services,Clapham,Solar,PV,No,Solar,, 5.0 ,LV,England,East of England,,TL0373654248,503736.0,254248.0,2015,SOL-000927
WPO UK Services,Somersall,Solar,PV,No,Solar,, 2.6 ,LV,England,East Midlands,DE6 5PD,SK136351,413267.0,334166.0,2015,SOL-000934
WPO UK Services,Box Road,Solar,PV,No,Solar,, 1.9 ,LV,England,South West,,SO7482102435,374821.0,202435.0,2016,SOL-001022
WPO UK Services,Lains Farm,Solar,PV,No,Solar,, 4.5 ,LV,England,South East,,SU2723244467,427232.0,144467.0,2016,SOL-001023
WPO UK Services,Caldecote,Solar,PV,No,Solar,, 5.0 ,LV,England,East of England,,TL2072157273,522603.0,258420.0,2016,SOL-001035
WPO UK Services,Kirton,Solar,PV,No,Solar,, 3.5 ,LV,England,East Midlands,,TF2760238140,528560.0,338839.0,2016,SOL-001044
WPO UK Services,Rosedew,Solar,PV,No,Solar,, 5.0 ,LV,Wales,Wales,,SS9687767695,296877.0,167695.0,2016,SOL-001090
WPO UK Services,Asfordby B,Solar,PV,No,Solar,, 5.0 ,LV,England,East Midlands,,SK7184120877,472617.0,320618.0,2016,SOL-001092
WPO UK Services,Ashby,Solar,PV,No,Solar,, 4.8 ,LV,England,East Midlands,,SK3432917585,434525.0,317774.0,2016,SOL-001093
WPO UK Services,Kelly Green,Solar,PV,No,Solar,, 5.0 ,LV,England,South West,,SX0472074881,204720.0,74881.0,2016,SOL-001095
WPO UK Services,Asfordby A,Solar,PV,No,Solar,, 4.9 ,LV,England,East Midlands,,SK7184120877,474511.0,320079.0,2016,SOL-001099
WPO UK Services,Far Danes,Solar,PV,No,Solar,, 11.7 ,LV,England,East Midlands,,SK8642581821,486859.0,381401.0,2016,SOL-001106
WPO UK Services,Crumlin,Solar,PV,No,Solar,, 4.6 ,LV,Wales,Wales,,ST2040997637,320409.0,197637.0,2016,SOL-001115
WPO UK Services,Caergarw,Solar,PV,No,Solar,, 4.9 ,LV,Wales,Wales,,SS8221983728,282219.0,183728.0,2017,SOL-001212
WPO UK Services,Moor Farm,Solar,PV,No,Solar,, 3.7 ,LV,England,West Midlands,,SJ4168023332,342378.0,322180.0,2017,SOL-001214
WPO UK Services,Magazine,Solar,PV,No,Solar,, 3.4 ,LV,England,West Midlands,,SP2837497084,428174.0,296951.0,2017,SOL-001215
WPO UK Services,Nailstone,Solar,PV,No,Solar,, 5.0 ,LV,England,East Midlands,,SK4277507520,442775.0,307520.0,2017,SOL-001242
WPO UK Services,Haverigg III,Wind,Onshore,No,Wind,, 3.4 ,HV,England,North West,,SD1393279392,313300.0,479100.0,2005,WON-000270
WPO UK Services,Dummuies,Wind,Onshore,No,Wind,, 12.3 ,LV,Scotland,Scotland,,NJ5635836050,358600.0,840300.0,2007,WON-000307
WPO UK Services,FMC Dunfermline,Wind,Onshore,No,Wind,, 1.5 ,HV,Scotland,Scotland,,NT1017885549,310010.0,685787.0,2011,WON-000458
WPO UK Services,Lairg,Wind,Onshore,No,Wind,, 7.5 ,LV,Scotland,Scotland,,NC6098003860,261293.0,903916.0,2012,WON-000466
WPO UK Services,Eye,Wind,Onshore,No,Wind,, 5.0 ,HV,England,East of England,,TM1308575398,613107.0,275558.0,2013,WON-000517
WPO UK Services,AOE,Wind,Onshore,No,Wind,, 11.5 ,HV,Scotland,Scotland,,NS5802548945,257717.0,648148.0,2014,WON-000652
WPO UK Services,Greenvale March ,Wind,Onshore,No,Wind,, 1.5 ,HV,England,East of England,,TL3551493287,535656.0,293166.0,2015,WON-000654
WPO UK Services,Altaveedan,Wind,Onshore,No,Wind,, 18.0 ,HV,Northern Ireland,Northern Ireland,,NW2793786653,126801.0,584314.0,2017,WON-000982
WPO UK Services,Airies,Wind,Onshore,No,Wind,, 39.9 ,HV,Scotland,Scotland,,NX2662767127,226000.0,568000.0,2017,WON-001165
WPO UK Services,Burton Wold,Wind,Onshore,No,Wind,, 6.0 ,LV,England,East Midlands,NN15 5PJ,SP9250074500,492500.0,274500.0,2006,WON-001402
WPO UK Services,Slieve Rushen,Wind,Onshore,No,Wind,, 54.0 ,LV,Northern Ireland,Northern Ireland,,SA3301991811,33019.0,491811.0,2008,WON-001532
WPO UK Services,Garves,Wind,Onshore,No,Wind,, 15.0 ,LV,Northern Ireland,Northern Ireland,,NW0820077000,108200.0,577000.0,2009,WON-001533
WPO UK Services,Winscales Moor,Wind,Onshore,No,Wind,, 6.0 ,LV,England,North West,,NY0350028500,303500.0,528500.0,2009,WON-001534
WPO UK Services,Quixwood Moor,Wind,Onshore,No,Wind,, 26.7 ,LV,Scotland,Scotland,,NT7802863859,378028.0,663859.0,2017,WON-001537
WPO UK Services,Twin Rivers,Wind,Onshore,No,Wind,, 28.7 ,LV,England,East Midlands,,SE8085218475,480852.0,418475.0,2016,WON-001538
WPO UK Services,Ora More,Wind,Onshore,No,Wind,, 15.0 ,LV,Northern Ireland,Northern Ireland,,NV1697209701,16972.0,509701.0,2017,WON-001539
XceCo,Inner Dowsing Wind Farm,Wind,Offshore,No,Wind,, 97.2 ,LV,England,East Midlands,PE24 4UD,TF536655,563561.0,368447.0,2008,WOF-000329
XceCo,Lynn Wind Farm,Wind,Offshore,No,Wind,, 97.2 ,LV,England,East Midlands,,TF536655,564095.0,362638.0,2008,WOF-000330
