E,g,gamma,m,scenario,policy,model
14.84416679161451,0.865754424555374,218.8054562690271,0.3044413883585477,0,None,CBAM
390.11719240336345,0.595838623815932,6.198193990695452,0.694769737879714,1,None,CBAM
217.8626539751187,0.5632024518360796,128.8943213725991,0.37304934947631185,2,None,CBAM
216.50833948947127,0.9531258130827946,204.87684391631208,0.15865842984639866,3,None,CBAM
383.5752935691665,0.9889396767215041,245.6542213368818,0.2891784218109618,4,None,CBAM
71.92855830541114,0.3979742078427021,46.20175602206355,0.5390816795017719,5,None,CBAM
108.88620631861887,0.8817059819840538,293.20113933255584,0.7002768778766981,6,None,CBAM
11.642466201074603,0.08277478102971242,236.86463292818604,0.8569058042197926,7,None,CBAM
52.77855377020991,0.8613040920322717,30.09164598978657,0.2063697951031578,8,None,CBAM
277.3828700746213,0.5751986603232759,34.655665369546064,0.44338343197451996,9,None,CBAM
47.30255723878222,0.9283441437944135,153.718461290049,0.12531178063139473,10,None,CBAM
246.32722483482948,0.9437638250629414,347.88174373403467,0.8368234549264466,11,None,CBAM
361.49960595899825,0.3434772792084645,5.965779569554793,0.8359564258494545,12,None,CBAM
179.91486935874332,0.4665540096681209,273.15640400330307,0.7870357445721513,13,None,CBAM
305.52276067718213,0.1156205971612764,399.4992613890672,0.24997978280485006,14,None,CBAM
205.3012377824166,0.8348942857642716,136.5940235220503,0.13772677071816813,15,None,CBAM
295.2173494429637,0.414557780010065,267.8573952902485,0.8581278389961212,16,None,CBAM
42.71745896003794,0.3362689930905603,353.2185226137322,0.5607972259913275,17,None,CBAM
102.68941545657042,0.5429597696855372,334.79462064925286,0.9867443313210216,18,None,CBAM
197.21506949039923,0.4776134272687181,312.5651410888168,0.8254288417776876,19,None,CBAM
122.41438554504758,0.7145430287897573,126.01466316755811,0.09468849528321978,20,None,CBAM
233.5635270827093,0.8732849065481493,395.2690222320341,0.8373880428444135,21,None,CBAM
302.0194443127957,0.09173144748634589,189.3466150394769,0.2908076012939092,22,None,CBAM
85.16419018785771,0.9870087429257122,15.71859363399726,0.0740674665350685,23,None,CBAM
218.98611208059862,0.4942131717419529,317.37993192018183,0.006004755088422226,24,None,CBAM
69.56064882391712,0.7801707957875412,281.83676668459367,0.6673263311855336,25,None,CBAM
189.67328872653854,0.9007127271381222,62.34256028595587,0.008411330863096941,26,None,CBAM
201.69628826045005,0.11634857694292557,289.77255608011205,0.10417754968320549,27,None,CBAM
338.93581041024527,0.9585907728658721,71.58843599104178,0.7834260648858404,28,None,CBAM
2.5843466085818307,0.016409124143254877,125.78105090095926,0.7973822745058693,29,None,CBAM
219.0723510842764,0.021192048660569153,216.93938644728297,0.9991761936107553,30,None,CBAM
29.433750238078858,0.12787839172311555,74.11542504732654,0.98034476143065,31,None,CBAM
60.297440968888004,0.07037635982459048,14.506512518243127,0.595647964318975,32,None,CBAM
41.17845614757903,0.524517133067552,192.44262554125325,0.7383025553545166,33,None,CBAM
284.33823163428775,0.565438610997911,184.80707279677105,0.5452431708434305,34,None,CBAM
341.9999615750091,0.8142642473151523,68.29599132921811,0.5138540231526808,35,None,CBAM
252.95722434473657,0.6191507856268872,317.41278273230546,0.8202862462226049,36,None,CBAM
44.57555387171653,0.6772337387931009,224.02009253961205,0.4947633107765474,37,None,CBAM
89.91375123121281,0.5416989266242013,63.00686285074132,0.6818293521949822,38,None,CBAM
169.39101379026255,0.47600465296195943,49.879325678986966,0.8786273706666985,39,None,CBAM
186.06431037809386,0.2310823932868129,268.30045845755234,0.6423906438377346,40,None,CBAM
158.59043226419908,0.38394719943571043,299.18565414621077,0.3401679034127399,41,None,CBAM
205.48253464861673,0.691842828897757,245.97655141878536,0.30323608921789313,42,None,CBAM
359.7996288118476,0.2124959663075194,89.01355591848248,0.11633963196733225,43,None,CBAM
284.836324008315,0.2612700200435706,155.06670052457162,0.14099219906490512,44,None,CBAM
353.1146378212799,0.058979060830960967,213.50965172230536,0.9778234812632552,45,None,CBAM
264.2005478578039,0.10210358768082999,271.26215887404004,0.6340170241754068,46,None,CBAM
247.79034282688443,0.6766387477392363,1.4114316086756054,0.16927706432607886,47,None,CBAM
330.53139892970484,0.433907952026683,76.99618441686611,0.6836958842490661,48,None,CBAM
355.1148444135487,0.6951356329428219,66.42212442087781,0.12737641149832274,49,None,CBAM
35.10744653845931,0.40705645391241296,347.1369410033448,0.43783156864761513,50,None,CBAM
130.8384294575901,0.1407726738411239,317.903275035421,0.24441963600804872,51,None,CBAM
318.38201044511976,0.710806911491969,294.02039989968983,0.31950653191745604,52,None,CBAM
152.16685056830275,0.7750071808341878,277.5282330448807,0.7056665720085176,53,None,CBAM
386.0656838041595,0.4781947138684748,170.19781694878063,0.5322170108700164,54,None,CBAM
289.77722245700147,0.5033006093525244,387.13286163296016,0.349518570090393,55,None,CBAM
318.6876072901401,0.0009973067120289162,166.384249657925,0.3767240969404153,56,None,CBAM
174.9900811736663,0.07458019455412322,361.45781249552675,0.7787653055092076,57,None,CBAM
23.5410761802901,0.011062691304115985,220.19721929234439,0.7321680572566028,58,None,CBAM
32.206268435782256,0.6440106058537776,332.30468552745475,0.44480427485891616,59,None,CBAM
187.62338729422817,0.9694041523645944,18.232867926497544,0.36072491939674206,60,None,CBAM
226.26701928708576,0.3945232220562158,219.08010539614966,0.5300027862145216,61,None,CBAM
67.27053350684785,0.8675896648750338,354.5693599876506,0.36256541922966734,62,None,CBAM
16.232982286378377,0.31156722429013456,187.66632485882027,0.10831683228879779,63,None,CBAM
31.641733426294195,0.9788397717038168,321.07582863067125,0.4880737752868477,64,None,CBAM
303.2790159972256,0.2623715826973845,58.649350936017385,0.08117327498415261,65,None,CBAM
206.55064930820672,0.14615127630893135,177.41460813662607,0.1421167431182596,66,None,CBAM
141.30120582069,0.26709696936466226,93.06670439420101,0.19959960512183067,67,None,CBAM
284.1443765854165,0.8964408394158532,95.53996545347275,0.8003229670701195,68,None,CBAM
371.7897301679292,0.7937201334736682,318.1934715863671,0.5120553609031591,69,None,CBAM
275.81008422117776,0.12131526556027292,105.28752975139383,0.9585610855301856,70,None,CBAM
338.31305159058127,0.2998716490002721,359.83799122393833,0.11298945562485331,71,None,CBAM
260.56422279412544,0.6971098678693403,136.12719382202093,0.7418117718886451,72,None,CBAM
91.17358488407451,0.021660698998644364,378.1312025131295,0.161299069647893,73,None,CBAM
34.33901624272123,0.5848990912713962,155.38361132067743,0.6715609631807993,74,None,CBAM
265.5920390101261,0.7022428633733582,295.5272876011232,0.43304151716698475,75,None,CBAM
107.26118657362953,0.99195117073311,324.70168853430835,0.6961132688696494,76,None,CBAM
25.327330791040293,0.26745091716366315,151.28769623811058,0.3403080175055564,77,None,CBAM
337.51598701357585,0.6933649528724136,112.00599009889476,0.2309823943435748,78,None,CBAM
390.4241545962575,0.827877598791487,323.2674392905323,0.6206092809080114,79,None,CBAM
271.8999708248864,0.8412591760893904,329.5580173923055,0.4156072291789961,80,None,CBAM
27.760794006475937,0.9032587925690476,336.9723569569017,0.9074931657357537,81,None,CBAM
297.29490029607575,0.04904083863626241,48.154887927731075,0.6440323682706384,82,None,CBAM
266.47450864990947,0.07021392589898079,36.69214047094527,0.8647052830452938,83,None,CBAM
333.8703638717532,0.7807190906245458,221.47926607721203,0.7789212091771976,84,None,CBAM
317.651301285635,0.07690400543704157,314.6985620159231,0.011525632615642477,85,None,CBAM
8.812465162159027,0.874098342910736,170.3299448649893,0.11215422560304279,86,None,CBAM
193.5530263085572,0.28934624286361166,343.0894746623843,0.4930850388592857,87,None,CBAM
150.2567891103989,0.4841147380744472,13.283531190015655,0.33897170774124435,88,None,CBAM
104.27489586757272,0.7787684096725269,330.99024245373676,0.169113071982983,89,None,CBAM
380.7022594540855,0.2202736376245183,42.378093619313255,0.5202468995393312,90,None,CBAM
280.15957570779983,0.3947783705800024,85.63044022663271,0.12761652847890342,91,None,CBAM
363.48727002569456,0.4972802618471468,167.28934109553438,0.9040298025750431,92,None,CBAM
40.941082896855654,0.5782714040480182,337.6881559564895,0.6612892054234721,93,None,CBAM
278.6467760186323,0.6113094070503683,254.94246371232938,0.04010465461414439,94,None,CBAM
157.63973231664826,0.014675609688015444,47.023075195512725,0.9664128953432979,95,None,CBAM
69.05007096802416,0.5979886855618892,97.17482431574858,0.9084380841074483,96,None,CBAM
310.74151949108347,0.6161614683401928,167.22697628855664,0.2271855526565534,97,None,CBAM
320.42928251154746,0.6644295511608769,32.75969896444283,0.5503589363713929,98,None,CBAM
277.1618963709307,0.6380360377235872,8.77570954623014,0.6347041564967308,99,None,CBAM
261.7026136737414,0.6956444361500982,126.7569496471298,0.14501173848386145,100,None,CBAM
324.5388622358687,0.18261554434068294,258.23420506059216,0.9565369959228469,101,None,CBAM
26.4093358661915,0.9147270172365212,354.9631817362836,0.8834463905570448,102,None,CBAM
110.33030901853064,0.8335175011987207,215.08076366196138,0.5829833831719039,103,None,CBAM
146.38583994216197,0.7848446726011465,149.93412344959182,0.6125878676800297,104,None,CBAM
32.630126952127355,0.6088128316747841,398.49135981351685,0.7847642560875657,105,None,CBAM
397.0469867524059,0.5696534981171856,82.59871418853483,0.5947566969645994,106,None,CBAM
123.01494257277842,0.11272574199911388,102.72930895947016,0.9695955157159422,107,None,CBAM
23.375489710532054,0.4135388480805781,115.99338553308431,0.039169719658062006,108,None,CBAM
221.308585537607,0.41559284512250666,119.33927639662024,0.7040913518374309,109,None,CBAM
48.13116613737591,0.35925274333518065,260.11877180090374,0.8704963097393585,110,None,CBAM
210.4740017569153,0.5704649356488877,228.73755477124797,0.39150649616564454,111,None,CBAM
54.794370476241674,0.26534375163161333,364.77544384995747,0.722806022933108,112,None,CBAM
72.3017096636621,0.5846926644715803,209.47582649212174,0.7676931548938705,113,None,CBAM
101.2120433012073,0.9428161045734447,47.6225770018713,0.03098013823623552,114,None,CBAM
372.35749431195745,0.8190455444010716,257.0437892291303,0.6772706827034728,115,None,CBAM
305.03645074511235,0.32863881815471896,47.99763626210123,0.6479735674349787,116,None,CBAM
52.417117412605066,0.03195336268980788,177.06163762958693,0.30358746000307224,117,None,CBAM
195.70766006208237,0.055180482119202845,107.25271570687411,0.8089863570977552,118,None,CBAM
372.4056477677565,0.14254971782817083,240.5158744354512,0.42168065062735716,119,None,CBAM
122.7356130268841,0.02011887637420567,102.89064407175816,0.9744332353222735,120,None,CBAM
50.1697200747908,0.45389360026251646,298.8410055572052,0.845706883874534,121,None,CBAM
161.38771399678163,0.09377052512126408,37.27269667568367,0.7668380045961041,122,None,CBAM
287.52235900032815,0.3686955198636594,133.73404513970297,0.8223352253016728,123,None,CBAM
381.61070130829427,0.3022828038489714,347.80606289033807,0.9749437631928545,124,None,CBAM
118.46764976686495,0.5797078698255638,290.558668809933,0.5145087462479423,125,None,CBAM
260.91266037052543,0.659442854063351,322.9248161994965,0.44462179125663936,126,None,CBAM
112.72905088302967,0.6444256011447096,329.4801087740119,0.6814508240948549,127,None,CBAM
2.198244972437728,0.41842680711910063,97.39193610605197,0.798108413395446,128,None,CBAM
358.96323230531533,0.9205689178673072,272.8954947515111,0.38526627894020543,129,None,CBAM
366.9437500262204,0.10117273947771827,20.318927950012213,0.022996604811690503,130,None,CBAM
69.28967631152386,0.23447332800256618,151.97952943587586,0.0020496766937237072,131,None,CBAM
393.1379045385306,0.514111705427083,210.81494038035515,0.6257656438574642,132,None,CBAM
337.0813131991404,0.2009157995327958,397.9212166395716,0.6403232135754942,133,None,CBAM
49.88844840703586,0.6645772466584682,54.34123009760348,0.5394600960044583,134,None,CBAM
107.76457642391391,0.43630237251445897,374.6257915285871,0.04923297857006386,135,None,CBAM
287.8432522100409,0.8972679327424056,310.87309055850295,0.16930785178114593,136,None,CBAM
1.3884171287738747,0.7699390560625005,229.37952198362845,0.691273727902114,137,None,CBAM
190.29400216833247,0.1263276496123994,319.23286310429035,0.3528608473770941,138,None,CBAM
185.28086056214318,0.8308895068994706,221.90105152401011,0.8496318186828353,139,None,CBAM
175.29869101609407,0.313189553148771,257.58123629372767,0.7733107082528223,140,None,CBAM
358.4529857322008,0.8103141051188384,25.1048130203327,0.7614781907263873,141,None,CBAM
205.66336471566348,0.7214674722956798,135.8643723917533,0.4646424159744208,142,None,CBAM
26.686486626434895,0.6833525220689691,193.0563929736099,0.815286183124324,143,None,CBAM
144.09529400410204,0.3083523657649427,57.34062372601257,0.6617200769675714,144,None,CBAM
126.04441888841632,0.3958406421702739,392.0094299044583,0.8970900311377698,145,None,CBAM
155.40119392200316,0.8671251905970525,94.31979244961293,0.9496265469291665,146,None,CBAM
24.798691382301747,0.12969408202484015,315.5430073798553,0.02033259671624291,147,None,CBAM
61.38089412490557,0.3709343326137614,369.2089115199192,0.5272712115134328,148,None,CBAM
148.6873978347362,0.5367827316880305,88.47101036728688,0.7152826123759031,149,None,CBAM
205.68709322792077,0.5851758277654077,277.73548383928136,0.13878714125356356,150,None,CBAM
358.67318118456234,0.3067083596633826,113.00188457527523,0.11820163711640432,151,None,CBAM
190.10594354490266,0.33658549283662437,127.24708280409027,0.6573022184491256,152,None,CBAM
399.80923539407905,0.9074899338724479,281.03693191900453,0.5061009382064697,153,None,CBAM
16.309605865343872,0.7093385074021094,25.728015099869612,0.22081610022067824,154,None,CBAM
128.1433374694698,0.5774392949807337,6.9589667114658225,0.09727131877377167,155,None,CBAM
325.94117249807204,0.41824132027144717,84.7437429749162,0.7580663892590606,156,None,CBAM
254.60649840348552,0.9598452480619305,253.8736457767905,0.08150561874332023,157,None,CBAM
258.25277889791874,0.022612313676613073,19.056317344687017,0.17300302791295474,158,None,CBAM
28.98875727971733,0.6252860483582009,304.9473798742993,0.37068077481890666,159,None,CBAM
286.6860399671207,0.9305943434920254,26.51256749147386,0.617236910296649,160,None,CBAM
332.6612422971539,0.746147013091489,303.16973376113884,0.37982014384833734,161,None,CBAM
153.07748221981387,0.5390395627950512,332.36225814137003,0.724308695500507,162,None,CBAM
378.3095645954764,0.5691249038295747,193.63677026045215,0.4365601189005812,163,None,CBAM
128.264957830159,0.08825103302824523,133.5571221819843,0.7508537655705096,164,None,CBAM
196.05744539031988,0.4745091556574179,381.6775160982125,0.784654702740001,165,None,CBAM
397.6400938223428,0.5817809848568896,12.715208938301725,0.2981248009639146,166,None,CBAM
265.2849462077405,0.980118044596831,204.38039705885106,0.16666783790555703,167,None,CBAM
291.1380341075007,0.2685521884020032,363.8856949419212,0.09746286554563155,168,None,CBAM
179.32908756361226,0.7882192940111419,110.05612442029297,0.2988902320139542,169,None,CBAM
10.531638044152754,0.2728629076700033,219.4847081652979,0.649614687665067,170,None,CBAM
77.44512969935798,0.6098672292557155,166.0901046261784,0.6275642758667106,171,None,CBAM
335.10188946891446,0.7470955570144665,399.18244642944455,0.8090257743435749,172,None,CBAM
388.56656297740346,0.6827095848718164,315.42659449705917,0.3596039899702537,173,None,CBAM
275.62225639762966,0.28102450821968206,279.68494714210505,0.25225458917868426,174,None,CBAM
378.7690083734404,0.7930152121049278,174.43639068723485,0.45236658297838744,175,None,CBAM
326.5791978227097,0.7339374156206632,124.42113364313838,0.45268563352201524,176,None,CBAM
156.10843699428312,0.015424070121842286,257.51937812669877,0.1726429423976474,177,None,CBAM
321.9424904654957,0.8450346589283896,101.09994005973817,0.91512178613419,178,None,CBAM
338.5485563040873,0.9647544314844775,395.92453537312707,0.6884797435842682,179,None,CBAM
338.43819833020194,0.6683827665717407,143.11285997119262,0.5297272505126759,180,None,CBAM
74.37807771450156,0.30991828256580395,84.33773030672641,0.4389680860014491,181,None,CBAM
303.74948233665356,0.8827885344303181,36.3505784757755,0.24187586827880514,182,None,CBAM
243.00138336490002,0.7114563729785193,204.90917135872908,0.4489644572190019,183,None,CBAM
291.1901854188554,0.3327927731011135,176.1797288054962,0.5060936467177112,184,None,CBAM
374.0555417520066,0.18547367073767046,367.5090935067753,0.14852681245972732,185,None,CBAM
93.3888140878648,0.7574123845552233,312.7165501166236,0.9404137621966289,186,None,CBAM
188.64735664795816,0.8863619922452578,206.83071106067464,0.6595765576168492,187,None,CBAM
24.345094499031244,0.7959305504475043,252.50438189881686,0.45457510006035196,188,None,CBAM
285.83271370403037,0.9716174653234868,293.6219312127011,0.48915021911045853,189,None,CBAM
332.263706223514,0.5762080390203118,5.388685196268157,0.6095138262351005,190,None,CBAM
303.225685352934,0.6767610184890918,78.48148544490512,0.1956373575271803,191,None,CBAM
150.6193182370201,0.2882924045851415,365.987160478367,0.4411076623016683,192,None,CBAM
50.95990854347433,0.3619690196891468,2.134792909963288,0.32788274022916575,193,None,CBAM
2.0735958302613446,0.03382695038552823,388.0609418287586,0.991742395581452,194,None,CBAM
36.78672478256691,0.15426274504820953,302.3959859879634,0.9850312860936732,195,None,CBAM
77.4340115814489,0.6893080786055832,335.1598320421894,0.24909294073085964,196,None,CBAM
46.9154420121819,0.7641024657145664,51.51408980188804,0.48840288379958996,197,None,CBAM
179.849284787085,0.409963810460509,37.31276981024511,0.6463676338790277,198,None,CBAM
200.38660595436357,0.8171110019080252,167.1956277218726,0.39631228411584296,199,None,CBAM
382.76098783006273,0.4747344984870583,26.279562506396765,0.7308362796727041,200,None,CBAM
238.42462159975622,0.4945926120165491,37.90903221281769,0.4972793291405725,201,None,CBAM
167.60409216368933,0.25143879860582163,204.6833846123096,0.3878779781562379,202,None,CBAM
127.49466002301276,0.48538691204673867,336.2405104854822,0.625333474238503,203,None,CBAM
80.36362549655202,0.43064038768741864,58.78077882713363,0.0139296428746737,204,None,CBAM
89.7988184299284,0.6478558801125293,39.71076332610796,0.2784265330321877,205,None,CBAM
107.44979369327481,0.2408775461892895,16.664568647683307,0.46295004618653873,206,None,CBAM
260.38189958765616,0.4195609994040344,398.6190234664005,0.577270150881652,207,None,CBAM
258.57975200338865,0.7289768544296866,263.6936317468834,0.1282302630231355,208,None,CBAM
189.09264606616156,0.39536795760950283,92.55978854741103,0.30620539574146544,209,None,CBAM
70.56521193453528,0.4002232193275251,42.78900873247836,0.18422997302963356,210,None,CBAM
307.2150457368151,0.741205347318089,306.7934046201169,0.7032516752012403,211,None,CBAM
262.0691862053747,0.08151165876964989,397.4012351883156,0.26395706393301815,212,None,CBAM
372.81269585593753,0.5179136699270571,193.8387204717771,0.06063736102027083,213,None,CBAM
384.0353947771842,0.48062368572259195,113.71659628319755,0.3578351987163395,214,None,CBAM
50.090423689849985,0.4879528040765047,230.68911790088785,0.8394202652306673,215,None,CBAM
233.69334094485842,0.13489469416040148,283.29972724063055,0.3778507207631854,216,None,CBAM
96.74614165338846,0.18880043045385264,90.80891116696822,0.035073294201750566,217,None,CBAM
325.63701728801647,0.965996316614131,83.60703997369475,0.7340559606683638,218,None,CBAM
288.3993531120015,0.4213320985632068,338.7108377425139,0.3675867409090701,219,None,CBAM
399.33866672079415,0.2975384454511062,22.049662742210156,0.501743204609766,220,None,CBAM
230.77036926593132,0.2513808702331603,326.7383123805736,0.7316255422234555,221,None,CBAM
356.38273356521773,0.4904563916018117,119.58705220533278,0.8481719447224313,222,None,CBAM
323.93750032007256,0.6290484724190656,221.2389288827515,0.7320865965985291,223,None,CBAM
365.7442971164706,0.6374077778693827,38.507688104621955,0.20489894516084298,224,None,CBAM
13.331404053344102,0.4580283767970597,164.14477025073987,0.5884560988656782,225,None,CBAM
128.3445731850742,0.24469549864205237,21.06023908625885,0.1753855044409796,226,None,CBAM
351.5062971675794,0.5867339900018506,20.003692145765594,0.46885482667459116,227,None,CBAM
250.87845246058498,0.0986326111048042,244.8878770271356,0.8996506632574777,228,None,CBAM
111.97953018867952,0.07004625885099111,87.99568612903964,0.9524391995638386,229,None,CBAM
23.240744107817637,0.5854984980742409,202.48445134995126,0.82814787802024,230,None,CBAM
229.50340790432483,0.2067924361878097,175.65048762257157,0.5505690707138284,231,None,CBAM
119.83427755697758,0.5719838366966403,312.27458874170384,0.04330067642361043,232,None,CBAM
129.1543475219513,0.2793679068435443,309.84376660413926,0.16311652289996223,233,None,CBAM
288.15836912346424,0.13000772833629445,16.273030575278444,0.9440859666819136,234,None,CBAM
43.37506452865348,0.9543094062006979,110.59501246767867,0.014991005165512989,235,None,CBAM
322.23400247472875,0.31710881450692674,390.7904182392199,0.9407588256945374,236,None,CBAM
233.28507679390432,0.2928626530669953,388.0346400187569,0.3877536904984606,237,None,CBAM
95.85581299116393,0.1341572298346806,285.40029188608185,0.7954439922504585,238,None,CBAM
155.6362556338582,0.8400250993327183,353.1918354887912,0.36921275089061145,239,None,CBAM
13.134828838052231,0.6020186521578741,348.2740215193879,0.8531981779762833,240,None,CBAM
154.05967844120693,0.8842507089540088,269.9371340952527,0.8199464408179528,241,None,CBAM
109.21235817262259,0.11476086353852528,136.10229721496484,0.6811883994079038,242,None,CBAM
64.80690410443293,0.7193254240045682,73.24302352217872,0.7384215871256368,243,None,CBAM
183.59310614559692,0.36287433889165177,73.7151558988273,0.4966952644948765,244,None,CBAM
379.48995751738954,0.5425066293895053,212.97117501820537,0.3356650922528896,245,None,CBAM
51.450570301189956,0.26085815681882657,308.798639641462,0.8162970848053389,246,None,CBAM
97.78749512311205,0.06347090783841854,91.67872485664775,0.41365533584986336,247,None,CBAM
239.37766140888056,0.21114285290846574,343.58943253946023,0.7011016487748527,248,None,CBAM
264.8452152010096,0.10767563930672278,185.83677058190068,0.6505696003129974,249,None,CBAM
218.26044912368886,0.503089312913192,267.52135073361376,0.8446362878909608,250,None,CBAM
96.88208201776241,0.2335846922452869,357.3592499033295,0.8286855546017764,251,None,CBAM
24.209059779035865,0.15574134029513365,340.38283972553967,0.6847580516544121,252,None,CBAM
303.0400134392503,0.829989533785605,248.46064203326836,0.9224609954773256,253,None,CBAM
337.93182433536344,0.22395927938607643,248.50456995381242,0.24803343831217048,254,None,CBAM
144.86909025469947,0.5792008863928383,217.24422129699752,0.9395820861275016,255,None,CBAM
182.1165411689875,0.10490306166584905,373.3691643022006,0.6539758912934224,256,None,CBAM
366.6277982843364,0.200867934987623,33.223274896151096,0.946615672911123,257,None,CBAM
4.997903571779785,0.2336350850958028,142.6578864678597,0.9549227394447402,258,None,CBAM
236.1813454005909,0.6415653036627719,303.5460529482859,0.5610196154949854,259,None,CBAM
274.7166466284717,0.38658296934931713,375.7323104243641,0.06898551006046236,260,None,CBAM
314.6154322997718,0.571625450075612,274.1316705682285,0.5919150025235979,261,None,CBAM
44.947542546997624,0.7041714804570972,323.0374745539278,0.4755007381902578,262,None,CBAM
89.15894088807673,0.22265717240267613,24.75865066111972,0.03535338579507842,263,None,CBAM
305.584895762231,0.48960908346413995,245.19261827732657,0.9166779258228445,264,None,CBAM
114.63901690398102,0.8167750670112488,348.090946018944,0.4781578487665877,265,None,CBAM
313.84258164922335,0.8112822443457124,37.82283162558756,0.01956494668450565,266,None,CBAM
49.789016603507655,0.46390195801857176,21.74187982099962,0.49193557807099614,267,None,CBAM
297.691182383808,0.3426684806965968,349.1095456377242,0.7200513569359939,268,None,CBAM
116.16396036258445,0.34551193154436793,109.16845092047858,0.3677232700691559,269,None,CBAM
265.0523056659124,0.6603525221084084,282.8455714594539,0.4149365471825279,270,None,CBAM
184.23305744622573,0.5646736574119625,236.48056604811867,0.14838993852011917,271,None,CBAM
119.96248337857867,0.7853695448815443,381.0514749560344,0.931773534521376,272,None,CBAM
35.49014645129653,0.13350238977596166,40.37770168455251,0.363314385895541,273,None,CBAM
192.1732936645479,0.48398913565299373,203.83326822834974,0.9234110075796568,274,None,CBAM
227.53179692398686,0.22995351499852015,173.00536794873182,0.6816062464769302,275,None,CBAM
129.917251071887,0.32525023249895846,388.4941247592529,0.5836578068475534,276,None,CBAM
30.48317471744354,0.4488453183381314,103.68426372321235,0.41633332997922146,277,None,CBAM
195.59197105648693,0.5063881833479362,200.36209385436155,0.5841638907313523,278,None,CBAM
347.12170400955165,0.36265052546745363,22.801264520507065,0.1949151078625047,279,None,CBAM
328.13703219318114,0.38205561781779424,216.57192247240084,0.07835677139227104,280,None,CBAM
157.774743378798,0.897184186809576,383.5608646241772,0.8222035265277214,281,None,CBAM
110.99839421064179,0.5004158823462022,299.0315591382693,0.6460325823300404,282,None,CBAM
207.2948570204313,0.8880695862275609,2.330486045703515,0.1635051161303287,283,None,CBAM
85.14929935187266,0.9254459579094815,312.7657458761198,0.4258093277877576,284,None,CBAM
321.8124903282626,0.029744516303846776,100.38179732257618,0.3084796881566501,285,None,CBAM
242.98494364227653,0.9435356131884041,41.21594597737683,0.7020849742461713,286,None,CBAM
166.9999208341199,0.029550127785222105,217.61981906440036,0.39543146979294774,287,None,CBAM
286.2693604329019,0.14762432577942428,121.38336493894843,0.09001173897169701,288,None,CBAM
293.7406713828636,0.5161381244328066,187.84063139335248,0.7543260566769806,289,None,CBAM
159.15327101937402,0.8064701404208305,38.71816278993998,0.5861679875324067,290,None,CBAM
228.85164580901684,0.5923706379722903,49.57092234641152,0.5611070816013809,291,None,CBAM
244.36635518817,0.7389695911656097,257.94836434291756,0.6360785837493151,292,None,CBAM
301.5900030040376,0.8857035350046091,186.49736615960438,0.46344375144351996,293,None,CBAM
389.2298444767323,0.6808338329207541,213.02538626005946,0.4442170038462179,294,None,CBAM
125.3505637867238,0.47503519812093437,166.83194899467733,0.7419391756086374,295,None,CBAM
159.78222989220424,0.5042308329622475,240.7316499219849,0.6995990625281162,296,None,CBAM
396.60965954760263,0.9068964523949216,274.18990524342,0.488194276449966,297,None,CBAM
30.440604199050664,0.8910419488833408,37.10355325205122,0.3023532061947575,298,None,CBAM
145.5937122019889,0.5852200925910431,162.18448901664712,0.9413158232135092,299,None,CBAM
292.07792577306157,0.6818616491052081,328.90776901227434,0.12545349335363584,300,None,CBAM
10.39997272777629,0.013132396157259465,269.1908243121592,0.376828498269311,301,None,CBAM
258.03571944181533,0.5464901167469209,371.74488413926554,0.19995551728374256,302,None,CBAM
333.3534928678135,0.7400577377686091,304.76791116344367,0.9736458947754324,303,None,CBAM
150.04098737620814,0.5663908781856394,278.7465451620597,0.19294218810726793,304,None,CBAM
252.18611012035558,0.4169231311612103,38.96079572031691,0.7919365282515856,305,None,CBAM
241.2939330427458,0.5647475318041395,104.05216041647157,0.39433703940510045,306,None,CBAM
195.05149448752996,0.3233828212374605,26.703879658136415,0.6584619622964051,307,None,CBAM
226.29016368526916,0.648693714132165,136.91231526229808,0.5181155733772412,308,None,CBAM
356.9869257270502,0.859627889550215,111.44601621891042,0.14400223780538304,309,None,CBAM
208.76346275188783,0.6121358523253054,38.411090795634536,0.28880220470923695,310,None,CBAM
206.78763149658303,0.08025185664541926,286.4744284115343,0.7596053308566197,311,None,CBAM
14.50125862599677,0.4226429825998394,201.14142654641657,0.763824618578018,312,None,CBAM
229.66008980251624,0.13161090627827904,306.2733155601801,0.7855786991083707,313,None,CBAM
53.0933414509959,0.6770783942830638,40.76660644043055,0.7090167321397591,314,None,CBAM
72.76346596899069,0.15773269869866183,190.0219247674801,0.6519061834486745,315,None,CBAM
117.43252613271468,0.5736737448955658,347.24695430190127,0.22092802801107028,316,None,CBAM
344.31325737929546,0.4825896489428968,244.68606652601005,0.24893955360488,317,None,CBAM
358.0235368803527,0.1336630005204729,322.61827016717024,0.008977148355532177,318,None,CBAM
155.31958560258272,0.19345201057805964,272.1059200482093,0.6042895356688849,319,None,CBAM
143.20473206451547,0.30122292266955,22.610427807361873,0.1270250526608443,320,None,CBAM
166.23192765609366,0.8578172675112278,43.58039114169888,0.43648352965306947,321,None,CBAM
83.36703503308134,0.5176892080766647,145.07656770606175,0.904254964502827,322,None,CBAM
324.78273960705934,0.8319645868821762,395.0660538264987,0.3752787868963588,323,None,CBAM
173.84667691909098,0.8268998182423477,43.0094036726255,0.03570197192146593,324,None,CBAM
202.9193926590762,0.7459669332121713,155.69105640549043,0.1945697974935508,325,None,CBAM
370.4099500320468,0.08165843269639533,124.07970473418595,0.5293496041328515,326,None,CBAM
389.8309658768023,0.4667913050525918,387.5700087017962,0.18761143826712667,327,None,CBAM
13.235826243686033,0.2394992084771397,124.95959641456515,0.9002328989760804,328,None,CBAM
89.94651288166395,0.41306831781591563,210.25760123574977,0.24127591583554328,329,None,CBAM
339.9516276336827,0.15902249593782647,113.50108696361865,0.8406797708003998,330,None,CBAM
129.84325978154558,0.9071535026738364,181.98434051333112,0.29740598172289545,331,None,CBAM
210.98137395945193,0.3281802907838413,73.79644058617193,0.7903874790189097,332,None,CBAM
9.026631915129666,0.4159838533729193,334.0002244553867,0.2977659150455117,333,None,CBAM
218.10206526756636,0.8200982739800765,349.59999698939913,0.8232253311847222,334,None,CBAM
327.5823524124232,0.8626685933389123,160.06166205932306,0.44295898537028977,335,None,CBAM
70.19918672355915,0.439685789844801,200.00854765454608,0.7598401944317538,336,None,CBAM
386.41284602497615,0.21891002883633873,336.4330423303808,0.048058537018369464,337,None,CBAM
374.6048760895415,0.5597377752991101,222.59106737478044,0.8610454735146441,338,None,CBAM
124.05712890989682,0.35805316527523634,283.5771115084617,0.6881757361447792,339,None,CBAM
318.49538612759847,0.2680927878074826,310.3647105413767,0.5290135699295173,340,None,CBAM
237.07364188839298,0.48657294395576384,357.23012749811204,0.0169649329253076,341,None,CBAM
364.7268676453035,0.0774920813701296,66.85384557733893,0.9023533568595307,342,None,CBAM
136.27603682243682,0.4941610903000309,77.05680186474045,0.4059252327686617,343,None,CBAM
111.95489966244499,0.7889377686156916,262.5598237948387,0.11992920945986418,344,None,CBAM
239.07799259111417,0.9143051832398099,342.14736350582285,0.06922466466401747,345,None,CBAM
328.55701622108757,0.027480571308075966,394.6866246786588,0.6280798844396949,346,None,CBAM
285.30477005535914,0.23757277504386018,293.39366969227257,0.046489339375698026,347,None,CBAM
77.57490741237723,0.7232728011899923,188.52755013453606,0.2720747931251155,348,None,CBAM
43.407174233632524,0.9562848468871351,148.9502371750419,0.03854573348769402,349,None,CBAM
95.60977245344941,0.9852803369496627,227.77564779991587,0.1783903674974466,350,None,CBAM
308.8639459081915,0.8822088352979496,126.83671234313117,0.8213801080110862,351,None,CBAM
175.98277138416532,0.12214690003656827,137.61545463600038,0.5539226628807915,352,None,CBAM
240.97920378072004,0.8280407546035513,239.22673299472797,0.01359602177123005,353,None,CBAM
346.8577254413127,0.9907961228019877,22.88720054869828,0.4432159502045011,354,None,CBAM
158.8660088568565,0.6158987350493188,102.48897190766937,0.44016424526493647,355,None,CBAM
333.442539652212,0.08579740247853429,22.419854902829137,0.430539991798483,356,None,CBAM
18.692814615281176,0.3154486480726822,10.288125842219262,0.3537043041775317,357,None,CBAM
220.14955325329547,0.4236712571757244,309.61609720637495,0.25580262050189395,358,None,CBAM
48.89909627758858,0.1040273780944908,94.46444760792195,0.3536774580498699,359,None,CBAM
246.4651051451992,0.6009382777874323,132.89412411435114,0.5427306989274864,360,None,CBAM
81.89392320785646,0.7632856177227615,329.8844469962915,0.4974465577919669,361,None,CBAM
241.10983535204699,0.3779878644046111,85.47071467105417,0.5092337277441884,362,None,CBAM
316.7357736894101,0.15957433044008998,388.8384446901363,0.21864748481139154,363,None,CBAM
164.97822848510066,0.2718059835789138,300.43894892605454,0.10655240275061174,364,None,CBAM
227.81908228733667,0.4471712354338924,302.40369359594564,0.3708428500497007,365,None,CBAM
128.88093924960108,0.6911551706552076,47.295456047444794,0.0781703740430648,366,None,CBAM
99.43045849782605,0.9859235691363835,387.17120252854227,0.3045866260739805,367,None,CBAM
155.24887367982492,0.8604992425933753,112.73660709920551,0.6003149736046718,368,None,CBAM
46.76033198180896,0.34821816370157255,228.5067146812026,0.0703311012069201,369,None,CBAM
349.25439759508225,0.46466938433987764,135.4974483031311,0.6464054543779029,370,None,CBAM
307.9866571115481,0.06454996208121712,23.5667940735982,0.6447412362747946,371,None,CBAM
276.6589510491667,0.7139942564335178,331.97384740230234,0.3976565209374077,372,None,CBAM
362.5777974615511,0.6568191120524598,257.2739106719752,0.03966563213706248,373,None,CBAM
342.2195746942989,0.9993115497559568,257.43835585871386,0.28356320371425636,374,None,CBAM
337.59373308870954,0.19195998345333012,120.63137853898193,0.7687817650012092,375,None,CBAM
110.00701840244128,0.7663428748300728,173.9925290486977,0.0390412764260075,376,None,CBAM
183.1979764085154,0.18183973273434678,377.93245003902405,0.45738461520885343,377,None,CBAM
305.7098430010808,0.019690924907399876,80.42317897851254,0.4963922710351457,378,None,CBAM
364.34373581046685,0.6898482729276474,339.85251936736756,0.5682894960716899,379,None,CBAM
64.30302241930808,0.1054160254332987,27.733728472317683,0.6480923267639078,380,None,CBAM
132.1922485130599,0.9103419663806386,346.24430021144775,0.854031045974523,381,None,CBAM
244.44366566380094,0.9891496617601844,27.42346614450103,0.1649714154957166,382,None,CBAM
291.8779808383971,0.07633742024383945,343.88241493385425,0.6821402376330088,383,None,CBAM
122.36858596863583,0.7598458503723181,86.9739744021686,0.8276366643716022,384,None,CBAM
172.26463422388528,0.0648802498404888,103.51825732650684,0.29383546072758,385,None,CBAM
115.82157767777646,0.23462538586999157,37.72388660252896,0.900025041853241,386,None,CBAM
340.3313042813449,0.1404632119201458,341.5483888161384,0.8716756343642811,387,None,CBAM
233.17681395985483,0.395575937549153,313.18817178789857,0.8240846789872529,388,None,CBAM
332.190080309025,0.8160790109109399,294.90600456978177,0.3373689980666674,389,None,CBAM
288.32735080655095,0.7211007166795247,174.77338399576388,0.4335933049437567,390,None,CBAM
195.9994657508419,0.07429858380367177,11.354672908560337,0.6492296633970672,391,None,CBAM
188.98779383445145,0.0740410137907951,227.8446864403148,0.42394140066280356,392,None,CBAM
255.5857412925429,0.5761213718822066,329.0996212224092,0.7431579764749653,393,None,CBAM
111.04548154211038,0.29936737768894434,124.10894636161424,0.6085753856102454,394,None,CBAM
312.7889396976564,0.13558446750734388,33.76340851879825,0.731854493534218,395,None,CBAM
190.2255870111907,0.1546164716402639,171.2427103442355,0.1869393430947871,396,None,CBAM
243.55061943960652,0.34300584040703636,30.511464683449834,0.9444989597304734,397,None,CBAM
258.06673312680044,0.38550179726930756,59.92674070603192,0.5002489504525448,398,None,CBAM
135.53779013853887,0.08639890796860182,48.931766820651255,0.006431717029213302,399,None,CBAM
373.72308664139194,0.5216242011033645,21.37621371116665,0.8958672681760529,400,None,CBAM
107.01211669184903,0.3392598104404753,23.49038105207994,0.6860784000273863,401,None,CBAM
179.92486229606638,0.06309820264803484,94.71321978761473,0.8206626670016195,402,None,CBAM
95.1994235566261,0.45050059294669553,282.8259068859574,0.7878435810121306,403,None,CBAM
14.271908348854215,0.9535645277306382,258.01592739851657,0.6603969402991239,404,None,CBAM
190.65965713444845,0.5536439386018664,262.1518840852182,0.4960021556667535,405,None,CBAM
53.49310928736352,0.42525411133614843,131.97550161335246,0.5254857195246084,406,None,CBAM
224.72293368440907,0.9540889902946635,140.62240034712633,0.37330459711258296,407,None,CBAM
273.4510706828818,0.34994834584964657,196.17523784451768,0.6107295403577638,408,None,CBAM
198.72873417184124,0.029306364989840808,89.24803536930878,0.029700714370170047,409,None,CBAM
152.56818876532273,0.9047311498693883,345.86978738151817,0.7813232957086967,410,None,CBAM
167.42405585319779,0.6964425103898199,272.9483543114795,0.34105061400902376,411,None,CBAM
13.489735805345116,0.5095339068405732,94.89584449306142,0.8362973433071587,412,None,CBAM
369.1409475310632,0.8051461668527949,10.687565673949528,0.1569307865475697,413,None,CBAM
241.7822206610169,0.06433242668774197,213.53437689226084,0.0011497608226376682,414,None,CBAM
368.8537675837119,0.43710830092190517,219.80289778541965,0.8080821999170223,415,None,CBAM
150.14812918767763,0.8135689204063086,106.89770679270771,0.5312147898727091,416,None,CBAM
394.9467410840924,0.8672562404810591,143.67731302423383,0.10476402144804668,417,None,CBAM
146.75347976490042,0.8918112153401188,352.71116834052424,0.3027428740594418,418,None,CBAM
349.0587727701025,0.6598115628949613,197.05563837036863,0.4620827423917912,419,None,CBAM
100.03544477487594,0.8544309270800784,348.79486604426245,0.39229831022475603,420,None,CBAM
144.5087129508273,0.6581258981735545,16.760006608079834,0.4942094777149858,421,None,CBAM
92.57555008327762,0.25479777995449787,266.9753309369281,0.42249228888923923,422,None,CBAM
15.107325818787979,0.35795495332353955,12.52706881575834,0.7782930377924142,423,None,CBAM
241.65659157495384,0.9880476091444494,252.38679903912447,0.43845138140882617,424,None,CBAM
34.66046461876257,0.08470009090322063,125.66459012201084,0.3982328176129782,425,None,CBAM
141.21527692871487,0.9703196477293525,138.2704170450172,0.3634746789514475,426,None,CBAM
134.05653072685627,0.4623652332137041,339.0077760840699,0.838836571853108,427,None,CBAM
279.79595405760506,0.14119202883989096,191.79616339982658,0.24919005700080119,428,None,CBAM
100.72154488029892,0.35091110188620717,6.7848866035092925,0.6840827841166859,429,None,CBAM
211.1701808350942,0.3206512656128836,304.74653112124605,0.2212205235828832,430,None,CBAM
245.26298065445314,0.8790916159409851,222.9396362910233,0.9490932923078523,431,None,CBAM
394.8245224342956,0.19152328982544922,63.68764766780313,0.6318210437761198,432,None,CBAM
235.8547778367146,0.41627051024183614,330.6194942075896,0.8030565201278845,433,None,CBAM
160.58550334903452,0.9062900736599163,135.59232777763972,0.5225301380623899,434,None,CBAM
251.34714246616542,0.21304928847884202,49.02250894268155,0.41050145213281886,435,None,CBAM
65.24644004176226,0.9940038867728866,228.6190072053412,0.46780246739807596,436,None,CBAM
279.1882253028907,0.25187663416763056,119.06647535165934,0.03288211280743811,437,None,CBAM
395.2663185900632,0.483782412783391,302.9174763614409,0.1296693698677489,438,None,CBAM
131.5312919628683,0.3842749241729859,77.52885420171522,0.05581448005123163,439,None,CBAM
271.6165567213656,0.4830125133408323,365.87662848780076,0.3981444561856385,440,None,CBAM
231.5201320509534,0.0438210951482373,369.6618195858001,0.4204347628831237,441,None,CBAM
115.67114247474433,0.496333237213454,219.71065388132396,0.7220890873631293,442,None,CBAM
258.9378729558894,0.138568817919503,234.38009262979978,0.2633188589798455,443,None,CBAM
362.8517032504218,0.6787227820302156,363.25711803657106,0.08237578289724405,444,None,CBAM
85.44236677471983,0.6913572071588681,194.53987462478744,0.9610564846067171,445,None,CBAM
374.5954176199265,0.0900949632324665,285.8999675083851,0.5626333834723446,446,None,CBAM
281.1197153543942,0.41947128461942873,300.36932059737364,0.42842798046476505,447,None,CBAM
330.0387739341942,0.10611794277970425,261.76059595822693,0.42141560423083596,448,None,CBAM
194.08108232574398,0.5634353597018071,50.753743509105284,0.23388696051628421,449,None,CBAM
199.999893478341,0.21509995958154354,333.28560924369486,0.5526709205691036,450,None,CBAM
169.76984799288363,0.9509135923137798,189.91032977931718,0.6864398368783564,451,None,CBAM
292.5655987958888,0.23327339079858408,139.78202006701324,0.5983097368050782,452,None,CBAM
88.97227127772298,0.8745585361864623,84.5569465537795,0.7836486879980563,453,None,CBAM
76.57913485364199,0.601181053834709,397.84528027571497,0.5666896869989917,454,None,CBAM
25.253498408045434,0.5511818739275263,178.68613377162447,0.1574101815256601,455,None,CBAM
391.11595985234624,0.08447217944203808,368.85554205515854,0.9733125224037158,456,None,CBAM
104.40174380838228,0.8826670490285953,79.25675727949397,0.5631452128345047,457,None,CBAM
165.33779196712803,0.033971510791967696,105.53741156978592,0.6501267043658999,458,None,CBAM
49.500434123216685,0.2546038639898535,217.5651249451189,0.95131969462644,459,None,CBAM
123.36466950356649,0.37977708210435673,307.93984889868045,0.9345556182610256,460,None,CBAM
52.96286934415886,0.1699459677278227,263.4953473563629,0.4594643916569408,461,None,CBAM
121.15371520744367,0.7450543100794468,88.82301407868233,0.020033907610846256,462,None,CBAM
231.6186967341885,0.4364010446244282,393.4279064445979,0.04726067815931084,463,None,CBAM
333.19852133465133,0.1622273813852131,161.19592765889647,0.9594363522237025,464,None,CBAM
274.43291686019535,0.8195417382323529,210.77677958347167,0.3592326240967042,465,None,CBAM
180.2280036810079,0.3518564866041238,388.6649685185612,0.2554012876684801,466,None,CBAM
84.60699371906738,0.10094440226848854,177.4875652988134,0.33641911805283964,467,None,CBAM
393.66936600792945,0.5994097935795595,170.61885064566223,0.8857660153467125,468,None,CBAM
244.85636248448054,0.17210578722017314,392.2563093678636,0.4170783406609916,469,None,CBAM
279.2651795099029,0.06961788704524428,217.69516731103192,0.3992475063163702,470,None,CBAM
154.60105545849234,0.5560970042630871,149.6831580926692,0.47560778888311844,471,None,CBAM
184.6801367344409,0.4247002573382505,190.89955135438342,0.4282088181519803,472,None,CBAM
377.5561284719208,0.14230770946533042,159.7718431771338,0.6328711862060746,473,None,CBAM
192.66998001885977,0.8346976069702585,364.73135355805067,0.21727593722480343,474,None,CBAM
150.16252056552364,0.8282294408600148,172.5770285638387,0.13600174830108305,475,None,CBAM
355.51146291731095,0.7657858836786708,336.8524450242852,0.18445481436574415,476,None,CBAM
150.57753719725403,0.2208697586575759,117.83673924708944,0.5231300868353792,477,None,CBAM
395.17411168951526,0.7003300633340892,145.0056368464585,0.8842534574681239,478,None,CBAM
235.39556001650607,0.024043971467211885,311.03826382704875,0.8924815767707012,479,None,CBAM
223.15544156662926,0.5535055443117479,59.98536359523337,0.35047075218717255,480,None,CBAM
248.6465189988921,0.4960968734521955,245.21883669784316,0.9035140316299889,481,None,CBAM
88.23903693768294,0.062486048140498754,85.7504141587108,0.1588539967522225,482,None,CBAM
14.627568492492319,0.41407453320658516,256.6942754711055,0.459803181681588,483,None,CBAM
2.7425223056186376,0.30575511118743376,133.98688801338022,0.10303247200311573,484,None,CBAM
232.4449296834135,0.5169568179916296,309.48050791257106,0.8508262078912592,485,None,CBAM
256.1723090475851,0.4884309916596243,209.16738528314886,0.9029267369807682,486,None,CBAM
134.45161490917164,0.05216129777470468,183.74202180570853,0.7717462472464219,487,None,CBAM
220.9819547172521,0.3148034587931628,157.94723645134115,0.8302974020711721,488,None,CBAM
284.62058252683244,0.16295758978022956,262.61244239460007,0.879037247696569,489,None,CBAM
371.319617904066,0.9951416168785823,359.5965507589017,0.5269067281194678,490,None,CBAM
328.9346610886335,0.6517250429354967,250.1462570863259,0.6323723910743588,491,None,CBAM
29.85980198984662,0.5019917524824357,277.4513173905496,0.799551286219981,492,None,CBAM
389.3778356782309,0.5996642399565977,222.0912405879756,0.9167557590834484,493,None,CBAM
93.25916572751063,0.12922429607358973,145.31527988309978,0.14731920231735843,494,None,CBAM
256.8181054109577,0.2517344659932694,251.04712320196668,0.24613216274465427,495,None,CBAM
374.109374601357,0.41011088623956277,41.59586221718023,0.21408719807749918,496,None,CBAM
153.39350136964788,0.9247375274990545,6.2432943396383225,0.22101816848791786,497,None,CBAM
331.8245427417013,0.3776903254077397,121.21520224294227,0.1349903289908704,498,None,CBAM
236.88091521426645,0.6995477173416165,257.6111450998802,0.19532280595141363,499,None,CBAM
313.7893932881276,0.6089651072238015,321.57338280793846,0.23083695856585837,500,None,CBAM
219.4702102914916,0.2647898908974875,210.19934958475642,0.3104127024453905,501,None,CBAM
396.6882079579046,0.6701363004703991,32.22042108488034,0.9792885138605052,502,None,CBAM
394.06714510729444,0.24649379058578777,315.12234839791,0.5825829692595675,503,None,CBAM
198.3318482981987,0.7322298932210846,151.1994796109301,0.7692982276700872,504,None,CBAM
63.9280117284124,0.9966672941612162,190.6682107952711,0.9465147585798787,505,None,CBAM
113.52657152437109,0.1490967203018199,301.5413459333565,0.19761794585643777,506,None,CBAM
98.05232162373423,0.6643447827363509,379.6859790279448,0.46140680858338073,507,None,CBAM
326.1891198415731,0.9344801889513307,174.1836583232261,0.11461486874569857,508,None,CBAM
329.46588511124514,0.6004467205806141,327.82296686167473,0.9935683688718139,509,None,CBAM
9.220752357075657,0.9069722742983446,351.7047113027359,0.4118914091058369,510,None,CBAM
306.50357040336235,0.7647514319054299,308.343804926127,0.2082935828618942,511,None,CBAM
347.5901621576996,0.3765126745072235,276.18706731134364,0.6733118505744208,512,None,CBAM
0.7910963151014673,0.6590928299456843,140.66624717406125,0.7988435408823951,513,None,CBAM
24.001201332854766,0.9466865345832551,335.0796313355758,0.16778424803340994,514,None,CBAM
345.9328908027044,0.769643358154756,132.20115617926186,0.16216971330625995,515,None,CBAM
37.16601038190366,0.223393992834969,76.6634642295412,0.04423968890473176,516,None,CBAM
295.9884634813906,0.8738468346737115,342.49337730092,0.88038687562086,517,None,CBAM
131.70812147583547,0.4389849028746835,280.1848736435402,0.9771038294527079,518,None,CBAM
10.707327603797784,0.2678131141911448,394.75863100804867,0.3479401297743735,519,None,CBAM
312.65538996236734,0.5543690935895492,86.8743640465348,0.0291094574361194,520,None,CBAM
347.6217189849183,0.6596628831373549,319.1196245430668,0.9780249934886059,521,None,CBAM
358.3066213882315,0.9417138803034857,8.190984656438086,0.018974101965625673,522,None,CBAM
15.006662707452467,0.8186675346332952,139.13014341098832,0.7568827516059429,523,None,CBAM
191.79316279979116,0.5228497775101444,395.03221947522826,0.941100190342535,524,None,CBAM
183.42140379601565,0.2726668448855907,74.31834453044183,0.7657274998891896,525,None,CBAM
256.0749573183915,0.5315358847874757,199.73726986463586,0.4468556976533056,526,None,CBAM
31.436972443851552,0.7182146755631724,47.9239734321182,0.1580874161355429,527,None,CBAM
255.14252985394018,0.06925175528424317,193.21237637443534,0.6222192331534203,528,None,CBAM
319.22198961763735,0.47373960719593744,156.15854607582224,0.8417086252768622,529,None,CBAM
397.5500180226789,0.7328773541954196,33.34081655946957,0.607197614341794,530,None,CBAM
265.22507471740965,0.5349034942584981,139.53658383213153,0.4319126572977837,531,None,CBAM
398.00078061179687,0.4310542507207168,173.4400689070871,0.669785723912526,532,None,CBAM
50.74380997806293,0.8736964146881048,350.5964579938119,0.5239128190457393,533,None,CBAM
276.8290010191329,0.5256193742396686,283.1487245340353,0.6169401106570037,534,None,CBAM
298.2696571069091,0.5054717869288651,120.57705261608467,0.8934777046046986,535,None,CBAM
22.660617529131066,0.37089965075610404,29.53888290118916,0.25895998295508277,536,None,CBAM
189.94287793166046,0.6907376552879438,256.20282233510375,0.6313564822566156,537,None,CBAM
211.6075768837073,0.21063405206304006,253.25555881408,0.7952213781341332,538,None,CBAM
228.93459928602735,0.8723903693621798,271.63574353753637,0.20330514255032842,539,None,CBAM
346.9753664841972,0.6840611310974757,283.0102145694609,0.05644858658677191,540,None,CBAM
222.37553385583908,0.15834404342279032,43.062572601502026,0.9139303503071993,541,None,CBAM
217.61127689343627,0.7201406412655567,112.63891376597886,0.9855498883482003,542,None,CBAM
63.74210109541767,0.5168190939893473,329.0797913995427,0.7157148780252409,543,None,CBAM
123.26442860447311,0.3898140524748184,367.33553603952913,0.590138571345968,544,None,CBAM
157.99934235737507,0.28720101409748416,290.7316938478799,0.3617489091553031,545,None,CBAM
101.97250856194044,0.17909236569252013,234.54387802539605,0.7832069671479411,546,None,CBAM
69.63832010461248,0.45251280562937585,152.82777745783565,0.014755603485553373,547,None,CBAM
398.7156146301217,0.7979636574142912,392.1280258909721,0.8169517095994606,548,None,CBAM
22.74451044837828,0.420026896984352,65.69797131280143,0.04569984291863468,549,None,CBAM
398.50106714916296,0.7086238242211613,133.69988727068935,0.9709077359319978,550,None,CBAM
260.09855994397725,0.7113925143264264,291.63716811418755,0.5080751487649692,551,None,CBAM
293.83482876741897,0.9599848337808738,168.76024377165135,0.8854732287049798,552,None,CBAM
310.44414636629017,0.1667564143132519,142.1184835201473,0.7280834234312908,553,None,CBAM
299.39770748007015,0.5619511620333374,89.89061727572467,0.21002902704695456,554,None,CBAM
165.02483208310815,0.18619121416669412,83.95841622625238,0.516136928337909,555,None,CBAM
270.54503092103374,0.6939982489162941,235.58738689068028,0.29309158897478527,556,None,CBAM
17.136726160152968,0.3118888825965125,369.0480177524116,0.13710090576430473,557,None,CBAM
102.12567681534416,0.18463376965579065,200.95657459719462,0.3831217065431417,558,None,CBAM
49.940952367352466,0.03701252271324149,300.25394969464463,0.45131152307418515,559,None,CBAM
299.53313344768173,0.9385805343920828,381.6802447476045,0.8339041708298318,560,None,CBAM
245.7410691650507,0.4151175382146465,121.80242844101998,0.3703818637095817,561,None,CBAM
172.28967705003703,0.11420028059477756,98.60615316758799,0.10956634392658958,562,None,CBAM
339.77007032846245,0.21098482964026363,227.13929378983852,0.02592769161385286,563,None,CBAM
271.49000716809263,0.12455696983799572,63.27795678861292,0.5332075364369947,564,None,CBAM
351.18332038627574,0.21578656922900133,313.980963272887,0.4813847985637717,565,None,CBAM
332.03079192594794,0.08967232725151823,241.79655524693695,0.7749483763694466,566,None,CBAM
333.4390256959905,0.5507356932652806,285.9673534143261,0.4474898646813283,567,None,CBAM
220.52785627495302,0.20365658077126328,3.447789214340217,0.470552136302862,568,None,CBAM
68.35990975267438,0.9815291414131664,153.99362954032452,0.10863859118042359,569,None,CBAM
310.30778647037897,0.4118895995313298,27.36898649346515,0.06189003631905214,570,None,CBAM
316.5394843789316,0.9944414234327712,146.38774763250103,0.8039975960006955,571,None,CBAM
61.26962857639353,0.41984278600494374,101.74346125589034,0.03006985817344993,572,None,CBAM
20.28669788080416,0.027397114378794933,190.30890025985403,0.08483939590992251,573,None,CBAM
46.66715486281718,0.20251886334710104,223.71956157803265,0.9946389220239141,574,None,CBAM
176.84334983602574,0.43593931343817505,217.88145161648353,0.2732939317803997,575,None,CBAM
321.5176438320161,0.9741158469871712,52.842241464075634,0.251796293756945,576,None,CBAM
118.89446930905774,0.18252801820379014,391.4673697200746,0.4687407701413793,577,None,CBAM
344.1974781395014,0.366126051771147,78.89554344225421,0.5392458207586899,578,None,CBAM
62.57136539856173,0.3410280005589752,257.52333503239805,0.09635952771654789,579,None,CBAM
100.50205409563272,0.6953936642899841,232.50975476313488,0.9222324550948039,580,None,CBAM
8.255482899481505,0.6694262542884005,230.91437744544015,0.7427204254141592,581,None,CBAM
177.42289630502128,0.6164909538750539,112.12786079893601,0.5695247664922741,582,None,CBAM
338.64568270625995,0.6667456286214793,223.48331887999242,0.05927282773639951,583,None,CBAM
183.50316497756066,0.4535624925605736,388.216786952844,0.46817618758824836,584,None,CBAM
109.11523181678608,0.34525197758905657,153.786006729434,0.9015843341742088,585,None,CBAM
59.81473308594896,0.32505940778845643,19.70915747413766,0.7424765638615513,586,None,CBAM
64.64434580969116,0.0034149567575949454,345.0160923412325,0.6728653183643453,587,None,CBAM
278.87439041155073,0.11144039642991767,70.67408152498808,0.4074266706932778,588,None,CBAM
394.66641601973186,0.20621335551601308,62.861488734352655,0.599096416861434,589,None,CBAM
182.67081492765269,0.9212311606272562,193.40162426895293,0.8383085293293022,590,None,CBAM
166.19997885628092,0.6278183314833684,359.7993044871233,0.27635962699521127,591,None,CBAM
83.07271784395589,0.706095721894672,340.96647277074163,0.36665007485731427,592,None,CBAM
232.0027495677375,0.9799219031541614,96.80817090400598,0.6103783566608139,593,None,CBAM
61.18813858001193,0.8704673164758816,228.02011516231286,0.9056814406239888,594,None,CBAM
354.0989771667377,0.7446068828613672,305.68745381341233,0.8301968877165017,595,None,CBAM
32.16121013011952,0.9096019163860875,345.91611107929106,0.17187100597259092,596,None,CBAM
318.3457439701673,0.8402872699245334,383.20388484463155,0.6425424819840657,597,None,CBAM
158.89678002737594,0.9932114199752958,377.65276814180544,0.6485761638266698,598,None,CBAM
40.56223576378407,0.1632965386417352,227.9251892761746,0.7345407090975078,599,None,CBAM
7.709423926880158,0.9361195548684276,330.33288806378886,0.08350926444262388,600,None,CBAM
275.7558672160499,0.18788600271961578,160.62957448568602,0.6342383756329404,601,None,CBAM
243.64229869152783,0.1839692891277382,3.3106811549082225,0.317524336352819,602,None,CBAM
1.8153517879934153,0.31122048533874186,343.26899563325117,0.6730558387141151,603,None,CBAM
19.202454493813647,0.7336980261911987,140.12995540796928,0.00724937515510463,604,None,CBAM
34.22219623960315,0.4268747272148909,221.9265177838206,0.5031790693649895,605,None,CBAM
189.83548976082872,0.3630139522734191,109.40881568070697,0.1151233151701936,606,None,CBAM
244.66464431207226,0.1841740983790827,54.160235687736424,0.33023156610380394,607,None,CBAM
321.5422342279174,0.23531709493354164,156.64172188185412,0.42785212485693075,608,None,CBAM
371.4641661819817,0.7707930862756238,85.38243127887021,0.21067308217559452,609,None,CBAM
311.5148386726717,0.3933944193891999,73.66891294014512,0.9330016147451827,610,None,CBAM
384.60414491162595,0.17202234689368384,250.85776295377335,0.8982456417409282,611,None,CBAM
381.1017578977899,0.7321616318840924,369.00307690073066,0.2683811645565377,612,None,CBAM
215.72240974912518,0.10485186141758648,232.22019716978676,0.9502067667121824,613,None,CBAM
26.133635878583338,0.34357834772349244,75.26814712270115,0.5835313665148523,614,None,CBAM
271.69863255938265,0.30411208155598557,352.4619084581707,0.8036230777555501,615,None,CBAM
361.12658720921024,0.1161298425934394,108.14753474831076,0.3499389500966842,616,None,CBAM
293.53023374639264,0.43803255896386273,13.866976570966896,0.7770100450926316,617,None,CBAM
59.36529524585059,0.854363372493639,301.72022278989124,0.9068157860526025,618,None,CBAM
266.9690550548871,0.43908263988752816,237.22547383808455,0.18130889782942802,619,None,CBAM
62.615175182098326,0.9927887628449529,141.25619938590316,0.8230631389333587,620,None,CBAM
63.87414043977674,0.9855318809398225,70.06024918548103,0.8527514965096112,621,None,CBAM
375.61389752818354,0.40914785363539374,62.014051589313176,0.3873840805991581,622,None,CBAM
34.023998707973654,0.6251414740110111,248.77789846142434,0.972425446172206,623,None,CBAM
75.23373971106683,0.1361651790926444,272.49043995453883,0.011364203616251768,624,None,CBAM
233.33359893138555,0.6284097247310518,226.11231033961755,0.9804479115230366,625,None,CBAM
135.89214039827402,0.37161256027636597,339.4834811600002,0.3221352649492767,626,None,CBAM
371.9607937983668,0.41129712939101576,197.61352127906054,0.22910026143288376,627,None,CBAM
94.87071267974405,0.5302701170368522,128.32505249024217,0.1681368469887481,628,None,CBAM
43.647786986120856,0.13601908134567775,49.94557948953855,0.1103222628197939,629,None,CBAM
347.02193825344654,0.5970814280985094,306.3850425337033,0.960089127352177,630,None,CBAM
9.912791538588388,0.35278797571838855,22.69518312867199,0.579296312264014,631,None,CBAM
362.4513538365339,0.7618563117491015,201.6785637997558,0.9908835547296931,632,None,CBAM
0.8722993668119732,0.887679483742953,222.98348211868938,0.5538198893149431,633,None,CBAM
148.53294345533607,0.00513849733872633,70.32431467370996,0.6663196523217179,634,None,CBAM
349.5086528356882,0.11858018971455254,129.52715127904628,0.5729303571147387,635,None,CBAM
145.62400087625423,0.23230796309366275,341.9826112443272,0.8060370206723054,636,None,CBAM
96.29380181989863,0.15105446380619714,303.49319028517203,0.549213326051684,637,None,CBAM
279.3718696820579,0.7042857105114244,108.59337045162955,0.8780001430762201,638,None,CBAM
268.91489685605495,0.8331986101907936,101.31672510525695,0.13554964445996884,639,None,CBAM
325.1277738392646,0.2722685101127065,293.01156467932395,0.8617102715621031,640,None,CBAM
12.388335293702388,0.17438296227029954,215.39936260042901,0.5824288939281783,641,None,CBAM
149.65093257827974,0.3903532406441057,195.72770976260406,0.8657147488138863,642,None,CBAM
149.84049326052218,0.5500374645609941,12.957987185810357,0.2995075259206921,643,None,CBAM
381.926531994665,0.7483875126632006,371.21631887051075,0.3232970835132234,644,None,CBAM
217.95478918602328,0.5100458111485758,310.81403598824505,0.7385693221048255,645,None,CBAM
105.3521738760031,0.8221521164793014,14.349977068245865,0.4894960509694755,646,None,CBAM
92.2016578788528,0.3005960974817849,318.39525611019724,0.47846506670802674,647,None,CBAM
12.704427837447277,0.16387974532123611,278.85418315938904,0.38589550623459196,648,None,CBAM
5.980788683641166,0.33161245699572095,10.045973120870357,0.021164483062787513,649,None,CBAM
268.81933432773224,0.4672608877349156,68.15000672718934,0.5434747247406537,650,None,CBAM
321.2102821814935,0.49128622198422633,89.64147999592225,0.14451362921972566,651,None,CBAM
85.55725398669162,0.9220174872008962,4.6943235724625065,0.23930975805081783,652,None,CBAM
360.76275588698445,0.008451101897215369,278.6722718196096,0.6045189910364489,653,None,CBAM
138.29116756081595,0.677601168286815,277.1716679512913,0.08255366928098673,654,None,CBAM
379.0241353800355,0.03169444329767385,227.69531488366894,0.261219771234753,655,None,CBAM
308.78340571487917,0.4519778394071521,75.7267252542693,0.6006480818098855,656,None,CBAM
223.28339439966248,0.44971185931085184,159.9838391311976,0.7355604143613597,657,None,CBAM
262.50103974532794,0.8201436028761425,270.2622962538375,0.5119461029984032,658,None,CBAM
130.33585138679302,0.37309696154950417,307.84724771771306,0.6799145857590928,659,None,CBAM
314.07303780287936,0.36450875455284676,127.52042343076018,0.18845589489656475,660,None,CBAM
22.783352315418448,0.8364770565577331,35.127680025423984,0.5447098843771054,661,None,CBAM
246.7898585558248,0.04573623760905611,175.52124314027532,0.1740604594528608,662,None,CBAM
353.8279589164659,0.2696582559547094,28.574671455671393,0.6396488175768296,663,None,CBAM
239.64456429892084,0.1688501907744052,150.48625470320601,0.9635825690024483,664,None,CBAM
158.68856029434275,0.5498874836769821,82.19887493666425,0.7515728715898494,665,None,CBAM
376.2449317174792,0.9471560463514952,0.832098389396513,0.6200584603102419,666,None,CBAM
51.26688002858496,0.4469789650895851,369.577050104384,0.7150439829923857,667,None,CBAM
358.6078255638898,0.7063119074511905,48.35184919722503,0.4475796019265175,668,None,CBAM
89.07330275423917,0.2824979666270252,292.90892141756035,0.8533301174459196,669,None,CBAM
335.5553519350296,0.5117681254295372,316.48904303665904,0.9662554152016534,670,None,CBAM
387.354864639332,0.9681929096694555,11.916639036154972,0.9214711752253755,671,None,CBAM
199.1348687418202,0.8783216566525129,15.754663740747871,0.06507266085423635,672,None,CBAM
202.13862448577467,0.31580193677129437,249.34409774752,0.9397834738598126,673,None,CBAM
172.96338097285587,0.5002664451089626,5.922694495880479,0.13865858205409004,674,None,CBAM
103.34940007969354,0.06187128509919965,332.13906368736616,0.24039917662306898,675,None,CBAM
112.38098666456044,0.6043897304047391,185.86134678274675,0.48554844113605405,676,None,CBAM
219.7717079391699,0.981329671143545,99.65179851731949,0.7975258196481041,677,None,CBAM
166.8242133053563,0.6047156495695912,8.857843582616502,0.07492652083329836,678,None,CBAM
9.514563796777896,0.38931339524613934,207.67810471613916,0.42644114499505714,679,None,CBAM
326.26714921492885,0.25607616971669833,16.06025258673446,0.2782028500430738,680,None,CBAM
206.57851932409463,0.3406059582740667,145.95147401666603,0.24482387410767648,681,None,CBAM
205.37868673240186,0.27365124969937765,10.778736200940205,0.5512245916625392,682,None,CBAM
227.0487340284717,0.6409088186608737,272.188930995388,0.06258811761226316,683,None,CBAM
357.5520492342878,0.9898271580182094,110.20825091220748,0.19890572256614034,684,None,CBAM
251.39868706999474,0.012496918400895672,360.45570741428065,0.770979246534803,685,None,CBAM
365.90472645145894,0.867669407212431,179.98821972805507,0.8194238869279612,686,None,CBAM
27.191513013987866,0.5603684820882863,378.09902299616795,0.20556250135853052,687,None,CBAM
64.86525933690889,0.05816685348592827,350.0294850324875,0.2802457711035516,688,None,CBAM
351.08584864986966,0.6547857593463561,249.71888393481058,0.8796669489288532,689,None,CBAM
349.802502493165,0.632666038924287,203.8549512172783,0.9906773891692088,690,None,CBAM
45.456173622589006,0.33606795872377787,262.064143602406,0.14638572901059835,691,None,CBAM
301.30967533329425,0.014195646014103025,132.87113200263258,0.9346547143941926,692,None,CBAM
96.36719496850267,0.8096635297679207,150.91698638957484,0.22275899010454267,693,None,CBAM
93.87652529377407,0.6352632803271229,199.99668761452256,0.9924383988397978,694,None,CBAM
386.1591175510103,0.6391294835886621,29.022950001559334,0.45620359130176863,695,None,CBAM
337.91747965193025,0.7435351030131674,116.8601714960475,0.7108899094406769,696,None,CBAM
38.217171311789194,0.7110394560077858,273.526995170769,0.5837209007821755,697,None,CBAM
104.1759858431896,0.3650241915106442,72.80406018338753,0.2834189582656596,698,None,CBAM
318.8108473764572,0.09943204948586717,246.29044459011027,0.9363780449443156,699,None,CBAM
95.51236104070149,0.862876458439735,69.14510517600124,0.22593362562461033,700,None,CBAM
339.0350376058422,0.1749713727486713,145.42234317969815,0.9634996052213363,701,None,CBAM
100.40427096552548,0.42893970835213485,243.46321385701776,0.8631593882799712,702,None,CBAM
22.47590899469246,0.824463925615838,78.32444524157496,0.7162965459365204,703,None,CBAM
12.232090555852668,0.8028867314096096,227.23558250646064,0.11985885855798795,704,None,CBAM
100.26934998346361,0.7975485497548379,212.18288225686175,0.5148912038701378,705,None,CBAM
394.90616653389657,0.7599874813320644,342.42446490728486,0.7110442284108996,706,None,CBAM
126.64550739057204,0.1783301759367226,276.91655398161066,0.24110883170303024,707,None,CBAM
306.8639419993693,0.09815135562624161,227.4055736140733,0.3826994542943047,708,None,CBAM
339.49439377911335,0.33212435367830967,365.24465259854753,0.9907213079645167,709,None,CBAM
169.3308694521187,0.762082787170538,278.0109301052516,0.9796139933705217,710,None,CBAM
338.36118894235227,0.2536981155484457,206.01206351851,0.0708862822177313,711,None,CBAM
256.1289656109302,0.10514823099414364,52.160489623705,0.6314132883083536,712,None,CBAM
40.17857360886211,0.2490687073065095,383.01169247958853,0.06377993007207143,713,None,CBAM
226.92670526709801,0.9107122117459096,359.5428021525597,0.8858036732961889,714,None,CBAM
132.10692553066053,0.766544052172108,220.29067678311495,0.48035865931271515,715,None,CBAM
116.66011650209998,0.8344835885257278,131.20499490827,0.20476282766178525,716,None,CBAM
309.57074995583514,0.2689606055197798,203.92457199581403,0.6791543650942834,717,None,CBAM
358.8610935047853,0.37044726833833297,318.51821533764036,0.7730212663493103,718,None,CBAM
115.54415311263335,0.06889439855663804,289.4278459834838,0.3077946740200445,719,None,CBAM
285.44928879587144,0.6209949115652839,330.3719530523948,0.31337589362035256,720,None,CBAM
313.8912870118388,0.31358582720331984,178.27038478390608,0.10258760781897973,721,None,CBAM
199.6453472303647,0.06572057952886014,109.21327216652992,0.9765465735656672,722,None,CBAM
20.36348610461179,0.9541278156531606,136.48668369813734,0.305015527652385,723,None,CBAM
252.79422629100517,0.5601082623155581,293.41877597527,0.6066767421709919,724,None,CBAM
197.34598827673446,0.9994735103058124,44.460317858853124,0.6945549315024885,725,None,CBAM
243.46368182880548,0.9876943985760304,330.42496116429294,0.8280298476630955,726,None,CBAM
115.92032337062699,0.6157246646174553,172.14196958538886,0.3115338361170642,727,None,CBAM
327.8198698490102,0.37116979896467533,70.15568402001306,0.9737935247637403,728,None,CBAM
135.30878972567373,0.9373775680282164,107.16594562226716,0.2935076067274402,729,None,CBAM
367.3262633335133,0.394220846402748,178.14102481272442,0.19705819538101824,730,None,CBAM
125.42662943338317,0.36939114406168755,141.5413953220153,0.4669299959137041,731,None,CBAM
202.8445517238616,0.33084546346099186,231.8156397962624,0.49401918517198584,732,None,CBAM
359.18296389271694,0.7610454080042895,199.00918877539584,0.19072649234587472,733,None,CBAM
75.86101793154965,0.7206106991008221,179.9037485338703,0.6126487114357309,734,None,CBAM
228.59102393152995,0.4136576246266849,385.88445768797885,0.4050084333515476,735,None,CBAM
165.30621485023852,0.5006884289007258,157.43224327959945,0.5491169306943929,736,None,CBAM
345.6187893633625,0.9717106771140743,293.2444177384604,0.5008358996036905,737,None,CBAM
279.9208686334071,0.6342895360200117,315.5074761830663,0.33772326450546597,738,None,CBAM
173.2723632827211,0.5699212564978104,358.9783309594313,0.48235013512611224,739,None,CBAM
300.28874072392716,0.487169322196857,159.7097746640608,0.27648113433194305,740,None,CBAM
53.69048864157801,0.3436186253440113,158.97980473518138,0.7410808933099418,741,None,CBAM
272.5507613792123,0.6742679837595298,375.91981147539417,0.5362042640370434,742,None,CBAM
19.072697822807168,0.4199225051368895,395.8698393350831,0.9343625761166673,743,None,CBAM
183.8771963739228,0.36997853099636463,76.04483000060229,0.4593076987332104,744,None,CBAM
380.29654295615285,0.6152924335100817,247.0808635196871,0.31562769282034797,745,None,CBAM
234.57061727460234,0.05185675256949435,64.82990412577323,0.26417916832531607,746,None,CBAM
251.618023315007,0.23346294249909624,299.46587952277815,0.6016731102900729,747,None,CBAM
100.33773623975716,0.9280656204135136,342.2788960171587,0.9538448952952374,748,None,CBAM
26.521799593544692,0.12296113367407699,114.34373426840021,0.06355661946376394,749,None,CBAM
86.0589451781136,0.992342209575646,141.9810376231891,0.21661546050886366,750,None,CBAM
347.2682496828044,0.046916516760904844,156.7855892921927,0.10703391813784287,751,None,CBAM
289.2213630914984,0.6725353050430226,172.47286671504597,0.785724435365597,752,None,CBAM
382.7131531354148,0.645514382244918,7.780379126923413,0.9323831370739466,753,None,CBAM
392.69343409562873,0.3552647037203541,197.16384631302148,0.977710088556719,754,None,CBAM
26.74929326474174,0.9922768037084345,206.206751637303,0.20920151393146497,755,None,CBAM
148.75665872585074,0.5743010539377865,25.67751205338596,0.19556418271453577,756,None,CBAM
254.73743749723155,0.5341426603614214,92.1190283246557,0.8096181732404609,757,None,CBAM
5.172333877891363,0.5139896032711018,305.9624370408984,0.5787004500285536,758,None,CBAM
67.45853481594706,0.19435190440589684,133.8632772283441,0.8999149469009798,759,None,CBAM
115.72150182990539,0.13729385945678912,62.69550384932202,0.5986513289748794,760,None,CBAM
101.90138572397234,0.7480317159212784,173.87459683116936,0.456300978924383,761,None,CBAM
391.3116810648725,0.12319893048490088,212.25941920425612,0.9748764759254268,762,None,CBAM
324.0966535882628,0.2859858583470748,324.3694264399237,0.20246144495290244,763,None,CBAM
376.5773165486332,0.34324550084136823,236.09748973830395,0.21048207883692838,764,None,CBAM
271.56090842179555,0.7406261668899533,115.06455252323539,0.6706888347855495,765,None,CBAM
213.52191334928668,0.5948425963407507,57.538121341159744,0.7866013978138697,766,None,CBAM
191.1812804771528,0.0980568392387674,199.47973528773048,0.3351002496266625,767,None,CBAM
160.8020225774443,0.8109776366651728,37.708896953398835,0.8062301945394098,768,None,CBAM
119.08835880231614,0.42085576390197144,248.2933676868653,0.15443169016421818,769,None,CBAM
55.12651161671064,0.8176181787053796,200.76103228169285,0.35337058860509996,770,None,CBAM
328.29482119225526,0.6075856472059263,41.15443602014178,0.46019556725749644,771,None,CBAM
119.70073069531956,0.1551883719872148,29.88590178841256,0.6926176546155907,772,None,CBAM
286.3410152068305,0.17865821817119104,153.14360590059079,0.5765073999174483,773,None,CBAM
181.74117033087708,0.9654748925893055,240.57795506359457,0.011789379056781575,774,None,CBAM
391.3718996222475,0.7508430901044809,296.2379894504481,0.22835433278339523,775,None,CBAM
135.7770340149525,0.1368510308511141,395.35726643532405,0.8058862258871362,776,None,CBAM
57.38275430373879,0.4692001796249062,82.65836486297249,0.7722217583042517,777,None,CBAM
261.8280740164573,0.7630056652286955,128.50258339319126,0.8994944109573189,778,None,CBAM
228.2154017997875,0.5451617558851054,168.57714629990278,0.38563313161442164,779,None,CBAM
251.88340012039384,0.09985014157438439,140.50854485111236,0.5277555847027977,780,None,CBAM
67.80810358759555,0.03825106083483553,372.48673118021054,0.8304976792038649,781,None,CBAM
129.44668957428243,0.603752337962022,35.52100527893906,0.19407467631454803,782,None,CBAM
257.0379779323476,0.2750326308314845,286.38496754541103,0.970714266370426,783,None,CBAM
11.741221221337891,0.4663306238723237,44.246366421875926,0.6065345554909817,784,None,CBAM
64.24239339422752,0.7693118907003982,37.47470575731421,0.7982396464441905,785,None,CBAM
70.93776309983241,0.23149608229516677,4.0575824940052625,0.05578312005293317,786,None,CBAM
194.83081014713335,0.5132762467691783,224.1677952587945,0.46175794253594626,787,None,CBAM
279.0266208550072,0.6297353230428882,305.05728231638386,0.10943977546549294,788,None,CBAM
184.1339848339116,0.3524132139769051,56.79486568652167,0.42769569941601204,789,None,CBAM
358.50399167234326,0.346366435696765,104.02486214485442,0.07222902627371276,790,None,CBAM
347.64763365136105,0.5894517407268206,331.0721166005035,0.947434214654494,791,None,CBAM
92.97699930354025,0.2599945070967776,398.17581104181505,0.04405204203706765,792,None,CBAM
180.41054345420352,0.12744684413121918,104.39008695122114,0.04505668292868382,793,None,CBAM
74.26191146202923,0.628095199993367,284.5849678030162,0.930883921993878,794,None,CBAM
334.03497796811064,0.07521309878029689,379.80716893840076,0.3137382726895788,795,None,CBAM
140.48811078184858,0.9443869439107218,320.58475594341934,0.7393276044985706,796,None,CBAM
75.35372612980011,0.2927137792766359,188.56184108637314,0.1758314910835195,797,None,CBAM
387.1308773689676,0.07877250126418417,318.3332433338398,0.7045733400452139,798,None,CBAM
376.19518879243395,0.872011740973275,90.51047254854753,0.6714913580376296,799,None,CBAM
227.32773380579786,0.8081981148282923,18.70953274665761,0.4374295772230416,800,None,CBAM
61.76065591267178,0.5325644156743027,76.5718832061818,0.1932198621189387,801,None,CBAM
233.7834596450026,0.6880389270679269,341.13975578684733,0.3713177751943808,802,None,CBAM
295.1057206025099,0.5697706244104017,292.6439209694441,0.9913444970800389,803,None,CBAM
130.90498583073744,0.25375069657255306,145.96027507203996,0.2734244353656162,804,None,CBAM
368.1233897002064,0.022514669297259805,174.07097649506025,0.40883965192861543,805,None,CBAM
328.6068489982951,0.31460945173313626,21.493618939279727,0.2000349374643084,806,None,CBAM
100.5719381597603,0.6777511462239632,337.89846038228507,0.1861599006323495,807,None,CBAM
96.4610636174424,0.04628006444755024,131.35954920741025,0.7650585554534504,808,None,CBAM
281.6173643063219,0.15200999751460953,222.30416604924784,0.9692336612016819,809,None,CBAM
18.80202410061082,0.3111815538006907,236.8948511879542,0.2776123855310723,810,None,CBAM
127.01875514622083,0.6271710581092726,134.74929796101264,0.9309143665938239,811,None,CBAM
203.29118752185025,0.5611029386544624,179.64670288642006,0.3710605722146531,812,None,CBAM
48.1095118989896,0.42886372709110115,126.22381467786185,0.20601394936075987,813,None,CBAM
342.4489480621927,0.7473164940093676,153.02858742204393,0.7885030576283812,814,None,CBAM
90.22137205404768,0.6448809266561718,99.69218853258387,0.04120127611201844,815,None,CBAM
166.70099202948893,0.3299302155883695,147.14040607317324,0.8037912215811797,816,None,CBAM
340.4152095265684,0.16425692220055693,254.04835814730572,0.6902419900665271,817,None,CBAM
155.10692056350365,0.43694716155879393,269.00093875025306,0.48616355938675687,818,None,CBAM
309.46689412092815,0.014824939591660273,270.3970240679848,0.7755571951771016,819,None,CBAM
352.2865777087104,0.8252889201389385,124.62745724225404,0.11186397895509867,820,None,CBAM
186.5012393163217,0.10336278566535358,226.93777089111578,0.3106904823840539,821,None,CBAM
240.1835115615996,0.9105897254854828,283.87093409549874,0.5036165582077193,822,None,CBAM
300.24308052586747,0.7676311444261377,142.76700231720747,0.161785524610717,823,None,CBAM
387.4027234262628,0.7320950313434037,20.150499142702056,0.029498005025907735,824,None,CBAM
24.387808669467212,0.10737472117402959,216.20436325368314,0.8428170534741177,825,None,CBAM
222.67216998575967,0.8548631956864942,171.49321768578608,0.8474373350510809,826,None,CBAM
236.7985977057762,0.005923802080921355,189.31930037347252,0.4693666242522983,827,None,CBAM
280.9179399739509,0.950563714681987,61.33226797848762,0.08840476020568214,828,None,CBAM
179.29659150932991,0.0437479450904833,55.66627868799511,0.2507418549638095,829,None,CBAM
354.43901543498134,0.148793035677646,248.07476849733615,0.8847042592407706,830,None,CBAM
242.44054628441293,0.03404208274980274,104.21976158511316,0.42298752922829336,831,None,CBAM
218.81721382454074,0.9632866654628858,311.9215721704012,0.1679799428949055,832,None,CBAM
317.7710739317382,0.8248100578522769,150.10351905493135,0.22282015160675872,833,None,CBAM
298.5637484344777,0.7192678475910704,151.5364606553471,0.6745096958531284,834,None,CBAM
35.55401985592094,0.9718243392731019,350.9644968383743,0.16268919228880527,835,None,CBAM
55.88255269385225,0.36533346994387306,154.71185015548656,0.006614503441793104,836,None,CBAM
221.36782375759995,0.2994403861922071,69.76220234949221,0.9065002534221523,837,None,CBAM
61.68160828443392,0.2433077239830328,217.1693057211997,0.5115555087331733,838,None,CBAM
14.412313834355745,0.9362452356015332,283.7894837081695,0.5623050787896956,839,None,CBAM
46.53297142855198,0.63074058573076,270.44332009213457,0.9540085662524683,840,None,CBAM
375.9838567449907,0.9999230047007678,83.59379250506666,0.17898441109088828,841,None,CBAM
300.75939269722596,0.8460552840548432,167.65516514198399,0.6427760882991753,842,None,CBAM
328.2432660353801,0.3911271131394315,301.49850529081505,0.09571840743645617,843,None,CBAM
180.52442025638507,0.5522519030579476,307.88645666818553,0.4188872521437189,844,None,CBAM
122.58472592809662,0.52588143488607,354.4775889100349,0.02870940843978952,845,None,CBAM
109.01321299417243,0.8086189234892704,114.1417050207638,0.7203192099670105,846,None,CBAM
226.16273362379923,0.9328793600005904,148.76077945475788,0.7124224623779501,847,None,CBAM
228.9648755025687,0.7173503784209458,22.30575709093708,0.07214848803887106,848,None,CBAM
266.62417524929947,0.5439889881146123,202.8238945287655,0.7978530133702898,849,None,CBAM
386.8911455305621,0.9468714637045227,388.85564867485334,0.8603256400586086,850,None,CBAM
302.95209844133933,0.7555853188259691,359.6634782877404,0.875947129787076,851,None,CBAM
342.5525176238787,0.7379519588835087,21.980295170498483,0.2043721993189341,852,None,CBAM
307.4373369638847,0.9149825036945483,344.6543341780844,0.7012787420046619,853,None,CBAM
149.78658315964046,0.14522488855235116,263.4047448018605,0.03067693353315469,854,None,CBAM
173.68397712095157,0.40230652512783527,243.75156367656402,0.09650284004427988,855,None,CBAM
367.1034557527334,0.312565863532931,199.58055979498621,0.06418531198493878,856,None,CBAM
54.43801305945062,0.7723071093012758,178.37480164075419,0.24878636705891524,857,None,CBAM
16.8157458093419,0.24410780630538867,325.28719058311896,0.2729886210412583,858,None,CBAM
71.66064008314954,0.2502613270330878,25.984876975865884,0.7930383465783418,859,None,CBAM
172.73910789406892,0.31618359029171944,184.25754712449645,0.02211014382705268,860,None,CBAM
342.6130470955759,0.9892675643649277,184.86966388359235,0.7766747674635569,861,None,CBAM
388.69955474041177,0.43266410939418765,217.15620871625495,0.8174059209083411,862,None,CBAM
132.82313278134075,0.7346660823590124,292.4875543422904,0.7928613591073441,863,None,CBAM
225.20705503077264,0.4322047553300257,306.8593617881355,0.1648981749097424,864,None,CBAM
328.41617381555875,0.6363322614785523,110.19833165953239,0.08092671141634794,865,None,CBAM
80.0343591242964,0.9299103346878189,151.85203304130118,0.8898184703804523,866,None,CBAM
40.38356003787749,0.5884357815151618,71.79000893986382,0.9013347070852664,867,None,CBAM
107.30344365450762,0.0035466039909165755,119.20449313754212,0.32566415320989267,868,None,CBAM
74.52272973729669,0.05564943353898634,218.38898137880832,0.8636121739847227,869,None,CBAM
7.947689270756748,0.8116135884768845,386.93610243357654,0.7036436490453164,870,None,CBAM
216.11138427106997,0.4279827538446384,147.57013037697686,0.9473592216865401,871,None,CBAM
347.4236195129499,0.859788448831289,187.7179286807805,0.1593514681583752,872,None,CBAM
83.2026684022424,0.8919238936127485,113.96510289087023,0.9369348631343329,873,None,CBAM
72.11169396528777,0.7776642746935606,193.1712090788911,0.9405847321103205,874,None,CBAM
332.2372750697126,0.3962560925745796,207.14806426851084,0.8802158320458354,875,None,CBAM
260.40161593714157,0.5685907700817978,397.5292867972845,0.8730919086057959,876,None,CBAM
136.51900306573685,0.70241629108167,70.55371757330244,0.4721319136531809,877,None,CBAM
315.30213758765643,0.07140752901398843,1.6988023644412578,0.948184959091752,878,None,CBAM
86.45481814926741,0.8313457316668043,331.9324592714856,0.6624714381938491,879,None,CBAM
7.102000971042735,0.24144664182318176,136.76003441807433,0.6646220038827382,880,None,CBAM
99.46082490067012,0.8339207389321092,121.87267941315515,0.677724536767543,881,None,CBAM
334.3568941591652,0.07293211007853974,99.39782611546865,0.13427972635645136,882,None,CBAM
377.90438385807454,0.7552467950602535,180.88394615946183,0.0053416809883836125,883,None,CBAM
267.57974083148133,0.26268965271773453,258.0859014766383,0.438062960793957,884,None,CBAM
399.6327891370567,0.5057841078156936,153.65459460005852,0.39208611832048246,885,None,CBAM
393.7863384999266,0.8755607392543282,55.839798154045695,0.024240134129328062,886,None,CBAM
118.79504974196844,0.8612678527605813,54.52342806501454,0.7365459212497403,887,None,CBAM
192.08027761346924,0.5119202840291861,119.95123901151945,0.6283929341832264,888,None,CBAM
308.60923420811145,0.09400271155191645,335.7474091360888,0.2350727843291453,889,None,CBAM
285.2139538171941,0.7875080767328339,389.4157778114759,0.9047636912237248,890,None,CBAM
353.9790966532557,0.5833414402763948,245.14869442137757,0.8516930521979701,891,None,CBAM
146.60668976580388,0.3660400080818939,116.32857583817338,0.3332411602989675,892,None,CBAM
301.8454333535892,0.9169693564280396,272.8129500630052,0.25521909231961554,893,None,CBAM
195.88503620656402,0.6620968430761577,383.1026018317383,0.07291933667780222,894,None,CBAM
19.815249487086604,0.31647345694515333,3.628440315284271,0.9238716409305817,895,None,CBAM
123.04354104179403,0.08584707146380638,198.6549891460285,0.032920311201149084,896,None,CBAM
395.2174575118685,0.6697263198779657,366.0427648632109,0.572560443254948,897,None,CBAM
392.9093796630719,0.9269591430242072,52.440580591074756,0.7984671510160908,898,None,CBAM
60.0384643799506,0.38561591908963716,213.79086142964988,0.002719327018869537,899,None,CBAM
247.66449584092723,0.7424672269035409,7.7494824887656995,0.7698663694946515,900,None,CBAM
151.84236205672943,0.30358860289865214,47.35027021323152,0.5828352445717931,901,None,CBAM
195.08162770424292,0.781141758888929,93.24170172935436,0.11884606797395184,902,None,CBAM
249.56088365779704,0.8388554211137766,252.79390130711042,0.44780873011042477,903,None,CBAM
25.802791091466954,0.2929045840450132,364.5261479737974,0.8203293612369094,904,None,CBAM
238.4724504828214,0.9956857514296036,116.78098975179773,0.7684829750908545,905,None,CBAM
23.09584355450342,0.5599630330195986,66.18786473259053,0.4600466983525959,906,None,CBAM
378.65642025621753,0.6662912554885456,309.57822443829315,0.2778552032157436,907,None,CBAM
8.19309414673069,0.027671149268874155,314.9800714970599,0.03318916825151093,908,None,CBAM
296.1377254829952,0.6575256316272816,69.06001309221887,0.338449492803077,909,None,CBAM
285.78771417158663,0.485864676602454,263.30727996627206,0.8731961682973335,910,None,CBAM
174.61301821566553,0.17540313236321103,75.54851803669825,0.11091144387553482,911,None,CBAM
116.77507628344166,0.9377553331976267,2.3829360649881064,0.26442249679768,912,None,CBAM
41.31171286763662,0.1030531069858295,145.74832463078806,0.48498911201601863,913,None,CBAM
29.776207591239206,0.7509593902482394,4.835823015135299,0.01369926151095614,914,None,CBAM
340.5526334415074,0.029455788856231947,371.4880254839575,0.39297353146634545,915,None,CBAM
169.19439019948567,0.36856492783238604,350.8041676167079,0.7102360663384238,916,None,CBAM
272.9717073801304,0.2058594279216597,235.2723877693684,0.8809372051681373,917,None,CBAM
258.2178362621407,0.565699119142997,178.75265115288533,0.7778993717405775,918,None,CBAM
367.5211701432936,0.5369145803134229,70.70405038901625,0.7798620304255355,919,None,CBAM
17.01300977018219,0.1691301393865296,123.52095337698732,0.9683652241492052,920,None,CBAM
13.54424388148059,0.3559773580548338,170.56786589778406,0.5864898573728843,921,None,CBAM
294.2382496216732,0.38617257704217456,152.6289770068612,0.24356906969368344,922,None,CBAM
263.6811327847859,0.791930260499844,398.94195072828546,0.8245187270449374,923,None,CBAM
306.05480466883864,0.6999543355511028,153.84641085660718,0.14696770531535425,924,None,CBAM
139.86816277153272,0.9740315945041078,204.2475643573825,0.16966804646479441,925,None,CBAM
310.0302761863837,0.3331472021414294,306.82450600379235,0.9268452088507292,926,None,CBAM
11.833265837243589,0.9206875574733844,295.1556423788647,0.891948331045529,927,None,CBAM
39.98058760422288,0.6565101921055805,286.00402115312454,0.4340328311644021,928,None,CBAM
323.140686826892,0.6378896280920624,14.039420607837796,0.11598972624712998,929,None,CBAM
369.5329413398717,0.6053582667032416,29.82295816507087,0.6609790826869472,930,None,CBAM
188.55232449204365,0.4554881081904165,209.39544410767445,0.9391281440163957,931,None,CBAM
64.05764767156535,0.30717156223989106,239.16651616417025,0.6795188676376532,932,None,CBAM
27.677304828275208,0.583977608125007,200.2611333385345,0.5735571533506337,933,None,CBAM
371.62353819761194,0.7298992768985666,44.966756595949484,0.1736565780341484,934,None,CBAM
229.27927571080636,0.958848956411458,268.098028753026,0.7332158339698239,935,None,CBAM
355.6365427569388,0.07783549095598669,167.63794567960454,0.9879618409311987,936,None,CBAM
122.53893029084986,0.3378087116608091,371.660334731163,0.1938494121716956,937,None,CBAM
296.5995782087651,0.9099148398455496,261.60939203433816,0.07467094679466361,938,None,CBAM
81.5126730991122,0.21488609893790359,298.51990853274646,0.9078832161837912,939,None,CBAM
146.97471338490462,0.6172771538456223,171.0322321155132,0.32353791691829514,940,None,CBAM
274.4704004962126,0.8205792262200993,357.841431189265,0.14282127521028098,941,None,CBAM
386.8454626139689,0.7622746529992058,109.32510245609832,0.4465554804775601,942,None,CBAM
317.9373915727168,0.8251930564566997,210.71175168951427,0.31903153746341784,943,None,CBAM
271.0817313416332,0.06310016368288092,91.58620591824408,0.31882311232138083,944,None,CBAM
197.02826248181304,0.18706377142633127,43.09824600621705,0.21639496402419664,945,None,CBAM
326.0599020278825,0.6482601740592636,127.511284126178,0.13800066532044983,946,None,CBAM
200.66951243341836,0.2154056459448802,126.9459511669977,0.8415555032823464,947,None,CBAM
312.98400694619755,0.5513809691864402,341.42681687383674,0.9954671527482764,948,None,CBAM
346.8946067293749,0.8468943945486239,48.5089398107113,0.09833434578375501,949,None,CBAM
239.7206715291634,0.47326382446997717,12.349454151391468,0.64350428032024,950,None,CBAM
34.302008590794856,0.2902662695033449,225.35138203500628,0.4638713792309192,951,None,CBAM
76.6193119409127,0.9187006095403591,56.06272927617052,0.5683653039978982,952,None,CBAM
59.1152680661086,0.5149386074076862,355.03278573609833,0.6538712206778057,953,None,CBAM
354.86868841930703,0.7795614921174073,193.50315365741596,0.8121688353703611,954,None,CBAM
112.80992801788199,0.34420039294720395,58.50934016365126,0.15378603854265768,955,None,CBAM
55.70301206193711,0.03075696091002216,70.79274050682605,0.22311771493540156,956,None,CBAM
146.54646461443448,0.8925098882132987,46.336783534726386,0.6633898868066432,957,None,CBAM
147.95087215245516,0.49238803507775336,144.3714463251656,0.06325489362010187,958,None,CBAM
153.18690980871983,0.40103957087488445,273.5060753074502,0.6093187333261679,959,None,CBAM
329.6335863717576,0.9058752802901767,226.31978769718705,0.5995523740754493,960,None,CBAM
199.88749912939002,0.012345277887055497,16.7002884711307,0.9785180350956664,961,None,CBAM
360.84528853114296,0.14166145285902654,271.0733245049498,0.9378831028218239,962,None,CBAM
234.9026552047779,0.6167556722375704,367.29519987275626,0.08806396114078041,963,None,CBAM
317.17982685823085,0.08518191879759429,201.2825293914283,0.15964029601429222,964,None,CBAM
235.28118612538046,0.8016372390422561,43.97999064878987,0.21389756761248738,965,None,CBAM
16.241141072793674,0.8328939514330206,44.23008521740073,0.8012534182066435,966,None,CBAM
67.96154580898349,0.009239614884014244,386.12946685131186,0.4752884895750227,967,None,CBAM
248.2324445935554,0.3739209318833578,366.73804901457436,0.8849756617077593,968,None,CBAM
29.143461267734423,0.20948396534319227,244.09902088519812,0.508631374215042,969,None,CBAM
230.36423015104984,0.9276475690297584,182.21395884401846,0.06434925158423309,970,None,CBAM
177.8825308087907,0.7933976405364633,182.04084544881468,0.6062166273991033,971,None,CBAM
399.91707383894254,0.08218983175882788,71.13767974811171,0.7456471819814693,972,None,CBAM
113.32991243585062,0.07984376045500564,398.0142697751017,0.07195060583982234,973,None,CBAM
99.54266994650219,0.12197520046874219,30.7322154253622,0.7532830851121073,974,None,CBAM
89.73582147131887,0.7789247947942978,199.65417321699402,0.31369584004319995,975,None,CBAM
259.85777872944544,0.3066367432699718,372.57412387404923,0.19436920909180008,976,None,CBAM
286.2811842564284,0.9393193587860023,255.23097556109923,0.22603277395163193,977,None,CBAM
98.73162907487337,0.808938340992554,261.7555850894935,0.1823026553077782,978,None,CBAM
198.47522016119393,0.6122767750871454,279.2323032215468,0.18827109805330391,979,None,CBAM
200.48555477720532,0.9617772497637974,39.29224737800667,0.053002343604237244,980,None,CBAM
250.3061333355741,0.6003234497587849,7.473219626743442,0.7833721989171176,981,None,CBAM
167.5250893751351,0.06971227687684833,366.7107444053395,0.26794645400236805,982,None,CBAM
126.37120591140119,0.5891855364206239,2.8847106311198143,0.6303773524048806,983,None,CBAM
212.85096017526706,0.36159484223649263,302.6542630657251,0.9622778456561324,984,None,CBAM
9.095805398387354,0.968822482171395,80.63931458647201,0.4603787860587774,985,None,CBAM
250.45102406418982,0.8782520282817747,339.3505956054216,0.7565157855311601,986,None,CBAM
361.75627915426793,0.2683240056047028,289.8661174430744,0.0639509423167617,987,None,CBAM
77.24742794175883,0.04580925054007072,100.03075794231435,0.4684690379925733,988,None,CBAM
43.95563547946695,0.5448131612345688,356.19323232034753,0.23832084612797824,989,None,CBAM
296.6679587049088,0.6930865049625546,378.48357774241333,0.6604126445189201,990,None,CBAM
257.04947664492136,0.22439886536187922,120.7081535357907,0.8684441575758891,991,None,CBAM
176.38836980830916,0.1545506530164554,221.42260596702323,0.4344712056496242,992,None,CBAM
351.7293071668331,0.5765438537837864,182.11305277787727,0.2780173998363871,993,None,CBAM
211.55269161336787,0.5755813234552233,198.99878882971763,0.26104206531745205,994,None,CBAM
389.42436289402053,0.1811337959083523,285.02384730431976,0.3650451583299762,995,None,CBAM
215.3533069800772,0.49746034565694736,289.4933871657877,0.6390015927649625,996,None,CBAM
342.5935788171102,0.9607967165043942,230.33173586916467,0.0767484710717381,997,None,CBAM
208.33101947871114,0.26349951462300875,200.63676655087664,0.9320923817765776,998,None,CBAM
250.92599471668723,0.35066528649578804,389.11947197408045,0.6911279087434964,999,None,CBAM
256.6889606422597,0.33100115004407027,313.480870369041,0.5094342610946776,1000,None,CBAM
323.8295865512612,0.04118220464723499,94.41716766641571,0.9138808331069741,1001,None,CBAM
166.54455542422497,0.790039068787341,78.73023618213729,0.5511958950704593,1002,None,CBAM
9.466512947928111,0.5637668514798313,364.21908650084134,0.5791460221475053,1003,None,CBAM
83.96275840893004,0.2565891236219377,215.90918993135105,0.24550745559190673,1004,None,CBAM
231.44049039956914,0.9977393654883782,344.5810223968428,0.9294322360894246,1005,None,CBAM
33.60975643384769,0.16434079605594024,238.1800023960505,0.003513394917693389,1006,None,CBAM
7.569264838448466,0.7798809962346707,111.59303116734858,0.829037821219013,1007,None,CBAM
103.54589275597408,0.9108830384140515,268.0183181479909,0.5806498166754276,1008,None,CBAM
36.23853798431323,0.2191851663388933,101.33592691571597,0.9012440878439066,1009,None,CBAM
30.548400519325536,0.7125329540505642,338.59596024781496,0.6702879980018478,1010,None,CBAM
162.91170986369747,0.9173297885101196,75.69692035084638,0.05362706376344165,1011,None,CBAM
348.1651261233036,0.6471087975469644,307.6753688405558,0.04974994248070789,1012,None,CBAM
321.8868023026718,0.2869717563935338,349.44369578598514,0.16431641219248133,1013,None,CBAM
386.7217797859301,0.07260792428951561,81.44789903739594,0.7626941370542782,1014,None,CBAM
375.036645972275,0.9623689656584878,264.865841022309,0.6527091310807764,1015,None,CBAM
80.85756648735862,0.9472934560059589,384.2064003133209,0.6329070780896993,1016,None,CBAM
66.500104281436,0.4714081456108501,167.78870794663698,0.403211449474662,1017,None,CBAM
69.845098639121,0.19401434060221628,356.8336036380377,0.3030270852925505,1018,None,CBAM
97.41915238137918,0.2424168863856863,313.47209478608056,0.7967091535375399,1019,None,CBAM
109.62854719866478,0.054650302225109276,97.46915177694977,0.678757686945155,1020,None,CBAM
241.50881576897027,0.06157257077324174,302.0111181472348,0.9841030394034783,1021,None,CBAM
189.96281089148894,0.1419693161931099,91.19223038120128,0.2378533277008412,1022,None,CBAM
33.65204984519905,0.9840289141207205,134.46560396339734,0.864237791446394,1023,None,CBAM
247.86887397268157,0.06118050592942051,207.042707808123,0.586521557876534,1024,None,CBAM
389.45248533183207,0.32631399688830093,155.4523172854738,0.49397559263923185,1025,None,CBAM
12.113067289802942,0.5423513947591819,213.8632418056273,0.07629434578828591,1026,None,CBAM
237.1660273651324,0.14496330219410786,351.4459657344309,0.40008193011594606,1027,None,CBAM
283.9424918166636,0.8995023788261645,168.89689505574714,0.08594199971931715,1028,None,CBAM
236.58262058521612,0.2182377032580832,379.32524146632056,0.023985210134487955,1029,None,CBAM
375.2397725548019,0.2884592729481601,79.73826179724729,0.7305956234251679,1030,None,CBAM
337.17981030765463,0.9849014550956285,232.1178444956025,0.45172438139267096,1031,None,CBAM
392.0985818386316,0.5600535611055559,361.9072207161993,0.44591643955453864,1032,None,CBAM
92.31341648807604,0.2919031597832542,323.5272857229117,0.055364185635401186,1033,None,CBAM
242.5866666256024,0.1600022417414683,279.48225438025196,0.8805823938555519,1034,None,CBAM
61.21764987215638,0.7575357672604691,46.48137281041434,0.19689413457019148,1035,None,CBAM
149.94429949988438,0.4034105561443262,387.546911835982,0.5433506080664541,1036,None,CBAM
19.285945607396084,0.35127386673031524,1.8291797493999076,0.3809222360864301,1037,None,CBAM
184.03196238990083,0.19682085726259477,189.68034211181129,0.16874744749269066,1038,None,CBAM
337.7716896154825,0.35318862034881865,259.724619277488,0.14587703586385142,1039,None,CBAM
303.29155462076193,0.39654822575473975,218.65474113866546,0.665865863001965,1040,None,CBAM
171.10305841183785,0.40249090152522776,6.752848624011008,0.876526145545882,1041,None,CBAM
175.10781691396946,0.9469486511270983,197.943095067346,0.24921171493636746,1042,None,CBAM
388.6089176998616,0.5431301236328588,0.9382808629547563,0.26139138950602514,1043,None,CBAM
239.88359543490324,0.10781101001396752,89.43610712302586,0.07399683438658494,1044,None,CBAM
191.45267809996255,0.8933980959467919,14.459360538095961,0.4414730907850317,1045,None,CBAM
53.54599404947612,0.8905897058023234,302.5957391986375,0.7425756631986065,1046,None,CBAM
222.82910502520176,0.8093438913100222,341.84685697516585,0.6497512725046698,1047,None,CBAM
309.34423182329283,0.7695359449493671,13.749027946602085,0.6611234210429847,1048,None,CBAM
123.81617269795713,0.01815448340731827,110.61455676454057,0.02922435598401077,1049,None,CBAM
359.55168989412255,0.24739451926962577,96.03961586402752,0.8022822376477088,1050,None,CBAM
255.07075786902425,0.22228987419855847,20.66881873469719,0.43732411580240194,1051,None,CBAM
6.033646338070424,0.6989504287696234,207.30288691219587,0.5888185169204326,1052,None,CBAM
216.4601660396385,0.2028722953131547,105.22991870359444,0.9368934799611016,1053,None,CBAM
78.63886278691889,0.7918245569423452,119.25247457576806,0.07060821447967622,1054,None,CBAM
149.4675321766223,0.60603249342779,99.77153589212469,0.7447922189642818,1055,None,CBAM
163.71242976086114,0.08938939217221126,229.4616897746165,0.49599785753670816,1056,None,CBAM
369.90282980591434,0.7712677203283189,133.2866802948973,0.3711453903578478,1057,None,CBAM
11.294349733025557,0.9950931259607558,360.6239985429259,0.13390078069815872,1058,None,CBAM
343.7784791070329,0.5067506844245664,313.7209422514871,0.17529077184810132,1059,None,CBAM
157.07157728493283,0.5521308916635956,271.5595360290136,0.6875237011334752,1060,None,CBAM
105.65527507258952,0.8120259867651146,370.8093253515005,0.7725691180971771,1061,None,CBAM
342.6649323205873,0.44080569991145907,210.38622047351905,0.7542747046654974,1062,None,CBAM
335.24431090746754,0.18569514478007712,279.64087748017937,0.634629311768704,1063,None,CBAM
41.33804634409662,0.3505333417698523,26.102182282105524,0.9089166379646505,1064,None,CBAM
358.09201561966466,0.00032298424121909023,16.884025347857072,0.8016445218066675,1065,None,CBAM
399.25448467275254,0.03693550105778012,153.92547258303227,0.6751295695025645,1066,None,CBAM
238.18238142642173,0.10565676677046351,76.89623456660183,0.35260718573192534,1067,None,CBAM
223.25440228469563,0.0910430900941751,355.257297447821,0.2815271022245364,1068,None,CBAM
342.71605067404744,0.098382197053539,63.38178148034848,0.8562239213243503,1069,None,CBAM
11.862709868151569,0.4144339180827715,276.12794828880817,0.7009865650186848,1070,None,CBAM
296.1166710553582,0.7468984234470435,38.172164050991874,0.7472578041994548,1071,None,CBAM
48.749935721821245,0.07203643769250406,89.39587700253901,0.8830261739827333,1072,None,CBAM
40.249156150260035,0.3023301640401939,158.354606046238,0.8707991736619306,1073,None,CBAM
158.65313180457989,0.4900495449377966,337.9927674369283,0.8043107732928452,1074,None,CBAM
18.047770275639742,0.5344838968254738,161.76877021982503,0.7942916235266819,1075,None,CBAM
228.11654126151194,0.9279211591792529,19.8948965055674,0.7924040477097106,1076,None,CBAM
394.1058449529646,0.9399872741613023,398.8332217073547,0.11721400511548347,1077,None,CBAM
83.67316323878178,0.9518692148634303,155.5948090491288,0.01702014315114327,1078,None,CBAM
41.12159427282549,0.4727193142657627,217.5008383738307,0.6248089828741831,1079,None,CBAM
77.70502313832624,0.38090049883118404,23.618338354457688,0.32335544236267905,1080,None,CBAM
167.73277934212302,0.30875372637584,357.3680999121497,0.1960710228132242,1081,None,CBAM
56.796405778462955,0.4892281300049253,77.9685781234504,0.2124563746245429,1082,None,CBAM
143.30244542546745,0.28657613448997865,177.6095675741107,0.7065141941397909,1083,None,CBAM
314.90268083713573,0.8699274420532974,238.21337301911979,0.4846228589736664,1084,None,CBAM
221.11201062399903,0.945102674507642,123.29184527979116,0.4889836689964146,1085,None,CBAM
335.2315397953915,0.5909904451840587,144.33368574228672,0.5660620891421134,1086,None,CBAM
106.28958853535389,0.22658329254733936,223.7632179278379,0.5916123381581945,1087,None,CBAM
10.516963252956423,0.7456230983010317,78.21947318112412,0.3141461850124345,1088,None,CBAM
171.6782104984952,0.6500669451751059,275.36377619128285,0.4683092055143658,1089,None,CBAM
104.28879753281934,0.45716092908965295,12.73002315802145,0.3468750390735155,1090,None,CBAM
327.46660086256895,0.7684316874705742,171.80891825688843,0.0009057287696838547,1091,None,CBAM
184.55471209778324,0.9211510253639763,270.59318565096754,0.41112307794128033,1092,None,CBAM
374.1623403155488,0.2192900356673629,54.24595716074061,0.798322599592672,1093,None,CBAM
263.12376518558847,0.40093028138730186,23.47304792153751,0.5364359792217316,1094,None,CBAM
325.7394300168807,0.5555467434677851,74.40560682854945,0.6259945116948766,1095,None,CBAM
304.7530082564678,0.4507362877644834,382.9560181639044,0.828886909652462,1096,None,CBAM
338.17208581728903,0.6536802342412135,211.78935070019773,0.9669247361743529,1097,None,CBAM
109.88590555503525,0.8212671571378363,31.548246926591368,0.4476402306014581,1098,None,CBAM
208.2489756267147,0.6948782637580377,79.31067638420772,0.9953198762440529,1099,None,CBAM
168.74960566816657,0.9929348025771016,45.53205670683764,0.4167893573103076,1100,None,CBAM
202.37291665057344,0.5330638214709175,278.88328346800233,0.11960144096374642,1101,None,CBAM
206.15487872291368,0.8472107161754036,320.52380129677385,0.5599176015988337,1102,None,CBAM
338.4599843127544,0.908756887693909,352.0579139887337,0.5592153851697578,1103,None,CBAM
272.6271959879473,0.6515599801485478,130.8348514115061,0.018683408190611935,1104,None,CBAM
378.1069507686814,0.4930783964899717,30.032184934458062,0.7821339073024357,1105,None,CBAM
182.68569356730353,0.5712204283169302,359.27547228278706,0.424804907241546,1106,None,CBAM
24.824297041082517,0.547524543426212,183.88382017507706,0.16804438980209505,1107,None,CBAM
359.92224490465367,0.16839417275007967,36.28138232582003,0.8558599531366715,1108,None,CBAM
291.0820493193386,0.5332121170643086,52.05845838801883,0.6142784933727772,1109,None,CBAM
304.31009073194576,0.029878041320095836,59.42650695021051,0.09886772661463976,1110,None,CBAM
336.64683414188414,0.7748511828547198,385.7156551099547,0.11836567903350541,1111,None,CBAM
129.31431865916275,0.23855857035085554,382.88996731576066,0.03491210720513385,1112,None,CBAM
259.50150607058913,0.7246119330994285,68.39097560537991,0.040030916240436074,1113,None,CBAM
340.9137427270073,0.2881056564496268,363.5883623395662,0.021449077120453585,1114,None,CBAM
20.556313207378167,0.07904249948866368,282.7991987439651,0.6251131607098599,1115,None,CBAM
353.8695906251908,0.6919684008399678,9.756355630143132,0.13187066381261064,1116,None,CBAM
0.5979301653269425,0.6556885539127255,302.1349793660347,0.03864588059588972,1117,None,CBAM
291.78444147939246,0.5241181963461837,31.229182493118877,0.4537053955350892,1118,None,CBAM
222.62930235327252,0.7891206587485105,116.09998493485647,0.2770345140011129,1119,None,CBAM
382.7556457572378,0.47939506780282337,253.63515933029683,0.6187237929851801,1120,None,CBAM
6.233758265726063,0.608203148403173,168.50788758237195,0.9436085325976908,1121,None,CBAM
100.17457297454904,0.6538370098304298,143.44287610864328,0.25991030803394966,1122,None,CBAM
313.3419390177792,0.35567089964281634,123.86260958746102,0.3187580933341119,1123,None,CBAM
33.12708268611624,0.08691826480630652,299.81958919559605,0.522787547239724,1124,None,CBAM
274.62669054193515,0.35195960240316465,331.7425362858585,0.2758440169372721,1125,None,CBAM
349.9598502350716,0.6850949815790153,24.499970889518313,0.11089433320905889,1126,None,CBAM
379.32889358733416,0.022220364445908775,162.63352602931053,0.1728934854864489,1127,None,CBAM
253.53561684896414,0.5733909986599736,212.46140263348815,0.12697152258517105,1128,None,CBAM
398.412005591029,0.7076682385292535,160.40719594666885,0.7672316653039118,1129,None,CBAM
92.74047748034565,0.4634149117573357,327.3351278954738,0.8322788805108199,1130,None,CBAM
144.38502103325516,0.9012211106564606,199.41068281365506,0.7932753476556741,1131,None,CBAM
314.3718142055354,0.07104382139439291,311.0459532697001,0.46543028431724803,1132,None,CBAM
62.237240649818595,0.9239420705550144,389.7950712099555,0.7211370834766221,1133,None,CBAM
129.66623381685335,0.49791585628575546,309.3775225009124,0.6223209328052985,1134,None,CBAM
127.25657911583536,0.12516449309103972,285.512996184646,0.7315209090913569,1135,None,CBAM
186.61570307407075,0.6914447393937253,56.59440440880855,0.7194483592626479,1136,None,CBAM
15.99603087112861,0.682079024035442,387.69699288663537,0.46910489323250415,1137,None,CBAM
154.9436071515131,0.16107668329086788,366.0824179451841,0.8267794890291754,1138,None,CBAM
55.616263845865944,0.38059345429894414,118.52661467707308,0.7208513485596504,1139,None,CBAM
311.96980610894605,0.30934159346144136,189.27684970068051,0.04366460772712447,1140,None,CBAM
228.7147173909542,0.42825290736273597,132.62310993436347,0.178534002742355,1141,None,CBAM
135.18712570970104,0.8823898230734413,98.91014099737069,0.6622399316922888,1142,None,CBAM
300.06205337834035,0.9650980416098927,167.559827794342,0.5182399130613581,1143,None,CBAM
17.243040349548487,0.9045282216585763,328.83470351008526,0.7947248629596748,1144,None,CBAM
359.3099464562124,0.22176530880657092,223.45949328240073,0.6025476981577412,1145,None,CBAM
5.157677931650436,0.7956946886273842,390.4636704225897,0.004376952390776678,1146,None,CBAM
169.62412103155512,0.5283136420015527,8.260798880586783,0.20114855698083087,1147,None,CBAM
188.07984884788277,0.45618057872115936,24.440200256967184,0.26313529368186106,1148,None,CBAM
364.3686609510436,0.32958618514587273,349.1409370770993,0.43925227602847566,1149,None,CBAM
155.7138625536294,0.2973147884127468,385.0739618237374,0.5887754083348243,1150,None,CBAM
44.38263695022324,0.17224645876023506,375.8009883581421,0.3192189376948514,1151,None,CBAM
12.985758742738657,0.2956673080590417,211.19711800608917,0.7057059042072384,1152,None,CBAM
241.82788019905902,0.3309143185338524,101.87395782741604,0.20617119537051207,1153,None,CBAM
68.03017205268915,0.9646508518227327,152.28360009506582,0.2924769380343331,1154,None,CBAM
343.30377950728536,0.346994347380811,357.43415545091966,0.30575294349677845,1155,None,CBAM
249.64386377038457,0.5864767275678766,389.05268125250785,0.8721373314773361,1156,None,CBAM
399.5101635164757,0.22546676123015666,188.72158463214242,0.6149551387840616,1157,None,CBAM
197.64787680634686,0.43134504584598465,285.8567523617522,0.5547052920209021,1158,None,CBAM
383.502900946262,0.5127141825176327,82.28748193895498,0.6590476853856719,1159,None,CBAM
265.7627473794393,0.2639206529442899,286.274528689805,0.9884646336457318,1160,None,CBAM
319.552532858412,0.06175337274072089,261.9456381338029,0.03799325134099096,1161,None,CBAM
286.0074346415063,0.6350386655769461,186.7340324613751,0.09981730414637639,1162,None,CBAM
315.5756762898645,0.23747879387831355,148.233412186062,0.9431983565597635,1163,None,CBAM
80.48979679567923,0.13596720152535813,48.55782078215138,0.04653852821665493,1164,None,CBAM
149.17856540854186,0.1267616171253796,346.7861680937137,0.31944295801401346,1165,None,CBAM
102.89438120692607,0.784756995567688,129.20476047402417,0.03979016726157004,1166,None,CBAM
111.48542362245037,0.7367002730204959,45.97878534356122,0.39696364560236164,1167,None,CBAM
12.442471158550067,0.6317830734920572,355.85384863751295,0.712871632832015,1168,None,CBAM
357.98443929119946,0.8648448568078312,255.33838480545353,0.10621871976217391,1169,None,CBAM
348.34601842938974,0.15732492464142656,183.37757658033235,0.06013014431684609,1170,None,CBAM
77.16731255695719,0.911653370811434,223.99175702286124,0.10505334333051321,1171,None,CBAM
354.4694097572484,0.7921092938342026,123.58790279107782,0.4150149977175932,1172,None,CBAM
243.05659813066916,0.8075562441455604,247.23578016656705,0.8170502388543448,1173,None,CBAM
193.80903469614665,0.2709893509834284,216.74502130138245,0.7681374882068205,1174,None,CBAM
240.67359022370388,0.04747428781802506,350.2366881157265,0.7071009499140535,1175,None,CBAM
369.56962212648807,0.2880764851245459,250.90321653392613,0.267619304348082,1176,None,CBAM
348.96366382684334,0.0510924800622132,29.93420035631638,0.6932362131467722,1177,None,CBAM
200.52654063552856,0.30201313837848737,341.22777009637565,0.9566514428907316,1178,None,CBAM
263.02780410237773,0.5260917041923218,161.32142285662155,0.08139194386955796,1179,None,CBAM
199.33128128196537,0.9625712028345209,256.131873666127,0.14366188330182905,1180,None,CBAM
44.62031410589476,0.791501979104191,181.358475506282,0.2987980461566232,1181,None,CBAM
282.55897332278334,0.20030460000535316,98.21020829430945,0.7432246763563061,1182,None,CBAM
370.6664403487414,0.23124283272430832,87.45084015854036,0.270077504783613,1183,None,CBAM
312.62479703066674,0.1822456496589151,54.84368949236854,0.6774919505756394,1184,None,CBAM
283.64070369858734,0.33000161078710255,226.50303153348665,0.05991291298785507,1185,None,CBAM
0.95171376496833,0.451189798300264,365.52711244334097,0.794490846764254,1186,None,CBAM
55.67926241545808,0.39187417030801036,394.970572097823,0.9688511039914142,1187,None,CBAM
273.56578493584016,0.3710705209849033,42.879746984897174,0.7922820215437455,1188,None,CBAM
60.194766577514926,0.06631351905304944,130.87351186946395,0.02239314573225745,1189,None,CBAM
176.5069060741728,0.9446191715375984,50.50484888636472,0.9568665007277487,1190,None,CBAM
21.27233523124403,0.31498754566945564,242.11879927776806,0.7774524467587683,1191,None,CBAM
127.64270346103368,0.34957033207953564,147.28102484363686,0.03716791175417515,1192,None,CBAM
346.9476278587743,0.4148457811233203,198.5986847224317,0.0314108779946276,1193,None,CBAM
88.77106272277035,0.8203119289899856,64.74030988927028,0.9980166733006077,1194,None,CBAM
32.10431144876995,0.4065311916236256,252.1553741824127,0.34239517311700907,1195,None,CBAM
327.70804217245177,0.10413911557781867,200.12776886704683,0.3628232755326615,1196,None,CBAM
168.4946946803867,0.20866382635697495,202.26416913046137,0.07049360962610812,1197,None,CBAM
98.82025040691629,0.5352608600608414,138.92722607520665,0.8846982544658273,1198,None,CBAM
292.7558809732802,0.33881775676325926,340.5501463704006,0.7584453134798254,1199,None,CBAM
369.93582410152754,0.17814048501779553,330.20268837266997,0.9706099738474343,1200,None,CBAM
127.18940963711735,0.12100473409760688,116.43779583761989,0.8250592780035024,1201,None,CBAM
5.861037467678824,0.6270151982934868,391.2203732335517,0.003436253852343612,1202,None,CBAM
241.98102219878308,0.17724446444606876,194.2891400871159,0.49460397991739247,1203,None,CBAM
64.09105505584314,0.817402600734207,331.431104497104,0.49147959082152864,1204,None,CBAM
246.23862786624758,0.4863840643214871,348.54830951677786,0.42405697891950994,1205,None,CBAM
126.93926386749179,0.8079039729752857,68.03402110491012,0.4199656834238844,1206,None,CBAM
18.28545113741555,0.425497399357332,277.8999959955919,0.5969763467624842,1207,None,CBAM
289.64843085044924,0.6141165242946908,138.77389905391456,0.23585182689779408,1208,None,CBAM
226.0220703929169,0.6494429416695991,172.75341236583455,0.7270987622849174,1209,None,CBAM
122.28912890858797,0.1093517576593839,360.9000066820762,0.6589000901581925,1210,None,CBAM
271.82600082725827,0.7870023371531663,143.5002301936627,0.1944775913768097,1211,None,CBAM
162.3074038062474,0.8022071458073904,198.3134456468656,0.9629171916046612,1212,None,CBAM
305.881847711502,0.7330679913321277,384.7644843828463,0.8178412300276016,1213,None,CBAM
52.671325431081584,0.7802165742981962,67.28852764662436,0.14898257153941416,1214,None,CBAM
262.0153454939195,0.9565942852266639,51.99409298604169,0.319911919576387,1215,None,CBAM
182.91550525841166,0.3201139321010522,357.9889085413931,0.6678108933018759,1216,None,CBAM
67.38658790385142,0.22010647924743643,202.9388017199314,0.019338061941192114,1217,None,CBAM
181.97979906012037,0.5739325399637308,110.83647314403918,0.5477477237806415,1218,None,CBAM
248.400893727481,0.13809755484730435,10.85707603833452,0.16996124766277926,1219,None,CBAM
303.8630803015586,0.1110442551194659,53.0296271487671,0.997279680927239,1220,None,CBAM
244.93693258200517,0.6090635595666503,316.112104541702,0.591324858564931,1221,None,CBAM
345.29883596309446,0.34810095382380607,161.4485319588296,0.7764354307583687,1222,None,CBAM
145.73841054117676,0.5271424981432619,202.52772137494847,0.32242197941780937,1223,None,CBAM
372.02353331363514,0.7448392013466798,77.01868847784628,0.40573275089711086,1224,None,CBAM
339.05431458566096,0.33765501505022144,324.9067648966364,0.3996288203335492,1225,None,CBAM
36.30298971239037,0.2807533846452842,350.09522984200646,0.40878797791368027,1226,None,CBAM
396.13432897182685,0.04933271777763484,49.723839098358475,0.47101721401806934,1227,None,CBAM
105.63991382084863,0.6402450309904394,375.2612909295094,0.07078042563259072,1228,None,CBAM
161.99078628693275,0.8507697133584518,306.3278270517065,0.1796304014088783,1229,None,CBAM
56.83815551888457,0.7333047759542525,394.12963624089684,0.7714172405792706,1230,None,CBAM
309.01384206143877,0.6687225764778726,73.40648162695655,0.311422864421578,1231,None,CBAM
149.2254724009909,0.06419525129553197,185.30299399281446,0.30756740616840733,1232,None,CBAM
313.98919736291236,0.347711882001264,38.59079993672287,0.9523345061881032,1233,None,CBAM
32.839027507985634,0.41543298617917185,294.8459939939104,0.5830822967695709,1234,None,CBAM
66.45494329173246,0.1603772881194802,47.436484398929245,0.12718677665123188,1235,None,CBAM
224.14010264636448,0.872102581028543,294.7053555990992,0.2713968534617276,1236,None,CBAM
18.72725953750885,0.33438023801257505,183.61856927584,0.49757691197046544,1237,None,CBAM
94.90093679887072,0.4721035675422214,396.59552461283243,0.8886589625711537,1238,None,CBAM
74.32018959408356,0.4261589028647006,326.0004538222216,0.8838492806515799,1239,None,CBAM
1.340696982686384,0.44222876517393533,325.005148106679,0.35498212630269615,1240,None,CBAM
262.76488048646326,0.336473489793491,69.53652010389983,0.9416972580362561,1241,None,CBAM
317.51502053684027,0.9336195469697488,376.1098077216525,0.494828606315802,1242,None,CBAM
225.62118276374204,0.8610675005465852,59.28247031112619,0.9781707102372816,1243,None,CBAM
330.66578365447754,0.059790691993851966,168.36546001982117,0.33674471650074767,1244,None,CBAM
217.20502863941184,0.898597779698106,69.11081233102372,0.42665499066889745,1245,None,CBAM
355.57371522198434,0.015349123344539013,265.7282629775688,0.6271589086679676,1246,None,CBAM
261.49157120640325,0.189533050595144,157.34857613467264,0.17819190628228873,1247,None,CBAM
180.475056971066,0.41799680326159677,103.41393858377425,0.03257811750967235,1248,None,CBAM
107.91718803404518,0.14967541190001665,163.3875966908299,0.34880333434076566,1249,None,CBAM
49.12419006390018,0.9731840421847356,261.38761647551723,0.8421143483937764,1250,None,CBAM
59.209339935568295,0.46484716851314145,66.34688477050771,0.9091397227757195,1251,None,CBAM
174.32667079659666,0.19377386767917354,224.34526400326948,0.258185557164547,1252,None,CBAM
91.10537192314385,0.18282073977154012,72.36380235163959,0.209055044207624,1253,None,CBAM
333.13116382066823,0.5035925797397395,337.22451836593194,0.4030452339482728,1254,None,CBAM
0.12361935036847112,0.2305269931273143,259.6744325276722,0.3257258166018762,1255,None,CBAM
199.83132071457226,0.19025230463847556,11.418147499981512,0.6581736719910948,1256,None,CBAM
9.350834906424414,0.6941750224853489,384.5111015741179,0.641926497571959,1257,None,CBAM
229.4035563980243,0.7722458351526422,308.0439832399045,0.3304952130666104,1258,None,CBAM
13.463738757364158,0.21704424953145504,247.14361673862402,0.20888247420055087,1259,None,CBAM
352.757765040563,0.09654314957925497,84.5693568653447,0.8319398472783082,1260,None,CBAM
33.22425949537493,0.5023333841766953,291.8353091159625,0.2906552606526704,1261,None,CBAM
322.0028072186009,0.49289529244687474,53.13439436457361,0.2394980829643969,1262,None,CBAM
183.22690887326664,0.7237788883506995,361.25533268329264,0.11234275290236301,1263,None,CBAM
220.0444196637582,0.31972333206764264,313.27675598055873,0.48476613372240684,1264,None,CBAM
345.01015502678865,0.984430016957699,378.16061043468454,0.3307197252237356,1265,None,CBAM
262.4054901494051,0.917700624411638,277.2638939395438,0.5541360402514538,1266,None,CBAM
244.2767408688037,0.5202681740387555,215.35988950960592,0.29237732363417895,1267,None,CBAM
233.5260900410722,0.913294566754687,363.78265247829285,0.07964814848550399,1268,None,CBAM
75.7109200141819,0.5893876288374644,271.08889395339503,0.20495436912669202,1269,None,CBAM
185.43655481279384,0.568496814919777,379.0334766020812,0.03247936059021542,1270,None,CBAM
129.59386005506678,0.4526724221056576,204.61185952680668,0.010131127028994331,1271,None,CBAM
6.635434836954582,0.8027030036223164,192.36781989425026,0.8554865892904908,1272,None,CBAM
214.18750634864807,0.49339009036132325,292.8365118942051,0.9125002192165954,1273,None,CBAM
249.10875757325908,0.15724682520993855,99.88385177828846,0.9621513579068475,1274,None,CBAM
109.32351282150434,0.4594671696043261,274.48424568419927,0.2619054056941182,1275,None,CBAM
245.21591955798647,0.11548815138766919,246.39389388533294,0.26453973709982975,1276,None,CBAM
117.51279541246593,0.2934176017111051,146.87695924610233,0.7404887815789946,1277,None,CBAM
132.8591278677269,0.5240989687265913,361.03005776482917,0.060371930586098174,1278,None,CBAM
5.661683704583866,0.4133120135611567,363.1741779431502,0.5506142789238677,1279,None,CBAM
164.34052507524945,0.716665760696191,215.86842180325075,0.9843797101302062,1280,None,CBAM
209.15140408960517,0.8742910783828989,73.5122431833104,0.92097846810105,1281,None,CBAM
157.55929128928602,0.30823426135320825,28.287054504939558,0.7357292031574291,1282,None,CBAM
120.68341644394019,0.908970925530645,277.053879255012,0.29992561274186375,1283,None,CBAM
354.66981173961483,0.4464496962369605,312.3064944231494,0.25536226851860216,1284,None,CBAM
365.42243098945306,0.9111974741812762,199.86387913603448,0.048354161452108795,1285,None,CBAM
366.100565791577,0.36783325315845,88.17514143519432,0.0496399930200723,1286,None,CBAM
390.3096781174416,0.8492304042395283,295.93316886425987,0.8066040757280171,1287,None,CBAM
16.766726459444467,0.17611519157260871,16.568112057415792,0.6401761415617372,1288,None,CBAM
193.62857423404753,0.44136034570973465,255.92863768093645,0.4458485313294901,1289,None,CBAM
60.89184370635618,0.39286042437034746,218.8460228429373,0.19082131215308784,1290,None,CBAM
379.8993676324371,0.7491648847485883,59.394901927307096,0.32145773361784524,1291,None,CBAM
381.0316429528528,0.12089032115060365,134.0993909436002,0.7309572034349979,1292,None,CBAM
85.72772781441428,0.11582967081388622,77.56164873097401,0.14514241427038616,1293,None,CBAM
74.91460673941897,0.5203636302284412,115.10552172159582,0.4927579563940626,1294,None,CBAM
184.7554854667373,0.035958160936059025,293.97007963129636,0.681538325826713,1295,None,CBAM
148.3245856335363,0.1138596518699745,195.41765459500516,0.00795860739590831,1296,None,CBAM
138.58941471663485,0.9973140329298568,131.0682781674771,0.6621414927538738,1297,None,CBAM
143.84581542606082,0.2149835385343452,351.48176065330927,0.4932620057031347,1298,None,CBAM
253.90857470048022,0.12866648183937393,76.13466887127262,0.59614457511392,1299,None,CBAM
210.72489709436405,0.403193349815481,367.16322761222614,0.26691370474349085,1300,None,CBAM
293.9899769737356,0.9369713675199145,320.0507711153436,0.6094876617170397,1301,None,CBAM
178.3548867133913,0.5808648257935664,299.28904024357024,0.9589888310008496,1302,None,CBAM
373.4234095578379,0.7607224911714449,290.0216946053092,0.17667144686671468,1303,None,CBAM
226.07133636721795,0.6304453500848619,160.49485023162083,0.10556584854277114,1304,None,CBAM
216.89485601412412,0.589707060652349,222.74549096167524,0.35982568714002794,1305,None,CBAM
81.2488527739136,0.9645599337180326,201.8614794561667,0.34730336530865014,1306,None,CBAM
264.52277440204864,0.2581358835477761,309.7298199474929,0.5021158699287683,1307,None,CBAM
244.80122991071931,0.9171981346370065,56.959231767452515,0.8347568158988723,1308,None,CBAM
119.58167789854954,0.6146487704152201,339.7751122805653,0.5719795282064785,1309,None,CBAM
36.38040815231562,0.14803444156088844,291.100542866043,0.4642378120330765,1310,None,CBAM
332.4053029414232,0.13638463305367454,325.65261871810503,0.9208083498090575,1311,None,CBAM
209.01008990513915,0.6207603549215196,339.6827812939326,0.12755516662221503,1312,None,CBAM
384.2627190388342,0.8576253296750133,182.82996572877417,0.03763981170605932,1313,None,CBAM
296.3872701139921,0.2557077227830911,259.92800612147136,0.851989120130461,1314,None,CBAM
188.2595943853073,0.5972526941428459,103.83949297925066,0.2699531967542435,1315,None,CBAM
252.717668355761,0.09794212530298416,369.8631463016445,0.6661664251489143,1316,None,CBAM
109.93694561987944,0.19257375281129654,46.26309964752534,0.23598466167062654,1317,None,CBAM
153.77858974062576,0.27031647439728124,269.6419257957422,0.5941022943150251,1318,None,CBAM
263.7339416621928,0.6097421472106456,332.59229564634956,0.3089546489667911,1319,None,CBAM
82.84965807859862,0.9539469487235981,81.23912747563806,0.034195842452848464,1320,None,CBAM
191.3155837093609,0.9031964100382103,49.29179435107165,0.6650541701485007,1321,None,CBAM
250.26576224926015,0.7046710064486673,353.47690905788085,0.5116153719103685,1322,None,CBAM
238.75086756183447,0.4319728181108327,298.7847694051864,0.23484691135211652,1323,None,CBAM
281.757129771155,0.026864453734179,140.79196789351,0.5958677351800791,1324,None,CBAM
366.86376830910785,0.458107482109124,73.89653643786075,0.13040578530982208,1325,None,CBAM
146.59251165832188,0.6856334252093054,39.04627841393105,0.19330317459171578,1326,None,CBAM
99.66586739483355,0.4328669808327946,131.596155741558,0.5677161425359893,1327,None,CBAM
375.7650335539574,0.9667004299348673,15.467120522790816,0.44251566675309395,1328,None,CBAM
4.959593113272341,0.4173265950057848,145.45475818574857,0.3031866466043464,1329,None,CBAM
54.17691107614245,0.9447750727769134,358.59122954742054,0.25551295955587616,1330,None,CBAM
139.67412949039084,0.8306517861611591,120.09840353851935,0.4843890493754217,1331,None,CBAM
308.648362388643,0.48281267593449084,106.12439277516677,0.14887580809595144,1332,None,CBAM
58.29240656196881,0.8371457239220483,366.31349696214255,0.574250136731308,1333,None,CBAM
311.4480586932111,0.10173997312920624,289.3862858514624,0.40638819891206956,1334,None,CBAM
99.95839628852744,0.6165652003941956,347.1668675952121,0.591503178682157,1335,None,CBAM
212.99205839822625,0.05722690634358597,321.1170026680789,0.47112553784367506,1336,None,CBAM
59.42394288751952,0.8669846132900146,165.64362904623812,0.3582703412403432,1337,None,CBAM
232.0768013112419,0.8261611572161673,313.3273843756524,0.9624774750279401,1338,None,CBAM
142.68229155114958,0.4860725736541747,295.48686515559416,0.21018157924010963,1339,None,CBAM
176.71983270791668,0.35043649349664296,227.73788253179194,0.3081756176119728,1340,None,CBAM
356.7825371804748,0.3278921498927318,112.04218855733414,0.6358085959452863,1341,None,CBAM
294.9030958810467,0.5287902981750758,265.3533970971232,0.02521496224577652,1342,None,CBAM
230.2122032906277,0.4146502214785145,360.8578621606699,0.8988100062435189,1343,None,CBAM
237.2531836527917,0.6638567769755502,309.8162882633217,0.453577249192484,1344,None,CBAM
173.32438658796144,0.8584116385125967,24.294262807077246,0.3731322571393988,1345,None,CBAM
31.9200324708811,0.004662815595130521,161.7322448277708,0.21142126976716458,1346,None,CBAM
210.95365544994596,0.5901369670578129,276.3610733535765,0.30532571725903146,1347,None,CBAM
358.9220466357104,0.3373289996821693,231.8480009475263,0.6049302811829881,1348,None,CBAM
225.800013896087,0.33186120444769485,175.63086005336294,0.735478273291461,1349,None,CBAM
319.0705375676224,0.327673593634126,145.20542685119818,0.16555233181707418,1350,None,CBAM
218.06642747160407,0.5542180004599203,391.70579177655355,0.19836958531015922,1351,None,CBAM
144.74152516777895,0.23370437022296575,84.29146472035399,0.43458842866663683,1352,None,CBAM
215.07542970935827,0.6199333006978016,164.44832062240093,0.3267971257406431,1353,None,CBAM
138.71516241530318,0.5973247280357252,23.12355461389689,0.5962501123722553,1354,None,CBAM
137.3473082759032,0.3336176875390959,198.22122579835073,0.34126025238740604,1355,None,CBAM
141.4628726434245,0.6761635564986138,397.35945190856336,0.6832076425594859,1356,None,CBAM
323.19752785705293,0.6731641315540512,83.45606698670738,0.9800841484958861,1357,None,CBAM
299.7819826090188,0.3673007339405591,232.64505746886232,0.11769182379268171,1358,None,CBAM
233.44790691912482,0.2434606048785785,370.8847739210601,0.020460246976790136,1359,None,CBAM
40.41443449461302,0.8962931479828574,104.8711462286612,0.22892378359080687,1360,None,CBAM
215.26702583405321,0.06519486044315034,204.42634894817186,0.7998965429243652,1361,None,CBAM
265.683107757177,0.9978745033913105,191.99705153856408,0.15855796350292353,1362,None,CBAM
115.37665274419047,0.08468003107494047,25.37022597603114,0.5072115755957328,1363,None,CBAM
79.52986354596487,0.5380676683504954,9.616846616863373,0.7610686663271272,1364,None,CBAM
363.78178019932636,0.6372239988622473,350.5357995791828,0.12361925287003162,1365,None,CBAM
36.61941175877336,0.4614281470163186,249.67625191136275,0.6402259824709571,1366,None,CBAM
44.44669474347946,0.5261063032529152,275.44541438563516,0.9643416354971133,1367,None,CBAM
253.1839329685197,0.4330478450126461,386.6439444497074,0.27754248008462407,1368,None,CBAM
119.8621046800514,0.708522087489186,32.425832002983235,0.1751335862171134,1369,None,CBAM
225.79145789034962,0.6005532377798235,94.72413662589958,0.3393894335061121,1370,None,CBAM
309.15925487896953,0.6357896763537157,154.30046638508279,0.2737083226000279,1371,None,CBAM
63.19408648827532,0.1893721881234807,195.8300351740767,0.760338829793098,1372,None,CBAM
14.960876518312475,0.2733516443678705,9.26654849485434,0.8766192500757454,1373,None,CBAM
390.7061275868478,0.5417620663637915,52.09655627265127,0.32318181888575204,1374,None,CBAM
287.6074465487853,0.7652984615021363,20.713498132188597,0.9807909885525471,1375,None,CBAM
205.0706338353124,0.056356226541987846,301.7973724417634,0.03554418919465462,1376,None,CBAM
149.3659816438332,0.98198543442166,337.74336604536194,0.6064748003008275,1377,None,CBAM
303.7009283072249,0.9194727346159989,147.8568749457024,0.9414485925269911,1378,None,CBAM
365.2968541714213,0.11830740524144559,33.694739787876095,0.08417651319535836,1379,None,CBAM
164.1421550380196,0.28425783730959364,31.7804419589173,0.23819078950660108,1380,None,CBAM
27.988710066066286,0.2904151350263708,276.72499943685966,0.5621805807688371,1381,None,CBAM
310.2691443255019,0.0585400903429623,393.8442291171914,0.915504889719139,1382,None,CBAM
251.44196570621702,0.11606522599328688,252.09235233293845,0.37040260538579234,1383,None,CBAM
160.16167746878222,0.9485545988974212,279.7731247345147,0.46240038186743715,1384,None,CBAM
393.81785941224405,0.6966271129367393,253.80494559892549,0.2868153220165346,1385,None,CBAM
304.8411155884146,0.952938637086882,399.57250925508185,0.8775210102015563,1386,None,CBAM
360.4708990403763,0.2913656561942023,81.36515375924644,0.17087349105893374,1387,None,CBAM
362.5545537128959,0.6414509043356905,319.6426945563341,0.5147978032156936,1388,None,CBAM
335.0494673686532,0.016738593924843847,324.10376306920455,0.25325883370574065,1389,None,CBAM
169.74978882273805,0.628314312559382,397.0509995426879,0.8736124659693233,1390,None,CBAM
147.674658391888,0.884841070540976,23.555035542274457,0.8272974440326035,1391,None,CBAM
230.51386289972538,0.7957230278278792,22.570542788874302,0.09931591017587461,1392,None,CBAM
80.98863792535845,0.47619608945124825,27.777381319232546,0.6968583545207881,1393,None,CBAM
210.13906922184574,0.7571705412435317,379.1409043538832,0.9754749126271711,1394,None,CBAM
275.92356001840795,0.1960089655476588,136.3871230368701,0.5221970277683594,1395,None,CBAM
124.6144346202581,0.5821427298460254,225.79519543541107,0.8705451539246648,1396,None,CBAM
155.56759975723864,0.8213397704138964,261.5327629291997,0.7586591328795035,1397,None,CBAM
380.1938144369773,0.425819210223765,153.04814432583038,0.7093832518808308,1398,None,CBAM
120.23969382826445,0.717187493189687,167.10037168351673,0.6695341378259179,1399,None,CBAM
183.95386070296755,0.9413317015211903,258.98250312718386,0.5628917952269183,1400,None,CBAM
46.721844017778565,0.4709114304859716,396.05598555376,0.7802795118832826,1401,None,CBAM
393.3448574466706,0.9755468974660378,275.5744910760028,0.10738330488814474,1402,None,CBAM
288.89883918273205,0.6552720492644716,161.11411245300437,0.6767205294522362,1403,None,CBAM
257.51332296480246,0.35651290169701894,314.9444637589147,0.4386747670317347,1404,None,CBAM
90.53538690516547,0.15087200461413916,394.9212699401905,0.28754621439185657,1405,None,CBAM
151.27171781925978,0.18506138292156268,41.08889865940356,0.06786855374588335,1406,None,CBAM
368.3432312160013,0.9832916859786314,373.3033189551454,0.8906802266816267,1407,None,CBAM
321.1069658877733,0.0859368258547624,376.61648590313933,0.9355934299306865,1408,None,CBAM
107.80818547775827,0.5791883042757915,356.22805259718245,0.006137271550560688,1409,None,CBAM
330.2485004996874,0.8063777650868974,45.278648581756606,0.016647257823290348,1410,None,CBAM
185.92423857548528,0.12566980444754736,17.87742092530532,0.5746516699854509,1411,None,CBAM
331.70696343080095,0.973765991802125,322.0541749827637,0.8447618349256446,1412,None,CBAM
313.6349384579837,0.41808767122007384,244.2941657036136,0.4715653406779802,1413,None,CBAM
132.90799417598612,0.2989738943859573,201.52303524213772,0.7519698184871377,1414,None,CBAM
250.0874694764397,0.49113098121866083,13.816191986788187,0.9137583389086422,1415,None,CBAM
4.799454504694159,0.7474395243812489,292.5282358656189,0.5641423284682924,1416,None,CBAM
301.24381910350047,0.19537524446406432,127.88007450881031,0.4565239567079515,1417,None,CBAM
299.8992323551668,0.8216939547209361,375.17040569240413,0.9380639421179764,1418,None,CBAM
116.53448144620305,0.397764721152134,157.21543014925837,0.04413747737060192,1419,None,CBAM
86.94860553327696,0.7463948969443064,72.66459736976877,0.2384850552248781,1420,None,CBAM
354.78070374036423,0.7385379010206761,1.3947314625682437,0.9024424221585079,1421,None,CBAM
93.61280750643772,0.6142852786253018,199.3118074165918,0.752649280572015,1422,None,CBAM
337.62072464501364,0.5982335283669482,91.21148200341638,0.5530309069484074,1423,None,CBAM
171.33503417726024,0.49653121077700024,376.9857385082518,0.3791908999248728,1424,None,CBAM
266.29963707741103,0.05731279802201211,364.98845626192923,0.9527344523042259,1425,None,CBAM
61.97188028094144,0.1527568183385015,179.31119512688804,0.35772964380507566,1426,None,CBAM
80.82002867507725,0.9614376643909615,74.69435794235115,0.019442184186159426,1427,None,CBAM
276.3293128498112,0.7334412721688057,245.40194913204246,0.7577157791141879,1428,None,CBAM
173.56015283272788,0.8183752582395731,53.42436602321069,0.1688949639599548,1429,None,CBAM
300.1694320186208,0.23398712618300402,92.46553907624309,0.020238644858859275,1430,None,CBAM
366.30939425339363,0.041931955695672964,111.55696626849792,0.07231297626990107,1431,None,CBAM
27.620492313912425,0.28899995889816693,304.1903757683596,0.5255414742862196,1432,None,CBAM
0.7037778225818933,0.4038842572948538,247.54747399521722,0.041197909819890854,1433,None,CBAM
380.8246385704289,0.4710531749923852,300.6256986407232,0.820540103888574,1434,None,CBAM
378.2369754337895,0.32708249680698803,378.9759685559683,0.1630297832614133,1435,None,CBAM
51.50781413700026,0.9324039880219803,244.7313104545567,0.7856856462877616,1436,None,CBAM
71.45452953209515,0.864546311885799,212.0806032973636,0.6894750814365662,1437,None,CBAM
283.4940396388208,0.7621091680677986,243.76679925448528,0.3680638355715842,1438,None,CBAM
377.4319404432119,0.9418799754267071,8.301120304787505,0.34783193707648863,1439,None,CBAM
350.8402468031094,0.004962590242008287,243.37279086439466,0.637889521941772,1440,None,CBAM
350.2861442912724,0.29546189646875193,129.0768223741107,0.674099182163479,1441,None,CBAM
210.78615278273367,0.16418040471960887,68.47785073082495,0.5205376230098937,1442,None,CBAM
396.19588210429055,0.524218616356448,370.013505463522,0.8183718486724746,1443,None,CBAM
265.27555970030573,0.8181594002578426,251.17994678001168,0.8941932472495765,1444,None,CBAM
6.8227355236336775,0.253425029665899,265.59366944230385,0.3663352000927278,1445,None,CBAM
40.02501306311083,0.6945035985686404,35.75683497023828,0.315807850176453,1446,None,CBAM
39.61379708170358,0.20183532016798714,14.547801322108525,0.521360012948618,1447,None,CBAM
275.67989169543677,0.9570436809588987,165.77909197785058,0.9429468427283729,1448,None,CBAM
293.6058774066099,0.19945580379867764,252.6997720075227,0.27074650431816494,1449,None,CBAM
23.009951994924716,0.06699066140270693,73.95209145000537,0.38869133553857776,1450,None,CBAM
25.977167450198124,0.6505644657675348,55.1612525140399,0.5635425027802845,1451,None,CBAM
148.67874039779943,0.8379013474061356,233.0784457617049,0.7727257994309324,1452,None,CBAM
152.39645125447635,0.42516722539782803,69.84961283396896,0.47002176525592976,1453,None,CBAM
169.5303723848751,0.6187937077698855,315.56214933521704,0.5455944116526227,1454,None,CBAM
354.7271691420286,0.4991322778405733,208.19866723398647,0.7047353516522618,1455,None,CBAM
274.0600272961129,0.7538082313917589,318.9354403459459,0.5226760063620025,1456,None,CBAM
134.29957135404362,0.012226211229969848,291.70382713410646,0.906405622649395,1457,None,CBAM
106.69908191062756,0.24190492518736825,251.45994052774458,0.2949460600527225,1458,None,CBAM
14.945607744042666,0.6446983418578787,141.79604111539905,0.5642344525668841,1459,None,CBAM
314.71914121266593,0.7489249945437099,139.6789679051038,0.6134399124085659,1460,None,CBAM
254.00733262105965,0.09332698771723592,305.78255996663603,0.6433203352506802,1461,None,CBAM
234.6609494564451,0.38700589646035327,10.491060870473742,0.7262080060571613,1462,None,CBAM
280.838580860618,0.6935777362800197,192.90056772633676,0.21197758456418642,1463,None,CBAM
162.87865940086232,0.3750801617656862,145.58010873779628,0.07787928612763893,1464,None,CBAM
151.15724252240582,0.6937691353866942,324.13791672588843,0.32453420885764095,1465,None,CBAM
186.58089637651875,0.4764949443798091,92.32717166553645,0.11308680152005254,1466,None,CBAM
182.40548665774858,0.11714878053602765,381.7638615471747,0.2547555758418355,1467,None,CBAM
126.96316668192051,0.7578080004060512,111.0873123163373,0.7199570380337076,1468,None,CBAM
376.90396293740804,0.5153048518020747,374.04433927456466,0.36944697785150166,1469,None,CBAM
62.39817854133046,0.5476982034940236,3.5533135709683825,0.005776554224814189,1470,None,CBAM
190.575902410048,0.2953701644563665,296.9380528149403,0.5381408613343474,1471,None,CBAM
241.0729700484131,0.782480098174311,365.3762955946572,0.1399168666554461,1472,None,CBAM
372.78510454221845,0.5720673260687655,50.84746212161634,0.7699532210551315,1473,None,CBAM
145.9791407977777,0.3448953518112294,342.31771963965366,0.1429541805586554,1474,None,CBAM
43.15476607054605,0.41197113278483716,235.28419819055517,0.24395196133900726,1475,None,CBAM
10.404330187111412,0.638850067933821,252.8754406188723,0.7567963733788021,1476,None,CBAM
394.0253499587102,0.0056973304776701894,37.0566814140379,0.32019161407541624,1477,None,CBAM
221.84613024732215,0.8813609458705182,160.6414575481391,0.5833414179438521,1478,None,CBAM
324.02096617422285,0.3184941383109676,201.80323725641802,0.09856888647130753,1479,None,CBAM
331.33052173718676,0.3136178445734346,27.06409849009401,0.43113856966851016,1480,None,CBAM
326.9714814130792,0.5333846396517508,184.19072554844033,0.5015666114918079,1481,None,CBAM
384.85231603501734,0.7484101638244343,364.06439148418013,0.9937099380581431,1482,None,CBAM
234.60770897541593,0.1283446952897541,35.28825508017475,0.3457447447077228,1483,None,CBAM
159.70984583164292,0.6760999615843943,281.60719492501255,0.6380123529426643,1484,None,CBAM
120.9975102015644,0.801063590377544,284.7125100813987,0.8190180671403933,1485,None,CBAM
241.44745185578262,0.9482418142655716,273.2762039080623,0.6175506547184181,1486,None,CBAM
317.4608632139915,0.40282681021540295,387.4146060765789,0.26152213779482575,1487,None,CBAM
194.3080920527623,0.8894178463952133,204.094527218873,0.8779585168936027,1488,None,CBAM
394.9820542924345,0.14357070064859348,362.8006886975891,0.1433323027374405,1489,None,CBAM
243.609040517179,0.34942908023780156,111.37990032531555,0.20024730603241725,1490,None,CBAM
282.59734636496125,0.3867283812131921,99.87277484961339,0.4831877615776411,1491,None,CBAM
170.67057709821555,0.5703049808528962,181.0386279693508,0.3807181789628206,1492,None,CBAM
365.0518001121135,0.8786773674332023,6.373839071477816,0.6199062334359533,1493,None,CBAM
229.12059613631146,0.05937988914995429,162.33930400737003,0.40622699327181566,1494,None,CBAM
204.5854820654968,0.07041874057560227,328.8475452779037,0.3253681819603846,1495,None,CBAM
232.40958805118203,0.9887479391702687,399.5370898132718,0.575826743317271,1496,None,CBAM
167.84489533024026,0.4791992495830159,324.78896176127836,0.1841084436481305,1497,None,CBAM
81.9909302209697,0.08417547901749758,301.2435046098856,0.8589553515840062,1498,None,CBAM
180.62876224250303,0.27112474661238073,351.25298602756715,0.14140899889324104,1499,None,CBAM
113.97055672932615,0.1433174375274478,14.363934657699106,0.461848272811494,1500,None,CBAM
248.01259588817456,0.2725127926433171,283.81628580263884,0.324106294624485,1501,None,CBAM
83.34953630502294,0.8683351128142552,119.16794030954061,0.060004600951462435,1502,None,CBAM
217.5718121986187,0.6123404580996282,91.35467738148725,0.35084262599924126,1503,None,CBAM
383.36401922597975,0.23996170473602937,134.36883042260655,0.676006167251117,1504,None,CBAM
368.763249978844,0.39598459637920747,344.93435156859726,0.19163420688204044,1505,None,CBAM
278.75959760856415,0.0082159069994802,246.58483984104382,0.5857064422893328,1506,None,CBAM
39.79376042552086,0.39192541643096884,50.83804455364108,0.3022195047247066,1507,None,CBAM
237.69520046753016,0.576076206239731,134.34397918717798,0.8797278298876178,1508,None,CBAM
354.5778082933216,0.23559563479317167,187.92564958475126,0.8047521086826088,1509,None,CBAM
143.58694347713708,0.4557948874541786,353.426653194958,0.7923400996638218,1510,None,CBAM
321.96170047030733,0.3536554234200767,367.2044836055947,0.9971747349589646,1511,None,CBAM
127.07297816924206,0.7638787234172041,255.24674721836055,0.02499518898002008,1512,None,CBAM
130.17441632415537,0.7444884409041104,213.9572662606671,0.016159304937353926,1513,None,CBAM
236.14672411904095,0.07700612173902759,141.1119964918375,0.39062671612677274,1514,None,CBAM
20.257145461836426,0.7133605220089152,122.48089272246412,0.155684620297129,1515,None,CBAM
366.0664874587942,0.009462178235396957,3.3380907949912526,0.7330060603693647,1516,None,CBAM
97.97078763901054,0.18082201883508717,250.0834617501596,0.697881634236462,1517,None,CBAM
225.48992209953434,0.8562413548532634,99.1314917544883,0.47949028205724603,1518,None,CBAM
211.45909032383906,0.19594270488139098,347.5569498545717,0.8761218393469159,1519,None,CBAM
185.23665953818914,0.674626277070953,103.53318005871066,0.2807359326533029,1520,None,CBAM
146.13822064045766,0.8246703186611095,6.8246919424626284,0.019739650965172013,1521,None,CBAM
126.43539213152286,0.8649197040859321,397.59208270693745,0.33011499477145245,1522,None,CBAM
348.3856140147756,0.7962474798973618,195.18968579841075,0.3361620824272997,1523,None,CBAM
10.233142366942772,0.5097124534149489,59.710188658096186,0.936288156852197,1524,None,CBAM
158.3258142819755,0.7611549313629484,337.3314118619245,0.116960702987931,1525,None,CBAM
121.39840026112454,0.4124450429137001,267.7171317354838,0.5112182734580807,1526,None,CBAM
283.363884751844,0.8854489576044583,31.496838489174,0.7043986514133651,1527,None,CBAM
112.71043897486888,0.7437442826702422,60.64473960650051,0.21076499373496335,1528,None,CBAM
133.69972415725059,0.7144766138675657,284.7808189524009,0.40528477607152175,1529,None,CBAM
53.97222044567365,0.13277079492614888,57.12788414072063,0.35661742966401394,1530,None,CBAM
32.92961500039684,0.27101638816107404,180.85685838665108,0.04699687161417494,1531,None,CBAM
23.601467358696613,0.7095332377834491,138.5326176994533,0.6484505619144528,1532,None,CBAM
364.2231677048457,0.90066393457714,64.00044573433408,0.14573260470714686,1533,None,CBAM
349.20344150693035,0.27314910179148444,189.96652810982556,0.8044006621651715,1534,None,CBAM
103.03891710873746,0.24184891545896609,209.62966742144116,0.356411599156595,1535,None,CBAM
17.76949015431753,0.9406888394250343,57.18907874004747,0.03460717353351036,1536,None,CBAM
276.26493332404795,0.4121556278550006,50.224816828032544,0.2392983457222765,1537,None,CBAM
13.431782856211003,0.8643247593912193,259.2084550434477,0.22076647370451272,1538,None,CBAM
369.02975099996416,0.7425354473224252,92.96072378880349,0.5037991644367029,1539,None,CBAM
98.36881906517618,0.324399765165865,148.74800315435004,0.49055904141097245,1540,None,CBAM
135.99549205526824,0.6508839824513915,332.4481000200566,0.5295050353505272,1541,None,CBAM
87.50860598387784,0.9630015499343877,367.7696177298925,0.2665081972972982,1542,None,CBAM
22.586824662147613,0.8771668835535233,107.07415691006975,0.3167145066803415,1543,None,CBAM
310.40685326896323,0.8799713785771067,264.8075397334525,0.5998542094247701,1544,None,CBAM
155.7209798725092,0.8241174091222743,128.01007553931626,0.23372569607141624,1545,None,CBAM
69.73282021449936,0.5305280551203908,71.82019601109798,0.016062348360979768,1546,None,CBAM
143.64164486267538,0.856913628895906,50.10520492923103,0.7454688688038436,1547,None,CBAM
273.1892333656394,0.14503156052307917,209.93071399524098,0.7769311522131651,1548,None,CBAM
364.6423942926299,0.9015522779202443,70.03944849858141,0.4670325827203983,1549,None,CBAM
132.93458921367701,0.35609477957378577,138.60080222997996,0.9521980090540993,1550,None,CBAM
264.61449659959493,0.0499329618382576,295.3591375033008,0.9895510130032048,1551,None,CBAM
336.3741529936403,0.6640211353329846,386.452765609241,0.059876713444802936,1552,None,CBAM
390.250447932171,0.28396128656850944,176.73864985992302,0.372875908821819,1553,None,CBAM
184.86921427878792,0.5115366787760277,359.6110699863427,0.4304992443261,1554,None,CBAM
357.42824993778356,0.9721082119121233,19.584748244629065,0.22185323282478636,1555,None,CBAM
122.48801539415788,0.5089940376191207,81.93281368381645,0.22724601302749622,1556,None,CBAM
382.6536536754709,0.8583851679125382,327.074798264976,0.3426224507369987,1557,None,CBAM
379.24130180984366,0.5266035014530539,84.85608603704985,0.05265280048906052,1558,None,CBAM
173.4268009883772,0.991550042624029,69.39257286819237,0.5894628353258372,1559,None,CBAM
90.86476002768,0.7525357733496999,344.85407395552295,0.8108067017181662,1560,None,CBAM
46.87604373952382,0.27803025569155493,122.99653033343493,0.805778830594036,1561,None,CBAM
63.88545968657101,0.4847421176609466,138.74879281065816,0.608296089405483,1562,None,CBAM
12.748260152408267,0.049470959505591244,188.70518075569936,0.027141569109123624,1563,None,CBAM
50.308054836807024,0.6336538967422299,49.53007733375404,0.525190006078549,1564,None,CBAM
351.97578817727384,0.5573568363884036,337.1813433015735,0.4467936655766626,1565,None,CBAM
104.14069050601178,0.03769329575542962,328.13418283749377,0.3339573120703252,1566,None,CBAM
88.51200170901838,0.2938266939891926,307.58635905239834,0.4530199447875306,1567,None,CBAM
248.4882497308371,0.7852397467670914,398.41602091909334,0.07908530678205478,1568,None,CBAM
126.35617924761966,0.640324263503382,18.50357171170307,0.8247190635008567,1569,None,CBAM
70.51827890935925,0.9271335839829632,212.05921743923827,0.3732301557507293,1570,None,CBAM
376.86380268366895,0.7734533793977518,141.51664866403408,0.8692276262329157,1571,None,CBAM
253.14908198543088,0.0609732860736913,345.77405660218494,0.9988047426345152,1572,None,CBAM
102.61429986883392,0.40824714036758647,385.0832536343498,0.13814326837108343,1573,None,CBAM
83.00315369296808,0.6748387385483614,238.80507265169703,0.5319983863064239,1574,None,CBAM
16.697040253848243,0.3627904023533849,335.2044420841443,0.03843704319362093,1575,None,CBAM
168.83497309617468,0.4910488154006881,282.2766894727614,0.5135874316453566,1576,None,CBAM
21.83266102782213,0.5314678834219189,398.3441293405989,0.13467174500888426,1577,None,CBAM
333.48547758889464,0.5400484781834591,197.0095418669096,0.6954637794379473,1578,None,CBAM
257.16463172149093,0.06782865662786589,256.4022808966242,0.6877557727186193,1579,None,CBAM
394.4377076528572,0.3562293967232895,379.74967400038054,0.26544875716848937,1580,None,CBAM
62.26641735990943,0.2193214849982487,105.78160232015097,0.6901212047986917,1581,None,CBAM
198.95249432187657,0.15095980042693158,43.40146029778455,0.04073924402250876,1582,None,CBAM
361.55972088513107,0.022776349331176657,270.53695401714367,0.09754771280974522,1583,None,CBAM
43.49589792044678,0.2805980641073807,274.76843172511764,0.038769768943013,1584,None,CBAM
31.778911764416918,0.12682470131152496,289.90957072367837,0.3489771094329129,1585,None,CBAM
334.876844961887,0.4375968231790612,132.12464758215094,0.316904546224431,1586,None,CBAM
181.55653416621547,0.7029208244631505,239.543887117142,0.6185591521377047,1587,None,CBAM
76.92867570959557,0.266694178839555,297.1006091098209,0.5644430221725414,1588,None,CBAM
165.14500701159994,0.6247233955374745,343.04339685719236,0.47411624082645826,1589,None,CBAM
299.8573379488172,0.044651875284886657,131.81389922862115,0.5814489247884246,1590,None,CBAM
149.2785280126738,0.20240125571082546,373.2775501661825,0.8659509567848359,1591,None,CBAM
262.3926533592812,0.1499695746115735,94.32807278834105,0.9044657522406284,1592,None,CBAM
222.5639575410779,0.591571752758813,167.911883540703,0.17356036498947333,1593,None,CBAM
157.29203000330648,0.3085386613204057,95.01785196483762,0.05777761715846101,1594,None,CBAM
117.25970291219276,0.17965509466126978,289.8096375255687,0.27109848634516126,1595,None,CBAM
359.14717330172954,0.7586795327829108,256.66159042792566,0.22349200115828938,1596,None,CBAM
177.9637801869799,0.21365949345095825,239.15136028491054,0.5050305231729907,1597,None,CBAM
186.4032367727826,0.793603603801946,106.28737279269703,0.7582788594082991,1598,None,CBAM
142.8918867695748,0.09636788397233984,187.96884974821043,0.12500781230856717,1599,None,CBAM
84.78432121462869,0.08851005438624994,207.95468846148458,0.20285934742187323,1600,None,CBAM
396.6428670205579,0.08037342611731059,198.15971609876289,0.39660301930324604,1601,None,CBAM
28.043347674864876,0.6759077493032657,34.552220900744054,0.9983932105171023,1602,None,CBAM
391.90489234719314,0.07544581849691348,1.7943361546187475,0.2800968533896472,1603,None,CBAM
115.7943437589104,0.1719463846695021,290.2034647245471,0.15104323400906336,1604,None,CBAM
302.74196593731097,0.39646132221482433,115.16107532338411,0.5346500723139258,1605,None,CBAM
259.06609515711995,0.6585782863593487,284.2321867166852,0.9430000788338248,1606,None,CBAM
310.9763516145031,0.558135192633579,125.55261363462125,0.008336880126396159,1607,None,CBAM
200.19403450974872,0.04227824858719608,346.8218797065504,0.9408882193484159,1608,None,CBAM
89.66231135989214,0.1369396591406161,47.915728559608155,0.7794149446205054,1609,None,CBAM
270.4439882889337,0.4850032157134509,203.3115605924632,0.5200751136379944,1610,None,CBAM
194.06841693245016,0.5969158238414197,31.860624588402004,0.7478125063083796,1611,None,CBAM
164.8378616128612,0.12338242040286741,382.33658507093435,0.24783617953466808,1612,None,CBAM
26.374590868479654,0.8111630981100172,343.8540421187894,0.9576737022202393,1613,None,CBAM
320.4713714839984,0.20568197703870278,342.33502325717836,0.712186464094653,1614,None,CBAM
315.6315147673911,0.7215751809826134,228.0570586644715,0.3978756985929853,1615,None,CBAM
284.2868633656574,0.3192926866088369,58.68623945200393,0.926397600622359,1616,None,CBAM
4.759670552747579,0.651195724916387,199.893353285249,0.9213594099797601,1617,None,CBAM
22.8974755679615,0.9101615964418144,111.30240258381758,0.8795262522170342,1618,None,CBAM
261.8707623101976,0.3109334527065882,92.76056166264603,0.48505360024805333,1619,None,CBAM
169.96576949970301,0.8947056935290087,55.248620674798346,0.3125887624866178,1620,None,CBAM
237.4740081557961,0.9386083541586535,332.82325981525605,0.13511451997257418,1621,None,CBAM
175.13383561750902,0.4401224120541173,161.5309702924943,0.33228792701143506,1622,None,CBAM
90.97502297744485,0.48022665447097435,343.3521590965111,0.4431937967338064,1623,None,CBAM
269.9392262326336,0.03037846399429996,97.69933970437383,0.9745597617139476,1624,None,CBAM
37.70757440680414,0.5099706869412246,381.5804419909598,0.7671287470326649,1625,None,CBAM
242.80825014737033,0.6262219777317565,83.30122204601784,0.23866817036667212,1626,None,CBAM
282.6757049176231,0.13757050021877437,338.98157038700225,0.3181673219934016,1627,None,CBAM
4.1353286041690955,0.1505159129805998,316.4416572326087,0.08654751755668505,1628,None,CBAM
3.734986565513914,0.22744639844841644,99.28017720054828,0.4054651708967738,1629,None,CBAM
335.14184103235425,0.17781513999687906,90.86803410410198,0.3122499656753819,1630,None,CBAM
133.7337964082389,0.9886052048816227,306.6330964573519,0.4868533972653821,1631,None,CBAM
181.2689009877656,0.1728605263377731,278.50090621068534,0.5679760245628097,1632,None,CBAM
37.789223127520714,0.8801474314433152,210.8820969290293,0.6322087170490838,1633,None,CBAM
145.17046916219107,0.6241422153024664,17.77173080285229,0.744004354103048,1634,None,CBAM
220.63323884034372,0.7186467689524535,164.60082996883094,0.2288290420634933,1635,None,CBAM
327.3607522344063,0.210368072227589,273.3564437354627,0.5351518661963769,1636,None,CBAM
317.3432314299151,0.486444233387101,116.24865467022194,0.7091889056869829,1637,None,CBAM
195.95510322664694,0.3319765695355923,298.8977088364165,0.2197243009160189,1638,None,CBAM
211.4397502279425,0.23867078881111006,398.47199352615405,0.6845771939896341,1639,None,CBAM
271.35644519140726,0.5853402099941638,20.274370686197962,0.46329048966138353,1640,None,CBAM
201.7898291327881,0.04554314815769847,69.4519490995155,0.23700721089272664,1641,None,CBAM
212.46941314986026,0.5020443564597016,60.420263128244244,0.31341144286503053,1642,None,CBAM
201.02454754482855,0.4951546730624305,52.32328303607026,0.33620443125410093,1643,None,CBAM
91.26844906234408,0.29306986560610476,54.407195845110266,0.6542616605232378,1644,None,CBAM
73.18264108128845,0.8913386173610117,104.18622474451342,0.8028989836740539,1645,None,CBAM
219.15205252341252,0.23651418399807642,337.795214413313,0.8678523778299443,1646,None,CBAM
190.025946982998,0.06168504932789883,93.09885741260959,0.7962923931274529,1647,None,CBAM
107.13981630002603,0.1627733005368178,394.87394570911465,0.3867341324185806,1648,None,CBAM
312.84341326203577,0.9637652071819371,249.01749724687727,0.17736251062134753,1649,None,CBAM
265.67397405052435,0.6074101456230486,314.446066131829,0.4174957702225476,1650,None,CBAM
217.65858465654279,0.6220218591964374,178.55450903238756,0.7864513081598302,1651,None,CBAM
138.61484852710737,0.21752252769998234,69.75014605033181,0.5284985745230003,1652,None,CBAM
200.93206263220847,0.6960677478315885,92.4858521848389,0.5485225527792059,1653,None,CBAM
332.58157022938406,0.08665146861164712,283.27723976946857,0.23671763339126356,1654,None,CBAM
221.61553816287577,0.8747030091152028,345.7057545966315,0.884337438798342,1655,None,CBAM
164.48614534308993,0.7519302073448629,241.92722887625712,0.7061846618267699,1656,None,CBAM
385.86815561534434,0.2891880192243106,43.21099468411001,0.1284220580442022,1657,None,CBAM
172.38117094579144,0.6233078203708673,72.22696472577171,0.4126887784808866,1658,None,CBAM
178.11157944882615,0.8733643479885053,350.725654761708,0.09237198962141072,1659,None,CBAM
62.68144157563885,0.6313723927597117,250.70201201231623,0.13006135462252125,1660,None,CBAM
313.5212969855344,0.17232662415543024,18.434942843511216,0.19776991326401894,1661,None,CBAM
159.63629644503646,0.09998021471616245,335.1065272732396,0.07959958753291033,1662,None,CBAM
167.23766048585793,0.44583610095224196,273.0549221048725,0.4920701275440335,1663,None,CBAM
338.0702373884687,0.8489834401284873,8.215232827175743,0.44300977211019654,1664,None,CBAM
310.51134914417923,0.661589363487751,150.0702877753018,0.7890623404170936,1665,None,CBAM
280.44178736790366,0.18580678856472377,92.81862578276724,0.4004905039271069,1666,None,CBAM
324.8858326710763,0.22300164929634586,148.01216472833653,0.4275650216228874,1667,None,CBAM
334.9426704995944,0.9572145866979594,360.4951064566276,0.909251922432621,1668,None,CBAM
320.9352886401089,0.7044978605354746,267.358622072227,0.90380475229256,1669,None,CBAM
148.04063778836658,0.21776707100409254,382.07656838709795,0.18354144095863192,1670,None,CBAM
292.69585692418747,0.9358052089754726,399.6210055119163,0.8536630254151063,1671,None,CBAM
270.5934368754973,0.6093091277391888,320.43624296119765,0.6574197174343137,1672,None,CBAM
120.27104662035757,0.6467708311465582,67.84902434201116,0.3097121099507567,1673,None,CBAM
335.2938872098291,0.27324285365560136,218.2081433896673,0.9419122901989538,1674,None,CBAM
273.26705536975766,0.795227202974052,130.10908118538939,0.7097695075981075,1675,None,CBAM
345.4804460393527,0.18149427120735062,45.303208848013995,0.09354427507008387,1676,None,CBAM
367.8755780290274,0.5193144935730876,93.37044120074192,0.975793677724106,1677,None,CBAM
148.86333187785044,0.8250147538494709,78.53605122606149,0.87914760119053,1678,None,CBAM
382.11013412109565,0.1349339981515039,7.990669479490251,0.18641936303155068,1679,None,CBAM
70.363357124535,0.7228871132012193,326.35070321833666,0.3342513823534156,1680,None,CBAM
5.033034515662773,0.4269509846925302,190.57388729598836,0.2942936690426013,1681,None,CBAM
137.05243894500865,0.1511688526507705,86.11193698061173,0.6949738573897613,1682,None,CBAM
346.47690596096015,0.6586962728815514,227.64381868600094,0.7951510485318276,1683,None,CBAM
261.9376573818228,0.006459390287505283,247.68941860107563,0.009084470258034029,1684,None,CBAM
372.08121146380046,0.46425041141848655,396.35494159926236,0.9856580518552923,1685,None,CBAM
51.78692491731292,0.6387423232816215,392.4119081137794,0.04052313101042543,1686,None,CBAM
50.068262754612405,0.8816216496609167,240.9756976114573,0.6618952933550226,1687,None,CBAM
94.8332769139546,0.5803294277314682,140.86915374165275,0.4833507255547979,1688,None,CBAM
143.73609253891135,0.3313202689009922,169.2648326245462,0.8637365386860121,1689,None,CBAM
160.88195110171483,0.804326581808137,324.75947695001736,0.8742602231104899,1690,None,CBAM
94.33907642410634,0.23927867108304066,356.1306706880555,0.8545147684773938,1691,None,CBAM
139.43319671355704,0.43819820277109617,118.63250935139367,0.9716668895656919,1692,None,CBAM
234.21176012912085,0.9963185419137527,289.0475990389318,0.38150549405417805,1693,None,CBAM
263.9088184328885,0.11151441686187354,50.028899270045876,0.3024638124100716,1694,None,CBAM
141.71044635896314,0.6690796123270907,223.5643903339644,0.7088836059473184,1695,None,CBAM
8.961621884664172,0.1456928730211622,136.4207581595046,0.9848107718750542,1696,None,CBAM
142.76721652269632,0.1732222449687782,98.37118610361918,0.9245532742968013,1697,None,CBAM
100.54810363967985,0.6503687749716973,325.5122470305288,0.667264921226344,1698,None,CBAM
27.396777603104262,0.8133404489779938,62.523798338968994,0.469528960539731,1699,None,CBAM
33.99887390576926,0.008391012019398967,62.639596898789804,0.9337214256750013,1700,None,CBAM
397.8098078590399,0.7079893092201933,392.5128377315846,0.5576517373847328,1701,None,CBAM
251.9986309253264,0.05233936849027452,222.0651413382375,0.4206528894540641,1702,None,CBAM
311.26157151076035,0.3800148094929165,3.9300485186735568,0.11392503330343796,1703,None,CBAM
343.99856658135485,0.2751557285810828,209.25340660749723,0.6073687467429547,1704,None,CBAM
84.94603999922315,0.9390672544993396,96.28381550959672,0.6958775778549255,1705,None,CBAM
266.8691986422213,0.978619817090213,307.3879310398957,0.6793302636252386,1706,None,CBAM
360.26162804319324,0.7070367420750814,101.25021534559755,0.3484932461234101,1707,None,CBAM
311.7160237197878,0.7168572166978493,35.98405603907779,0.4685477584534335,1708,None,CBAM
140.7091125799672,0.5727947377238031,125.14692425199397,0.7849026442783175,1709,None,CBAM
30.86006712876936,0.22002004193461017,35.77406423195008,0.7571729434410682,1710,None,CBAM
29.642524866362496,0.9079191495412179,322.594116482323,0.7222027175443033,1711,None,CBAM
179.41425543772067,0.19911478907722918,228.5371538505041,0.06120218364107485,1712,None,CBAM
59.76829109896319,0.951630390876863,338.1865460306053,0.9050804052828679,1713,None,CBAM
288.99313667369336,0.8961800747986014,291.86430241807295,0.29214680276094396,1714,None,CBAM
119.43718267219585,0.7048497759568256,191.540609656515,0.0015210743300990515,1715,None,CBAM
216.16060341439035,0.6312040316295643,383.6367237802878,0.6885451344636334,1716,None,CBAM
135.35606031942547,0.7279504110622527,64.93842704495209,0.7815396686006197,1717,None,CBAM
277.9720688649506,0.517060934671536,358.72715819169787,0.8002923019407621,1718,None,CBAM
261.64552400332553,0.7218180262387307,176.25245680039248,0.6993582415801648,1719,None,CBAM
353.1578485104513,0.9452330694442067,388.369048265594,0.8977361429282378,1720,None,CBAM
287.82045418759793,0.7840037450127081,279.87363295607616,0.8872351417134046,1721,None,CBAM
88.17923772352717,0.2528017198680103,346.36411956746747,0.4421589480456676,1722,None,CBAM
78.46625327115501,0.05446752550433467,45.95824626988691,0.5091025554936826,1723,None,CBAM
254.82492055719885,0.06526750333733167,271.3237859613936,0.05960351965487592,1724,None,CBAM
134.1351506908983,0.864056217734622,234.0334267016302,0.11931632315004945,1725,None,CBAM
363.45879454920487,0.6738938701577503,141.68555558297493,0.22515853922214482,1726,None,CBAM
129.61997195634547,0.40588532378290204,235.6936472628569,0.9786432941487555,1727,None,CBAM
368.4438986626652,0.15011686579850686,125.20462040682912,0.224045973420788,1728,None,CBAM
383.93067334587323,0.8162704800133499,41.30669921038069,0.11568830678902933,1729,None,CBAM
182.59854012048345,0.02157641834495558,394.1845321776781,0.38346602436843824,1730,None,CBAM
384.57448366728545,0.9881252245206765,374.66414691129376,0.6614346892245991,1731,None,CBAM
218.84603524831437,0.2315260481499143,138.04327288251926,0.48582974097778575,1732,None,CBAM
120.81874938661008,0.1967819003075333,295.5761522026277,0.3744633936723002,1733,None,CBAM
204.9000377538389,0.6797158221046542,373.6519464861615,0.4712420017383006,1734,None,CBAM
380.84716679776847,0.018861400478475437,179.33544319614558,0.8109688855521481,1735,None,CBAM
360.4224626502496,0.44947221782306584,301.85385788144094,0.5784565653745026,1736,None,CBAM
60.14730186993813,0.23134211740393404,219.91943490825864,0.814554264926372,1737,None,CBAM
179.55938996539314,0.8185705628522905,124.66599049312286,0.07736572537748142,1738,None,CBAM
397.7140243072714,0.6798430572993397,163.05002606897168,0.41731750213497054,1739,None,CBAM
269.32972565740766,0.8416357059177069,275.09320250467624,0.03662741184632217,1740,None,CBAM
52.49842976950194,0.6234210111642001,294.57817185246705,0.21747676022813314,1741,None,CBAM
189.3136046536183,0.1797095588338625,374.97241508923605,0.5714951031083874,1742,None,CBAM
293.2052971735417,0.6240737149505311,390.6984509178952,0.47275588409765923,1743,None,CBAM
74.95278286250496,0.09543519568328196,184.78436326417565,0.4464918104502538,1744,None,CBAM
393.55441981511785,0.4190289813560181,80.31048642367571,0.5407567278222107,1745,None,CBAM
0.4501708628889907,0.25386813520599655,11.181871692035758,0.2668170286208471,1746,None,CBAM
59.139384531348924,0.5092699624593567,378.4698165766754,0.49014490683341017,1747,None,CBAM
93.01816423895454,0.4541776581870383,219.16851285225923,0.018580527010623866,1748,None,CBAM
61.57741067704205,0.06136825140009086,384.32219100811164,0.561570880302438,1749,None,CBAM
361.4743985344935,0.0015558079056892913,391.4298976960759,0.47408704984035044,1750,None,CBAM
47.9991322523088,0.41753029989922297,332.2169027656542,0.1255982154187921,1751,None,CBAM
229.05670540236653,0.7364967105545264,213.83033705886905,0.6700922506248289,1752,None,CBAM
133.6458847488694,0.3991810784931356,181.26659777978495,0.6343615918858249,1753,None,CBAM
168.92853017440407,0.13992847219606372,377.0746706674025,0.8088047564380074,1754,None,CBAM
18.590606483528703,0.6714752103140377,195.29395109218896,0.16461481155260124,1755,None,CBAM
396.424787900133,0.5252885187604186,287.73933335805333,0.5328971887182201,1756,None,CBAM
354.23943667670545,0.7767036937297145,285.2244451666975,0.23983315167287797,1757,None,CBAM
295.48392423281047,0.16161350588814238,193.1472529725957,0.11856295681767719,1758,None,CBAM
124.36291421370926,0.22840304099641462,335.5387805793025,0.7546384350997958,1759,None,CBAM
396.5352053437457,0.04968528973531483,288.0640798673611,0.4602378260841028,1760,None,CBAM
88.56632257501475,0.7426520578548264,178.82241148786375,0.7119767454704776,1761,None,CBAM
103.7647343861403,0.4048609005951322,340.29891277131503,0.5690849971847263,1762,None,CBAM
188.7065040920006,0.45910256999734084,42.48171997242559,0.2640372889663542,1763,None,CBAM
275.79706612254864,0.8396429793129518,280.2841151464004,0.15179196359281624,1764,None,CBAM
21.283921243977037,0.021701332107837625,50.77195448165782,0.876996969685598,1765,None,CBAM
87.77562405452993,0.07948298608879678,96.4730771421824,0.27537084223486674,1766,None,CBAM
95.10762410493604,0.5861236410871801,32.49739055813295,0.6477061581093106,1767,None,CBAM
346.1902102059695,0.13299643989613724,269.57419168834156,0.19579360314620053,1768,None,CBAM
336.75594479432766,0.7251721568916689,313.0570395587701,0.3832803739619122,1769,None,CBAM
330.21441437791987,0.09759269230277023,257.7125676704382,0.7143732504891537,1770,None,CBAM
254.79147126847263,0.39070693027643194,318.7750418542252,0.40903304716786415,1771,None,CBAM
152.42416522158106,0.00412711099447228,365.5659895399267,0.4888397027842863,1772,None,CBAM
338.89132318208704,0.1812071914756171,38.786930319118824,0.1865691001029525,1773,None,CBAM
352.66559694356494,0.21843018999223993,78.09541711284504,0.2703685097018302,1774,None,CBAM
161.28589035740916,0.08485129813268309,56.605866557710094,0.21170578901680104,1775,None,CBAM
240.76887053619376,0.339492615426905,18.19586792727464,0.6063805280807278,1776,None,CBAM
267.9498975464938,0.9542353379247541,26.336982950748038,0.6865982623114012,1777,None,CBAM
168.77957973091287,0.7039983141627388,44.28708869700402,0.34862192775112383,1778,None,CBAM
82.591157225758,0.7147224197937547,311.78124738176024,0.7736754498704796,1779,None,CBAM
353.68994618659684,0.20261702016969693,152.91835298169428,0.2105924009951681,1780,None,CBAM
310.2165437383128,0.6526206219247773,262.20759934223616,0.4339354876451686,1781,None,CBAM
117.32271920966461,0.9942076633409739,115.40466257074402,0.39021392338754235,1782,None,CBAM
358.4392570658402,0.6629486630843366,51.83910089201864,0.5520638518709436,1783,None,CBAM
83.56851684619873,0.7839545062655903,230.26379187158162,0.7957750849983837,1784,None,CBAM
309.81231070805404,0.7527224216721792,164.57266869904743,0.0653064917485497,1785,None,CBAM
276.2251774419812,0.6630815897014316,201.10288367597522,0.4076126690190993,1786,None,CBAM
315.1804684990761,0.6384944202548324,242.5809531251462,0.3612253706891385,1787,None,CBAM
298.1109123100667,0.565280203133115,341.03037957791236,0.25657555661613374,1788,None,CBAM
294.782650316356,0.6842121399437976,379.55492207163337,0.4031819437970464,1789,None,CBAM
17.163838078344472,0.10799905987612456,170.75197836472015,0.6194886934416817,1790,None,CBAM
380.88144049767897,0.5142217295806457,44.75740701518831,0.4117087761212601,1791,None,CBAM
219.32534016846805,0.11293856872044643,262.96522696298473,0.1020538398735375,1792,None,CBAM
158.18177958003804,0.5135887172559153,205.92871758665123,0.7844873657917775,1793,None,CBAM
297.43419610213573,0.4824553875424622,340.0029334459462,0.4488736804066904,1794,None,CBAM
47.89608623112864,0.6447654337286026,117.56712986970759,0.7640111581962299,1795,None,CBAM
331.89575209947236,0.7603030778445631,390.9546401753426,0.2781596120868284,1796,None,CBAM
43.7447366207816,0.3194726825232844,299.41439816822765,0.9008031667447963,1797,None,CBAM
280.0640008696059,0.7162117088924248,123.95911628496614,0.8800241883447726,1798,None,CBAM
230.27106600302267,0.8689076220955283,355.3832879765135,0.8441592427868608,1799,None,CBAM
32.463869616640075,0.14622023710076432,148.63650809260344,0.7123825025497527,1800,None,CBAM
41.22242745198697,0.8011521348026723,219.24884029747508,0.5342489095949001,1801,None,CBAM
377.21940601301776,0.47115523082977473,346.1936890233233,0.28483836536513274,1802,None,CBAM
7.66954523822004,0.1498543621863599,181.90809504945435,0.5258300177802012,1803,None,CBAM
326.65725741195763,0.518491079009698,220.67765992942427,0.23340052009065274,1804,None,CBAM
80.76483129006652,0.49137124281272754,261.1376206537984,0.8105900811692709,1805,None,CBAM
254.2099596521205,0.6671063951139549,163.23706546226603,0.9032199206287405,1806,None,CBAM
56.2961448864305,0.9338459664904958,147.79138703853897,0.8595118324753256,1807,None,CBAM
99.83758489827032,0.5359768256925989,98.42776831428233,0.541433622245571,1808,None,CBAM
224.17313475429216,0.7347602647399045,187.29221000650526,0.699818344806002,1809,None,CBAM
87.18605454500505,0.10845370754880462,89.82719061805527,0.21830917689838034,1810,None,CBAM
195.20913796808338,0.523949901259589,379.4805936189544,0.8404310754025448,1811,None,CBAM
124.80270594491034,0.8138582906721457,280.4811480586064,0.0018040279309436058,1812,None,CBAM
392.57360051554843,0.6864614060890353,233.68439429859654,0.5114050278632748,1813,None,CBAM
294.3324947994592,0.5016982032966132,249.42249516533798,0.5803781536242424,1814,None,CBAM
114.07892530910976,0.770920372035483,166.5709860246956,0.9960636402647106,1815,None,CBAM
258.67173916290653,0.24309233328805394,327.2023987621353,0.4086539885539214,1816,None,CBAM
243.3848419734358,0.7129229869499589,143.83002359963803,0.35695318131905873,1817,None,CBAM
167.15869077931598,0.45643992020798885,363.2861762223747,0.10899716743155723,1818,None,CBAM
161.4811202724856,0.1398655973130313,329.8784560605398,0.9271341757246162,1819,None,CBAM
224.98584702555223,0.7037508212119844,296.7854433271028,0.7826364112135115,1820,None,CBAM
97.80588453729956,0.6753031300172945,368.92479156451617,0.7141758380318666,1821,None,CBAM
377.1627251272232,0.35962946804776524,75.82488663467139,0.8887870066316822,1822,None,CBAM
25.31551005096833,0.9050923886342476,61.246388914383786,0.859652285231868,1823,None,CBAM
216.64698142873803,0.7150769360519512,13.932985676372914,0.9134218989100508,1824,None,CBAM
186.01405016088628,0.1494911136601734,82.72819621217428,0.2928153192806494,1825,None,CBAM
59.459992163758336,0.448469259942509,112.55257893147643,0.4393414631547616,1826,None,CBAM
357.95479466023403,0.830940202990094,70.26465755645243,0.28556029299299124,1827,None,CBAM
377.61747754888006,0.6299722626095041,30.78987492556849,0.9292968161507194,1828,None,CBAM
294.4504808917757,0.9155770405699751,170.15699089613457,0.714572570651975,1829,None,CBAM
185.06262588864806,0.06405149924497873,211.0810194000534,0.18013818016324934,1830,None,CBAM
65.06750646430213,0.41880644934777156,256.0811758721145,0.5885264474647254,1831,None,CBAM
263.312452517559,0.18986115222671507,23.667202937669973,0.15438864943832367,1832,None,CBAM
384.2399487225006,0.872609397446927,260.17749419984574,0.7477474239248171,1833,None,CBAM
0.20842638421978238,0.7896694363165455,319.59994917974603,0.10850622334743838,1834,None,CBAM
324.9986474567352,0.489705517002165,28.6616043904732,0.26088647423941963,1835,None,CBAM
214.96579406797537,0.660058477504349,267.9843075080011,0.031343469814361924,1836,None,CBAM
226.6983360369266,0.5059478720025434,394.7751295831331,0.7430085960874473,1837,None,CBAM
235.4025239137665,0.8651684502909096,282.61046648222805,0.9567705778974276,1838,None,CBAM
89.23462836594709,0.573597876182533,248.57914020850976,0.16824721375374155,1839,None,CBAM
121.73519547244464,0.4604151570768228,221.13765602762675,0.37505836786066754,1840,None,CBAM
170.63826808971254,0.2266897715636278,257.1814523505199,0.5929591186899692,1841,None,CBAM
348.2033272568607,0.9313717443822493,310.98849951737316,0.8482761467711422,1842,None,CBAM
333.27476707993486,0.1397814548975756,32.07966889035356,0.24278646771434095,1843,None,CBAM
9.520047033736013,0.8257000274576004,254.0823711137892,0.2630680815824031,1844,None,CBAM
260.34715574881477,0.6809667714154051,209.66823217783576,0.6543408695670038,1845,None,CBAM
117.19239015991718,0.6224012111438745,80.15056878492862,0.15333304112383214,1846,None,CBAM
140.87667930933424,0.8940421068342818,28.753945445948442,0.29866143040932663,1847,None,CBAM
317.04829303748244,0.39343070656102347,359.4843357585021,0.4994152835757216,1848,None,CBAM
34.85837452406482,0.7380628591336595,181.72803471492512,0.8787411902297028,1849,None,CBAM
207.25460682128394,0.8347184115748938,275.34030045340404,0.49151437118319075,1850,None,CBAM
254.64576226406385,0.6902072753209756,281.43473563820123,0.19759635017415172,1851,None,CBAM
309.88044849353184,0.6176297215676395,63.519213743356254,0.38952682547461864,1852,None,CBAM
218.91286691315602,0.8896474184326877,184.7368892153635,0.7514289972694427,1853,None,CBAM
226.7648536457635,0.7940798114524014,303.2259274006558,0.8225081800420705,1854,None,CBAM
328.1053375210637,0.6741085774257478,349.0603024435512,0.9202572482619559,1855,None,CBAM
358.272277959566,0.5045244992135325,196.39271780528512,0.5843340697967031,1856,None,CBAM
230.34785897414153,0.9320834993888647,175.50129464347506,0.4953107159387593,1857,None,CBAM
181.5684350737977,0.7071440569818904,7.641158485902016,0.5661211172796832,1858,None,CBAM
72.54403820084421,0.7033798259589383,152.5868782056255,0.7329781659822345,1859,None,CBAM
12.83828671041521,0.1331442745282145,283.32665477020555,0.7572868193841357,1860,None,CBAM
6.280061498269088,0.684643494389457,159.25872578240845,0.3952143492610276,1861,None,CBAM
228.3042385231918,0.737083091841989,354.3136223046375,0.3205468211721434,1862,None,CBAM
227.00367142566768,0.7631586188634667,139.4665889208068,0.12380854632365172,1863,None,CBAM
43.558697677609274,0.8454117608211241,90.58860935877489,0.14808099975012498,1864,None,CBAM
314.55672839026715,0.4431042616591565,351.04962850761,0.8364750563475181,1865,None,CBAM
24.07251322473722,0.031324893755674564,307.4012528993819,0.34305941646735755,1866,None,CBAM
200.07786281601315,0.654956084103631,370.7734307162191,0.25727330866722214,1867,None,CBAM
269.9061028498025,0.9240413698893643,338.0899161289423,0.3695724238104199,1868,None,CBAM
108.94448566235894,0.37333782002108884,256.8344351696643,0.9247611339787951,1869,None,CBAM
20.490664439467864,0.6332647530048869,26.645113511282563,0.9332687944328342,1870,None,CBAM
172.76250412893324,0.8967405304901033,172.868644815123,0.2355983738185264,1871,None,CBAM
116.37572048026372,0.8764327047458742,100.93855921939378,0.2598212853732282,1872,None,CBAM
285.3353486049392,0.9317208697716179,330.54909406686284,0.43575955026672575,1873,None,CBAM
63.66971541070713,0.2917681276496782,139.23421787593472,0.490412044992937,1874,None,CBAM
291.4459883347071,0.569565848189223,65.54566688061638,0.8640867149652123,1875,None,CBAM
320.6807286350177,0.9003596366636971,216.45769883778536,0.8627148573860695,1876,None,CBAM
29.47201321516275,0.09912276127574006,138.15901267747904,0.9602762945076492,1877,None,CBAM
354.5205593696406,0.28750066167481503,237.78389684607055,0.6886286227084865,1878,None,CBAM
26.86780372348258,0.001493231193057392,285.308041802137,0.2503557741629141,1879,None,CBAM
133.87623057558952,0.9304177421280835,395.64026552934075,0.3591946824560228,1880,None,CBAM
264.4482162375666,0.7142096876258451,319.27978131985367,0.24434886337991604,1881,None,CBAM
242.87864697396455,0.4402609652835039,140.37705207018533,0.11575666215582787,1882,None,CBAM
127.94783352893249,0.08860638355401147,58.33630617865343,0.07308813282562575,1883,None,CBAM
322.49984489711886,0.8858065769369812,316.8815024826176,0.790860299518466,1884,None,CBAM
314.73178484465564,0.1332951026105242,227.2462008798655,0.39351686825964777,1885,None,CBAM
343.1537563201219,0.6572121177494707,134.84019535805083,0.6296006352740202,1886,None,CBAM
282.31948813408263,0.04649262908757739,235.1717344232986,0.8299941175206283,1887,None,CBAM
1.2399422633999144,0.6048203705344974,368.30550450451824,0.6279038008838379,1888,None,CBAM
387.82338507897356,0.1637532555501474,34.93825978634303,0.7471155380498825,1889,None,CBAM
224.89854817055232,0.038778646505966116,28.498113741416674,0.05145354789379734,1890,None,CBAM
277.5143574978836,0.40394430152069205,174.9772734506783,0.09084853236860596,1891,None,CBAM
91.68138753917023,0.3386023738191702,159.6395065727124,0.7996047692039726,1892,None,CBAM
5.7612731657136695,0.7553001812128819,288.9557414903486,0.6285079904876782,1893,None,CBAM
52.264906990213845,0.43651131935304,300.1056295206362,0.15074190050910682,1894,None,CBAM
71.80508003990938,0.4320805251512419,354.43162660665604,0.30401959201210377,1895,None,CBAM
181.4402189496661,0.42462996551075755,11.644656558979046,0.6502074963408218,1896,None,CBAM
163.7733620486975,0.07883899394640967,28.54931966688039,0.8744445030765694,1897,None,CBAM
185.5815466550489,0.5348547858811689,229.20037554268967,0.8309295128830791,1898,None,CBAM
117.45396202814489,0.3542612204914784,296.8848313251371,0.08817594980914491,1899,None,CBAM
125.86605057854501,0.01078766742235316,246.8028381339793,0.21551127701695993,1900,None,CBAM
7.277026034127827,0.10139697519241418,53.5647743597639,0.2022550830210258,1901,None,CBAM
218.28614824936164,0.7307911496499928,273.09632502002165,0.2761458667445149,1902,None,CBAM
258.55372189151007,0.4311998362772132,341.5831966493878,0.23564347454112342,1903,None,CBAM
18.382056631964883,0.9845706214416189,131.02201430282707,0.8974490587551048,1904,None,CBAM
70.52206599281894,0.16347701839529147,172.95983986138125,0.6170116674348216,1905,None,CBAM
186.7146945247459,0.2690972756740685,375.21862224218296,0.25776985756729276,1906,None,CBAM
182.62855974572005,0.05499979505378651,180.58095484773884,0.47692129184853005,1907,None,CBAM
315.03991740982605,0.10367573112219758,77.80356817421878,0.7159200505036248,1908,None,CBAM
143.3402172557549,0.28253525218224385,84.04548876199605,0.9711432623278916,1909,None,CBAM
263.7882547541341,0.013069707902011016,308.5708033309987,0.30917628813676457,1910,None,CBAM
246.66064377681002,0.21193375300685793,269.7192133385672,0.9869027901670591,1911,None,CBAM
315.5073924214617,0.819936862963646,310.5784257741675,0.5712521999472975,1912,None,CBAM
285.7249001045758,0.01949241288667168,100.75713325058679,0.9354114264467634,1913,None,CBAM
138.35818183594256,0.7851934746675198,214.25331358502802,0.3317874252174117,1914,None,CBAM
57.626669472131475,0.12912069609262314,331.20044910809605,0.1860317369663445,1915,None,CBAM
247.50588637353138,0.2707505917427837,180.4910288803514,0.2767675265929257,1916,None,CBAM
38.78876220654756,0.18751293299098346,309.33570755907107,0.9158953396506243,1917,None,CBAM
382.4166878287607,0.3930722887073436,10.881238625759034,0.8333879646629421,1918,None,CBAM
59.55150711043073,0.6702391900053408,95.47314364350181,0.2754036558981017,1919,None,CBAM
232.31903788410796,0.2720807804056649,344.49807692881393,0.7670365436393842,1920,None,CBAM
171.8929213587505,0.37989330285766965,287.27151377628167,0.69001118842224,1921,None,CBAM
322.8999369984794,0.7858384971470689,279.4431730874057,0.005914438498938833,1922,None,CBAM
88.65426261748671,0.689087893642824,170.01306231564251,0.7232410168727458,1923,None,CBAM
209.51403833200115,0.7614284846615426,321.37230869419653,0.5720333092431056,1924,None,CBAM
262.7025491453198,0.8021850343113297,237.31468199486514,0.3808672295833656,1925,None,CBAM
50.89495045161162,0.7640792688569827,295.80479336639223,0.1307797171293769,1926,None,CBAM
225.07092831618135,0.5364585390027095,207.81157089635923,0.6834619417112168,1927,None,CBAM
50.038310883794736,0.09666549822540259,292.9235897564347,0.44391284086902494,1928,None,CBAM
327.86584319613235,0.3119496067879188,28.698359876765966,0.9936471661531182,1929,None,CBAM
365.8574469110693,0.38751693262916465,233.76484689404066,0.7621310401025932,1930,None,CBAM
159.27347350640073,0.3566183442479326,325.75044558364874,0.8049295232269719,1931,None,CBAM
88.92115497619474,0.461012184556633,63.11985447896584,0.1447091177941441,1932,None,CBAM
378.7051266012246,0.40182503844570877,289.26884551741546,0.41919638009102533,1933,None,CBAM
157.85727651880825,0.3838138943395659,106.23423148169837,0.35301717224090085,1934,None,CBAM
29.04355498383647,0.5649063296094398,234.51500875580993,0.6636171112149306,1935,None,CBAM
356.2151191948196,0.6212523984875189,371.34778800789695,0.8354245183478121,1936,None,CBAM
294.7122939680985,0.6356889817637724,361.1426626298045,0.5564703609762193,1937,None,CBAM
50.975674106896875,0.9644894586136917,17.706490423891783,0.005849531907237154,1938,None,CBAM
128.4414121550857,0.4549236109192978,265.82916675359655,0.1441559440338926,1939,None,CBAM
132.65980398003484,0.5028506449301245,259.36494347994625,0.6717423281621254,1940,None,CBAM
10.82774149011835,0.5005941333450454,94.27290409558705,0.9016413788498902,1941,None,CBAM
193.4518340642412,0.808242462239395,133.17049402579718,0.502663996314995,1942,None,CBAM
204.04793917519333,0.6835983402721966,190.7195620395415,0.9573226628313862,1943,None,CBAM
159.18831569024556,0.64969887908476,337.15014176196445,0.012977983351778705,1944,None,CBAM
356.7016284004998,0.8746127314020277,135.38454920248307,0.10054978037471493,1945,None,CBAM
392.79814342818497,0.593702345639949,74.8137868533228,0.7370056051837967,1946,None,CBAM
32.075140356541276,0.5667586765874587,112.69800149933123,0.10746677851002605,1947,None,CBAM
80.19406162947436,0.9816510768784482,68.53492312123488,0.5047469015209695,1948,None,CBAM
99.78278070170762,0.8247876680913797,181.78536803603572,0.6705627633927638,1949,None,CBAM
185.75613500876787,0.8490390023117658,321.4553443376338,0.542963660645812,1950,None,CBAM
8.798752710278796,0.34620702007193555,45.3237428238679,0.4236796292553747,1951,None,CBAM
237.52212734809302,0.48450577160053226,190.99609459430496,0.08458896073613045,1952,None,CBAM
328.4791188485297,0.8351662357929397,220.81644090621654,0.8699045837012508,1953,None,CBAM
110.57915658534148,0.24131617066124092,188.9802245297544,0.015248352082800572,1954,None,CBAM
362.24575758483985,0.9964002017238436,197.5743903293812,0.2020978629046641,1955,None,CBAM
56.053847566248784,0.5702902145213931,358.85756230135775,0.8881854561390987,1956,None,CBAM
25.606258907987005,0.23198871486401154,57.64831026742385,0.2592930628350364,1957,None,CBAM
70.04750979942416,0.34170462092742043,5.783543630290964,0.5359143477342571,1958,None,CBAM
41.861360179704356,0.600043815804712,297.96376806185435,0.05030193650806683,1959,None,CBAM
252.52974618858354,0.6116685386388714,101.77707790614873,0.28335553984613215,1960,None,CBAM
142.04157607772024,0.31766326473224366,222.70472705848601,0.59372678431889,1961,None,CBAM
152.3504894514649,0.702159099278572,107.7847033684083,0.2859372124288962,1962,None,CBAM
244.73781710011306,0.03187330575469375,287.64889037174254,0.14920970723676624,1963,None,CBAM
292.49235635620374,0.5557447225455289,90.79551898882512,0.06969102024949428,1964,None,CBAM
108.57116146723556,0.7576474851484835,326.7939878517359,0.8297104290236136,1965,None,CBAM
85.70224906522411,0.5066767812905876,356.6728081234437,0.6883011159493221,1966,None,CBAM
96.9497445038166,0.7231466299280287,217.37253939076152,0.5840761441641623,1967,None,CBAM
242.67819645836363,0.6679393625437945,0.5874763338028783,0.3805284122331444,1968,None,CBAM
292.6049274992126,0.6885029091684433,325.84340095210194,0.40154973944154293,1969,None,CBAM
21.173032153999362,0.6056234684538419,296.9926343836462,0.6456006508908595,1970,None,CBAM
240.25222079754923,0.4379093278230127,310.7792298965983,0.43241588753259036,1971,None,CBAM
297.18221592069847,0.5606738276681542,279.5252893298089,0.4038992403155921,1972,None,CBAM
246.0562303270935,0.20747908000600657,322.5594992234853,0.3661140140045028,1973,None,CBAM
251.5927221745412,0.3379048226083791,376.64279284751876,0.1656939656744203,1974,None,CBAM
119.74380636368348,0.5899821453687693,133.8197519142194,0.15678612531677072,1975,None,CBAM
42.87295503173722,0.7645380084467241,385.56632452591265,0.5419560516869768,1976,None,CBAM
388.0689381547006,0.1932610915264713,118.8731462707683,0.35613099959032074,1977,None,CBAM
319.7277446402547,0.2032347346338925,142.51064414649144,0.17159742570501943,1978,None,CBAM
28.538873660592934,0.3587183396371614,204.58471322580948,0.402816510433459,1979,None,CBAM
71.04642864062373,0.676559955985202,323.9405253707912,0.2622147777657597,1980,None,CBAM
202.0114682733554,0.6537575184710431,16.30018440634086,0.8219282518048222,1981,None,CBAM
182.54010806092836,0.8926483671755853,152.3897722765488,0.6597388854022682,1982,None,CBAM
74.45356521845594,0.6654194470729236,288.45602227818875,0.4159835150836034,1983,None,CBAM
365.51113744107903,0.7494388623903537,358.3658982919151,0.619898472875188,1984,None,CBAM
139.32921434155546,0.3114118524339206,272.62382557626853,0.4820658108606683,1985,None,CBAM
232.39311843633828,0.8375725082428948,297.89355978023286,0.32487817368857697,1986,None,CBAM
349.3546657134312,0.875715968432096,133.44615194452797,0.9923810016725043,1987,None,CBAM
57.52041799668633,0.7828205863506771,137.24446991151981,0.9863951359437709,1988,None,CBAM
8.48766084522361,0.18576899265802135,288.01407830018667,0.8853580805003235,1989,None,CBAM
364.1928953082254,0.9706671928491389,360.7814032521124,0.07653309125374616,1990,None,CBAM
1.026553056800231,0.9185789030106035,265.1525253929163,0.8831393795311111,1991,None,CBAM
308.31854287409783,0.1042627315199788,159.581872127928,0.8525237204750763,1992,None,CBAM
303.35794235100894,0.2857646906103894,134.31076101617631,0.7994100358123071,1993,None,CBAM
226.13441707055117,0.32316239256896745,343.3960700156542,0.5326607481704319,1994,None,CBAM
108.08759525798057,0.17446812327970324,343.683049187237,0.1374802823998907,1995,None,CBAM
263.05917716760246,0.503291534874924,382.0255494653458,0.47299172789364297,1996,None,CBAM
371.3274951721412,0.17451158997083507,360.29003162078175,0.4748351676928777,1997,None,CBAM
90.73553662988327,0.4771903554278557,146.7229117422279,0.8682458019931317,1998,None,CBAM
315.384420970757,0.7600290893583447,140.71072581810338,0.24284882924963597,1999,None,CBAM
218.58077911725053,0.9976555093787284,340.65078594974074,0.4762090661046084,2000,None,CBAM
170.08467073535166,0.32614565902245235,242.4923090057332,0.05295771559151326,2001,None,CBAM
306.6057647159491,0.6635147926905429,326.6157668945684,0.7482638193548319,2002,None,CBAM
370.5090279876784,0.9526522966777197,144.76956845866343,0.9636690572264783,2003,None,CBAM
179.65709450328833,0.10710386867754051,138.8672627212488,0.8555640966923048,2004,None,CBAM
116.88220270151729,0.6509565557343201,224.64179574190615,0.38485100826666174,2005,None,CBAM
223.5257897550174,0.26278926124597657,335.86686092071096,0.7231390299842344,2006,None,CBAM
352.0535915271158,0.7319374842895974,268.5776863551741,0.6534876753588742,2007,None,CBAM
157.08996059936044,0.007967036925946061,328.04892393744916,0.19019175117147788,2008,None,CBAM
267.0443273056206,0.9195901867617128,177.69222561577172,0.0819333268330546,2009,None,CBAM
313.8247594757702,0.529365638624641,264.36715173923614,0.8600756503680989,2010,None,CBAM
221.90557500449904,0.7485490802653486,295.0787776139611,0.773582685716123,2011,None,CBAM
128.67561515828487,0.27967575587644095,267.12374949279376,0.6120610982601693,2012,None,CBAM
98.10083842619609,0.7988975056651698,294.5217987420659,0.1404002143361091,2013,None,CBAM
342.91228927613986,0.8161438141640331,65.86585985982522,0.8054139302098621,2014,None,CBAM
257.9463557671758,0.9288768342483366,129.37231492624676,0.38500184073867044,2015,None,CBAM
88.7079529247999,0.7524272769932114,383.9480860666808,0.937931940178487,2016,None,CBAM
302.57488745260173,0.9203934739014736,206.19650632670198,0.4180196727645358,2017,None,CBAM
213.74932727872982,0.4957192891719724,315.99941232133443,0.0498397114932956,2018,None,CBAM
55.31228000405819,0.7808174570647253,349.5437143733457,0.4400628206316654,2019,None,CBAM
275.35966765984375,0.46110991091106107,266.1510235319571,0.7830849629961011,2020,None,CBAM
360.6305133177376,0.26417608947712073,15.640069596452005,0.7405966389809469,2021,None,CBAM
179.01582395306693,0.4089195914673481,101.92294615130729,0.9401228292240977,2022,None,CBAM
159.65918089680443,0.4470811917638276,174.31022445270983,0.9770063330593157,2023,None,CBAM
335.6790337928713,0.8434805655959758,157.6018718633856,0.5403717372942292,2024,None,CBAM
277.8885003189554,0.583051446710475,165.59794986864685,0.5605686646991812,2025,None,CBAM
161.34202153652427,0.29588958297411583,90.74212858921474,0.6586783913674504,2026,None,CBAM
392.33323963314047,0.1992403194995547,356.72150980658415,0.7082422686540752,2027,None,CBAM
68.19956808455659,0.5506534430017405,325.2686020726128,0.9357705983481357,2028,None,CBAM
54.14483700267068,0.2035983623415902,355.0964446168945,0.3196230907259385,2029,None,CBAM
399.0044125802092,0.26497205780023875,128.9810582257566,0.013351566442190184,2030,None,CBAM
394.5893834530093,0.1588495212538802,390.62557919583895,0.14909523491578397,2031,None,CBAM
180.03341809669118,0.5421445653119312,277.6502137387062,0.26234510573577785,2032,None,CBAM
173.90015062581125,0.8621788122514643,172.27307982157078,0.8942573244124118,2033,None,CBAM
149.5004842443344,0.7596208473998638,75.62535202389694,0.363683684504167,2034,None,CBAM
349.88485093156066,0.8935118870604847,149.63817893860593,0.5045437784635604,2035,None,CBAM
47.36378751223765,0.5327169752166113,120.20689668283052,0.018008100191433427,2036,None,CBAM
40.68156128048794,0.05458944488522303,29.767903294002934,0.9870619980179088,2037,None,CBAM
66.40339756907187,0.4924546368766405,75.2187221732837,0.7335911282917854,2038,None,CBAM
269.6194244287737,0.3150497369400315,2.795453789196478,0.1322738072996416,2039,None,CBAM
166.67469872402688,0.5226009417652067,80.24879996792372,0.21374573380401987,2040,None,CBAM
60.219830248216,0.727004920459512,250.8165213092767,0.056929102277269245,2041,None,CBAM
255.72035437446394,0.33674717129610865,47.511229602136936,0.8720238116706754,2042,None,CBAM
331.92466752862344,0.8601482076455339,226.85121590034038,0.7761178205973949,2043,None,CBAM
267.3706707763033,0.06896981308321402,193.65694677842464,0.2263457716172231,2044,None,CBAM
356.1484164458503,0.00756012026430792,87.12029960259204,0.5070796067171583,2045,None,CBAM
1.6311213859718046,0.744994001162677,186.60494373902498,0.699054604898095,2046,None,CBAM
281.1961675751453,0.9851519927953658,225.88179188662164,0.7771865418872482,2047,None,CBAM
392.46268820885575,0.527814768275858,104.98136489212713,0.6105585999283036,2048,None,CBAM
362.8378071660337,0.7120828298521793,100.61323895975983,0.6108451183632406,2049,None,CBAM
278.17405420279505,0.3791553004862026,190.7380569893095,0.5718526063654494,2050,None,CBAM
314.67117643922984,0.3156399905279765,338.25926465774467,0.09177312857623686,2051,None,CBAM
267.28272846129875,0.0186595840113547,54.72690120822102,0.788440961641761,2052,None,CBAM
29.93085811662628,0.1242724864160476,46.88358667128836,0.07699643664864884,2053,None,CBAM
275.49052918644816,0.7454941060806503,185.15057120754605,0.04178629016274761,2054,None,CBAM
349.15600462405604,0.0574025310136561,388.7828714858528,0.3275599595068567,2055,None,CBAM
242.37784197729383,0.1677681743116526,341.05142776758737,0.3994238117937627,2056,None,CBAM
266.3969846667725,0.035575718656675956,251.95180277767201,0.3571183511711739,2057,None,CBAM
205.1678680992533,0.5250032493384976,30.89631679665878,0.7206287189297237,2058,None,CBAM
390.6036886459042,0.1793315349081174,53.11726198379444,0.7019280161391686,2059,None,CBAM
238.57144947437058,0.0351175115178788,278.6385768563011,0.13314713580080162,2060,None,CBAM
56.20892575517741,0.7062805474213235,324.62039235723495,0.4641873455013607,2061,None,CBAM
222.0617823326449,0.5857584611262664,67.75503740308454,0.25836692623466606,2062,None,CBAM
292.0850335694582,0.5068021577976268,255.13772106155605,0.24673936218525508,2063,None,CBAM
180.88799247774008,0.20895838793033344,110.35594682697871,0.8200110973726829,2064,None,CBAM
114.9660309259659,0.10590955083349458,392.3822835003262,0.3076806309303025,2065,None,CBAM
84.21761531588565,0.24958629671059548,377.723879119753,0.8380447073498705,2066,None,CBAM
127.81704086886114,0.9868307079238746,355.14265944032843,0.2563692726740544,2067,None,CBAM
264.48654233031203,0.9488599771630446,132.6619381892821,0.49441104050524604,2068,None,CBAM
272.0124481134319,0.781706454539907,230.63372807868427,0.7784579176796755,2069,None,CBAM
86.49829469367218,0.19168098990115431,27.999151892497753,0.2332790491649713,2070,None,CBAM
168.27896686812596,0.26545221014588044,140.11053065220202,0.2983129523608393,2071,None,CBAM
269.52898418823776,0.2229404675913228,205.41851083868443,0.2806329686184835,2072,None,CBAM
183.0298012389758,0.8466621469706153,258.324977706836,0.6289217432455388,2073,None,CBAM
6.111916925323011,0.622797067754913,194.9143391072276,0.31436848791874583,2074,None,CBAM
107.96598589786419,0.888938537024111,266.5950530702751,0.8451065151351872,2075,None,CBAM
205.8336583565362,0.6194927866966393,250.6401160785285,0.0190919049379645,2076,None,CBAM
374.93826218143147,0.5951899621081558,294.23614167958925,0.17638246666236979,2077,None,CBAM
122.067850117983,0.47071235938066774,245.0846998209763,0.3063202216470951,2078,None,CBAM
35.70992921046555,0.2544568588772392,335.9768212235026,0.3696113662375773,2079,None,CBAM
322.1486814890882,0.4127870330431326,7.314072652284877,0.9929214936927568,2080,None,CBAM
189.63813640561702,0.9524577248153901,220.7759563940262,0.26180148460397823,2081,None,CBAM
107.51840820395205,0.6785344494467502,263.3332935103549,0.7249418356715224,2082,None,CBAM
326.70379000455523,0.9309145814798915,349.94538838309825,0.8752080265405399,2083,None,CBAM
333.2837012728985,0.5167252120458002,31.754048589329404,0.9497506870543567,2084,None,CBAM
177.09356760909193,0.19468099712751166,212.9438035167396,0.7979998850007625,2085,None,CBAM
256.9363931141322,0.5616528819664074,197.44864376901774,0.6648267659592331,2086,None,CBAM
171.69172119138287,0.01445931329037809,357.68510465254025,0.6487904244385938,2087,None,CBAM
188.8486271767833,0.33047792198287207,362.8600287435886,0.29935952466595783,2088,None,CBAM
313.69660698606896,0.126070183409992,55.68397199694769,0.28447147489809665,2089,None,CBAM
238.0657284415717,0.013342464428388521,334.47268595204474,0.0218195989716416,2090,None,CBAM
249.82897783401663,0.2817806575311985,220.89529813826724,0.515065140836816,2091,None,CBAM
362.7778249324527,0.16441938370786105,245.73632615937808,0.12256670294781562,2092,None,CBAM
57.813228235341406,0.7584067629563347,303.7591221972617,0.6114179107598217,2093,None,CBAM
220.36802795258973,0.8033047493956823,5.532802321278557,0.9327154430882758,2094,None,CBAM
68.12197056065139,0.02895741544188358,212.73024421955031,0.9377126124359224,2095,None,CBAM
6.504908601304507,0.394888879341319,324.65832433025315,0.28536507142180895,2096,None,CBAM
60.86124571180185,0.6197583929281162,47.243802387771474,0.6056546969447444,2097,None,CBAM
157.36147501563335,0.29832853951469085,36.37681780052814,0.5262831559337092,2098,None,CBAM
40.886350464476934,0.6883156272955754,319.93509574047044,0.525977944921315,2099,None,CBAM
329.68252634011634,0.42767276707344853,17.349807507727704,0.7875818779194516,2100,None,CBAM
271.9345644808675,0.0680776788751561,24.336600284111938,0.20983701691557868,2101,None,CBAM
381.57119140329326,0.0712159808671545,340.8183035957347,0.2127624582010326,2102,None,CBAM
208.95560882885866,0.07378184853448282,338.3796642498793,0.9104922902786216,2103,None,CBAM
286.6736507945085,0.6502924471917194,75.93306183117991,0.6040234703563395,2104,None,CBAM
275.1130413430704,0.23426975388840948,366.197501848037,0.3255210901956293,2105,None,CBAM
181.2107813761706,0.8067035064050482,50.94866112642889,0.04871058043601588,2106,None,CBAM
302.610836543956,0.3289318966454812,22.75865395817145,0.12126959560574463,2107,None,CBAM
29.196463149307974,0.06746349895271042,305.62107897150116,0.3093422914025786,2108,None,CBAM
127.91411553733454,0.1080906955435,213.14052745187468,0.2506476443030413,2109,None,CBAM
141.05353856299928,0.5108513449170315,40.319620565029894,0.11135093453750451,2110,None,CBAM
265.5232897882305,0.859419152361123,271.70415971463717,0.902712205492331,2111,None,CBAM
181.31081379712057,0.9949990175286565,333.63863488667954,0.969131624475848,2112,None,CBAM
58.644977933973365,0.34023333167976405,369.3912900060999,0.8476343121400114,2113,None,CBAM
248.8786863824365,0.8256069644129769,232.17561218230145,0.8017576730354466,2114,None,CBAM
311.6587098642983,0.37456179266530065,28.38145543688148,0.5860611048785791,2115,None,CBAM
314.87596347299444,0.11309817078064148,160.4666273735039,0.11046776791026076,2116,None,CBAM
322.7078475058662,0.7359541794947808,265.4890516179923,0.04063203242229344,2117,None,CBAM
3.629326614520075,0.6896354133661202,179.50033552421635,0.9079735862166214,2118,None,CBAM
325.1044660210795,0.5692762214796832,10.468887616525594,0.7594547702808445,2119,None,CBAM
283.10627649274227,0.4687948794585408,332.029173562018,0.1662783755064225,2120,None,CBAM
281.3128641007068,0.726477888123695,119.37468302686828,0.48153496464247364,2121,None,CBAM
100.45420805028893,0.577631497148463,228.80444254502498,0.2932264861098348,2122,None,CBAM
220.29015818591392,0.3047310674636996,299.7497514507342,0.6499330304191671,2123,None,CBAM
362.4312864951134,0.8615508377905248,181.41510718237592,0.3546359372416955,2124,None,CBAM
118.66144522975928,0.01746201608024155,242.38629118761074,0.10616040593585878,2125,None,CBAM
244.07432790180982,0.7253551786313164,30.801224347244236,0.8823701109117966,2126,None,CBAM
325.9126729054335,0.19363078899450845,375.42512764311624,0.6411994019730604,2127,None,CBAM
235.12701063128713,0.8129411644455673,381.1926886399428,0.6773139975836753,2128,None,CBAM
138.10943028509843,0.606351402158075,9.790591566251454,0.20803016109906758,2129,None,CBAM
399.66339843331775,0.9633229426068636,369.1381326792634,0.3396324219874776,2130,None,CBAM
129.83098408260264,0.37388113407676465,151.47724977093173,0.9014973532693593,2131,None,CBAM
388.3678825232336,0.771758241459748,226.67496498784584,0.5244918312114573,2132,None,CBAM
6.1947789188132205,0.12075211806686936,132.8280225823372,0.3912389717342875,2133,None,CBAM
79.49654184107364,0.6958905299980953,158.13150739509362,0.5583000363361293,2134,None,CBAM
116.97659760979067,0.9078854190767112,371.8197814854226,0.25347658488060215,2135,None,CBAM
54.838069011877124,0.3926181883198669,71.22120613889278,0.20184032743076918,2136,None,CBAM
16.47062637128035,0.32427582118067183,117.7225477460608,0.3174019685786975,2137,None,CBAM
235.9991334977274,0.6990332193396999,81.51921759797617,0.1568580746854438,2138,None,CBAM
19.605162844297542,0.9197089939463088,391.26534685600507,0.7529418305347689,2139,None,CBAM
396.0694302028797,0.39814416901724325,43.12672704309993,0.2420237419706693,2140,None,CBAM
65.49694969764386,0.804985528633188,153.73392695496935,0.41337682607075493,2141,None,CBAM
210.90214138608897,0.2831318916275221,196.88648264400487,0.4626836046573228,2142,None,CBAM
304.4405440750858,0.13824526866566608,385.1909533904929,0.29720798323904885,2143,None,CBAM
171.43523303963934,0.3618148060871442,389.60832520044573,0.3119399010990987,2144,None,CBAM
15.386361830857437,0.7442348476788299,390.15601774765423,0.7506471989042375,2145,None,CBAM
298.4767536562714,0.32531354334342505,34.26247518437543,0.3756513271919283,2146,None,CBAM
67.32580786571496,0.2947675399505299,15.586311100684402,0.6349320879012268,2147,None,CBAM
6.540262418946205,0.4638585163354714,76.51893873784687,0.840169383379844,2148,None,CBAM
357.07713675562786,0.6260088328110751,212.882948716885,0.1087846667108783,2149,None,CBAM
293.8912255313508,0.6553269374535264,19.46059202647079,0.4668852943328438,2150,None,CBAM
379.867084584618,0.5959562458287121,113.58753719189136,0.22322189374718965,2151,None,CBAM
276.9649909579416,0.5723663478325416,311.80101910875607,0.6212276001793359,2152,None,CBAM
88.28059762556728,0.89553213774491,107.33234279649312,0.9186439703532908,2153,None,CBAM
66.61493394718603,0.3348440531635704,47.76710614679528,0.33577866580548715,2154,None,CBAM
364.2929207626688,0.6464758973017039,14.99390632854084,0.1743547010158067,2155,None,CBAM
86.3475416945101,0.5929809165646127,68.78840743169809,0.6507870861977547,2156,None,CBAM
391.57740416115575,0.804256063154226,173.6790998146783,0.48773749254607746,2157,None,CBAM
122.03474518095187,0.905374079789407,176.13049691976224,0.9143991543434739,2158,None,CBAM
68.61183862943486,0.41780775525547337,130.35137068557765,0.8903019334906658,2159,None,CBAM
380.5853354503514,0.3591398717952522,340.0678602675824,0.5054172811955849,2160,None,CBAM
212.28531648887383,0.4147830797217481,238.25532841216517,0.11945217596913116,2161,None,CBAM
103.39337632213062,0.6338335351184872,208.15483776089843,0.1206346138369768,2162,None,CBAM
288.4250164239967,0.6737847179617048,85.85286100680374,0.4084301448917541,2163,None,CBAM
283.47216729200903,0.3651833579725971,333.9588919868898,0.9665338784915148,2164,None,CBAM
346.7439395491854,0.549548073335959,81.99347809282538,0.7619805855432055,2165,None,CBAM
155.91117261007938,0.2541656446587278,247.26038284033854,0.011026105195828684,2166,None,CBAM
300.3562915915184,0.4425663750993453,313.2976435403993,0.2457316593786694,2167,None,CBAM
245.18506313013236,0.6171738748882293,5.23800164218696,0.8034688296388423,2168,None,CBAM
317.8548970190736,0.04821310898768119,227.97972161601606,0.5730315853213975,2169,None,CBAM
337.3821849125566,0.002461474445907463,273.65780359863294,0.6321340533093548,2170,None,CBAM
323.8808598095839,0.5660703602821481,122.82693168967694,0.03928341678969669,2171,None,CBAM
27.034691020081887,0.7121610572456508,270.66432431164446,0.7053380066199336,2172,None,CBAM
255.71768787857835,0.5589568720756635,376.91815406764437,0.5558698723835721,2173,None,CBAM
257.3164797602613,0.889011494907953,297.1719061460585,0.15627225281477608,2174,None,CBAM
395.53628015938955,0.24389447279301715,362.2322308152647,0.7046748438556364,2175,None,CBAM
73.05119947114018,0.4815845635517421,220.37382516181984,0.9106414364204725,2176,None,CBAM
291.70375284381385,0.7812348777126581,66.99885136762518,0.5107647138010383,2177,None,CBAM
293.7042327013494,0.834928918498855,396.7866463986312,0.4660717916754348,2178,None,CBAM
365.0239262740623,0.45966220108441525,185.01897837144912,0.08007745989753014,2179,None,CBAM
221.65366132461216,0.9902067433193056,300.9783806046458,0.9438761213224063,2180,None,CBAM
85.816613071568,0.7306642556155654,366.82687550067874,0.06608841704380222,2181,None,CBAM
177.2579109633935,0.4621859720359017,300.0585826733463,0.838452704280247,2182,None,CBAM
280.9345307271372,0.10776686846623085,79.01834420632105,0.2919008131296634,2183,None,CBAM
194.39376582424987,0.04755312064421012,303.2937431689916,0.7408567409193297,2184,None,CBAM
233.2137845306149,0.5737078561702456,123.09839102297973,0.10406401487002545,2185,None,CBAM
110.2399640274599,0.5673143939742541,289.18763061336097,0.646288092579362,2186,None,CBAM
271.7956714197872,0.8529681449920806,226.4393781523363,0.891411416872846,2187,None,CBAM
215.41906412409807,0.16641730317238648,102.64879719304321,0.5474454282794751,2188,None,CBAM
238.10816757195505,0.5585809616442794,315.72191335189166,0.2557362434390243,2189,None,CBAM
186.46432637472293,0.8975207925734094,163.4379887244099,0.6081849622052488,2190,None,CBAM
49.30197637417484,0.43333199974246267,230.05158052833474,0.9293730471605334,2191,None,CBAM
246.9535101999727,0.15311737561008323,36.44761012383079,0.8226098377848633,2192,None,CBAM
351.0396623981207,0.9457378158493703,297.00310806425455,0.9396400851313486,2193,None,CBAM
330.84892095213047,0.32564713214625807,259.86819588099394,0.24668104412736871,2194,None,CBAM
348.8878375966956,0.2628177311523263,320.9355101069922,0.4091755407039156,2195,None,CBAM
46.42122190940574,0.8677576825685438,205.90993827543232,0.6859982940837873,2196,None,CBAM
69.92220592224022,0.7244017847864369,116.98210261490034,0.7537865378246142,2197,None,CBAM
104.82219276117448,0.9863369171947403,142.8800482170559,0.6735749176565645,2198,None,CBAM
289.8769977966876,0.6459676780840937,127.61155356895557,0.6450448669557501,2199,None,CBAM
301.41530941321724,0.6170547853165429,202.16879170079744,0.9026512611194709,2200,None,CBAM
299.6153061960703,0.05540505368775541,17.00878897899282,0.927888797945854,2201,None,CBAM
26.650554832804907,0.7137935937589345,368.5510111375958,0.453868453300426,2202,None,CBAM
266.43060292932563,0.5596807496568518,89.56118315425657,0.586992091484468,2203,None,CBAM
341.2013094810867,0.37284792536609135,224.9677352348423,0.28427927050346774,2204,None,CBAM
170.20219706139855,0.4347106545733941,365.93625034241757,0.8876188971339449,2205,None,CBAM
139.92480344446457,0.17843616072982912,285.8307058166372,0.9853054142899529,2206,None,CBAM
216.83446506757545,0.8867129203729651,310.61864004089745,0.7422349474532206,2207,None,CBAM
128.955651395621,0.7169639366758772,388.10550220993355,0.6207608721871519,2208,None,CBAM
346.4182282084085,0.6062526173513824,221.10979248139552,0.037536856400490384,2209,None,CBAM
376.79000702472007,0.320877140863936,61.68439321833235,0.09557873588220532,2210,None,CBAM
164.61451335761953,0.5653298130446585,390.27839194264857,0.05905936992018466,2211,None,CBAM
269.5698665052789,0.757285011161557,384.4465940267658,0.614403734753444,2212,None,CBAM
260.2895422798652,0.717671600551367,99.81757835292572,0.8412432786829912,2213,None,CBAM
62.038491975656186,0.7276275374198563,3.750665571166203,0.6472710088103455,2214,None,CBAM
256.3866580086662,0.6881391157715967,394.8350565913278,0.5508136195110637,2215,None,CBAM
32.86210200225073,0.8405081060347469,366.5614607352013,0.005669875008350502,2216,None,CBAM
352.5425844268339,0.4916781667210788,219.41141574862385,0.8767668511319043,2217,None,CBAM
251.51368698559975,0.8714316161513805,117.92321897727514,0.5614345711414905,2218,None,CBAM
224.82195573249734,0.20009298790995866,277.3934424862377,0.3870743854332026,2219,None,CBAM
63.70942223868815,0.47565499386258414,295.79883617188057,0.3896829197013532,2220,None,CBAM
109.49627807532903,0.39900522310023057,104.4284220492303,0.10765026884557914,2221,None,CBAM
178.39097349124674,0.8297498019404012,354.1955205576773,0.00827147019352966,2222,None,CBAM
68.75967989983981,0.1884230463589972,173.25645934606337,0.61280437751689,2223,None,CBAM
332.39774272373984,0.7823944496712948,72.40464383265622,0.5151195133900048,2224,None,CBAM
211.73441192818183,0.19549416383283938,186.34915636849237,0.011963457068283275,2225,None,CBAM
73.22273340587985,0.5347642334804921,140.94153787764637,0.6201032685739222,2226,None,CBAM
300.00412431390646,0.6854071639852718,186.06972183072216,0.465211943740414,2227,None,CBAM
111.18835422336926,0.8756987102099453,60.79327242055847,0.1787538844982303,2228,None,CBAM
80.56752971204273,0.7138533292287935,53.06384591766417,0.3747041880206583,2229,None,CBAM
398.3884846229523,0.08497003410342167,200.68886621044655,0.42804048843613407,2230,None,CBAM
265.090190401535,0.24016046290546272,320.6128592962816,0.6407170392860695,2231,None,CBAM
87.02277676414701,0.6395953939013256,116.50603129287606,0.6374045225199527,2232,None,CBAM
8.296772401672987,0.9992295236697436,168.1116483078075,0.7644419810797622,2233,None,CBAM
259.08983480000416,0.14053778413896909,45.446393180177665,0.6876196842561524,2234,None,CBAM
197.75677877490267,0.16943469996783508,155.64197952338577,0.9322613513895439,2235,None,CBAM
70.84604291865006,0.5566917223305539,271.5815812527066,0.3944450352926832,2236,None,CBAM
339.6931723251804,0.039030929595450375,326.1488591546707,0.8810069059219804,2237,None,CBAM
42.260997456389795,0.9368705534992755,266.82948935948747,0.4790433544002342,2238,None,CBAM
53.24209182011258,0.8937921400033467,84.39704218921358,0.6915241119668675,2239,None,CBAM
81.18249598970361,0.1631174857847476,317.5562013236983,0.14648441077562116,2240,None,CBAM
294.2603351975175,0.21661005119053584,266.1801822037168,0.16445078753575149,2241,None,CBAM
150.88990557456304,0.9411300870297783,279.33239610478785,0.04215581357323809,2242,None,CBAM
34.084966632251664,0.1729420411479181,36.49808004596168,0.5944974649461475,2243,None,CBAM
250.7763365103006,0.2493297555242526,116.38680470593957,0.7319919195186074,2244,None,CBAM
366.8974204959769,0.8751662690817328,311.46610000924386,0.4377475596926613,2245,None,CBAM
243.29308448049477,0.20343132084029467,162.13105552176313,0.8865775951771663,2246,None,CBAM
204.1823639969116,0.2529086631565285,290.87833845124516,0.9584860077458073,2247,None,CBAM
138.42677961935803,0.24006758145448492,23.29141296806731,0.00389831717107303,2248,None,CBAM
187.5581014161452,0.9098532906475392,54.369831470304696,0.9351770875950065,2249,None,CBAM
299.13230286043614,0.26311084654963385,246.01487315031702,0.34646019873657635,2250,None,CBAM
188.45542867170172,0.13571573505622261,32.28768116610758,0.8960324488513263,2251,None,CBAM
378.5657323077267,0.41702976926987917,347.1194287553916,0.6797620934243532,2252,None,CBAM
392.6130900564284,0.5783953335673291,306.9222319087813,0.36515473313437424,2253,None,CBAM
234.07482615490102,0.5219607085284291,216.87221197899024,0.9539919407597584,2254,None,CBAM
109.18984655157576,0.7213451723416456,382.6125666471763,0.883929303705609,2255,None,CBAM
154.3004261659799,0.8243995872792139,331.77421061993806,0.5731652927304832,2256,None,CBAM
200.24104167846542,0.21587900552078967,216.70924969630843,0.794619009143583,2257,None,CBAM
200.0099234504568,0.8912277070540714,31.90755373193047,0.4039506354539651,2258,None,CBAM
246.4290027756114,0.9401083052917399,78.00823027351848,0.346001108477407,2259,None,CBAM
2.9261314076921705,0.24090437693770453,332.91556769545616,0.08177537835356409,2260,None,CBAM
177.54318629906993,0.14107708550642625,342.73744274456567,0.6230780926833916,2261,None,CBAM
137.5493661618617,0.6757763384605676,16.810853671662635,0.5737532290222613,2262,None,CBAM
91.01469502472148,0.9660717252176155,56.48183742481798,0.8822734758764094,2263,None,CBAM
152.9315106733912,0.44922685823810654,102.32397187058078,0.20199038259120095,2264,None,CBAM
79.897005767804,0.5618548521012127,101.57568079998269,0.7696034255391967,2265,None,CBAM
174.91752120891866,0.5963029383494218,117.09128538885278,0.6037304044822872,2266,None,CBAM
45.80412867312841,0.22957712720683396,69.94068179991626,0.7953734936514573,2267,None,CBAM
194.41573527225452,0.5875889492231251,363.47106965108236,0.761845627270139,2268,None,CBAM
42.489393132525734,0.44624784028813186,273.0151616687063,0.6224270614238226,2269,None,CBAM
330.1881174174833,0.5276004684044028,30.42121041425416,0.49254210857103475,2270,None,CBAM
188.92164163010472,0.6722942596211949,261.1104698518499,0.4318836023012013,2271,None,CBAM
268.32042770384186,0.47575473317411776,143.54786187819397,0.4404193375263071,2272,None,CBAM
164.46411535123576,0.5499344062024216,293.2852015406088,0.5950863249614078,2273,None,CBAM
305.5040989677935,0.9945341815630414,251.41718229019526,0.5594053954358572,2274,None,CBAM
64.40872392234519,0.6335616268180436,124.25952424964643,0.17903077052409044,2275,None,CBAM
388.9887715526284,0.7978844335038142,383.1538245200982,0.7109329003594608,2276,None,CBAM
281.9602596272615,0.19798655910984342,275.4956681736244,0.26327645728337057,2277,None,CBAM
212.43719668912286,0.6906585610827216,333.84663677576515,0.4146231747917346,2278,None,CBAM
137.50401907063394,0.6814457476569482,128.2353147357589,0.8818017599950456,2279,None,CBAM
231.12842070183598,0.7669245217757914,167.05699724862373,0.11363977115956146,2280,None,CBAM
220.27724375774787,0.4612052492704491,47.19190262283367,0.19782488026642256,2281,None,CBAM
214.65551675333305,0.9193636372317495,171.84183602722814,0.6908977256823635,2282,None,CBAM
62.28162366148465,0.6790199402582789,169.7935679288379,0.09269421268134129,2283,None,CBAM
232.84882502172093,0.8018997653723513,13.990368744273574,0.30413823210801416,2284,None,CBAM
136.09421494982269,0.27005700521358894,90.4019459454718,0.10179024298844268,2285,None,CBAM
183.62691187237178,0.06085376181576148,282.3524551612078,0.7274373044452361,2286,None,CBAM
234.79510976494797,0.18489683374289317,0.7485503109487627,0.8403518334494556,2287,None,CBAM
301.6002626011978,0.685779357633523,380.1531908069063,0.7549535445581561,2288,None,CBAM
269.70772730863587,0.26367996824421597,53.38076465869772,0.04131351174546848,2289,None,CBAM
144.96842505832333,0.8098014379088053,35.95163588897221,0.1786431664481925,2290,None,CBAM
239.41121167997878,0.620329576590544,265.235273350985,0.111078432470549,2291,None,CBAM
358.05258402300495,0.5399373649966533,35.87592821494356,0.8804116904750341,2292,None,CBAM
298.20656547095183,0.9985535528039808,69.24265328833548,0.8010513418637497,2293,None,CBAM
369.10089849097176,0.8845927527644677,277.0091513621393,0.1498946008601323,2294,None,CBAM
240.80543580342706,0.007130441891163893,256.26822713315056,0.5393877058509644,2295,None,CBAM
268.8699244350803,0.7706089647562747,76.16165950832176,0.17053854146198225,2296,None,CBAM
149.62644978334114,0.07977413122173617,170.96734489193784,0.3945147592976239,2297,None,CBAM
11.68984056954275,0.34056523455351173,363.21554151451807,0.18187927108128796,2298,None,CBAM
231.27574974561375,0.22707303521775674,220.42215427995552,0.1924383642072036,2299,None,CBAM
197.85672634106447,0.17106877910843804,381.88555362828384,0.09476457544646441,2300,None,CBAM
384.88263671053585,0.2494912735972342,32.71344510375003,0.4702450110310177,2301,None,CBAM
37.11038001184827,0.6072377484641555,44.670603798262015,0.006736530615261928,2302,None,CBAM
93.56697140565835,0.1639329382367846,296.1492233679541,0.8625153317344756,2303,None,CBAM
256.9816595981583,0.6204098444311053,385.5295434982816,0.7195373968001483,2304,None,CBAM
19.013950303689395,0.142274069838174,142.60305043750668,0.7495161216602656,2305,None,CBAM
31.824776717168035,0.9266293200720427,5.4393385192274994,0.7695770558329514,2306,None,CBAM
118.0129073035433,0.4445816653360505,393.97826052517877,0.5009118938800107,2307,None,CBAM
231.33693780029336,0.4109834098160195,140.57174189261204,0.2898003060580112,2308,None,CBAM
320.07538067309173,0.6381162257110575,5.839027527489953,0.3724576992064588,2309,None,CBAM
340.27704721559456,0.8137239590966605,8.045666547998206,0.716573152910985,2310,None,CBAM
290.8636715335036,0.40951416895174714,390.07165844481085,0.4788742020137147,2311,None,CBAM
112.22786103156494,0.23094717443622229,218.70647649516727,0.7137861153132887,2312,None,CBAM
296.60257769659006,0.6321599563952011,158.74908008694456,0.8550079149928033,2313,None,CBAM
0.08681264027435193,0.9615503755818271,376.46680706534363,0.792738545026791,2314,None,CBAM
79.02231061005945,0.37582859619474596,162.43828510581483,0.8582243626943725,2315,None,CBAM
79.05246691619791,0.22280317872909922,217.77880426441462,0.6523183296831123,2316,None,CBAM
293.7629597841915,0.9946408896606873,155.35739798957903,0.5004122572448964,2317,None,CBAM
125.72126232725498,0.5662010393442038,278.77192883508644,0.0026381010330878665,2318,None,CBAM
381.4434550488458,0.4600032124667897,185.20282049562474,0.49528967577065364,2319,None,CBAM
315.93461765887906,0.7388131990506766,177.13967741136415,0.1816694480000549,2320,None,CBAM
291.27492310270395,0.11983940712634124,282.4072995822778,0.7423629696853262,2321,None,CBAM
270.6290884037299,0.24069237049956116,351.9560739856295,0.8343066087151967,2322,None,CBAM
377.679955053233,0.2804511707963607,60.862979038388055,0.3816603909386729,2323,None,CBAM
43.09859534336356,0.6653459482383712,291.9380502912525,0.2809081976810341,2324,None,CBAM
207.39481165611667,0.949889165348565,350.1669453284561,0.44058234770542376,2325,None,CBAM
35.835488170096916,0.7229440097179407,41.55461850026877,0.4621921822404823,2326,None,CBAM
317.70962986318017,0.8189208843289281,195.12313974174498,0.7869944018132949,2327,None,CBAM
49.53052263865387,0.24078744355719742,326.84373711241227,0.26523560508306876,2328,None,CBAM
352.37504450169877,0.05663733163868949,354.5545174857607,0.01052275898187636,2329,None,CBAM
316.9129504863712,0.11206810389098211,113.78758402289233,0.09867967167027604,2330,None,CBAM
174.3763200660623,0.7226076605246766,390.99240458938385,0.8888375247185695,2331,None,CBAM
43.863420704539244,0.9605233162592132,73.4413718336463,0.204262887111419,2332,None,CBAM
283.569313833132,0.8682593881632983,322.49968025460373,0.7282262034802781,2333,None,CBAM
143.17216841382472,0.6720694757351066,307.1207643312187,0.9070140707732656,2334,None,CBAM
133.96150229406243,0.11076850921438387,178.32427904659414,0.7791559691561998,2335,None,CBAM
285.16310474511414,0.7660173860817391,365.05157019400525,0.6250099069931706,2336,None,CBAM
111.6433859287046,0.6525422369989318,144.16685511923768,0.9962587235663197,2337,None,CBAM
135.87240239841108,0.6847281019355191,180.07987541850375,0.005172822682615215,2338,None,CBAM
157.92899051802482,0.6201587570113027,82.93103364893663,0.8504583569191368,2339,None,CBAM
113.78107217472973,0.5898137476396275,15.340159095499628,0.8115151105549607,2340,None,CBAM
42.351843807894944,0.520858493492973,116.28496311997705,0.5274884273077852,2341,None,CBAM
105.58493189059288,0.20763013337539665,358.4854587605689,0.3932656787305659,2342,None,CBAM
114.17377428596376,0.589070473777989,107.14233840334455,0.42411461162947045,2343,None,CBAM
319.6894155441734,0.15028242465371602,9.844540487925398,0.737842138397749,2344,None,CBAM
8.697786474831018,0.5408620200861353,262.95022270408,0.8318813395259914,2345,None,CBAM
17.863748160291895,0.470631821981661,348.85904263102844,0.993923521602562,2346,None,CBAM
168.40456035253752,0.04850484959482636,88.41993209580198,0.9507979198992673,2347,None,CBAM
267.7550984009274,0.8900153050650944,275.9286594984445,0.9561004136014926,2348,None,CBAM
176.303580775939,0.112385847358485,222.52867196547476,0.5303694950636166,2349,None,CBAM
101.10005632362464,0.4325759526063657,12.835111687337378,0.2716376225530166,2350,None,CBAM
249.55043134979928,0.8565307165311824,329.5781719034619,0.17986236288744548,2351,None,CBAM
387.7312327034546,0.531989512543022,58.12477552190393,0.4739568946992504,2352,None,CBAM
235.5416448185955,0.21143637790329659,385.20177781232684,0.3087733231166849,2353,None,CBAM
3.890638532478772,0.8885409999684388,167.92863089615173,0.4735126037834932,2354,None,CBAM
78.74436209989955,0.22470441658834436,271.99587005904743,0.6215108988919146,2355,None,CBAM
268.09575778191856,0.3993091229071788,214.79725298283734,0.3300482041901114,2356,None,CBAM
370.4620903485285,0.8340323141895368,268.1630476441901,0.7969670077759403,2357,None,CBAM
316.3482733341877,0.20877923369975737,391.94107820124407,0.16039121341398205,2358,None,CBAM
68.59527097324992,0.09234100393686921,231.39961460677884,0.3553784541955981,2359,None,CBAM
30.344889135483417,0.17883133456438569,105.09978047088975,0.014166143632685048,2360,None,CBAM
373.1810123617257,0.10990804115626439,24.5434037250503,0.2956521702253841,2361,None,CBAM
74.6512795066976,0.24537445546311926,344.02934640538723,0.39376656554205924,2362,None,CBAM
227.97137656576987,0.599703913806404,233.12919930424124,0.8149172428979394,2363,None,CBAM
5.377424790371015,0.8883338420281808,85.81163014564007,0.17228195762404888,2364,None,CBAM
238.8326563343682,0.8598241947030962,61.391970757142886,0.9127851107654509,2365,None,CBAM
79.65437876301593,0.43010464438809093,379.43309049682273,0.9703315655802757,2366,None,CBAM
151.38000562305433,0.012112273765942809,195.27238587101763,0.0712383036623313,2367,None,CBAM
48.863190681677494,0.26846950467466707,331.4440838971514,0.6239034070775256,2368,None,CBAM
231.40936609204678,0.01918988993381614,323.3441914342937,0.9687749256559643,2369,None,CBAM
54.454854756469175,0.8830675922791287,375.0039790322572,0.28495213624005455,2370,None,CBAM
41.045731324297236,0.28870898744998347,102.53484534382251,0.31103952414373204,2371,None,CBAM
149.3554602768007,0.7983456406170987,116.61386000131499,0.420364493799377,2372,None,CBAM
163.5564965928004,0.7284057121981311,329.9747909200761,0.9180859324884679,2373,None,CBAM
72.47550072214703,0.4290857516892942,7.18510394648233,0.514137968428227,2374,None,CBAM
295.3764282674749,0.3904794110751772,126.04704426902904,0.5377340861587571,2375,None,CBAM
229.29531542799157,0.3433771342055044,289.01145985840606,0.15199101495943135,2376,None,CBAM
381.96731569567044,0.8546613855658115,17.59990157926663,0.2847057546116902,2377,None,CBAM
160.6198365181873,0.7650200867837443,123.44780294905568,0.982496692396537,2378,None,CBAM
81.94906132582194,0.05142409649230724,290.3619614144346,0.6309642072557328,2379,None,CBAM
188.60222365587887,0.21251416924089764,115.25906159438442,0.3260824120943812,2380,None,CBAM
197.47307523843426,0.7056850155277519,163.01459380380442,0.3719708987806441,2381,None,CBAM
58.59606673535245,0.11398699978673778,135.88615236970176,0.1846114098431848,2382,None,CBAM
109.99627368999798,0.19520464110783567,2.428806098958827,0.2323184616948098,2383,None,CBAM
224.3997962322712,0.5508170110604378,85.23311495499277,0.3544418215812505,2384,None,CBAM
49.37196476498126,0.6223853050709807,82.4888548641603,0.938327945069371,2385,None,CBAM
331.87147554562654,0.23087383997199545,327.38779217399144,0.9130679762705822,2386,None,CBAM
136.79900627091175,0.5118829237622016,234.33728514716793,0.505762328859662,2387,None,CBAM
63.390062469494666,0.9245777018125226,246.71434233249238,0.6563370414651148,2388,None,CBAM
198.9967711288609,0.6516397875631047,156.75845754867262,0.5067968932666268,2389,None,CBAM
151.33493791461453,0.5941342458825426,102.1640898672456,0.8929954865196766,2390,None,CBAM
107.08566870842013,0.46893536866661295,278.55219716956486,0.9424175253633161,2391,None,CBAM
242.2305242867014,0.3190166078855489,29.979358386749677,0.030444117805147598,2392,None,CBAM
300.4696467879514,0.4688989101463768,231.709126786993,0.8925265153197187,2393,None,CBAM
327.08673836354495,0.7236875295951403,242.55455240203102,0.03597308214249326,2394,None,CBAM
28.312899724742667,0.38214208149522266,192.84603838334604,0.8877517631993904,2395,None,CBAM
272.89005899913496,0.18389440034999227,190.80349021690955,0.8356137787142583,2396,None,CBAM
352.79638968793677,0.8030698767147173,273.8535569277349,0.014393932292294402,2397,None,CBAM
40.29302158848368,0.5419081337656089,25.591143506747215,0.6594904025907835,2398,None,CBAM
90.0243293933118,0.8024044388041085,176.59204345599346,0.6712016615220957,2399,None,CBAM
117.20184960307776,0.2850650733123071,195.54490949887222,0.7705432963450543,2400,None,CBAM
320.5334131185888,0.9968063137358789,253.3515134496369,0.9915656203755302,2401,None,CBAM
178.7251628328876,0.9720526434822279,85.96001213572696,0.7367597077717731,2402,None,CBAM
202.68406927798085,0.535623341227564,194.33319770486105,0.325980432280233,2403,None,CBAM
341.4431143354603,0.21058558532348395,60.97971730160634,0.6709034979847104,2404,None,CBAM
296.49621135072175,0.5363355049153516,172.4998835991587,0.6260228205810722,2405,None,CBAM
50.641869050211554,0.09073696632742538,17.552767767660196,0.8159093922052391,2406,None,CBAM
275.56783108768286,0.4725428535500969,193.69661955457045,0.8967124073469603,2407,None,CBAM
113.68057601733179,0.9131972134013885,367.9845772132591,0.11585287238382859,2408,None,CBAM
215.00032879467534,0.14434856816842745,169.06745761056646,0.4675500358153991,2409,None,CBAM
392.5269473300803,0.31075221480171894,391.79898309327393,0.2701968031970133,2410,None,CBAM
145.88567086867147,0.9996451453459279,43.470015737647635,0.5490311777496399,2411,None,CBAM
124.72712163969703,0.9481021793419013,263.9626271595189,0.9289860805435561,2412,None,CBAM
116.48943475151307,0.7616737574548137,96.17887212947329,0.6137917137711204,2413,None,CBAM
359.61640438443624,0.34132118498384434,320.8421224899728,0.7067661116795587,2414,None,CBAM
159.94359596158338,0.8184711123847154,375.38933005553974,0.8328059844927219,2415,None,CBAM
133.065047486894,0.23544406209804195,224.54041001220654,0.3579496696939876,2416,None,CBAM
283.2240534537489,0.9392928848661792,12.215566747683866,0.8431149595268198,2417,None,CBAM
27.21382202200037,0.6206366302182307,258.5173454536069,0.07005145160127271,2418,None,CBAM
136.00832713473372,0.8939109165281132,176.34782917787922,0.33370017986111133,2419,None,CBAM
318.3193519777857,0.847388956967572,399.692528648653,0.5003232501156737,2420,None,CBAM
341.5130709283532,0.9758746713388856,84.65120016751739,0.215262357809774,2421,None,CBAM
42.05725902737006,0.8766769357964931,2.749058178696809,0.8694449781834942,2422,None,CBAM
332.4800730651822,0.8887769882112263,363.37608589004054,0.023298835563992988,2423,None,CBAM
213.3472372856657,0.1202499586464977,352.428776259138,0.3347418278326722,2424,None,CBAM
128.75312632179492,0.10989007755514857,196.13214380786835,0.4093925190517413,2425,None,CBAM
111.79760382983359,0.14387419229665896,243.628778114437,0.9120843207040918,2426,None,CBAM
90.57293523113637,0.8194359753576743,62.19685494904048,0.4287329902498347,2427,None,CBAM
393.452771501776,0.8485281525712719,85.55331104286279,0.015960329416014905,2428,None,CBAM
397.90914098217996,0.9546515725889516,59.80214176164398,0.7732149340849397,2429,None,CBAM
356.0604302395423,0.815628442087832,77.26451336655391,0.8009434715515676,2430,None,CBAM
96.32853540389756,0.4114078305750805,176.11818342811304,0.19813473305532248,2431,None,CBAM
134.34839121414038,0.2723252721205336,325.4725892754801,0.12343767926816931,2432,None,CBAM
393.91690043141955,0.5749921200344386,302.9483892392332,0.8035766791984209,2433,None,CBAM
232.09610352367253,0.13658342102375254,363.14250800172096,0.08882617658329305,2434,None,CBAM
243.68367768008827,0.807442327346689,396.5430576865783,0.3948373418859752,2435,None,CBAM
235.62474240370977,0.15232988660542585,262.27912716897345,0.7226101012367341,2436,None,CBAM
160.97942683687015,0.01435044705582179,189.7754752305741,0.17703419317468325,2437,None,CBAM
154.85958525684475,0.6322431844443007,278.331876240004,0.49549876580160546,2438,None,CBAM
320.7938100489123,0.42721559404141907,37.644687171769164,0.14620667257770328,2439,None,CBAM
47.01160070100961,0.7749380858349569,302.63249517795623,0.11118148729257671,2440,None,CBAM
355.9843666043021,0.49940132623281436,319.47813854778417,0.6891179738759724,2441,None,CBAM
51.998517881629844,0.4019832799971997,108.1872823458319,0.4132691754300724,2442,None,CBAM
46.07189499056943,0.31057013540345774,167.3706379827654,0.3837817888120001,2443,None,CBAM
235.08990949707456,0.4881178160391996,187.0443373140015,0.25374220186371604,2444,None,CBAM
6.705406275588646,0.48347273879011277,126.39687654898175,0.18702612265184523,2445,None,CBAM
175.25655951333133,0.823678416435594,91.36115138474756,0.8635503216839463,2446,None,CBAM
20.820999900872952,0.08913759396651438,127.28884962176512,0.014850761341273921,2447,None,CBAM
130.23003217326573,0.5671514995146931,72.7848314381493,0.7879444575037783,2448,None,CBAM
361.41267794344776,0.9595877773535034,231.18399289097223,0.39971703572998585,2449,None,CBAM
384.6565208782622,0.6985224683825237,345.8200216583792,0.029901231316568723,2450,None,CBAM
164.55951781555018,0.9596895492994442,175.19755691714977,0.2994241116696062,2451,None,CBAM
98.02473727298597,0.37812425361590174,354.0813545416149,0.27439349526271806,2452,None,CBAM
356.4081356870507,0.9310371296115043,34.57328311911873,0.07604243462161149,2453,None,CBAM
277.69642357556023,0.34008608729295997,126.65820686597682,0.19343719076043794,2454,None,CBAM
275.8437032700887,0.9762267146955675,376.3922214356048,0.5246479593134465,2455,None,CBAM
142.53530046235971,0.07603453651838006,170.0827525458258,0.09159685240825888,2456,None,CBAM
110.69563638484605,0.4993231133353001,268.5200880586748,0.7658809814874232,2457,None,CBAM
224.34437175859307,0.9030140593551029,352.03062892790393,0.4826916458718996,2458,None,CBAM
3.767773186415534,0.8591213269209447,378.0594191069963,0.14349671907243977,2459,None,CBAM
268.70297996793994,0.20278851792774177,210.59394446789045,0.3833488114042652,2460,None,CBAM
380.62991967702965,0.9230169735330066,114.4696104099834,0.8945669991587948,2461,None,CBAM
102.51340901335566,0.46779204828837995,48.769256458703175,0.5191412042388204,2462,None,CBAM
237.87559681482296,0.6168391256225703,302.19168568521127,0.869574738798656,2463,None,CBAM
162.72473029615193,0.46731013245829456,340.5851006650687,0.6110024033167435,2464,None,CBAM
79.12147466043851,0.8376672735624334,211.97374574228584,0.22352510998528385,2465,None,CBAM
348.471411185859,0.08646923195399338,347.3162472600333,0.8918498024577725,2466,None,CBAM
358.12291476102735,0.43004272691884665,336.13100934523175,0.89786738404671,2467,None,CBAM
112.05385049829792,0.420958439379588,339.5490877969058,0.7646708856575605,2468,None,CBAM
204.739285897907,0.7263450499389502,119.47728363470857,0.7025756652949884,2469,None,CBAM
63.022415252368944,0.6016537096056732,371.1076333100341,0.4872025276928595,2470,None,CBAM
143.1564218886868,0.5965356608771188,166.48660620304955,0.2525048416225603,2471,None,CBAM
292.41114903196427,0.7153807957741823,310.68147459093916,0.2372164968849751,2472,None,CBAM
54.09457786604034,0.7216375770205157,122.60663911564961,0.4631720795102351,2473,None,CBAM
296.47851643036114,0.9775614217859753,202.75817398399855,0.011160376901234866,2474,None,CBAM
63.612746083219804,0.02191709332735989,287.7127382547017,0.9410577803874302,2475,None,CBAM
361.0465432336662,0.8743325232298469,136.95198539503292,0.645385911361357,2476,None,CBAM
261.61568819232855,0.4528795036840603,253.71490739820422,0.30560825584681184,2477,None,CBAM
266.95576237852896,0.05305381974818094,173.08401882173314,0.8122719269237297,2478,None,CBAM
305.146380275674,0.5805750482556918,398.1166116164247,0.16392033362961234,2479,None,CBAM
121.06362676017474,0.13372511390940825,17.726349514442656,0.7718230311321275,2480,None,CBAM
148.7894082390815,0.07499203816167738,6.044710659033578,0.5500133220244253,2481,None,CBAM
302.5043974595006,0.03913001292061591,124.13601266056476,0.3699035211476764,2482,None,CBAM
116.13470382014437,0.0838923468949211,107.90440292950902,0.4452946431115276,2483,None,CBAM
347.7151564985624,0.666886746316995,319.199772789392,0.7972846269211926,2484,None,CBAM
24.570773834789723,0.673396456784644,325.93071781458434,0.21588579839525984,2485,None,CBAM
105.6862616671624,0.9754868558135087,157.19278890110138,0.7446834437393218,2486,None,CBAM
154.4180369428998,0.2851364700681419,330.59810224966355,0.7181119219239215,2487,None,CBAM
114.12441420666231,0.8832482094583864,397.44268323338304,0.8166379447959741,2488,None,CBAM
33.5427437787141,0.4954089134997291,107.11298792603294,0.7965975775813616,2489,None,CBAM
106.81592258971216,0.35840407367353344,315.0428263880107,0.11870601715069339,2490,None,CBAM
360.56066556316915,0.8588272854504492,319.0320801020476,0.17336237149584877,2491,None,CBAM
193.30441269689683,0.5859586474520865,103.37693943169204,0.2651360916937009,2492,None,CBAM
282.8936558345247,0.3232011501782979,393.2594581749136,0.7344808148377059,2493,None,CBAM
129.38127636862419,0.9081895038689324,74.8675004297291,0.006356312953923652,2494,None,CBAM
188.0032838422048,0.46629553885931235,154.13200451922916,0.9367059790170791,2495,None,CBAM
48.30367144261381,0.6872847781651077,159.17829580448912,0.7327082691833834,2496,None,CBAM
134.5240143571372,0.06054119672702493,383.0560864022885,0.24267567907853463,2497,None,CBAM
391.0135354374309,0.10961321646816052,125.97597078945392,0.7993709071854239,2498,None,CBAM
73.99735042305308,0.8624508376725742,158.4198383380675,0.26382984002610094,2499,None,CBAM
297.85548884717696,0.36354031878387744,179.53612883988492,0.3000954268517194,2500,None,CBAM
38.813596509967205,0.24873843775901247,364.42601633071894,0.3008955979600085,2501,None,CBAM
221.00559294668906,0.2578323251377751,323.72954004032897,0.7301806353688467,2502,None,CBAM
137.30704519076465,0.5806370596514335,339.1656493557119,0.5753572771148273,2503,None,CBAM
147.63631068519047,0.05558306973517297,287.6279874596113,0.22581141229943938,2504,None,CBAM
101.06378819264259,0.4607671635276348,348.8121171013551,0.26705210872257223,2505,None,CBAM
253.1061299649542,0.443223889981432,33.87042214620169,0.7245714605463474,2506,None,CBAM
26.23798551170033,0.5823574119189312,62.27922352380134,0.6973942705214411,2507,None,CBAM
310.7846043303747,0.5721911152809271,256.9358424607234,0.38202975524893157,2508,None,CBAM
213.39882537881354,0.8345195368237058,0.14805791510141467,0.09617473124900601,2509,None,CBAM
227.61731639399508,0.22361381765071536,11.584531465988155,0.18931085034958667,2510,None,CBAM
152.1336635745426,0.9947193878198308,208.55446368718438,0.9356747265599901,2511,None,CBAM
275.28730029813664,0.1742482348618261,334.9808107790672,0.2524960406147598,2512,None,CBAM
122.11131541513171,0.6870871325148418,72.12180426922326,0.11797740623276563,2513,None,CBAM
220.7186853253098,0.9297743349421866,70.9472193676814,0.5997549785897222,2514,None,CBAM
13.885746723981804,0.3027216748509495,0.6329276562838928,0.4785063120981317,2515,None,CBAM
103.96615078958374,0.5565799592607672,163.7386648886415,0.6971488299395664,2516,None,CBAM
291.90470062348555,0.16879567318836255,254.1429843957124,0.4917195979060505,2517,None,CBAM
55.05683849170649,0.412334802863379,343.83646765366353,0.3645114059459883,2518,None,CBAM
27.423522726517856,0.7077914793140457,277.9473520146968,0.8624658842657457,2519,None,CBAM
7.317674389484898,0.24661856683870556,240.13570599534253,0.7652524266756356,2520,None,CBAM
150.49586847770792,0.11626654880735202,330.249817114387,0.25560876056211224,2521,None,CBAM
221.8183660025965,0.35031789271540503,79.71675137396475,0.2096198341488316,2522,None,CBAM
208.81222382193357,0.6889483678698085,324.5373001457308,0.5632796708726798,2523,None,CBAM
276.6139231280655,0.32370408011627333,16.430445542748394,0.04204691692173222,2524,None,CBAM
11.573721647775546,0.10316030913988718,332.35568703903414,0.7436153021518401,2525,None,CBAM
3.5638013537074604,0.7942515501593436,332.10721392352093,0.8878811904572601,2526,None,CBAM
305.97723437958757,0.7290343432050349,240.81687199307095,0.4902073776597483,2527,None,CBAM
316.5726756664026,0.7779291615012996,295.3864711580703,0.8930538262105181,2528,None,CBAM
218.67617856311375,0.060746774874009375,90.05350496982558,0.2361371391842545,2529,None,CBAM
116.68104749587631,0.031141682213520646,165.84988459597295,0.7353351332692558,2530,None,CBAM
192.49448015889593,0.9833439692330811,309.78215968227255,0.30528284905490316,2531,None,CBAM
123.18402445005574,0.2937138914601941,129.72994273282657,0.32436604512844647,2532,None,CBAM
44.96523435012379,0.19137429768023922,397.3631977904716,0.41963591992924815,2533,None,CBAM
19.642828170262973,0.15663847099879213,214.05387879938866,0.7092909077853073,2534,None,CBAM
241.2146272298187,0.47445444040409185,286.33804752992626,0.8086947759571047,2535,None,CBAM
111.38508675543117,0.14201391945016043,378.94450313317697,0.36717950823288575,2536,None,CBAM
104.7538167579188,0.592579062444034,284.6470622241608,0.5387227632740201,2537,None,CBAM
25.156578604470653,0.0568656188494304,75.87250631606213,0.11916464966735628,2538,None,CBAM
309.8641452404908,0.13462453514578684,287.5197967018951,0.7022109457473493,2539,None,CBAM
267.70265854723203,0.437397970516969,144.91022633939633,0.5337624090959536,2540,None,CBAM
240.2128659424076,0.19653479236807989,28.169718231209433,0.7185694790351342,2541,None,CBAM
376.34815733151356,0.02136153456315352,239.49969748576345,0.2865482324870123,2542,None,CBAM
104.59231831861445,0.041341895943385096,288.082290491667,0.9528945697402961,2543,None,CBAM
351.6131399856605,0.3540224530017728,109.67843986399599,0.31097287374630256,2544,None,CBAM
92.36441794288048,0.5381879833889603,244.5516154116879,0.1724759171818738,2545,None,CBAM
189.32079541466635,0.3648605023074005,298.38621503016645,0.897387427974299,2546,None,CBAM
133.12498724913283,0.763918751538667,192.2019746813415,0.31913297833849813,2547,None,CBAM
175.93719453907676,0.19665058885761946,96.62330622257085,0.0951217488116735,2548,None,CBAM
213.22365150286484,0.40256945235393526,115.76177884545591,0.6376262222391299,2549,None,CBAM
137.45334671768282,0.7481004371520528,377.7742850136969,0.34315206387041164,2550,None,CBAM
83.52381161294528,0.17550322507234176,160.70440551637626,0.09998627745045538,2551,None,CBAM
307.75677594029503,0.1678125394364152,286.66518945995506,0.9273482558754317,2552,None,CBAM
12.846074342043611,0.4227709426429323,177.77317584304268,0.46489969416880583,2553,None,CBAM
364.8738915789062,0.258373965450802,99.74949773687676,0.13367695413625438,2554,None,CBAM
382.15784451407836,0.1867213019395179,106.87099328478243,0.1926913136462857,2555,None,CBAM
340.627486736946,0.751871299868635,195.79706539247502,0.1314773992453214,2556,None,CBAM
7.4189702546861485,0.9409860521580858,194.76456505721544,0.5327891454291108,2557,None,CBAM
125.24193151068023,0.39127089823198774,128.7786218928315,0.9467417269913992,2558,None,CBAM
238.33639407061517,0.6456385264997534,219.04582253860917,0.06618156045648572,2559,None,CBAM
24.275435116644832,0.290861512282203,257.65567257317,0.8042628013011593,2560,None,CBAM
398.58876497712623,0.2838143246352508,150.87472747993655,0.9934665279725138,2561,None,CBAM
274.4913085522206,0.3988279947373277,293.6578136602968,0.7166348297528433,2562,None,CBAM
129.22401586436786,0.19757187749227473,385.95440276341645,0.7450951158379131,2563,None,CBAM
52.05451274919807,0.34211509877800605,242.86094366328265,0.6696380941932683,2564,None,CBAM
393.2713299524543,0.5442648626238545,101.44651770881354,0.11786742879912912,2565,None,CBAM
288.70419439107326,0.5088771457146072,125.11671081002721,0.7371962883365869,2566,None,CBAM
44.0613383274221,0.5062832188493258,234.42045638079344,0.4508953853497144,2567,None,CBAM
190.78341483312673,0.9135803203318582,113.54650969280434,0.08343598229135168,2568,None,CBAM
240.31912688736702,0.9568007105558449,345.129057900298,0.28243754137680954,2569,None,CBAM
204.87167362502734,0.14093215108850565,34.06288702681829,0.22416017412479838,2570,None,CBAM
8.876330818494163,0.4211536590004829,356.48726602846017,0.5176525233051413,2571,None,CBAM
284.92759719536986,0.08450060477233622,300.68942229683205,0.14238695074088428,2572,None,CBAM
363.17421600331625,0.8761937439523457,19.24870341426468,0.9727198532027596,2573,None,CBAM
142.31828936183334,0.6211679706124396,143.58061356003392,0.06284180345002859,2574,None,CBAM
13.280646839049645,0.983815013131682,49.83201203495755,0.37096846500532504,2575,None,CBAM
100.89265579608826,0.5473095982283421,379.4556158628517,0.5475425576899595,2576,None,CBAM
121.66006715993352,0.17157245129306667,243.0677281481023,0.1868604483679316,2577,None,CBAM
104.91091121166534,0.8685774850183875,289.3420048498749,0.18004217848829,2578,None,CBAM
225.0984621168363,0.3284380827790807,261.3290876696812,0.5525216039486928,2579,None,CBAM
261.2027355164174,0.32075842269521243,42.04245645374435,0.9087903171083861,2580,None,CBAM
237.73680870919023,0.21017913870558008,179.2034287519281,0.01451478260801015,2581,None,CBAM
264.09370551588165,0.715667268777994,155.52786851844382,0.5595705875873364,2582,None,CBAM
202.99532128681562,0.9825109273721252,253.07041309265043,0.4451051447546033,2583,None,CBAM
393.7514069112413,0.09550933062586986,269.4666777143228,0.7074212312148045,2584,None,CBAM
196.43758858064592,0.03353670455459512,217.28295078158428,0.28951115346629774,2585,None,CBAM
116.23761798299597,0.9586616842066658,109.46076904107298,0.573289524858981,2586,None,CBAM
131.3536824825987,0.23065835116485028,399.2354418292701,0.5339835447379356,2587,None,CBAM
236.9699109868649,0.41667149825552763,141.9403190951595,0.2796682940225355,2588,None,CBAM
97.12252685491696,0.033702806629998056,198.93078154053353,0.16758432271314008,2589,None,CBAM
350.73002048297275,0.2962884992237764,214.0884166360519,0.9264567266217023,2590,None,CBAM
51.07830805053888,0.6570121300836201,391.3998171398265,0.17674492612835546,2591,None,CBAM
376.9534435801156,0.4374188614872281,297.4636385488653,0.3784821010064817,2592,None,CBAM
111.22520884376847,0.5162007956753019,211.1374209694126,0.4909106837302275,2593,None,CBAM
357.7794709538416,0.8154810693259619,347.8576635520425,0.2145141566857441,2594,None,CBAM
93.43305077031368,0.7637045418419967,105.5682278544241,0.023691662561795376,2595,None,CBAM
242.94548561219872,0.7625927314003365,70.56690408608436,0.9329500226102045,2596,None,CBAM
286.7431295043481,0.37137951303885114,72.29549639248383,0.1195782978640138,2597,None,CBAM
10.905652649562034,0.8370414523668873,286.28220283754786,0.3841162502967112,2598,None,CBAM
38.08202017879864,0.2098818930729953,369.4109919521938,0.4529774707228285,2599,None,CBAM
339.3459947277301,0.13114424610449824,351.30790674790575,0.6276445067828159,2600,None,CBAM
283.61775921052663,0.2981699066541611,8.332605590750571,0.05399546582414619,2601,None,CBAM
102.59277530930278,0.3128681073235027,222.35295771412157,0.09485926591913221,2602,None,CBAM
63.51864581957193,0.02410712194397912,348.92500435074874,0.11417404386561474,2603,None,CBAM
193.42971899809356,0.5410699466039426,68.27061168964728,0.8214781642035297,2604,None,CBAM
45.99640581224003,0.7705327529361665,5.7349529503431365,0.8353268448978026,2605,None,CBAM
172.41020200510147,0.9429053074065412,160.96424813109337,0.7553496329761463,2606,None,CBAM
90.32745514931389,0.19428977200475947,377.6384281022117,0.13479512330815122,2607,None,CBAM
136.70358566749894,0.9696400757026316,331.58629302648734,0.6687893346249718,2608,None,CBAM
278.89325442246803,0.8322420509984603,251.8978152946568,0.7253209059926305,2609,None,CBAM
82.02341646605697,0.013897352809149477,239.83765052884763,0.03939618400076938,2610,None,CBAM
399.97436744746255,0.666433987156671,217.81824529312016,0.9141637491201006,2611,None,CBAM
239.5156596425228,0.48190797982652456,347.7993376451228,0.937099950794281,2612,None,CBAM
91.83657282072669,0.13300102772614858,269.80496963574893,0.5934652684023755,2613,None,CBAM
10.453636063763273,0.8843601823439794,102.07462430195558,0.8606286041426007,2614,None,CBAM
181.13164812885202,0.06872336347534583,301.06003151100316,0.7151973316477314,2615,None,CBAM
280.5651358064226,0.9221444463527331,206.77149508935014,0.16160554173438627,2616,None,CBAM
210.84555599276683,0.33030827036731325,267.91327052635074,0.25767586124862396,2617,None,CBAM
187.08912467126532,0.5740976053122179,387.23984829505844,0.4186175186244828,2618,None,CBAM
337.05099971725105,0.6783937614649785,244.3333409222399,0.7453748963001386,2619,None,CBAM
231.28432078391933,0.9232185402444884,162.26678508660643,0.826174398655489,2620,None,CBAM
219.5059000370474,0.609286505797361,123.26469505058522,0.18562291384882135,2621,None,CBAM
36.1567317006513,0.6669007565269588,123.99358271048256,0.14169636717798098,2622,None,CBAM
135.22722237208524,0.2969778935694294,125.82797929526231,0.6393835675818469,2623,None,CBAM
186.3284930896242,0.2655581370949074,59.5574763885907,0.20643068048943075,2624,None,CBAM
376.71366182602065,0.3789506950593099,210.32023863652594,0.6190309115227679,2625,None,CBAM
213.79154969508397,0.17893141022122572,96.86936281931531,0.9970061758860431,2626,None,CBAM
74.48537068050447,0.17562807581794793,264.5139785639528,0.31457242864301216,2627,None,CBAM
242.7308933506688,0.9210936480758292,5.350753142647442,0.2678115268211101,2628,None,CBAM
47.12449991020795,0.3216977092095128,306.7387637370604,0.06086613450334271,2629,None,CBAM
115.20736973162788,0.9693251275279986,368.1449349342197,0.23035404839175896,2630,None,CBAM
362.1521139368392,0.6177800415026103,377.8683952596352,0.0843511972259065,2631,None,CBAM
7.232164755293927,0.9436195059462001,163.45494559186469,0.08793462624817433,2632,None,CBAM
379.1955865917943,0.8869345667373609,354.73983756802534,0.9297230155996319,2633,None,CBAM
19.15537677436372,0.44415754845323413,60.05327222052305,0.6162077059497377,2634,None,CBAM
121.45908406562582,0.20336295552835923,311.3082189078822,0.07116627944501315,2635,None,CBAM
192.54945641526345,0.2965041597849207,164.83086445927447,0.4361320568429328,2636,None,CBAM
305.36059322244824,0.5470938823565302,148.33321942463888,0.02243400088454601,2637,None,CBAM
322.86904895373533,0.49701560744622053,376.0190834753552,0.8580015794989936,2638,None,CBAM
250.69174612610593,0.7097232659878127,15.021906259510667,0.0973403515748659,2639,None,CBAM
123.30825663432363,0.8705550367379696,111.61652220182255,0.637108159652966,2640,None,CBAM
287.00368308879547,0.30188203300726946,390.73881753445966,0.4887521857264602,2641,None,CBAM
331.1032456304683,0.8149122206534104,321.18499402951215,0.6693179320182645,2642,None,CBAM
334.28814248049525,0.13347933066547096,340.76172413044424,0.7992337861655594,2643,None,CBAM
57.95894132824802,0.3467351720280558,29.370745917742525,0.8542096738940698,2644,None,CBAM
382.02422029193696,0.6132458190413843,28.62951491107697,0.4566456576687998,2645,None,CBAM
163.62991117365874,0.8992844552787786,190.55017174706597,0.3939945758448029,2646,None,CBAM
389.0742803320882,0.20706710060084133,295.67256027051667,0.7390492165541285,2647,None,CBAM
212.83482516137698,0.2474764110925241,299.2554680535617,0.45006122949912786,2648,None,CBAM
65.12497093214671,0.9318465942442465,45.498680576567644,0.7041417427465401,2649,None,CBAM
132.38158278885803,0.9275167322653488,95.10203191124378,0.0634123966394801,2650,None,CBAM
333.7198298810007,0.23266196907274492,265.0771975638848,0.9082835767897698,2651,None,CBAM
59.97399972304112,0.7453079166212788,198.37001633188078,0.842343560517839,2652,None,CBAM
343.81661502851034,0.5454500614454463,281.5136470933605,0.1845739892218408,2653,None,CBAM
91.55153219136658,0.3199520797582726,239.2615446677969,0.37552449481835504,2654,None,CBAM
322.16815511124685,0.219692641674197,370.85947671204656,0.29921773496898396,2655,None,CBAM
241.26012825251993,0.010503541161629954,193.0293519809005,0.560853174719869,2656,None,CBAM
85.59479810086421,0.9330627626128913,225.8046436786593,0.6936894976997925,2657,None,CBAM
175.1909769552258,0.06536077561992389,276.30890533339755,0.15265123313342877,2658,None,CBAM
345.0985676807891,0.4988194842570642,150.79074795931905,0.520324291672045,2659,None,CBAM
122.66660427048028,0.28994167111544555,98.96276192377577,0.9280238537636942,2660,None,CBAM
201.82625704999674,0.24631514894467374,142.31606528972281,0.5708357530849992,2661,None,CBAM
53.67906402973161,0.1758422918145423,379.95212609604823,0.5940627724643603,2662,None,CBAM
105.21249133326039,0.29847073676783914,186.52161360741746,0.054073494089696944,2663,None,CBAM
86.42918195793352,0.9038454672648351,204.79837373909822,0.9674368604403828,2664,None,CBAM
25.451135007992733,0.1559340374856165,252.451208482582,0.5674949684105974,2665,None,CBAM
206.4058311960378,0.5734794613844111,205.37256466094078,0.18968237679239594,2666,None,CBAM
312.1881688622363,0.2073646651601761,47.65422776925767,0.4524236276464028,2667,None,CBAM
43.718792623682276,0.35575608490464566,329.2289679444858,0.17324951260447186,2668,None,CBAM
295.53729815215917,0.03256737602406803,122.42754092222354,0.23745686906081043,2669,None,CBAM
93.7100878300909,0.5866586082603393,354.65707731364995,0.8445468500540333,2670,None,CBAM
147.04831155045778,0.12099816770798363,151.61075975215346,0.39711125471774666,2671,None,CBAM
374.98801279288136,0.5055693551712598,198.77823549693295,0.24760941816118237,2672,None,CBAM
258.8640367960724,0.1907723542933851,40.45728247534678,0.1453419592954042,2673,None,CBAM
279.98088433099423,0.36059725720187447,116.71298998543638,0.8668257513735059,2674,None,CBAM
382.85709228625547,0.12576060579190596,60.2695699950844,0.30739593264509096,2675,None,CBAM
355.4382454476765,0.8574854288101933,110.2529427168915,0.6406306185298556,2676,None,CBAM
350.6273182228764,0.8998349536528581,146.5807502899975,0.29101920877506543,2677,None,CBAM
335.8146014324643,0.09530164110937615,19.73481055983553,0.6833287060057527,2678,None,CBAM
107.19233099437015,0.936094231488832,9.557232938669603,0.7008430343545948,2679,None,CBAM
320.12572920105123,0.8844663178740125,184.68630003054687,0.8258158485593202,2680,None,CBAM
231.91613114697876,0.8997098199725376,194.80186456283477,0.992743904616019,2681,None,CBAM
285.6404207758038,0.8459416753545856,226.7025528470807,0.2199166658966839,2682,None,CBAM
300.1285964282006,0.8911548658381947,63.20805557595144,0.2336240721206221,2683,None,CBAM
146.35350370609254,0.10970810317340193,226.23027055914952,0.12329295575487514,2684,None,CBAM
326.3004962959262,0.629532208831384,317.9304085163822,0.15983942965202363,2685,None,CBAM
21.434958474179837,0.2897948141908861,271.80232246174427,0.03076909759121824,2686,None,CBAM
199.00439036980308,0.2358176959920531,379.65455605491013,0.7174321997387738,2687,None,CBAM
140.16076009514126,0.4021106912423922,228.9451116733432,0.03951385785770553,2688,None,CBAM
223.72388218785727,0.6940924008111828,54.90936846634376,0.9596369343692098,2689,None,CBAM
13.690415806480127,0.3325522084070222,227.35183673797525,0.13104514788679325,2690,None,CBAM
18.84915248978862,0.9327246383778702,37.171444363992265,0.7094359855445722,2691,None,CBAM
132.75348562267476,0.9563653967470266,347.60035070178117,0.04774291871212892,2692,None,CBAM
41.89275947961109,0.9656802874611972,37.5797785489536,0.4131669216327532,2693,None,CBAM
63.347730701772875,0.9912006691878016,313.0232543037164,0.7186654443574401,2694,None,CBAM
227.74816872644118,0.8292525049427459,364.36673617891125,0.4295240744976749,2695,None,CBAM
173.99612038504543,0.2515569205979039,353.0769250694113,0.7298255055470265,2696,None,CBAM
0.024581451890067923,0.273830620742378,245.85877536237285,0.5667141144696226,2697,None,CBAM
335.7520904683026,0.4242197861661903,145.7196054825306,0.5874546883174251,2698,None,CBAM
9.991705957824362,0.7903327407863114,192.9620205593795,0.9914275685533054,2699,None,CBAM
380.99397670064894,0.8230463115697649,335.03900957545045,0.9912111864142754,2700,None,CBAM
311.83996841126645,0.013989358176690597,294.6734302400415,0.4943910870912437,2701,None,CBAM
14.215879000829714,0.24968407767208448,172.79343119010935,0.6370842338672409,2702,None,CBAM
338.84605545752356,0.2559964523072895,336.7349716575235,0.04047681585388598,2703,None,CBAM
364.54885287332684,0.4212901247712102,182.4557860209717,0.2963368930111364,2704,None,CBAM
369.29636991365936,0.4852424543069371,319.3406851843193,0.16234950317720254,2705,None,CBAM
9.148981667046876,0.8325175769235866,187.17459779972762,0.7215830687213292,2706,None,CBAM
20.580409599310084,0.07935201753149713,277.8221520724702,0.1465179976687347,2707,None,CBAM
279.84369159713805,0.6400647020404668,333.03235101186254,0.6510096046886449,2708,None,CBAM
378.0299908594751,0.7131210170613759,265.6238601668969,0.6959170059767427,2709,None,CBAM
75.04642477169277,0.6969656430872332,23.90500048420236,0.09060311328211237,2710,None,CBAM
242.12546030716746,0.9690405769570555,381.8053816957678,0.8107679779595922,2711,None,CBAM
222.5060814625507,0.9753115250465091,179.74968801671582,0.3806375133575199,2712,None,CBAM
112.13286459044802,0.8731453902629573,237.07824015987708,0.5920908163457134,2713,None,CBAM
94.2003088085525,0.7492826237751341,108.46791790899321,0.9463207649670137,2714,None,CBAM
255.00096493401773,0.614380175697205,189.8029063924377,0.7536862864470598,2715,None,CBAM
186.93911762735596,0.6364018383161757,219.57327145773763,0.7331858799695308,2716,None,CBAM
100.81370265689931,0.0006408234028766259,279.4263346369218,0.18798709660993457,2717,None,CBAM
333.9349379243671,0.5253809613427914,181.145804790855,0.3672072994244168,2718,None,CBAM
11.394036330939336,0.9941196242541491,217.94706528388724,0.19873209964836358,2719,None,CBAM
306.0166208368452,0.943298069982075,154.37231043390236,0.03512949828019821,2720,None,CBAM
365.9377139193238,0.17991106228744974,188.0108552806627,0.7062500565996118,2721,None,CBAM
271.3161706512958,0.6017602026020555,341.3418801734041,0.4540522277301038,2722,None,CBAM
239.1174221910779,0.3760034175277624,112.29609860288355,0.7888550637239644,2723,None,CBAM
397.1888070281963,0.453476471920096,203.55929301306065,0.12673152603688725,2724,None,CBAM
209.267599900537,0.8442227357621381,290.26518056516613,0.37586770799819974,2725,None,CBAM
291.33118054237184,0.3956217514578983,295.7151288941923,0.8646859139483493,2726,None,CBAM
175.84495969016493,0.6887797339982433,30.638534668573918,0.9961402769107122,2727,None,CBAM
10.628562023021896,0.43554456124497454,238.9073470506941,0.828299739692613,2728,None,CBAM
295.93341886822714,0.6888941616156299,109.51391696782393,0.008762029409973336,2729,None,CBAM
263.85161792588036,0.40773960918800245,110.55790465291624,0.08102753266054225,2730,None,CBAM
326.1086161335055,0.7733334363384955,75.91699744900971,0.09292409204401679,2731,None,CBAM
222.1665339892255,0.9333499266333172,253.38119069570237,0.03565136089502262,2732,None,CBAM
373.9311114856937,0.9486149685154853,270.61320712463794,0.12137802573320958,2733,None,CBAM
246.8053305957471,0.5160030821330543,266.5368180649262,0.3551106940014092,2734,None,CBAM
183.3768514110437,0.8965129413169236,383.69723039663984,0.027353918562314172,2735,None,CBAM
205.75071226778138,0.8953374361257832,129.32513404395988,0.9740643908870801,2736,None,CBAM
377.970814882544,0.603356730509708,305.52398016616127,0.43297960391600204,2737,None,CBAM
345.8539011875234,0.15413809396459296,332.0551967223705,0.2708477261352354,2738,None,CBAM
131.37605450383887,0.2364000455971634,247.85345891859737,0.0013914058371630642,2739,None,CBAM
91.89896166700335,0.13962073484624127,136.7347391272436,0.7229278434534394,2740,None,CBAM
160.6481692745175,0.004053467261118953,84.03041399728578,0.8820212867692074,2741,None,CBAM
111.69250469458302,0.8107620793367228,294.49859931532376,0.3487730297967171,2742,None,CBAM
44.73184671689785,0.44957768108990737,213.0906333774915,0.026827183469897577,2743,None,CBAM
46.22735852451369,0.9284172751454172,227.44559935497435,0.6725800652463629,2744,None,CBAM
220.50651353198063,0.5953231858279528,237.57404621932162,0.8628331286405393,2745,None,CBAM
19.965790919822364,0.5269269853352357,341.7335831309129,0.2264351763426573,2746,None,CBAM
71.8602536656906,0.026074515310504896,201.88909061871857,0.5172267498847737,2747,None,CBAM
137.3859049369867,0.8366609203934954,88.78292003360033,0.5875525407479796,2748,None,CBAM
359.3268476147542,0.7409150250369976,153.44104338601622,0.014402954340989057,2749,None,CBAM
40.06977656680706,0.4229256400631803,12.633025487375175,0.5299118715531573,2750,None,CBAM
224.63530274633536,0.5777313844319062,327.6292858209976,0.7251417982192767,2751,None,CBAM
51.82714632552422,0.6105519451615364,191.13206531111112,0.9944959969773361,2752,None,CBAM
106.10171368150279,0.40121929812654905,364.7192771863185,0.7680606879161972,2753,None,CBAM
65.9624838595393,0.977775658510424,368.4891837229507,0.9773919954896418,2754,None,CBAM
146.85865992110533,0.5362000821040324,162.56439744244585,0.6218351978755464,2755,None,CBAM
92.07688560366692,0.9222890473438132,99.5576134605389,0.4493970821874587,2756,None,CBAM
192.43296987406248,0.08671767601765552,179.10042022107194,0.4750208531606168,2757,None,CBAM
366.3994850855015,0.6424832687957949,87.81687680487079,0.28506728720572977,2758,None,CBAM
0.9616541213316258,0.21746720838580436,98.684325665172,0.10195068121519726,2759,None,CBAM
167.96160549509676,0.5836671737093557,351.14385295667273,0.07751147033398659,2760,None,CBAM
43.19961996610558,0.6980823139262712,0.5061491363392835,0.3541820444950495,2761,None,CBAM
25.06060397046769,0.14689400913320946,298.07652386818586,0.8992296983820103,2762,None,CBAM
124.00697833207117,0.6463510559451553,128.1467658230993,0.6560265850107851,2763,None,CBAM
175.44404239522277,0.9662535263778441,238.7822458933802,0.011846933411691992,2764,None,CBAM
96.08241765591636,0.34013396814273655,76.63356965342338,0.984944491936945,2765,None,CBAM
216.41071984089177,0.2606917295568447,228.20619514032697,0.546324855817329,2766,None,CBAM
202.57765215056654,0.6120703712345198,353.48268186955056,0.3715050659085755,2767,None,CBAM
116.92576722019443,0.9765383528362268,74.12728902508243,0.8677543374296657,2768,None,CBAM
227.84307593351608,0.08255068611912211,108.00886298969135,0.38610709652628916,2769,None,CBAM
265.19655161929256,0.7997591051594642,283.9946483581466,0.23664327513242867,2770,None,CBAM
309.187714545014,0.04155742406942333,368.22835470203665,0.18306120614250365,2771,None,CBAM
23.74702774268673,0.2972655073815506,154.52590384183594,0.2542807683052068,2772,None,CBAM
166.7564148886889,0.10833472678240863,214.87425528988965,0.5025579122223429,2773,None,CBAM
342.1566706584475,0.6196810858353093,15.151194020981576,0.5741581974176563,2774,None,CBAM
330.0907002412057,0.12378152824019979,352.625489725007,0.7545053616176455,2775,None,CBAM
198.78067570009134,0.9110651397208172,250.56577496179716,0.3989887172309525,2776,None,CBAM
98.15848271232275,0.7701318077401936,187.910435791543,0.28199993035678445,2777,None,CBAM
127.63093646616939,0.07997189059142179,248.42940652525184,0.8306719522692434,2778,None,CBAM
206.3112929843363,0.5182221822401027,267.27814687841385,0.9726151257528037,2779,None,CBAM
313.11953398980637,0.35884200972767144,297.2865208991885,0.9859869449687081,2780,None,CBAM
264.97110515992216,0.8341527272760894,111.02680515529595,0.24649992421245112,2781,None,CBAM
361.7998886886397,0.9125259027890535,60.88786725764479,0.5945501350922052,2782,None,CBAM
154.6897818346055,0.8448129733502768,159.3525735430085,0.48171385901658315,2783,None,CBAM
47.48460021026445,0.903696757880465,41.86337817848838,0.185770004079067,2784,None,CBAM
224.40684889596602,0.8415204983247704,67.95092056004364,0.7183126045783489,2785,None,CBAM
170.25573146057974,0.057758807706269705,48.995706359372825,0.5640997536796825,2786,None,CBAM
93.89224012607693,0.7128256886946636,67.52248647282319,0.8894836071981588,2787,None,CBAM
357.26580596802853,0.7545742415644515,294.8231054654356,0.7283189748198006,2788,None,CBAM
234.99250660667906,0.5661359524700466,372.73450451695373,0.16325465529670438,2789,None,CBAM
231.39051902404293,0.5752277472136977,382.09308854124936,0.4533348833872011,2790,None,CBAM
291.2182488527277,0.6038908408892225,171.37540772344315,0.9394102149220176,2791,None,CBAM
165.20477220742495,0.19058067717964158,11.54127720408452,0.6796919366663103,2792,None,CBAM
265.1376572255995,0.4888999145982795,258.77305679749895,0.6054565236935117,2793,None,CBAM
376.6695812000542,0.14347194332857108,44.896351255615656,0.031171534672008824,2794,None,CBAM
323.5121967862124,0.40429376138568907,194.9490896813583,0.8915005692550125,2795,None,CBAM
95.02653429812656,0.5172192730943739,385.63056348551885,0.9109364718133048,2796,None,CBAM
207.03418891525192,0.7282421262379208,132.3433119669036,0.24687890587847755,2797,None,CBAM
223.90299554117342,0.7055412767520307,293.07501825721096,0.00924725630714309,2798,None,CBAM
352.41589226539844,0.8493704342871073,16.162486999569143,0.9660720896877539,2799,None,CBAM
207.5493725259458,0.730963086485583,17.24830993238633,0.7977570032360615,2800,None,CBAM
340.6633689614971,0.9322881762314993,175.93859246627795,0.5489609747649031,2801,None,CBAM
349.5406848371311,0.9216394276723374,321.8690785256522,0.2948439896131982,2802,None,CBAM
115.24294521016687,0.916073317328433,87.20239926140722,0.40190875992438285,2803,None,CBAM
77.98962946923437,0.008768515800379224,98.3088403233958,0.2964206892633872,2804,None,CBAM
274.7565616934514,0.7013424450656858,98.09527127590584,0.18040254632530625,2805,None,CBAM
197.42952905129727,0.08079735291464674,376.5843866281755,0.392514118922653,2806,None,CBAM
239.78478400659378,0.6583359779524599,103.25517702102837,0.2319784799257576,2807,None,CBAM
239.87472438018625,0.18078674885548104,208.2952975692207,0.6432883879768317,2808,None,CBAM
27.068463974548703,0.3209944794383327,167.87088809446217,0.10674729756785972,2809,None,CBAM
305.6750582850299,0.5822852666836646,129.01703184580396,0.8277428245191275,2810,None,CBAM
172.13584108072325,0.9306735869513596,211.66812185923186,0.3305708519265495,2811,None,CBAM
335.96144362126637,0.008988679233119226,264.9882091428112,0.8895925964707978,2812,None,CBAM
354.6004310432462,0.3629125684483913,44.34377166891448,0.7016017674765394,2813,None,CBAM
246.18007810794649,0.41412550489141575,26.81652845324736,0.13128188813410843,2814,None,CBAM
301.2075968773068,0.5024604638599098,334.62125355952355,0.09563424959498706,2815,None,CBAM
185.8686321347905,0.34961459121148725,257.88378829160126,0.3938567125449301,2816,None,CBAM
123.73906664400704,0.5058478101114442,332.50495934313335,0.745230876417418,2817,None,CBAM
318.863378878408,0.7690065175641344,146.01638801732787,0.23652425744419558,2818,None,CBAM
256.2089573548154,0.1976718353353815,264.21751767842215,0.4913137173836889,2819,None,CBAM
23.697271801113104,0.591374250640418,347.01269954247203,0.6997435347811107,2820,None,CBAM
229.0096974608456,0.11768392922607852,167.83171444129098,0.9871129562248888,2821,None,CBAM
316.1214664235842,0.8470827713051303,332.5460822475058,0.558560621914602,2822,None,CBAM
81.61012321740878,0.9302380765050955,70.31905552542013,0.8156115996275789,2823,None,CBAM
367.9707592513995,0.43140692425374616,90.54872301755155,0.664483621827843,2824,None,CBAM
160.4926203687542,0.3535254353445806,41.98493893633408,0.28012994253412343,2825,None,CBAM
201.3781031055063,0.11183365296703696,234.11509400279607,0.5022652433996301,2826,None,CBAM
245.9663897610111,0.9023066271481065,384.86617245728524,0.26888528580247867,2827,None,CBAM
83.70082452788267,0.6710034802282117,124.91542644487032,0.8485654651272845,2828,None,CBAM
290.56415104631657,0.7805529820239588,181.08825152243787,0.5077834790190691,2829,None,CBAM
395.84947774992276,0.5299294432782703,332.85015276066093,0.7023476215618378,2830,None,CBAM
348.7139893114278,0.050808753108175446,302.27660174005257,0.06800293093833604,2831,None,CBAM
105.79558061238936,0.009845685803843502,19.400581899506207,0.4121508697344747,2832,None,CBAM
195.36477646584396,0.7243787402368599,116.14763882305905,0.009445989056059806,2833,None,CBAM
109.80764004787511,0.4378248242814006,102.3637362511155,0.38537803937687276,2834,None,CBAM
390.54516327867503,0.7763694118728963,160.80282008677918,0.9435645434284907,2835,None,CBAM
245.64293644634563,0.43847764851326315,250.35381142594426,0.27739436539049456,2836,None,CBAM
236.42126756139237,0.1599064540057095,23.071627469620093,0.2960485699614496,2837,None,CBAM
144.06501878041965,0.24784791410566617,170.95125064089734,0.895950503769423,2838,None,CBAM
339.11158429196223,0.42223131740925196,185.04410247601322,0.7290717533758059,2839,None,CBAM
300.9075481982925,0.967329195479209,193.37608469206964,0.655234856577711,2840,None,CBAM
315.8001046640427,0.6125364210079656,177.5396423101413,0.40348156479214536,2841,None,CBAM
356.81184531951976,0.07068553731972901,347.2390118252429,0.7358932468761606,2842,None,CBAM
382.45938585860716,0.14856320322882588,242.62694330123998,0.9957717707091864,2843,None,CBAM
215.95166213231863,0.961974349536709,367.6467848156179,0.3463903754629192,2844,None,CBAM
215.14397385786216,0.0529893998343933,212.43128451050458,0.3882007703837954,2845,None,CBAM
75.63455515006082,0.991882309285085,54.578261222507976,0.19943258684936332,2846,None,CBAM
83.41065372706964,0.4426056758345202,184.5394757555857,0.6181058312396833,2847,None,CBAM
138.51106044410167,0.582953014671442,170.21242176284443,0.07506209703565365,2848,None,CBAM
296.97105636921253,0.17166897833816294,215.46192798881717,0.19144703233132732,2849,None,CBAM
193.1942139505796,0.701298279102546,119.99865892591637,0.5750202837610311,2850,None,CBAM
377.7643501204123,0.8008300093990467,341.50352076581356,0.13941931184238585,2851,None,CBAM
140.03857202354456,0.08768784208767273,218.1259462877688,0.49588212338837334,2852,None,CBAM
206.06382283927798,0.8800756791542306,304.52896096422216,0.004555943967343247,2853,None,CBAM
110.60428006098,0.9226648308431277,6.840255571755735,0.7258105808505184,2854,None,CBAM
73.45144759589452,0.7862050332213536,266.08222136283985,0.5374134747467748,2855,None,CBAM
233.12999869873346,0.8788495666071895,253.28968608766047,0.02853562345999869,2856,None,CBAM
144.83964079861542,0.36100995230705,151.74438314521518,0.20162630656200423,2857,None,CBAM
94.75691110150464,0.7102485915222418,68.571507671484,0.30700168897572533,2858,None,CBAM
229.47936342549835,0.7281846257789967,180.6663484529634,0.0012273025408100387,2859,None,CBAM
191.69033972763074,0.15532370664387235,380.11906326545386,0.4777811539286293,2860,None,CBAM
195.17754631534913,0.7478625706667323,111.73999128055856,0.6421454728486408,2861,None,CBAM
224.05308411989247,0.8829820075624852,270.3319917579488,0.9128797611188014,2862,None,CBAM
397.09087862220997,0.9917436925947261,296.4515899420344,0.8313259690336264,2863,None,CBAM
252.0125272589649,0.037939988120840804,148.97595191473914,0.5049073884299957,2864,None,CBAM
351.2479572425959,0.34240902493007164,119.50083054077429,0.5376558921230546,2865,None,CBAM
139.30469112082753,0.7504654326539866,54.308947592248394,0.11923063043013638,2866,None,CBAM
221.59568680724266,0.5924093749919993,77.93099216461061,0.6724951528745066,2867,None,CBAM
48.55363715468506,0.5343607096600013,393.65543805379343,0.3428303045639437,2868,None,CBAM
99.86613344380872,0.39696425215941866,3.9035781278323025,0.1484478634472442,2869,None,CBAM
391.20760982164103,0.5995088441239876,274.9009054836399,0.2794999232330277,2870,None,CBAM
257.5211695756825,0.7342570895316755,320.18332976215424,0.861286471699538,2871,None,CBAM
34.12261901485858,0.3443376603118407,287.46074570149995,0.2985771618477925,2872,None,CBAM
193.9798635865136,0.760423126600092,126.78533165298143,0.27382040960015636,2873,None,CBAM
137.03493956252854,0.5272660545801308,316.7602667224694,0.9054959535044849,2874,None,CBAM
56.46954387789489,0.3502505843721742,13.192276138504342,0.3718544695375032,2875,None,CBAM
167.1628764784133,0.9118987832290373,98.50819000539569,0.5653166904442902,2876,None,CBAM
169.41452077269156,0.46436838867120805,302.22283026132357,0.23266027105997011,2877,None,CBAM
125.60863591948713,0.2977168315286158,392.17728398630607,0.09143264709108077,2878,None,CBAM
83.16737807868618,0.40271706091065507,378.6315871330254,0.37771072507355213,2879,None,CBAM
197.31775942105938,0.3751869056970192,53.75584662313766,0.9205477517824661,2880,None,CBAM
240.57632634319904,0.6218443204402986,40.1945845607026,0.6467873905303249,2881,None,CBAM
319.25181153803175,0.6789822735016948,262.47439241925076,0.5568015470342598,2882,None,CBAM
326.89342130233655,0.8464895191263822,325.06703645754453,0.929674183506292,2883,None,CBAM
327.4182491191426,0.7964904509490851,37.415677460221694,0.8806506131513379,2884,None,CBAM
97.26475485195917,0.7854311809764806,12.075022323953737,0.025653804619732525,2885,None,CBAM
64.68398657340325,0.4160690347778593,28.86821161021893,0.3657508493732114,2886,None,CBAM
249.7084927310657,0.46583354186405695,336.35588450192193,0.22232656151979488,2887,None,CBAM
338.23489293478855,0.5620183936287317,52.504159724264134,0.12249408059373995,2888,None,CBAM
289.53830342499964,0.3213742760430777,355.6788379297589,0.9250813887937908,2889,None,CBAM
204.31539729035455,0.40724975617667875,362.6870037197611,0.614013001048547,2890,None,CBAM
173.83353689574196,0.7317161621693212,219.72645234276183,0.11502975099291146,2891,None,CBAM
50.26992436064849,0.4720003218927278,99.04466331349869,0.31862998962277195,2892,None,CBAM
176.75718055071533,0.007466081137419163,369.6813848540479,0.585935175395374,2893,None,CBAM
105.86537410843971,0.23703741640284742,288.622864117166,0.37412158389666006,2894,None,CBAM
25.85841144418636,0.9248861250312437,364.8275216365149,0.9152557601022621,2895,None,CBAM
125.15661668712656,0.8072189532036391,224.78177857009308,0.6355406261252903,2896,None,CBAM
313.66092242096516,0.5494279914735218,393.0582694347012,0.34566840077861377,2897,None,CBAM
359.89524030053343,0.1656521729289145,292.24883935427584,0.1792079870002346,2898,None,CBAM
288.7391682728443,0.4539342004952204,387.6032798778508,0.5216434920592464,2899,None,CBAM
66.1674956055399,0.6081494452326331,106.93591353807226,0.5230137491338931,2900,None,CBAM
281.1562041988509,0.5588312553361189,118.09286155358542,0.1741704557561749,2901,None,CBAM
48.17629378466608,0.5676242487731529,214.80469175533617,0.8235793196786568,2902,None,CBAM
12.307481884646464,0.7569818273376546,97.02192899759224,0.31666965043897966,2903,None,CBAM
71.78042885029801,0.09513325568632135,250.44987897165606,0.886289092231831,2904,None,CBAM
178.51748103110813,0.0057484188848113665,198.62337091261483,0.19470983841259604,2905,None,CBAM
396.50498266050806,0.7698806508360858,10.422690783477414,0.6262154051757369,2906,None,CBAM
398.7276526002198,0.3799097113893979,264.3214826849559,0.9556182269478299,2907,None,CBAM
364.44139350158054,0.40731789394114987,98.14517064184247,0.417979555607168,2908,None,CBAM
198.6473160705277,0.028100102393163868,367.556942994858,0.818408143243387,2909,None,CBAM
114.55065765364418,0.5789004362665815,249.51920776813816,0.9996048104435971,2910,None,CBAM
302.8467715697384,0.8324843955552822,197.52852880502022,0.20069870763171263,2911,None,CBAM
44.71927794441228,0.9262774245594252,210.9925691984503,0.029614273840140565,2912,None,CBAM
362.70215166549787,0.02653823023872778,295.18393947457815,0.3159408413859177,2913,None,CBAM
313.560509619023,0.04105033955081789,138.34999678434752,0.3060355927155109,2914,None,CBAM
193.337056810866,0.6699310011088876,307.7749403115521,0.3813913117220807,2915,None,CBAM
190.54778708349903,0.2162294055177909,193.78390323870548,0.09283152971334639,2916,None,CBAM
344.3425480417991,0.16578466845530712,187.089135798753,0.4217852525626242,2917,None,CBAM
205.1469177314505,0.8803029983819183,308.7511425783165,0.26648716276943407,2918,None,CBAM
302.4478855559837,0.32360915186095884,206.52315438125117,0.8728848293080566,2919,None,CBAM
193.85050108506064,0.9536670346354518,73.82329201461306,0.9085582491485938,2920,None,CBAM
5.497953754837644,0.3377825290275428,36.822840448319845,0.8487173758418118,2921,None,CBAM
285.4892234932181,0.28201424920010365,168.46539889494997,0.08427130894049595,2922,None,CBAM
245.83197399137245,0.2742475986704455,326.6524279406727,0.5762051419563182,2923,None,CBAM
102.79987609737684,0.011105103860482239,241.74424770423445,0.6373690402743464,2924,None,CBAM
249.03589089592288,0.028877234787532045,176.84661954253852,0.11558142314842548,2925,None,CBAM
62.07966183872885,0.6360803400076789,189.39644448594274,0.2766121339813201,2926,None,CBAM
263.3211965054748,0.3418912853277479,265.6765967555421,0.8660136057526987,2927,None,CBAM
175.34658855999274,0.6228354224657024,284.1710852765972,0.30023266623205636,2928,None,CBAM
168.62844214496948,0.6031820223644735,115.95694757872042,0.9258485225208919,2929,None,CBAM
44.535395695315444,0.4735148637520185,235.39881209621458,0.6841638278284131,2930,None,CBAM
306.29181552707007,0.9847353184594232,375.4404774057072,0.14499658542483435,2931,None,CBAM
144.23045040898074,0.050592997811562464,267.19389524952635,0.9386793327158358,2932,None,CBAM
352.89670344479805,0.28746374616329445,25.023517097464964,0.5371008092066855,2933,None,CBAM
131.94034564172122,0.7743344305608867,394.2157136864315,0.7648543473445892,2934,None,CBAM
358.7730066941493,0.7375090656536385,66.10444467610341,0.06943946179884959,2935,None,CBAM
105.88220592287571,0.811500557141177,260.4981220567208,0.529688427593241,2936,None,CBAM
121.24137292233557,0.3963425875034176,53.99070004740627,0.454617333979414,2937,None,CBAM
61.49335711241023,0.21889260408688746,340.1353002938108,0.40064391998400245,2938,None,CBAM
56.741172591591,0.38412576753895883,297.34070892087885,0.379371576765007,2939,None,CBAM
273.7375908565521,0.7623838884127195,114.69220502147668,0.6183180071779057,2940,None,CBAM
226.86091585032386,0.7680378074298062,307.71415093010205,0.3397398299054768,2941,None,CBAM
1.665086613497191,0.40147179364023194,240.33965125710375,0.7667830235845399,2942,None,CBAM
90.50167898234403,0.9515391827160617,96.69280571452286,0.6651765434457507,2943,None,CBAM
375.92563760449076,0.6096019645045511,208.78163246102162,0.8436354037335212,2944,None,CBAM
30.05222857977475,0.008673226361852289,122.95255550442438,0.7400582186459577,2945,None,CBAM
334.08668409028695,0.6745580884529256,342.16105626543174,0.15593519737501454,2946,None,CBAM
28.825931291093504,0.6225347590844239,207.45805360658207,0.5156172438017478,2947,None,CBAM
283.28170255168527,0.8439050408805474,336.49367192716204,0.20538557984634687,2948,None,CBAM
114.87316548079116,0.9166886484867042,38.07930331649712,0.7716641148599643,2949,None,CBAM
338.3343149194355,0.49062776503360456,20.53587944416963,0.4842479537724826,2950,None,CBAM
159.10399469372177,0.9090071289299543,283.5261985037776,0.690746363036393,2951,None,CBAM
109.71414146416356,0.4973954140264203,14.717914304207778,0.542337784520684,2952,None,CBAM
155.2148548805881,0.6216200168439021,127.81242108299493,0.4588790003921798,2953,None,CBAM
378.190408759028,0.08141196220443334,377.5005967837247,0.37357169352777914,2954,None,CBAM
225.29337936325393,0.35950295003937216,39.82189780451466,0.2706209391749768,2955,None,CBAM
29.83058286695303,0.18744866383135958,258.1561117575759,0.9543543464390413,2956,None,CBAM
332.28291167673456,0.6562990379393482,179.38948207812422,0.7035994401948812,2957,None,CBAM
106.60574892423595,0.2906778865237645,380.75075253140585,0.4580367814711953,2958,None,CBAM
353.19766023435966,0.8059941140830151,166.07959482486106,0.4148363409722536,2959,None,CBAM
163.36616786055143,0.30109773673785395,180.76941991704595,0.045446565817570624,2960,None,CBAM
130.14643451532294,0.2854983656256046,353.9231058448643,0.6483386828416128,2961,None,CBAM
201.16377029981626,0.8614824400288132,376.76453167065097,0.8475720347446764,2962,None,CBAM
83.85411590230267,0.12397620846732858,37.99469364009897,0.13501829218412653,2963,None,CBAM
360.92445813785173,0.8870414063294919,248.75409305162597,0.026339460245581005,2964,None,CBAM
117.05037412565416,0.4103172627737755,177.9468822229839,0.6009309887941674,2965,None,CBAM
42.129361488971675,0.8891726492495122,261.87117991858975,0.8749992401690699,2966,None,CBAM
334.5592075612883,0.5075133174608107,259.19480236510327,0.26066483342339564,2967,None,CBAM
265.0020969294812,0.11439225476697608,108.4040181725103,0.5932283211138483,2968,None,CBAM
217.88035556991696,0.04617399849956326,218.02205289425495,0.7708512482018518,2969,None,CBAM
300.2137364478247,0.27843086121405186,311.26154417798745,0.009600835815110079,2970,None,CBAM
153.2261837572818,0.6708852612843517,44.104507399305085,0.31127716033902014,2971,None,CBAM
192.96061881602148,0.11792279992236476,202.58004192159197,0.794816037672983,2972,None,CBAM
208.7571456368027,0.9581898382265553,395.3712288679018,0.7351143119785363,2973,None,CBAM
82.93515219656929,0.5326410868340453,321.804389647109,0.8708064343418961,2974,None,CBAM
131.08317345709426,0.3913210859085485,290.5918395748679,0.10486830196689235,2975,None,CBAM
146.0071028882493,0.3649380331327397,176.88458211742864,0.5881296148908435,2976,None,CBAM
362.1958654527979,0.3407268524863479,153.81169047075576,0.3772258948431263,2977,None,CBAM
267.65694278475064,0.594749673970647,280.6696997105321,0.9816992900766698,2978,None,CBAM
313.3990127319394,0.8968625262396859,224.68810260604636,0.3308228202695214,2979,None,CBAM
275.2395862080424,0.38254567714323195,31.432544369690746,0.996449028110942,2980,None,CBAM
214.15828941544936,0.929052696194592,126.58277149953811,0.6070898044638046,2981,None,CBAM
343.55687829159376,0.16263321315656284,316.1820894043257,0.2527751992133156,2982,None,CBAM
143.45025786973451,0.18290479612337712,25.69845703210241,0.040269985571336306,2983,None,CBAM
260.48985968235627,0.052835793774923444,120.33618264946202,0.5336743944471382,2984,None,CBAM
197.05843910612012,0.8778217269729713,242.13454984747864,0.8835919267092579,2985,None,CBAM
297.5405753970808,0.03228344439060413,117.79051657576665,0.6924766158837204,2986,None,CBAM
227.59913769866705,0.7740905358747908,0.27794196311071007,0.22048452145411385,2987,None,CBAM
325.0210753427208,0.6154307551458658,158.90627539905276,0.5075456566284613,2988,None,CBAM
394.3258700339651,0.7648389331943045,135.1621529379825,0.6414532327759416,2989,None,CBAM
139.46868391414768,0.35491232301711617,385.9850706708874,0.7622769318786119,2990,None,CBAM
134.10609442176792,0.011988528765712847,359.40844103656343,0.4519311648058608,2991,None,CBAM
320.3867636971453,0.6457290494127869,219.00753049639388,0.005508087028629491,2992,None,CBAM
20.658534638368355,0.6732637468603311,328.9848983157433,0.5818599313776075,2993,None,CBAM
38.93010731190601,0.2637454762256388,75.41820363584786,0.4798991396365831,2994,None,CBAM
69.15225305961324,0.4271472266383517,247.6014715668605,0.8468381821275613,2995,None,CBAM
313.24641405172554,0.09473981155309806,130.42476558087475,0.28316732523981936,2996,None,CBAM
304.0593270097189,0.009088437470284542,97.84081949662895,0.037094391769034805,2997,None,CBAM
169.03446673559912,0.8357092920659445,256.7797364442318,0.4525034085815499,2998,None,CBAM
52.171546820879044,0.6145969751081,161.42065216173998,0.7279232891370124,2999,None,CBAM
104.71318598192758,0.7428827408821046,104.91141233394863,0.6737743969657131,3000,None,CBAM
210.71003045634146,0.9371177471313707,127.10731251012346,0.8739499824018195,3001,None,CBAM
283.9628146770868,0.7223098470564102,93.63405455620712,0.14319525157963497,3002,None,CBAM
171.81248833106474,0.5766468882084608,145.27186882090194,0.20101026745642497,3003,None,CBAM
122.9493498444413,0.9398443975696553,122.20013849369396,0.34448332993337166,3004,None,CBAM
22.13082199312466,0.3987252396436975,205.29804342515146,0.7028014373449217,3005,None,CBAM
388.4305675086455,0.9569409868499102,396.3110662310621,0.03372229966780172,3006,None,CBAM
78.17274111610783,0.16751333074550115,356.9568156546501,0.9742498271546846,3007,None,CBAM
39.00358605523036,0.8505519305155679,351.80684680192553,0.708791953344717,3008,None,CBAM
331.7207136494632,0.980005491646929,213.66109692183986,0.5335895694087229,3009,None,CBAM
92.94951451785936,0.4521055355517746,203.68277784247275,0.8512413224241844,3010,None,CBAM
164.29468135531687,0.08420213385925114,74.97634931030565,0.5914920960544894,3011,None,CBAM
332.4487038377651,0.8258050733353801,41.65583645877857,0.6837526695825428,3012,None,CBAM
383.09504775046236,0.12797178518585284,307.49371434990616,0.6014005319742391,3013,None,CBAM
30.804558879994175,0.2677301106556089,207.43651324291622,0.8201841145537422,3014,None,CBAM
393.9307074785322,0.7248859141774884,1.8468499460221843,0.949399202671228,3015,None,CBAM
160.2844409056032,0.33263243393875447,46.82662538620474,0.71405435583705,3016,None,CBAM
120.56784112596873,0.9500286159340594,363.666156815871,0.9590671174082084,3017,None,CBAM
362.6791311151602,0.9584173804501859,137.96072678697934,0.21253411341038536,3018,None,CBAM
173.52643075265405,0.23200565287570127,311.16823394250156,0.9460055217599722,3019,None,CBAM
225.14357000871058,0.5858212114647326,318.6877881659488,0.915385626394082,3020,None,CBAM
148.09921286841666,0.15695493225775883,156.28337799669728,0.09627610771634265,3021,None,CBAM
328.17608536842016,0.08615893956659666,296.4119391097746,0.03026354993388142,3022,None,CBAM
106.58520405065823,0.07850365771699695,313.5818407009887,0.5528882239617021,3023,None,CBAM
397.2359690858826,0.4005695054212096,361.80164232898017,0.5243946151443054,3024,None,CBAM
174.53973124513357,0.335849730254306,143.17811673840404,0.6476901090355479,3025,None,CBAM
155.52905135998085,0.8603521776804864,68.80360700927022,0.9577589197661567,3026,None,CBAM
44.0378190672943,0.5365932117918447,111.0455841794177,0.3358788557930679,3027,None,CBAM
130.8771514063986,0.0897658318305033,250.21590100747005,0.9331030111782861,3028,None,CBAM
96.40262206099122,0.8592413525333882,282.5722249257087,0.015538076849926398,3029,None,CBAM
361.9282849013265,0.572274271536267,230.40688166917093,0.7799231249413401,3030,None,CBAM
364.9599702597039,0.5617981883115826,306.8894864097587,0.9510026148367511,3031,None,CBAM
107.59718221045522,0.5084180969068774,49.49450258976602,0.39519665527001807,3032,None,CBAM
92.2521135777624,0.05795289146448501,349.62379464138087,0.23718982461016563,3033,None,CBAM
290.0596177543241,0.7934397817195386,127.14165546367606,0.6420175434935279,3034,None,CBAM
33.84145359082342,0.029008009882224094,212.64795750173562,0.5154590409696777,3035,None,CBAM
177.56286279187256,0.6691529849605883,55.51232533801094,0.6118797504061575,3036,None,CBAM
380.0464803643497,0.134728050025024,174.11418901316688,0.10844973581784277,3037,None,CBAM
6.372645255975221,0.6108798781508922,333.4578019574929,0.8537102437767746,3038,None,CBAM
378.53650717471174,0.5136347268548754,132.11389872204222,0.7997637297827225,3039,None,CBAM
349.7312389592402,0.02587519094592638,315.1094044048549,0.1165840111714037,3040,None,CBAM
56.2604014237875,0.21975094667196468,37.363504992659756,0.24654355357922378,3041,None,CBAM
350.07249533388597,0.6921406332101052,10.265165610527948,0.18140398583088033,3042,None,CBAM
319.6611382512606,0.197726818147455,30.359034669659824,0.9455991393789194,3043,None,CBAM
4.53430059263251,0.4498356310229642,315.1716401787028,0.31606842708848026,3044,None,CBAM
245.3125434492705,0.2790908192983697,231.54319332116495,0.5212784237657695,3045,None,CBAM
12.179115308146777,0.7466501673203778,27.139170489586594,0.10458884164516674,3046,None,CBAM
238.26511981466635,0.2328055742463849,207.90882967461025,0.9644508770051777,3047,None,CBAM
102.54016354641857,0.9397139868948574,376.54017954129483,0.645864545836979,3048,None,CBAM
190.90754557462785,0.1408862006843215,137.16701235455443,0.6511878070680424,3049,None,CBAM
388.80169448692254,0.9308503288689669,305.80764733550836,0.4867975511304567,3050,None,CBAM
111.12189758894455,0.10260983693092654,362.65593324059984,0.17821720086453346,3051,None,CBAM
122.80317542510144,0.384746511290998,135.98966761083366,0.17255974897477336,3052,None,CBAM
293.4582222168037,0.5384266189425001,375.62774597018085,0.7810899346411361,3053,None,CBAM
133.6167516989333,0.6613062237621565,209.08106546839673,0.8648887700269938,3054,None,CBAM
57.853318525152986,0.09494563917914003,333.34294005318526,0.8638083580807997,3055,None,CBAM
293.8579440189482,0.21512896514422397,203.77203424867895,0.10631918282315381,3056,None,CBAM
132.57243689252917,0.6148357831163068,247.77528933554106,0.8889139955466205,3057,None,CBAM
55.42812376615876,0.2373906104922043,397.2435889347973,0.37700354400805486,3058,None,CBAM
41.55388696932207,0.46160964309780783,371.69628788456527,0.2655831970272442,3059,None,CBAM
139.9920994716011,0.3818502618147843,285.4667284260982,0.49851832399413576,3060,None,CBAM
28.016861247911873,0.20855094283642495,97.72247478475869,0.8399419442484101,3061,None,CBAM
228.0658852305071,0.23435354671617448,394.27474188452885,0.9105981511899381,3062,None,CBAM
325.84354486955147,0.28162999036437014,108.62042934500738,0.45926971275392586,3063,None,CBAM
388.2972063991077,0.9161616584893786,252.83989298057855,0.7592341610944096,3064,None,CBAM
297.24088596245906,0.31832023959057487,125.93597863136814,0.3560429710312132,3065,None,CBAM
319.4033393840297,0.07791672292594422,345.27364537475387,0.2989428239956991,3066,None,CBAM
199.60091103329427,0.3695139953080996,236.2959159163985,0.92015833684549,3067,None,CBAM
370.79102993299927,0.5461376455134392,292.8751166783671,0.8667496052535262,3068,None,CBAM
336.565724837592,0.8479225551162052,75.4484558302772,0.3280760450778085,3069,None,CBAM
123.41065216120562,0.2194599295048297,42.578036880181195,0.7573994866730855,3070,None,CBAM
34.42353441188261,0.6621185935719115,166.35534988363588,0.719134911306983,3071,None,CBAM
259.67741085864844,0.5148371528718259,197.23366066815825,0.8560168289606586,3072,None,CBAM
342.2578182819704,0.25799286880869704,330.7522544932385,0.6261262893668932,3073,None,CBAM
58.93691735316715,0.9836040351336064,148.2446069956592,0.4506226867138353,3074,None,CBAM
340.14617774482446,0.375202058287388,78.84420919976809,0.04638008307137594,3075,None,CBAM
158.08648756369666,0.4695957930857585,238.01219919383465,0.30139453239827474,3076,None,CBAM
211.29742815580462,0.905401670126028,48.689794419691026,0.5575746831595949,3077,None,CBAM
339.58657562265984,0.2507684973943928,346.30628715395477,0.07174133538478672,3078,None,CBAM
86.56958928405288,0.6744931064691277,360.0773431083931,0.8484311943749561,3079,None,CBAM
55.85131262538917,0.8326304119192403,353.79749313807105,0.836001620927529,3080,None,CBAM
200.96015388351867,0.40303193743861526,363.6922779545455,0.11707606428005653,3081,None,CBAM
340.0128006402865,0.4552899610180615,127.04276819920935,0.3103847535096366,3082,None,CBAM
248.1251030406998,0.2797483770734307,382.1507443073692,0.032197377463638745,3083,None,CBAM
261.1601927440515,0.4572107631679343,48.40596119804358,0.06476519220280635,3084,None,CBAM
139.15657693379003,0.9264941459363242,62.39532174678592,0.4825368904139941,3085,None,CBAM
35.76584641549971,0.3620817036332861,377.9039657347989,0.19917959278050942,3086,None,CBAM
388.95777722998645,0.46321204207876865,213.63665860529167,0.2230695293611468,3087,None,CBAM
137.97693311986922,0.7377935556064753,172.97216216501008,0.40947873937217594,3088,None,CBAM
53.314729388465196,0.890980987183919,267.5868173315258,0.6970548340411081,3089,None,CBAM
29.609618334725173,0.4833160767815312,377.27453407973076,0.04300719863384974,3090,None,CBAM
5.416237377364249,0.38839845088547736,166.46928950030147,0.7724965157766771,3091,None,CBAM
161.41342949201035,0.6422118913927869,168.23945292038093,0.022705760315496742,3092,None,CBAM
72.75727444149068,0.33384890376923637,70.20340578612108,0.4417952006624659,3093,None,CBAM
147.5287936503419,0.40884584212270436,345.5311532515958,0.46896094532510935,3094,None,CBAM
261.13867895692675,0.8223925792498699,15.091120657229713,0.12102838210636091,3095,None,CBAM
69.70138413934093,0.7736013189425238,174.60599252856102,0.8726205285074895,3096,None,CBAM
203.56097715286273,0.17650182694988742,275.85311583050344,0.03687640277059943,3097,None,CBAM
221.45866668087302,0.6369200620516002,104.65933523100904,0.6948640326029942,3098,None,CBAM
276.042884215035,0.0912615973272229,342.0227042567059,0.6639495449530711,3099,None,CBAM
73.94600544484369,0.13646750821568068,92.410504173398,0.3295482629769391,3100,None,CBAM
267.03875622869407,0.21672593939337367,185.52176114547612,0.3193457316019238,3101,None,CBAM
384.6967200429679,0.5838855003798212,388.93411105212334,0.5099581993103203,3102,None,CBAM
319.9004946505351,0.23564697842585736,81.04916945005365,0.8841079392785746,3103,None,CBAM
284.2366182731236,0.8838766576865681,53.32430209102469,0.3485749321865903,3104,None,CBAM
340.36759928987095,0.08748586429951544,229.7964869567227,0.10287021267183925,3105,None,CBAM
197.55608026198354,0.1516054150643233,105.67850661219352,0.6415343210152183,3106,None,CBAM
186.121995529092,0.4678620087069986,273.5875900139122,0.7077838984379756,3107,None,CBAM
135.56490135822784,0.05867878418906588,62.59931200802331,0.27743776368570927,3108,None,CBAM
134.17001195525958,0.8547446175582024,65.67826236040726,0.02887528508308021,3109,None,CBAM
257.84624225501267,0.925696154914883,67.03324714995755,0.5675747309561614,3110,None,CBAM
296.31247948305884,0.957650275091701,168.9695754687095,0.1412947768750439,3111,None,CBAM
346.69262891157285,0.9215554608079664,150.4783478322808,0.0745840711601219,3112,None,CBAM
154.51376606095204,0.11599122176095282,129.68517846239703,0.15469411565601474,3113,None,CBAM
119.63008982248198,0.7072784403018871,15.821347045822376,0.2160683697528366,3114,None,CBAM
129.74312725989373,0.23935579647074678,142.57020851123497,0.13176907378134364,3115,None,CBAM
133.36504116560164,0.4265870234593491,175.08875419951468,0.3518165205890591,3116,None,CBAM
321.6093919976753,0.23119729249932866,89.92839439235767,0.6857992148117992,3117,None,CBAM
262.9213032104201,0.9899630062031192,46.29763052502343,0.3600593626602899,3118,None,CBAM
345.2242432019489,0.8524582992960994,202.0174239748384,0.03272911145677426,3119,None,CBAM
293.07708380250057,0.17306668517729876,187.75595163901707,0.029863406997882633,3120,None,CBAM
327.7305542375756,0.7457156605808108,254.46188730311786,0.933916277434369,3121,None,CBAM
283.8833466822104,0.2235496039202885,138.4029812666443,0.6898701390410424,3122,None,CBAM
231.19471189235924,0.6489648766020558,260.9216207464665,0.5985461597906214,3123,None,CBAM
375.41487338915186,0.7605801493678642,22.233489381826587,0.8534918471306138,3124,None,CBAM
255.93077935201714,0.10559152409471527,155.1183507387315,0.9034048413120256,3125,None,CBAM
264.27531650449924,0.9351867673819708,310.93497527437705,0.06866393474831634,3126,None,CBAM
269.0679833663707,0.9022284582075859,144.579510401631,0.49129666536809247,3127,None,CBAM
223.61597221962538,0.7403951553344776,70.47103134657836,0.8798437178509594,3128,None,CBAM
195.1544051215429,0.5029699041439517,352.7780061532021,0.18472570382744583,3129,None,CBAM
82.38399661999816,0.1739623105631125,393.562633156145,0.521016716627528,3130,None,CBAM
162.76174508429085,0.09199672793906637,269.4911270074348,0.5776862505064454,3131,None,CBAM
239.13182812815234,0.0839105562681867,179.7726186140294,0.1455758531662101,3132,None,CBAM
140.04380458723375,0.7697000873929324,304.8476465985309,0.5350927692229138,3133,None,CBAM
351.1508933450849,0.16719976821709429,292.75047134774496,0.9086000593121434,3134,None,CBAM
322.34687183411035,0.6788486101406292,221.59875459312047,0.061467813625756935,3135,None,CBAM
351.0498151824207,0.41112077424591914,147.3703616802905,0.48740174059539976,3136,None,CBAM
261.8960571869429,0.8159113563283444,106.41328260674257,0.4964078238446642,3137,None,CBAM
99.96875342014894,0.29216323779221154,120.1278426629887,0.08527183438311557,3138,None,CBAM
270.9042525768053,0.4318313313796552,361.3235055762689,0.26173106890787773,3139,None,CBAM
208.52067764834987,0.6298499913659887,295.9794704481824,0.41989104846196323,3140,None,CBAM
385.2411109460041,0.33234510450834615,299.68325752825876,0.6716584674250476,3141,None,CBAM
121.9711674614411,0.9077912237484865,3.0911322525387854,0.8068230889348729,3142,None,CBAM
113.05909792757565,0.5570309461241599,140.91794660237488,0.45970144692911036,3143,None,CBAM
168.44478652679476,0.041212551734896914,371.8614899496886,0.19157043055527442,3144,None,CBAM
177.61940919241587,0.40747238064765434,18.370962622001034,0.9587703663874735,3145,None,CBAM
253.05443991061708,0.9037265035597906,249.4697021381207,0.9349972845491631,3146,None,CBAM
32.25368853543913,0.08710152950064755,105.63377139157055,0.43827638502275007,3147,None,CBAM
266.11262444322153,0.1748276486349115,77.30857202396317,0.5193195705358766,3148,None,CBAM
250.18049980655084,0.34507282384702753,317.87957230337827,0.05465875916044716,3149,None,CBAM
229.3757885089807,0.6696578299979055,386.1722574842164,0.10778762539150877,3150,None,CBAM
182.8147002753503,0.5377601484521565,268.62386394268543,0.7958531208493437,3151,None,CBAM
180.13180781159144,0.7089167933172223,42.656322377375794,0.877615622607867,3152,None,CBAM
329.20165839295134,0.4536208529918926,39.72400813580531,0.8700987082857254,3153,None,CBAM
12.794491261017301,0.8032499082393308,111.97456982972196,0.93243841303369,3154,None,CBAM
101.36306576070288,0.4045268627437812,70.96481891081773,0.12525301446119202,3155,None,CBAM
273.54945701795344,0.3808319090547921,180.43004103867816,0.8932774936717723,3156,None,CBAM
178.58161457811633,0.10727072971262791,278.0775965209872,0.24932147837557778,3157,None,CBAM
342.3328322543097,0.9521645816074932,32.88759717808281,0.33928831734534065,3158,None,CBAM
106.23896982293199,0.2542752382261739,190.45150647588238,0.3202592488047862,3159,None,CBAM
399.0572463716275,0.1314771380724687,223.29114330752643,0.14052929401037176,3160,None,CBAM
124.89437007636985,0.7716279827347521,252.04526978942155,0.2050836482880403,3161,None,CBAM
354.004869153519,0.7087014295316201,291.21233077979645,0.9200919377296184,3162,None,CBAM
305.8788828997122,0.395479447128263,138.44525344981372,0.6974946665394116,3163,None,CBAM
78.8947140882433,0.36432552196784007,2.9971460980291216,0.3521657866518855,3164,None,CBAM
110.16304972879583,0.22457367591971267,371.47518732895446,0.08779142110226969,3165,None,CBAM
290.7140620183848,0.5114639378048383,319.98048954173277,0.4081221632767069,3166,None,CBAM
15.80374236530539,0.7726954470723307,95.95963269506203,0.16255849373208067,3167,None,CBAM
236.83959915352756,0.9475618712920433,162.02352344741442,0.004692984182179642,3168,None,CBAM
333.2388276009694,0.836597645232123,223.0020813937448,0.6532920291082842,3169,None,CBAM
165.9423231905368,0.29515750408628927,324.3445967508641,0.009304315598422742,3170,None,CBAM
352.49855717838625,0.2694484626936793,359.31834457024274,0.3443542237168483,3171,None,CBAM
332.0753627700911,0.367187687644479,396.3867258686015,0.7564834516898549,3172,None,CBAM
191.52311869940283,0.8360542523863622,117.24224593072488,0.32400781342290624,3173,None,CBAM
123.20501678726954,0.9590160472971165,241.2305912938296,0.7574227612525765,3174,None,CBAM
231.76365833941907,0.6781467367554409,63.18698225352819,0.8490073238735522,3175,None,CBAM
347.16019342425193,0.05003490018488892,327.95573828709104,0.1536309102323985,3176,None,CBAM
301.80500716598726,0.7923195842669069,379.2400886423063,0.38841724590613236,3177,None,CBAM
355.25856999661124,0.9370046936771763,235.7210158749318,0.18788278618738022,3178,None,CBAM
131.7648573126555,0.13185949062645327,139.48682147844224,0.27176443103904374,3179,None,CBAM
8.880271975495488,0.029188567501188006,236.22384050940533,0.9076430390666478,3180,None,CBAM
153.69174420354145,0.46454834616194723,277.29932838537087,0.9447687813756935,3181,None,CBAM
359.46725114391256,0.14714529249042244,219.35752011091293,0.16477285165014824,3182,None,CBAM
121.03173802540988,0.32968136177082247,303.27819330785655,0.3590637245173819,3183,None,CBAM
75.66792016433915,0.5320533625918834,399.12963300521784,0.7524383234558811,3184,None,CBAM
299.10070527873796,0.055071740136316084,327.51783681356727,0.9240496171538646,3185,None,CBAM
70.75344416899033,0.9382680365963169,40.5814913379919,0.4058750580481913,3186,None,CBAM
1.19804076984728,0.30385706470289997,291.77739202532297,0.6862334583738383,3187,None,CBAM
9.760109006239636,0.9070775233732813,325.4024653024254,0.73145183182601,3188,None,CBAM
38.5509708713004,0.7396660403765347,218.29105743701822,0.6890475046371314,3189,None,CBAM
203.45230271875246,0.05677417476900319,184.09954029040554,0.7876672113420886,3190,None,CBAM
203.7017203811696,0.7682718215990844,21.227770905939252,0.0077032966336544675,3191,None,CBAM
95.65959835669905,0.0916051031117482,273.99222215492694,0.27359288020173333,3192,None,CBAM
141.79454018087944,0.8754859262160536,143.99846229980471,0.5023323102172902,3193,None,CBAM
244.33188921621132,0.808362322209628,205.16897276229832,0.5468845330421536,3194,None,CBAM
312.4499974700422,0.4755877210360795,305.42306054015637,0.6164928931731904,3195,None,CBAM
146.43417571239743,0.28611872644171404,237.33301172857196,0.6975256908988181,3196,None,CBAM
176.95428174547095,0.21720122173910586,94.77524633492011,0.5739742732306339,3197,None,CBAM
3.189338137071101,0.016536987620296636,217.75025931234757,0.49929874769927657,3198,None,CBAM
52.841802285654104,0.3689299654627136,92.61860767334804,0.7877079786088844,3199,None,CBAM
262.19694877666706,0.36988263360074725,185.4432622110329,0.8661199233644994,3200,None,CBAM
203.04152794552226,0.21900537651176438,252.29200565112194,0.33489700501437364,3201,None,CBAM
239.55490709322183,0.5538576229588893,114.58026255265929,0.41843842738588355,3202,None,CBAM
244.62002212680275,0.3886286172678928,42.93730207177805,0.599229836914015,3203,None,CBAM
137.6644157001992,0.3383584312227218,96.64906150302484,0.6937417603808944,3204,None,CBAM
289.5130769209862,0.005236314887349808,171.59552639871967,0.5717413991523216,3205,None,CBAM
317.96543030535327,0.268713519383665,11.283063339299776,0.5854293011091266,3206,None,CBAM
3.2899360357592493,0.21134306227144609,250.24160488197248,0.5793555636059633,3207,None,CBAM
58.502266472652444,0.8050169221921434,121.11359311910257,0.9995719226397038,3208,None,CBAM
192.7075869536955,0.5370964487327083,78.56568497571942,0.9680128219281758,3209,None,CBAM
50.15760197265211,0.015060065484028794,128.7192022710176,0.7783037954744586,3210,None,CBAM
44.186739789688936,0.6551974510034274,230.01019415064548,0.0016689730233629884,3211,None,CBAM
96.78074521713228,0.5373580048486415,370.3897618657321,0.39593195472784076,3212,None,CBAM
147.7286414553645,0.569452801494799,229.18496165505832,0.15498562202272362,3213,None,CBAM
290.65278711241456,0.8263091874679187,3.8111341284409934,0.4539393457448522,3214,None,CBAM
360.18586342785096,0.35693339499344345,369.55560124089624,0.12431750779865289,3215,None,CBAM
310.18283788846253,0.31528056554608075,20.22329041856232,0.5289597775636723,3216,None,CBAM
346.29716404887006,0.2656787746751783,131.41088733802576,0.652432783528739,3217,None,CBAM
298.6571795359718,0.2714500665036942,200.44760827545164,0.49935161692486907,3218,None,CBAM
333.6077410731659,0.16967771709607948,353.6004321755193,0.9868055748338986,3219,None,CBAM
1.0563322445082521,0.15287810296501844,223.66332009732753,0.2594889956252902,3220,None,CBAM
142.5185499069219,0.4360083816936614,281.6911356347618,0.4774130954291835,3221,None,CBAM
382.5475569246272,0.842764452437797,135.31903059403982,0.25403319752158715,3222,None,CBAM
60.39871604613312,0.9104773763118095,126.24796347229281,0.9235337830836591,3223,None,CBAM
135.0583973557255,0.4574901277978944,235.66869107008804,0.6843282294386299,3224,None,CBAM
278.2306647376857,0.710367646240418,271.7459258455257,0.8897154426234007,3225,None,CBAM
284.9042722456241,0.03343143219491729,274.4000371992902,0.05171201826871676,3226,None,CBAM
47.81016609420373,0.509861312291802,35.028927124509195,0.7177931997753157,3227,None,CBAM
65.42508177308407,0.993184172227306,15.060051065887547,0.260528791624556,3228,None,CBAM
224.0972755030345,0.7935447896696451,175.075162952683,0.8663947843342352,3229,None,CBAM
310.6250002769623,0.07753198704428833,300.75792317324226,0.28054464900614223,3230,None,CBAM
235.77174963880537,0.2574966182781591,376.2932736111593,0.4494846951912227,3231,None,CBAM
396.03897979306186,0.31591209945133886,298.47128494915063,0.9943260152193685,3232,None,CBAM
357.10017606461554,0.22468800637479003,158.56247692919595,0.22998463996304347,3233,None,CBAM
302.3008260058594,0.7399285012409959,250.0513958610423,0.664593436652379,3234,None,CBAM
308.3936401352018,0.2575644029038456,233.42225086044982,0.7059960005131835,3235,None,CBAM
143.80712174315553,0.2691246676439366,310.42070854964294,0.28931211857942196,3236,None,CBAM
294.5647288353273,0.5008995730677117,174.35789156883575,0.29291861539084657,3237,None,CBAM
303.1044890589877,0.31774459867655563,128.52703694340474,0.891623471262664,3238,None,CBAM
144.77492138651985,0.053988029790892574,144.64648443271076,0.8902502277312125,3239,None,CBAM
282.1956428435239,0.5849908042778527,326.58725641052985,0.18929892734650353,3240,None,CBAM
330.5966122787418,0.3575015502893057,15.277525208724349,0.5019757974122698,3241,None,CBAM
41.948603317668194,0.46616699579391785,24.638482326319544,0.9319362019922741,3242,None,CBAM
171.8690257800518,0.8616786185209793,231.50702434875342,0.05002135715790916,3243,None,CBAM
56.511856660856274,0.046385660600254466,231.35661288227064,0.9286431675046034,3244,None,CBAM
279.3114933282648,0.8047982757321639,383.6494263611478,0.631263282368726,3245,None,CBAM
100.64598032019371,0.9034932106524062,386.009587351835,0.22396020884728965,3246,None,CBAM
254.98770144824698,0.7391693102096875,74.94088628141067,0.24019237973696528,3247,None,CBAM
30.370907842130485,0.910977718451448,309.1092816813748,0.9442122663450896,3248,None,CBAM
266.838931551764,0.4430025451857024,363.0988226905895,0.373763948602321,3249,None,CBAM
338.62463752022813,0.09706349235387786,185.42015248217234,0.997506999791387,3250,None,CBAM
287.50590865860204,0.2877886139440268,19.651900579839374,0.21109077593349584,3251,None,CBAM
83.31753564291363,0.8681411882301301,86.3595306336009,0.2692914245444892,3252,None,CBAM
44.408164577168264,0.9329283289895954,108.97841089056908,0.13545962470805611,3253,None,CBAM
78.29736000814917,0.2459347652610292,398.73799590505183,0.5600009775749052,3254,None,CBAM
230.89985232603757,0.5847814636936233,219.78303510995397,0.20125547331222485,3255,None,CBAM
180.76895278667553,0.11137269839139521,132.43805807094247,0.03836528716280821,3256,None,CBAM
34.5906560362637,0.6532217542177527,221.66918890563605,0.9713900142829167,3257,None,CBAM
149.98032111613182,0.7755829046090125,240.6893630717597,0.911619004957092,3258,None,CBAM
279.1059938536554,0.26202956843814423,82.53202975658247,0.20940065526554957,3259,None,CBAM
283.69734488545083,0.009626463215841896,261.30136755174937,0.15239932145288387,3260,None,CBAM
165.7192556661586,0.4931025959312334,304.57503808408984,0.9844756739131628,3261,None,CBAM
296.9087780781646,0.941436435908674,98.04206227362788,0.07162188623238594,3262,None,CBAM
98.54274346747177,0.9827901966433974,372.1818531774722,0.7100613938660235,3263,None,CBAM
85.91708457263451,0.25333384265027437,371.76966374095434,0.5790345647443127,3264,None,CBAM
273.1362605703677,0.12144803374274861,64.41630567643746,0.25262778091409277,3265,None,CBAM
73.43430741815023,0.828128929533494,146.92738274083163,0.9675635925156512,3266,None,CBAM
330.1570720082628,0.8931792979415913,264.2914245856618,0.1268110432051017,3267,None,CBAM
125.48176707600163,0.19829297644274402,59.500544113609024,0.6754015522835828,3268,None,CBAM
197.13872157213788,0.6246872271559551,165.49675653842618,0.7098891887988776,3269,None,CBAM
48.036774163971316,0.17640498865633997,256.99915712980317,0.9560732324209101,3270,None,CBAM
258.14631827683587,0.20791047457476577,350.6821571302615,0.16572508059327407,3271,None,CBAM
220.59231775274023,0.5715794636685071,373.0610740142216,0.15847397411544129,3272,None,CBAM
307.7837191381261,0.5280924535047825,263.13400034729943,0.5827472509459143,3273,None,CBAM
344.821525014423,0.4420832956205804,105.35138002250639,0.7263743826731228,3274,None,CBAM
240.732585654803,0.10916723186183461,75.1887858714746,0.7118389766915267,3275,None,CBAM
289.3235527366968,0.43952093507997725,134.50298229553135,0.06886264198276072,3276,None,CBAM
2.9809378439215335,0.8420827949345892,53.703474843568046,0.7449477273448223,3277,None,CBAM
317.4015773579294,0.6636371075972263,225.94970023208,0.834416884539146,3278,None,CBAM
118.23969003486627,0.8938888529818784,315.3233947819906,0.6813821871825133,3279,None,CBAM
174.45558337791113,0.6909174326574965,239.88293966056423,0.24228022423922274,3280,None,CBAM
141.52630789575886,0.8476172987184448,81.68277476825611,0.3491623783906766,3281,None,CBAM
199.1119330922537,0.28731533852855556,172.90447677398427,0.36696631791968937,3282,None,CBAM
224.0201785768117,0.5406423209406462,283.10734851101745,0.9614701854294794,3283,None,CBAM
378.81899209742704,0.788327516694711,107.38646402440011,0.4810951159132004,3284,None,CBAM
362.3769438019864,0.7407667814925704,223.24353275796742,0.4671140967203636,3285,None,CBAM
243.19739091739706,0.4680758443323567,288.3496849462368,0.1936055476856199,3286,None,CBAM
371.09553621546974,0.5137438800228594,304.0480080381931,0.27568856670301134,3287,None,CBAM
217.40638874090567,0.3690976986788091,321.2091723945364,0.6679465546516224,3288,None,CBAM
269.45781236793465,0.6254539884290781,206.96929281453137,0.20702503879877002,3289,None,CBAM
304.2455969892378,0.15144674654907722,216.97978953865453,0.9095864099054332,3290,None,CBAM
198.88223068315293,0.04498843636661537,54.112548957762144,0.9955330756351133,3291,None,CBAM
82.27616740443595,0.020876326568867447,285.15540943717326,0.07148906239767601,3292,None,CBAM
373.8184498695763,0.49618836828042,308.7168318501744,0.744516381879747,3293,None,CBAM
171.37400331551086,0.7744135787624816,365.7190627519837,0.8119045551232806,3294,None,CBAM
130.0211385403194,0.36658563046506826,18.12598008161319,0.08785645018059833,3295,None,CBAM
327.7608063713425,0.2843443622578316,39.93159510974439,0.33600202840566873,3296,None,CBAM
263.6242885088289,0.5232668784514372,173.37281491025567,0.176968325595561,3297,None,CBAM
321.0433444999368,0.1708359703775911,194.4421260785019,0.9851674882713342,3298,None,CBAM
198.0677035187982,0.5246401522739579,343.4540390276329,0.8732375505090255,3299,None,CBAM
328.6868632101248,0.007816403164766617,83.49038857041666,0.48736532888149403,3300,None,CBAM
287.0538113832233,0.89037875313578,157.64179351460822,0.8808119980973805,3301,None,CBAM
3.078439996947682,0.5273420469160787,79.59843653442901,0.43154499268598295,3302,None,CBAM
81.01023747602719,0.13705560135647366,28.919754619637654,0.04142039355499278,3303,None,CBAM
163.66534069625237,0.821871586761596,68.35600887256105,0.7416569207081968,3304,None,CBAM
49.6924126775658,0.5074315743573237,21.407237135230762,0.41152058544024195,3305,None,CBAM
110.04120349801336,0.8806348434930248,71.0523053389999,0.06115687456348357,3306,None,CBAM
54.91024439760906,0.3127735255209744,136.8398202992007,0.40956730830353477,3307,None,CBAM
52.81257296343143,0.07238399524757426,249.14999882148533,0.373475800388078,3308,None,CBAM
280.4967137997302,0.4139471724534303,31.07970932545301,0.22573847015280982,3309,None,CBAM
391.84054999664477,0.5986397391745472,382.7681643661201,0.6856442721273373,3310,None,CBAM
347.72916858897094,0.9183014404754221,296.8746577463287,0.32287939669532095,3311,None,CBAM
2.0241752730489266,0.7890596203916818,171.28050263487228,0.3482964964449967,3312,None,CBAM
314.43236190771506,0.9809895615035499,139.06879102201597,0.07274616139596778,3313,None,CBAM
4.179284530153819,0.5159673379710131,46.404778328984,0.7563026346231032,3314,None,CBAM
345.8909794769258,0.8503295676819758,119.5308224828566,0.5143466724882952,3315,None,CBAM
316.1644968036784,0.17714300751602852,184.322816559571,0.10697629160323324,3316,None,CBAM
304.1251428623321,0.6144521809578362,370.1858568106198,0.9036426857711951,3317,None,CBAM
261.0911247083157,0.8907148194520014,124.75273056992708,0.6652990200678176,3318,None,CBAM
208.0111951007697,0.31210393315624757,69.61329547055809,0.8400731272882526,3319,None,CBAM
16.5734931108798,0.2214181114026835,91.70879505820855,0.24732525070767114,3320,None,CBAM
204.1567235683412,0.2133970019259463,151.15595290333513,0.43560653672118066,3321,None,CBAM
90.06941100443208,0.3169455849672335,86.69649740952579,0.538019469434276,3322,None,CBAM
62.4947643516251,0.31863634538496993,148.54161519048571,0.9872877521192058,3323,None,CBAM
314.3273858092667,0.04355193297434254,44.869696670121094,0.7265324434013398,3324,None,CBAM
107.34853842350036,0.2550165093123783,390.4048620011316,0.5117714017428335,3325,None,CBAM
301.93644241310375,0.6103089739996745,0.2875422432760937,0.8814048310982139,3326,None,CBAM
382.36693680284367,0.3393405236747232,87.87729951893219,0.45090198215935356,3327,None,CBAM
124.1882650385366,0.9004481450533269,347.3412588118599,0.44091776806717525,3328,None,CBAM
80.29073024144397,0.8301609218696241,57.265480580118336,0.7125098645543216,3329,None,CBAM
17.94880170571892,0.44965405875424724,196.26629465180832,0.5175676170623964,3330,None,CBAM
341.18445199644805,0.12768447212325898,124.19393435700535,0.7401055099601974,3331,None,CBAM
336.33057905010685,0.21154122858066873,375.4921167128435,0.5832068067679146,3332,None,CBAM
42.010597078197634,0.29823979260091393,2.6200093337013333,0.7899293988905006,3333,None,CBAM
268.9900030887206,0.44689575108593593,150.37861777509315,0.8004069138506109,3334,None,CBAM
54.62597286243989,0.2367586006880023,385.85753697501957,0.4037491812103951,3335,None,CBAM
117.57786762509342,0.9157337523245298,154.46890941410834,0.5971556980477504,3336,None,CBAM
52.75175803447063,0.7411707097222654,344.99810155871626,0.8455275603308646,3337,None,CBAM
364.9716146254088,0.6566032380646173,308.03058531105836,0.4801129420467623,3338,None,CBAM
341.8065426521217,0.18431043910102562,176.39241985276516,0.49570592694544263,3339,None,CBAM
295.0716139438702,0.596048804306496,338.06527096191456,0.8263920712342995,3340,None,CBAM
65.29591128583179,0.9366936211338716,256.3953621584147,0.4682612516798757,3341,None,CBAM
169.15514581117233,0.494875717070813,289.73579082137013,0.9037453104450784,3342,None,CBAM
110.92844991806012,0.535314713733372,281.7482393130065,0.8799042141537269,3343,None,CBAM
387.86249021358776,0.17143399854270658,204.3164501577452,0.5229251484572075,3344,None,CBAM
364.8242476749242,0.15602549070332708,211.37418000221336,0.40350657217617714,3345,None,CBAM
159.72231676336756,0.9426664687290979,383.29184957933984,0.672218323969658,3346,None,CBAM
162.1845953743348,0.9814433541823947,66.89779662445197,0.11278779084843941,3347,None,CBAM
391.4156443577299,0.6812438343235704,135.42881491402503,0.3046662874350348,3348,None,CBAM
119.02378618089071,0.8871920414541014,140.96825015666343,0.41423119409085296,3349,None,CBAM
204.81248823048688,0.5104157775464022,194.4287448478065,0.5187255358501388,3350,None,CBAM
19.88016791547633,0.48355437291121867,180.68524302944644,0.9904517802643857,3351,None,CBAM
2.6821503910847,0.3492746903120202,104.14083019746573,0.41194981001768505,3352,None,CBAM
304.6363654666926,0.8239068229130833,323.98156886970065,0.11005316082950298,3353,None,CBAM
326.41148146406886,0.29399706619088684,391.34790714118583,0.8683325390189018,3354,None,CBAM
398.2276436129706,0.09744507228442624,164.11521053109288,0.7055848819007583,3355,None,CBAM
327.9508475043602,0.6301720536398134,214.37719553337416,0.3266787500276925,3356,None,CBAM
112.03808419893615,0.5711704086139577,100.68063328664061,0.9230065208225414,3357,None,CBAM
99.27443286439119,0.543828269113407,336.38194748828295,0.4328816173272463,3358,None,CBAM
156.16060903175526,0.7510171908114881,199.09801954272015,0.5633877417438055,3359,None,CBAM
62.08694423658694,0.931929709504394,357.79341404838596,0.37955078353556526,3360,None,CBAM
34.697424563659354,0.4456867559220864,214.4853422120329,0.663266753155072,3361,None,CBAM
179.57521395313492,0.9759782638348106,114.65138986776908,0.20319362055827686,3362,None,CBAM
173.62047985356622,0.46850116673656883,92.36652535596598,0.7469856626001629,3363,None,CBAM
150.7837567343283,0.9910980415544834,94.38867968339979,0.3313978550568336,3364,None,CBAM
233.60715787336707,0.5910225882622133,142.26693283696864,0.6359156863323038,3365,None,CBAM
323.8459074372127,0.8528137191867916,239.71082703564784,0.570413898446405,3366,None,CBAM
15.86954129027241,0.98342253006899,111.48251284485033,0.7535805045583688,3367,None,CBAM
81.5795111544418,0.5372227049234489,246.65813714899338,0.385780640381604,3368,None,CBAM
220.86356034784228,0.2372700160162165,208.5644565906923,0.8357825789456568,3369,None,CBAM
61.10867264210202,0.7344537154025167,386.06292977801087,0.35073968119104587,3370,None,CBAM
96.87671700023242,0.5556272488104085,297.36081823337935,0.10960427957425942,3371,None,CBAM
82.2145513081611,0.31203810449714414,29.616268738157803,0.06590074560391901,3372,None,CBAM
181.51051254901503,0.5798706519053481,164.8786372924237,0.05868193046119126,3373,None,CBAM
79.82002314466942,0.13401314667298678,12.124860124715878,0.18522790868199174,3374,None,CBAM
295.7614898618972,0.8762354820137035,346.96963439769394,0.9448463982073361,3375,None,CBAM
9.395526292186428,0.441112909196305,13.093555982988835,0.604660779082281,3376,None,CBAM
279.653576381419,0.24171102901876462,216.27711755717235,0.3621975505413713,3377,None,CBAM
295.8215289588273,0.4299649067236825,41.45832803824056,0.32929859864290817,3378,None,CBAM
286.61566065930634,0.7846080885875052,361.63019401403716,0.17381373905689254,3379,None,CBAM
45.00655434369696,0.20193953551201368,268.9936265822016,0.5448544985865154,3380,None,CBAM
381.17257360937015,0.9029633634823468,121.55125283955594,0.5043783610513447,3381,None,CBAM
298.6904452324189,0.9879665280985648,201.41265811668322,0.21428640034693572,3382,None,CBAM
20.923196569145006,0.25542650192838684,192.83856022363716,0.22210869694998925,3383,None,CBAM
133.1629818484276,0.565845489638938,65.47861375770181,0.09905056693847913,3384,None,CBAM
254.57781458382547,0.3408175208123863,225.02315027376886,0.748738604008634,3385,None,CBAM
183.7201808363091,0.6261106130766718,160.34935187556994,0.7051540887838514,3386,None,CBAM
161.25959365276884,0.1836721747788111,47.55083541393137,0.8951536307987781,3387,None,CBAM
337.962375327799,0.3345382817067605,106.10364305117986,0.2682034840518722,3388,None,CBAM
97.69546068604643,0.9359030615645385,392.9476802480337,0.4218365829684471,3389,None,CBAM
139.81650604456507,0.7585538954895417,197.1530037301962,0.46741836886441934,3390,None,CBAM
288.51687340038876,0.6931374811475951,306.5609905208654,0.3514781349532736,3391,None,CBAM
300.555707779749,0.8437572914007714,55.06700897042618,0.9179166743946146,3392,None,CBAM
248.60505438197129,0.13049630399558013,33.50685250269556,0.6582660738502234,3393,None,CBAM
320.3280299853978,0.9129974826622728,55.02661574521651,0.3545276748711479,3394,None,CBAM
333.97263759716833,0.8635248373830647,110.92761520874286,0.2247303740772752,3395,None,CBAM
278.33848846624795,0.6577840911130858,372.13057236448157,0.47956447282671444,3396,None,CBAM
270.65604671896875,0.8069038743932737,399.4079270572623,0.014287115477885188,3397,None,CBAM
384.77605625983415,0.2110342526441986,235.48655108875266,0.797401675518334,3398,None,CBAM
191.97851479448053,0.6076226878531173,99.63740225224427,0.4040134730929973,3399,None,CBAM
313.29167324437833,0.6533711833137819,191.01775878442865,0.5179539118468227,3400,None,CBAM
356.1091675631192,0.6670744247012425,343.61032838252197,3.700320572754701e-05,3401,None,CBAM
102.36433522029442,0.01526192554587396,192.52663373675912,0.04479964031297508,3402,None,CBAM
203.54990100102475,0.6013288734426527,165.04118073918937,0.8811218776788604,3403,None,CBAM
252.62894454832428,0.6968248893254777,374.02133818429076,0.4840478013241075,3404,None,CBAM
143.51982362632518,0.6807118258116539,100.3119926204739,0.695612647751102,3405,None,CBAM
1.3088555827805166,0.9130001067823985,108.48185730368294,0.45121708920485015,3406,None,CBAM
32.41290581842839,0.7078010745488434,65.32051107281906,0.6756505039750055,3407,None,CBAM
356.00888318338787,0.3784725927822449,90.02775743362305,0.04195622667814921,3408,None,CBAM
55.72006585773137,0.23483609790875656,228.34975460624963,0.8975639758795098,3409,None,CBAM
161.92452621426315,0.9470117640493176,300.9161752986676,0.5652271524981609,3410,None,CBAM
229.16970064602955,0.6535297941512419,24.88347536385154,0.32889174466862725,3411,None,CBAM
279.74812555906067,0.6792649505295133,226.0058022420993,0.7260674461827008,3412,None,CBAM
161.44526325361545,0.1989877737845181,20.45705964418137,0.4890942574012523,3413,None,CBAM
48.67737876445356,0.618352885003235,109.74756237940836,0.25457652230085337,3414,None,CBAM
104.37792767739676,0.4061753736413661,355.28889548507465,0.11749714845760158,3415,None,CBAM
152.0997024403687,0.2511692821383654,348.0325988226792,0.11266865168477544,3416,None,CBAM
187.499513785233,0.8659127184288417,44.399307578353415,0.34153394507191615,3417,None,CBAM
367.3965243336298,0.6571686333923092,55.15686974583735,0.07354668346698771,3418,None,CBAM
276.76295341397184,0.7924159390043839,74.06861789655156,0.8155800855978813,3419,None,CBAM
398.1640646964082,0.2950979167504738,212.77402059238054,0.17657872866712915,3420,None,CBAM
158.80925058758444,0.7691174787255638,354.7082292012711,0.11687273045403306,3421,None,CBAM
150.39572115753148,0.41168750290792,107.87321992566365,0.4761919851295541,3422,None,CBAM
225.94312338587594,0.9024561681896895,197.6458200777568,0.013815659623445593,3423,None,CBAM
381.20375425099627,0.2883104600917855,51.31143631907117,0.7399804915947634,3424,None,CBAM
281.45028944081093,0.9594961899742829,170.29107236395527,0.8845950887137242,3425,None,CBAM
344.7172164561921,0.6296810775770572,52.4144572006916,0.44913824726124674,3426,None,CBAM
75.19374839562033,0.5358377430348424,178.30888828748226,0.9039482019280519,3427,None,CBAM
5.529229504685186,0.6934116533962355,393.3684688235718,0.375949693544733,3428,None,CBAM
104.33403468236693,0.4998525387562678,398.2301231013466,0.7990705804569496,3429,None,CBAM
177.72758079573384,0.6743914623558853,184.60630994346016,0.7989895004125407,3430,None,CBAM
391.1837986084121,0.419337629142042,170.77331923071688,0.6976645703998201,3431,None,CBAM
206.6210827565223,0.13621647836165973,197.29756963216093,0.34581670591824903,3432,None,CBAM
384.3204642076444,0.12480878765045689,249.7433495956868,0.7630454235560611,3433,None,CBAM
282.8063562897619,0.4723441688180745,130.61696597472914,0.3527363912641578,3434,None,CBAM
76.47400584737983,0.9761958910050437,215.55680924506441,0.2549309231948882,3435,None,CBAM
175.64301353084713,0.937428568563569,183.95514501471533,0.6649942174607216,3436,None,CBAM
46.47392027220211,0.5714738337963106,245.56068723166052,0.5345594493974775,3437,None,CBAM
36.00275648654706,0.8570376489867788,356.46517443059753,0.29171705386553815,3438,None,CBAM
299.4708168624335,0.8245464881062734,389.9688579118184,0.7538439137654536,3439,None,CBAM
134.41679893351696,0.5793935596492483,115.8303863223277,0.13408936499654903,3440,None,CBAM
200.1038499211503,0.934349440477666,8.898709831510828,0.019270079886570174,3441,None,CBAM
209.47605135030565,0.348346693681908,281.0858410677385,0.02824331106881019,3442,None,CBAM
138.7553094603558,0.5183435103253902,151.11043882778748,0.23221243633651265,3443,None,CBAM
234.4593366017707,0.9391717101792325,38.93096263733592,0.5352782716176467,3444,None,CBAM
253.6200265376108,0.29142153608062155,72.6293083472979,0.22331886576330282,3445,None,CBAM
355.54037826210464,0.16061558218779362,262.33469083659236,0.2975197024495465,3446,None,CBAM
198.63652630546963,0.3884188332634007,169.53462156373743,0.45713554740678003,3447,None,CBAM
178.30998653917715,0.7002705550092386,242.8907623285462,0.3049580136145462,3448,None,CBAM
393.31697133608935,0.02245586188375781,287.181711998876,0.06724428965047255,3449,None,CBAM
222.74251380974297,0.548067011745772,204.16876762395776,0.40995938114099434,3450,None,CBAM
58.81400686446256,0.5553888431712236,357.52946317449255,0.9932676126120994,3451,None,CBAM
117.31311130011342,0.24924268886131287,36.033272500467746,0.12890645838337877,3452,None,CBAM
4.872650590596039,0.2563066792266464,255.8876718105819,0.36831111872241423,3453,None,CBAM
58.88383754748375,0.0693919377640834,348.3854374370885,0.2198333159503307,3454,None,CBAM
203.19538325509626,0.7381427110608486,110.73421907382586,0.5981886961286426,3455,None,CBAM
257.1302609276112,0.75260664417968,321.14893547779064,0.6557363390978114,3456,None,CBAM
367.7866430612421,0.8249463689846775,135.05544521909673,0.40074954643380567,3457,None,CBAM
390.3986656338424,0.8015753043048569,355.97449370487277,0.639850925084102,3458,None,CBAM
26.560139178948134,0.9261661033493375,386.3841755192838,0.11809759710322511,3459,None,CBAM
10.75848328722135,0.9622516646225685,322.8409855448602,0.17932754894089722,3460,None,CBAM
161.79268625685927,0.7666332498725461,74.73866859451837,0.45219896266672155,3461,None,CBAM
206.02537129586068,0.831714633532154,396.950599398502,0.513764243920682,3462,None,CBAM
270.0701480391033,0.893029153580902,227.11296354710635,0.5456558621364178,3463,None,CBAM
238.0292839359933,0.7635368342666277,285.7404073701126,0.7294163205744563,3464,None,CBAM
160.55684681497323,0.13890836503719353,80.78890352673615,0.31269155748530736,3465,None,CBAM
385.778867652947,0.5955983841163881,8.678110884806024,0.4145606301962106,3466,None,CBAM
156.92556170545356,0.7597482505022557,276.69453160550336,0.061399301651760385,3467,None,CBAM
134.65884495654336,0.06231205672716567,56.91094414572627,0.39993955515402,3468,None,CBAM
163.06221780981082,0.6054962173786523,199.48095098351405,0.5413465199566821,3469,None,CBAM
119.31643494051163,0.829574087623635,342.38226707722293,0.3585904005268631,3470,None,CBAM
371.2406972449357,0.5902491444127903,317.7431149210898,0.2909527649438916,3471,None,CBAM
269.22603105593583,0.06263988405361641,304.6941565421485,0.7338787643130968,3472,None,CBAM
381.26813309959687,0.11921316942463225,233.28304110390056,0.3990361245466048,3473,None,CBAM
113.65346554831466,0.002623137612396652,340.87285240001324,0.673869769126118,3474,None,CBAM
263.5732386375297,0.023195854282959054,93.93139871789707,0.15997528915007359,3475,None,CBAM
31.304846792809432,0.8097707042493879,113.16494485204565,0.0062519962899180975,3476,None,CBAM
311.5343818083889,0.7177276323256145,36.248611468462464,0.1809759914920885,3477,None,CBAM
47.768059046912136,0.027899042770183586,213.59009145733884,0.41609911127955584,3478,None,CBAM
34.806904745361834,0.2886668652412925,55.92171883619797,0.42254967085871686,3479,None,CBAM
331.2371142045189,0.8343357554123236,50.88618571821895,0.9721850291499226,3480,None,CBAM
255.08382838482328,0.45793633831152897,9.69998030773764,0.6263650519265539,3481,None,CBAM
238.30562907437783,0.7075432994825334,340.51705093359027,0.5314758183940267,3482,None,CBAM
133.25258836201968,0.10477702955655974,251.52222044209998,0.18723408224768057,3483,None,CBAM
275.05994041355126,0.6987262880201681,329.71020150054886,0.22902253400551167,3484,None,CBAM
88.41320798369743,0.5213386541527893,75.51857057639847,0.9149601893522907,3485,None,CBAM
229.9521750878788,0.33707427384304517,25.49094371768349,0.674725314953478,3486,None,CBAM
64.0106586832356,0.16976596401784205,129.67400200144317,0.14152801498716536,3487,None,CBAM
266.5735140993155,0.6901672359947019,294.4082172374142,0.9776386098313814,3488,None,CBAM
61.079755630973175,0.37404359292838807,195.05406274598764,0.9529141459794342,3489,None,CBAM
283.75365090378267,0.8794902434309964,92.73431054095758,0.7938416898986159,3490,None,CBAM
55.95596344161665,0.5644536110487465,314.6474280976034,0.5613424748106729,3491,None,CBAM
250.00112933812028,0.3706418143543858,69.90822684753739,0.5055300103372325,3492,None,CBAM
394.21401079126053,0.7054642569214638,303.009468848898,0.6810507630805421,3493,None,CBAM
54.98120165041569,0.10051503309590067,342.63408093522867,0.6204550814285288,3494,None,CBAM
50.32120472373476,0.9739598049452642,261.81405021695764,0.4134771286785101,3495,None,CBAM
32.54072461669372,0.7955524531400948,120.85109368994307,0.7534101518476628,3496,None,CBAM
286.54750929512034,0.9387788888708409,324.9648028611816,0.12795794004075103,3497,None,CBAM
151.023114607117,0.8193692043408107,35.2612548012417,0.9544012567028272,3498,None,CBAM
307.7199539299503,0.37967062565470083,323.40305550673037,0.07379331585823101,3499,None,CBAM
109.67626455328138,0.3473451391254054,288.4872205403071,0.9562100901679844,3500,None,CBAM
115.40586296604853,0.35388456406789537,180.82625459479465,0.7627421983884535,3501,None,CBAM
55.225871579642295,0.7163736080360817,360.2591758504464,0.565838252235939,3502,None,CBAM
263.44725820164376,0.6136797920755901,389.9490034434772,0.3172490520549611,3503,None,CBAM
97.32079116004397,0.8478417868492635,375.7651912245006,0.9025903219982943,3504,None,CBAM
193.775978434272,0.630329335991085,129.83273522425856,0.5689110268823719,3505,None,CBAM
97.53383321990086,0.5816253643690211,239.0041182922904,0.9048689759761227,3506,None,CBAM
232.95602289049856,0.7985030887639435,150.75322547457873,0.42239251858191756,3507,None,CBAM
163.8674587930642,0.9478289754488876,262.5030616230507,0.9818268083921329,3508,None,CBAM
50.40322856954887,0.058068182494381664,389.65293497134195,0.7458130360007957,3509,None,CBAM
359.4359895364943,0.49803302732591004,189.5849759644556,0.6220449929619034,3510,None,CBAM
290.2323685778029,0.5011355744331729,211.30110209854308,0.420135828266575,3511,None,CBAM
211.2186515648421,0.15440474267143653,213.35568752373658,0.5444048340028746,3512,None,CBAM
239.0095448744054,0.9192097773785148,271.6606562146731,0.3934587674231329,3513,None,CBAM
248.59147969761756,0.48511969260733284,157.8112913325967,0.30962897613953355,3514,None,CBAM
121.60392448119043,0.951022302009997,389.005476599929,0.7570997499044207,3515,None,CBAM
184.92084420861323,0.18723536154878057,253.4775443109436,0.5285569239622703,3516,None,CBAM
259.90519583107607,0.7780573946723591,121.1223901589829,0.07416724248147089,3517,None,CBAM
234.8236570719681,0.8728320914007568,278.38369277660536,0.7517358704160289,3518,None,CBAM
372.87706595825784,0.8774011971982077,310.3448502051808,0.6988144686589799,3519,None,CBAM
13.277630558615595,0.49443996763519377,295.03753460005566,0.3424399196775911,3520,None,CBAM
253.87317938558596,0.647682624966734,233.21915302856885,0.4893070205081337,3521,None,CBAM
246.55430447952492,0.9897733175644793,12.465372472110909,0.08953531179141072,3522,None,CBAM
221.79779006896058,0.9611181914808259,366.67181650240434,0.87299208163067,3523,None,CBAM
359.6407719611787,0.7570459100220467,383.3763833208168,0.3875839012060914,3524,None,CBAM
62.349712200785056,0.42539137734191235,309.4383430729464,0.5235119252777517,3525,None,CBAM
336.0860450995274,0.5335782697232356,272.76930819315993,0.9237521884233445,3526,None,CBAM
43.56854768556784,0.7249074896069657,243.10369743382475,0.8541841368949273,3527,None,CBAM
383.96255979843687,0.7543721844450648,178.17373235636933,0.46596848390732915,3528,None,CBAM
147.84779316741913,0.0440031179196556,386.78050619991706,0.5502845812742169,3529,None,CBAM
117.54401179668068,0.2345147645913086,176.22552077016346,0.7729336048730123,3530,None,CBAM
123.53243576107201,0.3521919166429318,326.4845477202679,0.00885435695705334,3531,None,CBAM
207.98133787490974,0.5487957434117854,220.14608440613657,0.9211701458883124,3532,None,CBAM
269.6453873297743,0.7521872360838447,106.52380068593865,0.35970799343792126,3533,None,CBAM
253.94391837554994,0.8741404858643288,291.1679210401157,0.5980976050085777,3534,None,CBAM
21.595590411712777,0.9158807443320328,43.29388391845712,0.24625322864317845,3535,None,CBAM
35.75535313966346,0.6716911090424701,323.08826078367025,0.25162550460776445,3536,None,CBAM
288.1027380565087,0.47122734109507713,190.21544326863946,0.26896442990240615,3537,None,CBAM
211.0083433280833,0.49835996753886946,124.51631278067667,0.29573695801062105,3538,None,CBAM
99.08744988108941,0.9749378726171676,95.6968819372006,0.20623316542006956,3539,None,CBAM
334.18846000380074,0.2271425272598357,385.1484984718265,0.7747404363230057,3540,None,CBAM
247.9892164243692,0.766494365807901,384.2861137539011,0.687210062913627,3541,None,CBAM
166.24005247506045,0.7043983276285749,326.2712394660038,0.20447911922182155,3542,None,CBAM
300.8384520345187,0.043269816482270525,300.220005017288,0.47045044021238513,3543,None,CBAM
155.67922803174113,0.350063017676113,260.9910339197911,0.8365305645951259,3544,None,CBAM
290.9641777302653,0.3970847639843873,359.3844876014626,0.06175445911494137,3545,None,CBAM
330.89197099782905,0.9224926490966591,121.48575433178925,0.1560427043022321,3546,None,CBAM
67.19150077661764,0.7729962564903211,320.45633193707783,0.6548348754938208,3547,None,CBAM
289.8812685455132,0.00016915870273022095,162.83517619176268,0.5397379661539713,3548,None,CBAM
121.51317434217528,0.5164479040917971,251.33313654267525,0.023366017586763724,3549,None,CBAM
19.71521577252549,0.49322973126484704,10.339050712854833,0.7284027220932607,3550,None,CBAM
98.44899737224668,0.22512167013853313,373.4267805984994,0.20817268938473554,3551,None,CBAM
2.486370313592686,0.9701935130264964,153.1835290166607,0.6429041687346989,3552,None,CBAM
20.91069632525513,0.12773805947108555,229.0345534566881,0.25755774906535384,3553,None,CBAM
277.7897923812536,0.15509378156851214,33.26108068593591,0.540202792406625,3554,None,CBAM
354.1223185617171,0.6727846472215734,36.55374363366744,0.9062877048512448,3555,None,CBAM
292.6529199541823,0.15914214907262902,367.01866685105335,0.8227549357172725,3556,None,CBAM
259.44084429741037,0.8573499635575793,131.4716593335191,0.4672553582040254,3557,None,CBAM
81.7266392651171,0.8835134426793076,200.54930099694795,0.304202769040965,3558,None,CBAM
35.952706659307275,0.9547300397125176,358.2730552447392,0.9755877771728769,3559,None,CBAM
202.7713334663897,0.102425590005024,172.0234206821314,0.7101852432380749,3560,None,CBAM
141.88030205963997,0.19185225433298442,316.0030183502349,0.8910534075536648,3561,None,CBAM
349.31462944042676,0.7548770158660859,361.8603844847646,0.21168926047530315,3562,None,CBAM
317.2273775296017,0.5397863251389702,88.33232923267528,0.5483541036071201,3563,None,CBAM
255.91531066183825,0.5987819695614021,246.77761511460318,0.5111330967639599,3564,None,CBAM
347.8594746966037,0.21994315099053696,199.2485978186593,0.6486915947761691,3565,None,CBAM
350.1252627720068,0.2830900697230963,208.90363878537684,0.20979516000704673,3566,None,CBAM
167.65784552254755,0.9294401389017115,393.1668963010214,0.5449717010859542,3567,None,CBAM
368.37442184811744,0.9554982207580262,317.478648676946,0.2874334302384399,3568,None,CBAM
1.0881002919812401,0.4713848667562528,22.542896413450656,0.6962008178712142,3569,None,CBAM
298.99039385913215,0.7390184558214576,313.819170808044,0.789789905975015,3570,None,CBAM
246.72513168911382,0.5069989015377853,215.7434940419045,0.32377071574994337,3571,None,CBAM
142.35574030256356,0.4486358610873568,207.98221927746874,0.6842006420017658,3572,None,CBAM
0.3619449718979113,0.9649236897734791,372.8607722484147,0.6319963433377258,3573,None,CBAM
228.7293180918867,0.6049213925256829,266.7135285465811,0.08924831830423334,3574,None,CBAM
322.7363749026983,0.26826943439649475,50.60821036769114,0.6514707381009799,3575,None,CBAM
124.44446330686227,0.611752895471301,352.25545852118614,0.2970384913302647,3576,None,CBAM
238.76802314201933,0.6661861926854071,41.38001097106685,0.3129727833810059,3577,None,CBAM
208.5187784009622,0.10392346797936133,42.015255540830886,0.5315658902985736,3578,None,CBAM
6.8529822139649195,0.1101259094151897,52.650124801072565,0.44388939983976705,3579,None,CBAM
170.8737325497395,0.4483184979269656,92.95376795110192,0.17111157585191886,3580,None,CBAM
391.66335025360365,0.1121532572485755,389.7572936418048,0.7411205612550902,3581,None,CBAM
97.66693785346804,0.6438921581611232,71.7484998477436,0.8014209453613765,3582,None,CBAM
371.909850807642,0.9853978266627658,155.77758732331353,0.7511536133832334,3583,None,CBAM
319.59152033046536,0.09674054136626686,229.24903486383994,0.37750141774498547,3584,None,CBAM
155.0009225421076,0.30087609625211037,328.0268551039596,0.2687080596539616,3585,None,CBAM
191.5743263308088,0.6100342572949362,185.1063518357558,0.5180299776267221,3586,None,CBAM
2.3855534948348867,0.34253090737144676,52.361294500726984,0.9839288203108199,3587,None,CBAM
265.9628868177929,0.020542106103818226,371.99241922224246,0.37204618876586854,3588,None,CBAM
248.2856725342215,0.8554249204521253,36.66137131984255,0.8420432461966806,3589,None,CBAM
274.22153430743896,0.4589500083229843,4.248586253282751,0.18831766618194817,3590,None,CBAM
6.3583513679388775,0.8113174381220104,156.96080437786512,0.8687199131551908,3591,None,CBAM
225.26276712018264,0.6034632265100335,202.38078981834363,0.04957660421653366,3592,None,CBAM
352.44393790645614,0.5741145935704651,49.24473806557622,0.6335718534997103,3593,None,CBAM
302.8289284778999,0.6044974217122774,125.7136682250821,0.3539024644917061,3594,None,CBAM
329.05527478404196,0.023432558005806778,178.42040417979237,0.29110446221664565,3595,None,CBAM
337.46089697783077,0.0690310349750035,319.0588549795885,0.8653611357861347,3596,None,CBAM
40.352021211407894,0.5942932119056646,32.38390186097725,0.9003291173334275,3597,None,CBAM
79.75867226810416,0.8942047095574295,241.02658452774855,0.9340042097177873,3598,None,CBAM
216.52389816652055,0.6673001432430113,170.45409957329244,0.636774248147974,3599,None,CBAM
153.00013646174577,0.2248627290904173,275.5532068816659,0.10567212053841996,3600,None,CBAM
212.6677644153352,0.9127048370370313,301.30419931197525,0.36277627972243776,3601,None,CBAM
47.560669697820316,0.30482941886400866,362.326456601269,0.5591268994691719,3602,None,CBAM
250.61126279185393,0.4225428407385556,144.81558862852384,0.19116076527600498,3603,None,CBAM
213.46288096986808,0.9048929037639449,143.0191690924249,0.4851271267622383,3604,None,CBAM
154.73260095593105,0.6617140278148061,25.612506031687055,0.9719909419106388,3605,None,CBAM
61.31507205960591,0.04336787852548266,205.74092060793672,0.6528572705133924,3606,None,CBAM
327.0627099884154,0.5009593123280526,325.9158669710902,0.38300088162866175,3607,None,CBAM
76.78057118796346,0.8044015799689663,83.34717507717005,0.2345764586229282,3608,None,CBAM
208.10513455207723,0.5831643829917852,225.98440606228237,0.3941909846428258,3609,None,CBAM
312.71526162733096,0.38917269034505764,261.9823475929235,0.19286722098599715,3610,None,CBAM
275.4379787905234,0.7476576939811347,47.45457174602656,0.34083069432746005,3611,None,CBAM
303.5273524075037,0.5051672445287456,125.25398046637028,0.11341187352781841,3612,None,CBAM
268.12656371868553,0.676335277788941,175.3716063300861,0.990375300175626,3613,None,CBAM
123.62235693533894,0.5129969207574437,104.26326269167791,0.45723206369544267,3614,None,CBAM
301.98239100086244,0.2584055122331152,218.54607817263104,0.3904603077619083,3615,None,CBAM
165.070960011469,0.7383852505642552,316.2680670715746,0.24046706332925125,3616,None,CBAM
200.77983214083645,0.2263853136505596,124.76074540226567,0.8409560836863165,3617,None,CBAM
293.3125428614363,0.5460822686351098,91.45818237899938,0.025859798833294357,3618,None,CBAM
257.74418750584834,0.42071568064806864,209.84603651064035,0.32794275206054413,3619,None,CBAM
106.90222578041342,0.7627017512798141,67.17258634334775,0.058499199008122456,3620,None,CBAM
140.39816707935978,0.3427566811372882,7.11733056137306,0.9846157312466927,3621,None,CBAM
178.14538015986426,0.9412202992113297,183.55333256298758,0.7221358308252044,3622,None,CBAM
55.76150496828321,0.8453859630308835,288.28113780954135,0.68619146165325,3623,None,CBAM
362.07994166741656,0.3245011755747505,283.2061952391102,0.40837465576634135,3624,None,CBAM
380.12175061839224,0.9748834502352409,344.202290632801,0.1388499168779772,3625,None,CBAM
41.821899860687225,0.7498457925053396,258.6101189053332,0.05516467459140307,3626,None,CBAM
176.11236996309384,0.9017856898613862,307.3238382632436,0.16335861959750378,3627,None,CBAM
32.72837547622417,0.3089144893868288,136.21628517027168,0.6115591436690004,3628,None,CBAM
356.24385802031964,0.8150721585829946,344.74313242990354,0.7647261478104769,3629,None,CBAM
292.5424122791639,0.3550084498034424,360.6806620332732,0.6138564164499132,3630,None,CBAM
170.141499322436,0.22372411222151975,312.08144800412686,0.7018272254164692,3631,None,CBAM
25.59938572415657,0.11330693308413688,359.8517784815102,0.06166903067041799,3632,None,CBAM
142.58260501562526,0.5594266789769994,21.768197661038354,0.417546432581617,3633,None,CBAM
10.281918344422419,0.7373724376945063,226.05920893784815,0.27091989854037324,3634,None,CBAM
257.9950106849956,0.831498269789863,277.6921171318005,0.7898501045649107,3635,None,CBAM
12.018526550921365,0.18774295339554234,329.2922660569104,0.6348276527217712,3636,None,CBAM
101.81880247266675,0.8293525033675259,258.3013551485055,0.8006885471417708,3637,None,CBAM
379.98682731984815,0.8662590705702656,10.18464493662407,0.22538786859330953,3638,None,CBAM
66.8529723667593,0.7208212961333961,202.7032008716254,0.3234089714638414,3639,None,CBAM
128.7946142911113,0.021050324744899117,301.70626170082795,0.6759745206191096,3640,None,CBAM
142.6353418417235,0.38075571466894215,346.7063855707237,0.1446864118256106,3641,None,CBAM
339.88654047909705,0.30966817112863265,163.7776642034029,0.2647708042608015,3642,None,CBAM
70.25939342490133,0.5121150522020469,270.1957169411765,0.955015392496542,3643,None,CBAM
5.244762417638809,0.9545233233546169,336.0549007200028,0.5665112160009408,3644,None,CBAM
224.6597001776317,0.46472308623447717,348.12465842524836,0.24842369116229734,3645,None,CBAM
89.8037924722817,0.7126816301920096,106.73135822328013,0.3658527362700274,3646,None,CBAM
279.9186374123884,0.8873155404784006,168.330692397207,0.23020019695493177,3647,None,CBAM
144.46008984186875,0.6069599745972187,283.43296440836025,0.9617275305140642,3648,None,CBAM
14.774100975168004,0.5310760863740998,156.62742702381337,0.8685884905496916,3649,None,CBAM
327.24527818035415,0.8232222008061469,186.4199316966307,0.28464715434853,3650,None,CBAM
155.49813467937167,0.6830164871753799,18.830851478973862,0.45613594974664007,3651,None,CBAM
232.6479988631652,0.7500754579552654,346.23482834726406,0.6829938278741459,3652,None,CBAM
193.7434648355685,0.12321973666095287,252.9996020126965,0.515868164522553,3653,None,CBAM
18.76349684891544,0.9711490160040422,362.3979365090911,0.13057818491423126,3654,None,CBAM
35.39028819252843,0.3218976732415335,307.55522961758714,0.1638840605326441,3655,None,CBAM
260.70643959647145,0.10901572817099271,32.65348195475552,0.2162936035632399,3656,None,CBAM
187.02689466739983,0.33175373891032145,362.25353362879883,0.23772697459713857,3657,None,CBAM
368.65945996006246,0.6544040575073521,157.08609469839976,0.850633956904874,3658,None,CBAM
207.87464609502715,0.31295755373958384,0.6704032018239795,0.9439916093755059,3659,None,CBAM
310.64427554013076,0.4734989808457421,175.7305876624847,0.3419939923977387,3660,None,CBAM
315.3209869958531,0.5974960279974777,83.10879106939133,0.407336640491722,3661,None,CBAM
225.98473950646576,0.9258767868253499,370.32016268850276,0.8497692449021511,3662,None,CBAM
263.659530921128,0.8469472705179695,350.89633754439603,0.020192636476958452,3663,None,CBAM
220.77944802061836,0.7619038685322621,124.80488150571254,0.3297580903511126,3664,None,CBAM
45.69346017271891,0.914445694621629,44.55655549496875,0.15123246381661243,3665,None,CBAM
12.15656749163245,0.8253000684587466,399.0720326150266,0.41761852677901046,3666,None,CBAM
278.40660452136245,0.8630064372823989,398.5546926140457,0.6781535837396241,3667,None,CBAM
284.1139336402814,0.5201715090097382,95.49542121425384,0.089902251476236,3668,None,CBAM
190.9406337795158,0.13159484086857498,262.371841398514,0.34347444951580536,3669,None,CBAM
237.3730738179178,0.29521583168846494,255.05719600201968,0.6517068073091382,3670,None,CBAM
118.13248653078527,0.4823547210563368,132.78145845566965,0.5033238054216606,3671,None,CBAM
138.3848680569847,0.6392709992550146,119.79773031729957,0.18433540432009948,3672,None,CBAM
141.4090188820859,0.11199695924281766,144.62499348550102,0.5190847031844548,3673,None,CBAM
276.4952850507235,0.42300322592553213,24.100713265680938,0.3074833733246511,3674,None,CBAM
346.0780583394163,0.1297602402227817,233.49050322253854,0.5265398134640258,3675,None,CBAM
80.45674620109016,0.4293921571501047,293.83327152971134,0.39659662114946737,3676,None,CBAM
73.14128068600465,0.7559594798021632,211.87863920408526,0.8377668245246955,3677,None,CBAM
325.79430016121876,0.31745476800323597,263.7961190366154,0.402783308018647,3678,None,CBAM
139.91205217927174,0.33951888037226774,244.95414523329245,0.20086611329989632,3679,None,CBAM
243.89224832967327,0.5582768520959233,201.27208833985725,0.024607168738542427,3680,None,CBAM
75.74126004646476,0.8318341070530721,30.130880177470544,0.8307599880096979,3681,None,CBAM
196.65898500256685,0.48427730682394365,168.25509848736095,0.06628130911227033,3682,None,CBAM
318.9608091637596,0.41157488026517336,149.1624010933726,0.5883389748308613,3683,None,CBAM
90.70539789228744,0.418677175447451,247.3874859122973,0.1442143984657178,3684,None,CBAM
169.67350056491577,0.44677525084419994,29.43182029357081,0.1344909570265687,3685,None,CBAM
26.799506378457394,0.35418248211682507,61.5592957725447,0.42633043357880096,3686,None,CBAM
69.66740503467427,0.38807540405070073,114.11845196804774,0.680589865817627,3687,None,CBAM
125.58901097119377,0.39213267738989815,27.095941304566967,0.9875701547904964,3688,None,CBAM
14.551968390931558,0.5517894691406884,291.12938309583956,0.3988496393084274,3689,None,CBAM
58.976863612286635,0.6318441553354932,50.59570623558409,0.28459068020964406,3690,None,CBAM
158.26837235596273,0.5577650998570097,352.1321265273726,0.6914112695420203,3691,None,CBAM
132.70980894120615,0.8383565834668546,34.83823338754947,0.8407727293274507,3692,None,CBAM
16.63311590666094,0.14735624253041343,76.33544434015195,0.9485861429300874,3693,None,CBAM
109.84488843074888,0.69298613211249,4.648739680639279,0.8754784013250314,3694,None,CBAM
21.883492207123748,0.01492269602732551,381.3974409994711,0.48211923190981776,3695,None,CBAM
113.48676651501907,0.38877982360876545,198.88916241224473,0.058943575606877976,3696,None,CBAM
296.85728418188916,0.9686947041611843,25.201901439881386,0.638799584198749,3697,None,CBAM
317.8335171784445,0.6755895825857613,166.21903412894753,0.12781147985271962,3698,None,CBAM
365.79702291101495,0.1488459699526754,286.0993693787998,0.29697424826448243,3699,None,CBAM
104.1044969489322,0.9145376297352219,333.05574678374853,0.42723652468638246,3700,None,CBAM
216.25048513589456,0.2761881139283664,120.53575547035396,0.6927565450494486,3701,None,CBAM
173.75186692188035,0.7926924019881937,300.76374883654165,0.015435941920815653,3702,None,CBAM
233.07616259987017,0.48365766844131647,151.83765866791757,0.10141157759500619,3703,None,CBAM
63.80858574394781,0.6293459920885595,382.82570266303406,0.44376412484385747,3704,None,CBAM
41.73311558243949,0.8696623447751233,106.70568008482249,0.6967502601765828,3705,None,CBAM
331.3109168716346,0.6337389396192176,88.9205776568006,0.48629038222087206,3706,None,CBAM
166.34695725628077,0.6066574504558998,237.1152631566303,0.3698387753033908,3707,None,CBAM
352.1991199683485,0.8580955277784879,211.68273388896716,0.14480525849717973,3708,None,CBAM
376.04924433761255,0.34471708971767356,50.47564233493289,0.042272334123754106,3709,None,CBAM
314.12938554016574,0.4915212388991801,298.4297086330753,0.04937665157620812,3710,None,CBAM
353.6225490581469,0.7535118704700334,87.61027435802072,0.07553982510640334,3711,None,CBAM
96.17136297665886,0.05877576505754669,234.65765808109253,0.7629238660034011,3712,None,CBAM
56.36667045925028,0.373494242982396,82.07890145796219,0.492268099903908,3713,None,CBAM
349.7901596172218,0.7352542226430557,325.52371091585877,0.6549414818432908,3714,None,CBAM
281.8230591418637,0.6545940117603433,273.95514561797654,0.22959736743240888,3715,None,CBAM
248.32279407674474,0.04036419302880463,335.4121569544877,0.6363353943350714,3716,None,CBAM
66.59087891393484,0.6711345222595877,272.2228755642494,0.7781310827336728,3717,None,CBAM
208.19888696987255,0.7331855625046622,139.61984491060875,0.8884272969115166,3718,None,CBAM
281.6616485933207,0.6826327142881312,16.9862300497583,0.1829557697975273,3719,None,CBAM
77.38577683499102,0.2211708793485339,223.61243484139868,0.40673005133956636,3720,None,CBAM
265.7538810879133,0.2870505986256168,110.88847039682067,0.5517440450587625,3721,None,CBAM
265.4477858598388,0.7885443038462162,276.92818182120055,0.9501415479522964,3722,None,CBAM
157.2489142565352,0.78937186124776,328.68091275088807,0.7362843686488039,3723,None,CBAM
174.7896323917278,0.35399658419239777,94.530241434673,0.5871702303894716,3724,None,CBAM
188.4101546052915,0.25267125276783053,120.18168770348177,0.6087278295535795,3725,None,CBAM
103.04045101794227,0.7355044115067312,179.85005126842833,0.42658362182540993,3726,None,CBAM
9.864538443260981,0.9883659997671852,104.62895782111691,0.07979675821020163,3727,None,CBAM
14.705388729634002,0.6258684516384057,314.83332281101895,0.16414086775939565,3728,None,CBAM
389.76487438633507,0.15295461377645903,162.31631532732038,0.517893252159061,3729,None,CBAM
121.30962552262463,0.6869074210687248,215.93751864740972,0.7489475397463161,3730,None,CBAM
233.02032594849655,0.8833821911693942,387.3652039545998,0.6757942448698678,3731,None,CBAM
87.11925125505172,0.5563156396536285,386.21238897561574,0.20468734970479474,3732,None,CBAM
35.447420838922966,0.8329846782448724,23.197852201537817,0.11477734984316704,3733,None,CBAM
30.684858582632657,0.10685293950402326,238.86228579532673,0.143819569259258,3734,None,CBAM
356.5573340874357,0.7895195124730844,376.23499659489227,0.8880496941073168,3735,None,CBAM
397.944855970979,0.4522099566566555,249.8280655128939,0.8867507860128587,3736,None,CBAM
106.04977486715805,0.5039975979399406,18.676119039814346,0.20783777987374916,3737,None,CBAM
83.8919982855874,0.8227828254733043,370.50159897482735,0.1777156072955688,3738,None,CBAM
209.89867461966645,0.26526999573327437,93.43835495085338,0.4971875168660494,3739,None,CBAM
172.51969031023194,0.5825525980701963,56.55067241530924,0.28519629787398376,3740,None,CBAM
217.12411910927258,0.1451666213858975,75.0200611639474,0.04264952619163216,3741,None,CBAM
356.56820346883654,0.5509241117424325,83.04892716178787,0.8072424667217725,3742,None,CBAM
5.749807942102918,0.7158483644511248,114.40702111539795,0.3113211995246881,3743,None,CBAM
73.29653408621671,0.012831912781642911,276.6357148689428,0.4814866064355672,3744,None,CBAM
119.3833803671556,0.968323458305001,315.6423542354725,0.8576668956009412,3745,None,CBAM
196.8256277161658,0.963901275621076,9.094847337441834,0.24583638976561153,3746,None,CBAM
378.40274656107573,0.10275082191316003,28.08492408517057,0.11901863657365643,3747,None,CBAM
170.46532646201754,0.9909883771577025,367.7374464280618,0.3405808329678556,3748,None,CBAM
244.5553744987228,0.9153325281391074,302.53545344013577,0.9508110697799066,3749,None,CBAM
79.17762216278544,0.34867091370997083,22.443654590598918,0.7968198193859557,3750,None,CBAM
34.372820698393916,0.40060347486415,59.23608120575846,0.3387389114138969,3751,None,CBAM
126.21467534911422,0.6359348436665535,320.3503486834869,0.11149981188424062,3752,None,CBAM
133.34341607031166,0.1584335598816844,16.946215789670987,0.31088423023506384,3753,None,CBAM
197.63874826896327,0.9974742831532956,328.94853555219896,0.7912208230162314,3754,None,CBAM
293.94743351132666,0.315795790488705,33.28584386639315,0.2148187391323872,3755,None,CBAM
199.29069097385414,0.013462426374871462,255.68291801548958,0.054118108773954066,3756,None,CBAM
17.6293594940579,0.3238752284697894,20.74102810909992,0.3090668232013428,3757,None,CBAM
278.69096755711735,0.7178057987872263,138.89135440865527,0.17681335271110593,3758,None,CBAM
365.6753521587684,0.4050632955253438,62.221092120417545,0.27889482001820987,3759,None,CBAM
231.01910052435198,0.8793842362281122,198.0364763775076,0.4061419439115344,3760,None,CBAM
95.33325791643755,0.4398045066430075,228.43570351017215,0.358665834315458,3761,None,CBAM
61.91690539256716,0.6597282209994648,106.06690656033551,0.18745602172588569,3762,None,CBAM
383.66613348408384,0.135689771151337,229.302582155809,0.7703100216993479,3763,None,CBAM
69.99119374706537,0.06281558214280074,391.96201801341874,0.09541254101435222,3764,None,CBAM
173.36663337495605,0.7568969700962617,1.993083215059663,0.6653421035614908,3765,None,CBAM
159.23179139902317,0.5938611331744974,95.96086849956056,0.4098556135898129,3766,None,CBAM
234.18254273410506,0.17380519186657228,253.5252020918089,0.7089679370447173,3767,None,CBAM
257.2510495263087,0.023070727186069034,249.5360373502177,0.52068242939868,3768,None,CBAM
325.66921876167487,0.65997997356937,12.864071883826044,0.48635259987182994,3769,None,CBAM
387.6331428814751,0.01628684041001466,235.43698286234704,0.7364639875069322,3770,None,CBAM
222.0035154572222,0.003969272155490611,368.3303365243558,0.1673922543850052,3771,None,CBAM
198.08519694983914,0.13506522801874182,267.46747035902854,0.43911701002150433,3772,None,CBAM
78.65605114468659,0.7023644817804549,205.6619550376734,0.9806556722064951,3773,None,CBAM
213.56736104741643,0.34600275679613157,355.8988914520426,0.37663847436499787,3774,None,CBAM
267.43013744079656,0.9884447602269877,337.4816043935159,0.8260403461279859,3775,None,CBAM
94.54347628632796,0.025111896469264188,322.7334916931192,0.12403351096302481,3776,None,CBAM
205.42027392764163,0.5785925993152168,280.8198870429486,0.16858970794683514,3777,None,CBAM
8.068806610332814,0.07460478827817332,157.89288587792527,0.03999483834100105,3778,None,CBAM
64.75761958253172,0.07622064197198838,2.476084098403033,0.7069843822184761,3779,None,CBAM
31.148198610838612,0.8404200056160501,342.7718109718657,0.7780201894113129,3780,None,CBAM
163.10473513644976,0.882835727726412,263.39631078016714,0.5557843918019703,3781,None,CBAM
369.48877787488465,0.09263642250865069,227.01784616025037,0.24325620053682878,3782,None,CBAM
26.807734564643305,0.6622066346576142,106.79366266819261,0.8530735060006664,3783,None,CBAM
381.34111726702525,0.9120668184179663,105.46298394378147,0.8172413564043061,3784,None,CBAM
146.19758458862447,0.6029464995513174,102.22522914764987,0.24795442019263728,3785,None,CBAM
68.49907519232191,0.9291356949213523,211.32590917863482,0.6354158545004147,3786,None,CBAM
34.96820308469215,0.17352651621108528,334.7207220740817,0.4856744231746599,3787,None,CBAM
170.82068631277124,0.7994302761896971,24.267910480892667,0.24827141549395243,3788,None,CBAM
379.2862768730107,0.617517885436061,134.19040158624261,0.5237978268911843,3789,None,CBAM
182.46767670317234,0.08181866367463714,389.86487765486635,0.17506845974612428,3790,None,CBAM
267.87758677254703,0.523478196230279,32.25585289628497,0.07430240223852373,3791,None,CBAM
306.5281062628292,0.0627593977012728,295.43128452757367,0.16632931768923873,3792,None,CBAM
1.846913817114125,0.39062087907833676,122.30948524331195,0.9570547929410155,3793,None,CBAM
255.79119397528592,0.9056571071116686,84.25950365142323,0.9979094512029529,3794,None,CBAM
313.4767943947429,0.19142477603158847,65.49464595237295,0.4569317869285244,3795,None,CBAM
38.50011398611352,0.051575236800135066,25.12320616428773,0.15926913812194593,3796,None,CBAM
17.308625483360913,0.40843092922083285,61.008877439188005,0.7970082364453159,3797,None,CBAM
18.991430407123428,0.9971092135343563,69.8345637821023,0.9303766123072761,3798,None,CBAM
74.20625590534124,0.9444592140709991,341.8397715431737,0.7631937280133798,3799,None,CBAM
395.01358843563344,0.26462299226463526,260.2489709077891,0.5378124629346088,3800,None,CBAM
318.2616343526552,0.8519602397068314,160.89857046784783,0.1900504011869476,3801,None,CBAM
54.27032350836054,0.4726239067610715,191.8171171894214,0.2252296301202367,3802,None,CBAM
67.66192716916143,0.814735014800863,363.3330349353722,0.5192441675831606,3803,None,CBAM
371.14563862599084,0.9146449426317805,130.90770361297496,0.7172385667482286,3804,None,CBAM
36.420477630436025,0.3387941316690454,278.446163643154,0.6867660476899451,3805,None,CBAM
19.86697955868884,0.9549631813766789,333.6533313198962,0.5438723618778847,3806,None,CBAM
394.36383412284994,0.7203766182213518,2.7169569508160727,0.5214413566469857,3807,None,CBAM
221.32822194834182,0.39863972457086794,108.54635870395057,0.3451099250871479,3808,None,CBAM
328.9152645108489,0.3009184909215431,140.0341740282243,0.6942409702459371,3809,None,CBAM
202.62471917636168,0.41222315709407314,367.8343453817385,0.5955894512546058,3810,None,CBAM
105.43122027740085,0.3101538565661485,226.27349932198496,0.5630352032249291,3811,None,CBAM
361.02804746584394,0.7651649253246722,110.68578868598446,0.21153197267296683,3812,None,CBAM
245.4480344768094,0.24685065371650816,155.14825143222947,0.5902514472131228,3813,None,CBAM
27.485943479817053,0.44299107183041253,366.41880530642226,0.6607705967832005,3814,None,CBAM
8.01653701387873,0.6465729107581144,396.7394834206428,0.827129144940281,3815,None,CBAM
392.51677625419774,0.5466404146382208,382.66007820852985,0.4302738629618958,3816,None,CBAM
147.08913725172764,0.8568054608203111,390.0877156483901,0.8064283955740671,3817,None,CBAM
122.61492046574473,0.7394189617942617,26.774677865917578,0.5040479782368098,3818,None,CBAM
8.352591549060675,0.800136947168738,369.0846053518089,0.26272466899049784,3819,None,CBAM
339.3123591068219,0.17401273114118432,300.94565708138606,0.507945611418414,3820,None,CBAM
334.24564542345576,0.9826840745866955,147.48801872071425,0.03829717155162649,3821,None,CBAM
235.1641123196253,0.12805097516213293,226.99704336685699,0.7616984562183571,3822,None,CBAM
92.43776164011611,0.472920628696604,136.8693166589417,0.07777908791502001,3823,None,CBAM
84.11932287782528,0.06469038990823371,117.86743809129065,0.44077184549673676,3824,None,CBAM
46.93909711306105,0.4245869677934834,279.253506134736,0.2474385398908879,3825,None,CBAM
66.03329006230017,0.9449514644239302,269.6336248335002,0.12953621064187726,3826,None,CBAM
40.528855548481545,0.5892010235295466,390.5560519083961,0.610411707444743,3827,None,CBAM
78.32916493819995,0.062051598601424354,26.219389678048522,0.4997573661059494,3828,None,CBAM
134.81638924215963,0.7005223604794941,203.32431094411092,0.5849704846545344,3829,None,CBAM
113.62385030151565,0.25048030737439364,393.1452796085152,0.978815177658026,3830,None,CBAM
367.81406922066583,0.22610367242894952,290.98798061980364,0.3570731368832336,3831,None,CBAM
190.1604015543976,0.9421938825367406,20.35950018746364,0.6547110117200712,3832,None,CBAM
211.2671588466158,0.1109519991445159,5.86251836673278,0.8367041217010924,3833,None,CBAM
160.32516595451395,0.3441797260055313,261.5098571193909,0.11898220396288914,3834,None,CBAM
97.28306794753051,0.6606787426470356,165.80165521611477,0.2380364355918992,3835,None,CBAM
313.938008486542,0.7104734076837546,25.04212026266139,0.08546748272028255,3836,None,CBAM
31.11351634171023,0.9503724915247046,151.76139460105338,0.3472306732059926,3837,None,CBAM
145.1313842475574,0.6428410850800885,346.4841325970955,0.7744169531617282,3838,None,CBAM
151.44412997794413,0.8796864910870268,296.03332058312134,0.3068268822064511,3839,None,CBAM
270.3880882126424,0.09828652477345234,112.81098886290278,0.6424687327411053,3840,None,CBAM
215.83150750789386,0.8099655983501567,97.15331513764887,0.03346191569371137,3841,None,CBAM
41.39144259264423,0.5073610160819638,353.2817367891706,0.3872495125153157,3842,None,CBAM
171.78928680830194,0.11119645117356043,232.93869280222987,0.6326242670629091,3843,None,CBAM
331.3849135284386,0.502616264501104,253.11865804370223,0.12074233647956295,3844,None,CBAM
84.89815446411025,0.7658677081874238,107.74987446612134,0.7406604782756883,3845,None,CBAM
284.0466783939716,0.9312681718558907,21.595384084739763,0.35990960534088834,3846,None,CBAM
199.18769497382203,0.7351030775635605,216.16043958477934,0.6121523052497615,3847,None,CBAM
101.24289950583464,0.4698901576162743,317.07888062505776,0.020857139231085824,3848,None,CBAM
167.31232252251183,0.8881153274897923,80.94843443414754,0.5056314007243943,3849,None,CBAM
386.1729660931593,0.6367847001521252,67.10900651511982,0.9333220171107499,3850,None,CBAM
185.37712642674325,0.21443724769789801,380.7883022153277,0.429139608198096,3851,None,CBAM
332.5523863448933,0.3191299896635866,172.4365591420808,0.6734185808863516,3852,None,CBAM
44.64921788342059,0.48722512335860024,344.71081969343464,0.693077512177715,3853,None,CBAM
46.58064000458668,0.07189327971241452,131.643859444542,0.7278252798615433,3854,None,CBAM
236.01523598766155,0.7561209880969492,215.06768169140207,0.6139502482081319,3855,None,CBAM
108.01726403804564,0.5224257168068068,312.91407546375814,0.41025219715662786,3856,None,CBAM
121.16274149759043,0.22211466487598117,14.116453237485741,0.8019284708002399,3857,None,CBAM
151.65851592214372,0.10014966913967428,58.21993092904593,0.5224319936405674,3858,None,CBAM
92.81127528952925,0.3454617620029053,280.7224674976902,0.02773137987333914,3859,None,CBAM
112.9059972936322,0.9824202019898894,209.8003938104648,0.321875121737502,3860,None,CBAM
158.3957418941068,0.8855172442020904,40.48948665641218,0.1043694462445341,3861,None,CBAM
187.30769248461522,0.7061948724278658,139.71805070787832,0.5700354357651902,3862,None,CBAM
201.61954323793384,0.6208392084519312,230.39808740709833,0.46098217163657956,3863,None,CBAM
306.10439479251323,0.8095815463132103,326.0897577735623,0.4786909599258405,3864,None,CBAM
385.9811662485052,0.195893961923077,75.05296291321561,0.5476326510619478,3865,None,CBAM
397.1359501885873,0.623026327746584,259.4624985555074,0.685279230972789,3866,None,CBAM
49.172688185872076,0.9988390930887731,94.03959141137939,0.40498490984221,3867,None,CBAM
315.97478839590354,0.615152747508784,286.90612976694456,0.5222955824840044,3868,None,CBAM
141.7331631395036,0.6557814115374843,362.5393991949879,0.5755603485191967,3869,None,CBAM
343.41593712556676,0.23667320195505753,212.62173988643562,0.6952716292283712,3870,None,CBAM
274.5266599627593,0.5928238683360583,359.73977204719745,0.21590554230225265,3871,None,CBAM
370.82473229013203,0.7372028337370407,253.96418431004318,0.06580196720073836,3872,None,CBAM
360.15854673797276,0.6688313042983972,41.825684879770456,0.858335477162775,3873,None,CBAM
39.47729263265268,0.5238357938636079,264.5857621716058,0.47512616872137514,3874,None,CBAM
250.7461227011563,0.3684036404518604,162.85901471399603,0.6023705271809562,3875,None,CBAM
214.84032604922913,0.10141746122665189,7.6136926873539625,0.7865504029355617,3876,None,CBAM
26.07916202827052,0.22090354537623128,36.75349334386945,0.8517424154596704,3877,None,CBAM
323.75455671692345,0.27344649816991073,94.57584993288941,0.09011335823738544,3878,None,CBAM
245.61600012139954,0.5147563871114843,21.314702961139705,0.7721546874417267,3879,None,CBAM
160.94105772463112,0.3972228694806062,86.8053683857428,0.09377328371851984,3880,None,CBAM
330.75384724672085,0.2164167426572797,130.71980483111804,0.5620777367174713,3881,None,CBAM
277.15074325132343,0.41657059978340133,11.46180620010417,0.39074612288786564,3882,None,CBAM
308.12063717967885,0.36395183924371227,22.48332515757503,0.5629784630452245,3883,None,CBAM
259.83576622877735,0.538229910932723,350.956577462149,0.8374544861088056,3884,None,CBAM
244.70082523418455,0.7255245625943181,98.80460167118096,0.2074514477795865,3885,None,CBAM
341.75493718178285,0.5128076211333282,90.67494833078337,0.922710796321995,3886,None,CBAM
302.55239073988236,0.8038156473214242,110.03228742496643,0.5778079916978119,3887,None,CBAM
342.84944979172474,0.8847044830572568,43.86692588249751,0.05426817255092997,3888,None,CBAM
76.07805629824233,0.780901703514133,330.0055779476985,0.46278745525094567,3889,None,CBAM
209.30006904942587,0.9768251355044655,102.77273223004681,0.9060326417491393,3890,None,CBAM
396.8267133268865,0.10159764394219863,3.180009424025434,0.8665017454940593,3891,None,CBAM
399.1184951937294,0.8769408216785057,214.68656800816728,0.8933805491053364,3892,None,CBAM
108.39608157021839,0.4763821964050926,183.0748826446741,0.8459974870711423,3893,None,CBAM
80.52693337769317,0.8291705061617975,186.10181729866102,0.5552000387662381,3894,None,CBAM
23.95753585394789,0.47196838288912657,356.0968064398549,0.619556335090751,3895,None,CBAM
393.5195046539825,0.990653628429057,17.44566049702963,0.32365783841757284,3896,None,CBAM
152.97641822620284,0.3790645388142166,3.1486827465879963,0.027932214572097342,3897,None,CBAM
383.2468056656516,0.9238349229762112,48.89864746161913,0.5130360960491095,3898,None,CBAM
82.16117098257223,0.692722139971946,233.9225933489905,0.16379570762284754,3899,None,CBAM
323.46169776107257,0.4007561461939704,227.80177223761692,0.42977807032621274,3900,None,CBAM
398.3215888191454,0.5598689813681431,13.01008455836446,0.6503929414425303,3901,None,CBAM
247.26974169143853,0.5281279183052447,197.51625780131798,0.43717717065003664,3902,None,CBAM
246.96901388399698,0.32055294552378083,129.61295984119297,0.686383922284709,3903,None,CBAM
294.84872072810725,0.9680691983412916,210.00249667496993,0.4127573872214095,3904,None,CBAM
267.08227495511517,0.06018158343898456,11.060197640170493,0.8751331886569201,3905,None,CBAM
349.622519483144,0.8110926143905033,297.43167098880207,0.9797611712041112,3906,None,CBAM
174.22484292698078,0.3901718572588793,0.8788087440784079,0.3341547182105435,3907,None,CBAM
24.629844219608955,0.8259540351392666,138.56320482299225,0.5219802425340249,3908,None,CBAM
376.2004579353039,0.8787452700485145,107.52383605800098,0.0234821510586701,3909,None,CBAM
239.94056086165835,0.6213072065869388,24.657805149560115,0.5472580997451325,3910,None,CBAM
316.40341450047623,0.2556521017053191,132.49258719141633,0.9541245883508634,3911,None,CBAM
279.15127708889247,0.5768786384786544,195.6176650648355,0.9272916260190401,3912,None,CBAM
122.13360804583641,0.9214558742765446,356.6035086299306,0.6210349321280668,3913,None,CBAM
113.4215135436957,0.5165711246193609,46.71350689291718,0.9114146168875692,3914,None,CBAM
350.65758457481223,0.5621697934830331,275.81274556936035,0.6241746426009278,3915,None,CBAM
264.7627846892908,0.2630113792430851,99.09007925155858,0.2867728133449592,3916,None,CBAM
113.84158572056577,0.1974390133953832,131.37276899212458,0.7690495777381006,3917,None,CBAM
218.76067716610828,0.2753417244183482,314.12585626731186,0.4262620024888333,3918,None,CBAM
95.52949921730884,0.21681393840593013,241.61341077921162,0.92887856624935,3919,None,CBAM
345.80022484327253,0.48858101465766307,227.57948084499623,0.802155885039113,3920,None,CBAM
350.4399052400095,0.6265930598184069,348.61157655650226,0.24092471580020797,3921,None,CBAM
384.54733535878694,0.2102108486779947,253.59027400405964,0.47530909089027207,3922,None,CBAM
394.28293039981725,0.03145529687453871,72.04453768902079,0.6225918257387368,3923,None,CBAM
88.03113548815375,0.22342334369155592,88.05432254100911,0.2894728627647901,3924,None,CBAM
363.8311246409848,0.7592059952048109,164.7208518065999,0.7728925671390502,3925,None,CBAM
124.52524261468056,0.43168364765495215,113.4402873228183,0.6941051769234465,3926,None,CBAM
358.88878142197143,0.8946872320866939,177.09607418517464,0.6061752881283109,3927,None,CBAM
227.90705614836077,0.894410414155923,238.06280269859167,0.3843037338392008,3928,None,CBAM
19.448620207392892,0.1948361562924259,135.03278531066223,0.23752917045220792,3929,None,CBAM
39.69945489734413,0.7872171436498108,138.2112248200636,0.4636852525179574,3930,None,CBAM
250.9669728167123,0.41375983369589503,217.10684640420968,0.11603930743406846,3931,None,CBAM
395.68362192000734,0.5303325082331642,29.253458769595277,0.6634399304819575,3932,None,CBAM
393.9629863276537,0.5700536790495984,282.0738275571948,0.45560837567011575,3933,None,CBAM
229.23043650148588,0.6491317311439919,36.91011758355276,0.5316623873502996,3934,None,CBAM
159.03360339850926,0.6724691508189519,377.59668268624284,0.9746282723065958,3935,None,CBAM
332.61510975928854,0.5481261106881244,368.8049353741703,0.6999798632279667,3936,None,CBAM
205.2585103639803,0.24326008949968855,330.3061695415832,0.7609976598594763,3937,None,CBAM
196.13016889829578,0.8178581455374838,380.1954779675848,0.7753835155483452,3938,None,CBAM
199.8530321552346,0.7436095154407434,349.34911929397674,0.11778597470238711,3939,None,CBAM
101.73788706207367,0.3696552646736272,350.7908201727238,0.8405636102420228,3940,None,CBAM
216.9529926530481,0.5659262930007051,266.6188730313024,0.05955518838945965,3941,None,CBAM
333.8278686895538,0.3852836507809732,149.36182905235242,0.5524240195214941,3942,None,CBAM
256.1141387178887,0.7905906511276295,106.58846402801272,0.7021905985588407,3943,None,CBAM
320.0233761354701,0.5655126659508631,305.3762241426424,0.38366915206260244,3944,None,CBAM
71.19584799678415,0.496854175982912,101.02545746559653,0.8463218774411195,3945,None,CBAM
379.52034244913824,0.643434350934221,129.85472925544073,0.5069932537682649,3946,None,CBAM
319.0245084514826,0.15707427499824894,287.58449508949246,0.5013462802110933,3947,None,CBAM
15.23447637921258,0.055719967687101295,6.127227537593417,0.6720878240413853,3948,None,CBAM
379.1324745770464,0.870364962144585,308.39820968374806,0.7803796782195834,3949,None,CBAM
282.76806643734915,0.08782938411353244,355.76434911405744,0.41898344052721603,3950,None,CBAM
50.8546227089373,0.48489436664991714,203.21407996729727,0.7839823172423498,3951,None,CBAM
166.15975399074654,0.45167071662329195,176.55336007247416,0.31801246880314077,3952,None,CBAM
293.1697287067458,0.4256021966418513,1.0404127085784158,0.13720539959712522,3953,None,CBAM
262.6264285431366,0.599048425321691,114.95051677305763,0.913592844757154,3954,None,CBAM
233.2618779744871,0.877566862492563,356.29571224809155,0.9564568920398061,3955,None,CBAM
278.99184968137814,0.5629791388738492,31.260640587518967,0.5664735233488574,3956,None,CBAM
310.70274196684096,0.6178042941822627,234.98882626979838,0.0950159639660857,3957,None,CBAM
12.959267859158288,0.707398044905341,222.8034335596127,0.3926646908617155,3958,None,CBAM
238.36658304240405,0.6805112963841925,145.39174923956037,0.3445835625462456,3959,None,CBAM
204.6929536587049,0.16119659369336672,0.3214665249601555,0.12564163050053148,3960,None,CBAM
52.63043929283143,0.32044691780230716,225.10575694118705,0.6167624797323477,3961,None,CBAM
335.68168323106755,0.4283249560428813,176.0113800944718,0.46191088119889845,3962,None,CBAM
379.43070480941304,0.8991329562997694,352.09425327363834,0.26298197628067793,3963,None,CBAM
45.4202348878683,0.8864265507781387,58.28405246745525,0.06696788671258057,3964,None,CBAM
320.5150862932161,0.5338389225455871,193.94491129434016,0.9653198934166393,3965,None,CBAM
208.68196177584787,0.4504635941216789,366.15025503650173,0.45531466141667404,3966,None,CBAM
386.2812023078002,0.29744058955837493,86.04040448329262,0.9451024619352094,3967,None,CBAM
87.52648084873115,0.48542587456275327,374.2834774546739,0.8654394488051649,3968,None,CBAM
93.66132755246656,0.18472079810679715,3.6751672341575023,0.4796945307153997,3969,None,CBAM
160.776224605658,0.32000175754360055,125.73715991741084,0.8572802338108572,3970,None,CBAM
58.04389149143696,0.14416249842771975,96.33745794757213,0.12418978753684118,3971,None,CBAM
323.2748944921587,0.514650928556647,157.87105292889703,0.5563755320826314,3972,None,CBAM
21.48485651982624,0.8639002717699619,196.47842344616436,0.05382045082207211,3973,None,CBAM
341.3696944454416,0.45402186081890705,155.94987878484835,0.7999908450345276,3974,None,CBAM
16.108911235202843,0.8530619118686729,280.2677277084175,0.7929275955519154,3975,None,CBAM
337.29256968010657,0.5274078196675507,155.40752148772003,0.7748338592096614,3976,None,CBAM
192.47619844155054,0.9384052786421538,294.9567024763215,0.7595273853090208,3977,None,CBAM
45.64979380938644,0.6498341376025316,239.67329958096343,0.6694147448246063,3978,None,CBAM
384.06831970620175,0.3999441793456655,292.3576986912362,0.22790577679941873,3979,None,CBAM
137.14924970490728,0.9267568767984289,64.89937187831254,0.6448378002665617,3980,None,CBAM
268.1828086893385,0.9904600199914747,78.28376250044053,0.5949754148060169,3981,None,CBAM
316.7634201218418,0.21394271450461572,294.38428415611884,0.7126724686245058,3982,None,CBAM
87.28350758860525,0.6891248258571113,136.7147457610226,0.38744100389380054,3983,None,CBAM
380.38728475434465,0.4219324680884972,397.3025848987873,0.7029481124723208,3984,None,CBAM
136.92986224097206,0.5730439100961593,367.6218220054727,0.5892516528826243,3985,None,CBAM
216.68609680559987,0.011351474650794422,186.13380474206232,0.17457477074898425,3986,None,CBAM
215.3072239676561,0.6001253876696644,208.6084668906514,0.17342138786647918,3987,None,CBAM
180.993191499736,0.675463396205534,40.94360674780076,0.7961646681749714,3988,None,CBAM
393.2127090857698,0.2789911213797221,388.63047605147983,0.7859970163714717,3989,None,CBAM
148.36767150250262,0.9035269246825732,131.7576607286146,0.6077656264267532,3990,None,CBAM
289.440956264532,0.5207572666030865,0.7168696942663135,0.5252931687768508,3991,None,CBAM
223.09316760828813,0.7700335919485972,333.9109929881428,0.16021706049755563,3992,None,CBAM
51.93635536360334,0.5828539712081857,309.6820814163747,0.7376726656734834,3993,None,CBAM
258.4595748846193,0.29632766375988273,370.1191338013142,0.6905469263378824,3994,None,CBAM
49.59587297568808,0.3848750459185196,304.9151733514719,0.06447583327988626,3995,None,CBAM
29.89652817100641,0.07720091822103013,261.0059379209572,0.4147317064134533,3996,None,CBAM
327.0240101416532,0.2476940942084084,315.68000150037597,0.3639473598341688,3997,None,CBAM
180.5906548757135,0.18909166288597196,79.103569648149,0.25714168284003425,3998,None,CBAM
246.58846911949658,0.06129470072180458,395.9165898044142,0.3249316305320473,3999,None,CBAM
344.3834749881474,0.11681411109343387,182.13727756408747,0.31977638496619504,4000,None,CBAM
6.072910283618669,0.2668093877903879,115.46637823630294,0.15613804435398987,4001,None,CBAM
355.00961141707046,0.8235862893866628,225.27392759213538,0.43312881045822343,4002,None,CBAM
331.6493468053084,0.6802751433244691,234.74077170071115,0.4355342010252331,4003,None,CBAM
364.0974579149526,0.09697549261784957,134.26331262619834,0.2238098541730283,4004,None,CBAM
372.5958799814957,0.7916748929562534,305.2716824948249,0.9229637834112445,4005,None,CBAM
252.2167328515649,0.3219433127713818,285.32427313682547,0.4787151128937619,4006,None,CBAM
320.7204427784295,0.5110366630256475,2.3060677251125408,0.04674611430201524,4007,None,CBAM
0.5274966426980732,0.06720867505277608,90.30178347332101,0.6786516294954207,4008,None,CBAM
291.40396649349265,0.1181266755276475,148.513826018855,0.5129998888543265,4009,None,CBAM
226.7475529146858,0.2770932022054384,28.331778545714524,0.8161745829283026,4010,None,CBAM
321.263956530642,0.9251426661869633,88.01317868551996,0.6189984134383498,4011,None,CBAM
140.2387274973829,0.49257288489237827,168.1234183410893,0.5504126087104377,4012,None,CBAM
26.60298195175131,0.9808126239459518,95.17441684718186,0.08706459315970717,4013,None,CBAM
126.75865999124095,0.15122023048683372,85.33341210571108,0.07882718915970022,4014,None,CBAM
56.41137413557035,0.3543307854969394,189.09553918929296,0.6848628092451939,4015,None,CBAM
303.94082651112836,0.9295153439513614,283.91045163685544,0.49349013919798423,4016,None,CBAM
256.41434523483395,0.31601565736961573,38.4606636078413,0.5551320247569514,4017,None,CBAM
150.11883937880197,0.6543635371805301,29.58817257643233,0.6763734372057351,4018,None,CBAM
202.6492200659448,0.35173157306241376,386.579216318252,0.4591087415369002,4019,None,CBAM
268.51687806219496,0.05023574417756782,184.39857313651862,0.7601683241042961,4020,None,CBAM
275.4742044270148,0.5642105551092294,90.16849263144972,0.8323206209510253,4021,None,CBAM
56.1763878651761,0.2740190170513224,151.24542222586268,0.2203824847552506,4022,None,CBAM
372.64281152602786,0.7252012423005554,319.72699923590017,0.5089636598729296,4023,None,CBAM
395.9270825797736,0.5896434993117943,10.539899150724167,0.41097040348249625,4024,None,CBAM
8.478359335552412,0.13056031371349203,58.56705222822687,0.8501213848650675,4025,None,CBAM
34.07650048369825,0.9128604599408601,380.2057914167143,0.289723261810687,4026,None,CBAM
75.2401382223151,0.08552757754213026,391.88947340819396,0.9723711629763977,4027,None,CBAM
91.42271010746464,0.4618555937866008,158.6656593628624,0.33530081356516367,4028,None,CBAM
98.29080894098111,0.6102940523119044,22.120387316945884,0.6002404244427014,4029,None,CBAM
178.2699147284256,0.06619703967141727,185.73376276374003,0.37432034628136374,4030,None,CBAM
348.78429145268444,0.9190640959479297,243.33644595231965,0.9888278223944327,4031,None,CBAM
25.08153418360106,0.148162224481354,241.913069380336,0.8091744664482021,4032,None,CBAM
145.01709140885373,0.9473190362617134,276.57807351679276,0.714970140738883,4033,None,CBAM
52.32429620405412,0.4078063653621266,160.56036803781285,0.17169767176166784,4034,None,CBAM
333.0745420943503,0.06190046202395876,107.43620307111405,0.27952328257616477,4035,None,CBAM
296.05220347574664,0.1774045156786814,255.55235096950503,0.500544148499032,4036,None,CBAM
2.400131281557957,0.5984204884609355,92.9105747816739,0.31446768677028447,4037,None,CBAM
379.5809749637138,0.22404924724553696,319.3884915613093,0.761302290031316,4038,None,CBAM
102.97847465508492,0.2391916432320638,158.87504025231297,0.7560562447296755,4039,None,CBAM
59.92146905370951,0.5800471284661785,276.7766655983761,0.23958420595581534,4040,None,CBAM
333.52965683808293,0.6970991603697629,137.7226294339373,0.8033996861558662,4041,None,CBAM
219.92338596172024,0.7520297738966842,52.92579596528177,0.1573516634508009,4042,None,CBAM
357.3401179697546,0.01900117654199865,53.44855517091776,0.7250488071528566,4043,None,CBAM
27.094632354995092,0.9167658829278172,392.3304486032253,0.7711963738570561,4044,None,CBAM
46.61505663488214,0.14017577417708088,96.14653606580752,0.46251246737570706,4045,None,CBAM
76.2173653167906,0.9793186442552334,119.0368038636272,0.9164666780061237,4046,None,CBAM
83.78667587988899,0.2454037776375632,278.25151316587755,0.38185974459994265,4047,None,CBAM
380.4422220981051,0.9643537965767728,274.63162297266814,0.9099037059660918,4048,None,CBAM
91.06855464960626,0.6408347769619296,392.07529350497003,0.37423326533053153,4049,None,CBAM
261.07785211676367,0.934874535070996,69.70068392479615,0.8616593801673892,4050,None,CBAM
221.17892260221387,0.48692721611736184,14.065503718370806,0.5417726175945501,4051,None,CBAM
185.1871063638789,0.5738293024372001,287.9067823365066,0.4637775314749046,4052,None,CBAM
305.4528871834407,0.3461171670969295,232.35842066739153,0.39509957023905395,4053,None,CBAM
275.0049473679324,0.5635253932637826,361.64933813740197,0.5617297408972767,4054,None,CBAM
145.49992487720027,0.9538364513526911,325.63372985381676,0.3918944342739425,4055,None,CBAM
306.7361278386456,0.3961617466244372,110.3719637949791,0.04946466237704531,4056,None,CBAM
49.23216187628637,0.2774032344941202,51.42571523807846,0.9075339245080145,4057,None,CBAM
387.19614806626186,0.6588123485742936,396.42201030084567,0.35093317708253197,4058,None,CBAM
148.4138680376391,0.7704445247892214,253.222502869018,0.5786206378650968,4059,None,CBAM
90.25403662409532,0.7507983288904139,200.06417977948132,0.19598492494103714,4060,None,CBAM
292.38721900080174,0.5889795648429449,335.2624462113375,0.5982889792193538,4061,None,CBAM
0.6189774236799886,0.3444533692198227,247.58629679400204,0.2746598534993952,4062,None,CBAM
333.56530387719823,0.9303198917718398,246.17592081353644,0.8860513769611739,4063,None,CBAM
7.501905746447089,0.46022950394429196,280.77986138666915,0.2195180638761865,4064,None,CBAM
5.5883953381050455,0.2611257530275831,299.3857767537263,0.7491300131229987,4065,None,CBAM
138.04310840101138,0.28795885755519207,362.46604389352746,0.378170799121653,4066,None,CBAM
218.48660204032933,0.7786414050468331,87.1051104914255,0.6265818485206346,4067,None,CBAM
165.77983326513979,0.5840059106542359,33.15642115361459,0.5553052556018429,4068,None,CBAM
59.89842306701597,0.9911669519026889,86.53830187473743,0.06240254631896514,4069,None,CBAM
199.38999812618846,0.13740982663615445,43.83797779159973,0.5672458616955888,4070,None,CBAM
90.42591058914941,0.5036798299745613,123.03956199694409,0.12039103412749078,4071,None,CBAM
329.30905370465587,0.7971667417345679,379.3741510691734,0.9894622112094175,4072,None,CBAM
15.479452793176062,0.47791122256018503,38.555047451058385,0.721710239629125,4073,None,CBAM
251.67272680230928,0.898603914231701,53.94030265213399,0.8618959868801506,4074,None,CBAM
349.69417248180326,0.9989316200246241,276.8330675722381,0.6895108352676412,4075,None,CBAM
180.18773536449478,0.2813626894845428,45.04787436884414,0.5134110252349754,4076,None,CBAM
86.38585191451543,0.5483058295035801,393.2075012226518,0.73808253091473,4077,None,CBAM
341.0182397941379,0.495507694901374,58.630314721989954,0.9522666525969739,4078,None,CBAM
314.2713169189584,0.26951784067892676,22.799046851703288,0.26430046074263236,4079,None,CBAM
170.34434028221048,0.28588928065411234,229.56277808763014,0.9017953999368951,4080,None,CBAM
56.93935460166044,0.8753995262167668,214.31403821771718,0.925721659792354,4081,None,CBAM
366.35415473247986,0.14556474710901923,84.79724360716799,0.05565537253834935,4082,None,CBAM
295.582429679768,0.9559399230141978,238.33729760682905,0.813130084028616,4083,None,CBAM
145.09081036968104,0.6900266157453459,270.2080903478831,0.39740521094297776,4084,None,CBAM
45.87640842929161,0.985065400351018,135.1158700498007,0.07703619574413012,4085,None,CBAM
341.63137158693263,0.9274632062199779,3.7775886007606454,0.8630706974593727,4086,None,CBAM
208.45240288494745,0.08883820871018526,264.94641852084897,0.28111347406700643,4087,None,CBAM
340.7637866255067,0.5296941842559991,329.67518673977133,0.8140228757994822,4088,None,CBAM
228.0235445410711,0.06333484370588355,319.85188234062673,0.657219388273244,4089,None,CBAM
36.86816318525531,0.755780754941502,300.842496624956,0.23300211178366848,4090,None,CBAM
102.73093852101596,0.7842120415435084,165.32805514559936,0.44567300618358724,4091,None,CBAM
360.74099529837287,0.8770165176491547,142.12375115163667,0.404378799089824,4092,None,CBAM
21.759800981773186,0.5194630272527452,122.86157815817171,0.4187458442822578,4093,None,CBAM
158.5135851409633,0.17702012149810806,292.3107753274569,0.03178195612708541,4094,None,CBAM
52.200533019050866,0.6242280219602396,178.99676319136182,0.906180825487944,4095,None,CBAM
7.000319149862381,0.15007020674337546,314.3257807073264,0.8763321415428665,4096,None,CBAM
170.17609119211167,0.5967334660739152,91.03781109202987,0.4749887245531726,4097,None,CBAM
384.12807522403114,0.13398449616623948,288.9067775073401,0.691635045485649,4098,None,CBAM
228.38275226263994,0.005371892691836675,311.1327889480023,0.297944394588893,4099,None,CBAM
287.2134527846158,0.07592624021847677,317.6967626453894,0.6315318914551552,4100,None,CBAM
162.45899591085288,0.7187354289357544,49.08744103655011,0.8461003152508776,4101,None,CBAM
21.022517000976446,0.10865110177117504,27.933555101378904,0.6794485355380575,4102,None,CBAM
385.1023749749912,0.007724937888087824,52.56011040765311,0.07477868914352019,4103,None,CBAM
328.21570309864546,0.7667540850213868,216.3442486670754,0.41220523637035783,4104,None,CBAM
244.42386204108112,0.9620738443334731,323.19714322035355,0.8935606553352189,4105,None,CBAM
201.96651580317405,0.2905736943680863,279.82495919134413,0.4166708158713886,4106,None,CBAM
21.101641197349156,0.4382428865798389,76.28680346598613,0.1384903576788838,4107,None,CBAM
185.51482329351097,0.8242035780170536,309.0507623411732,0.34983466189338464,4108,None,CBAM
174.936559291867,0.40221614552619084,353.6408898296571,0.08326268524740613,4109,None,CBAM
146.45028741556442,0.5415053565759927,13.331618968182148,0.9763208631303076,4110,None,CBAM
218.17197228043847,0.6239744715096197,374.71764670241663,0.9144426867899196,4111,None,CBAM
364.120292055402,0.6705968366727955,128.45699169010848,0.7173810359613683,4112,None,CBAM
154.34644223733463,0.5345177808912828,134.00763530811156,0.28378104963796796,4113,None,CBAM
374.2735248117473,0.3420712836848201,240.29163946045188,0.9593353403207051,4114,None,CBAM
272.3333476562697,0.6329059186107011,371.2429847811201,0.9933051453851078,4115,None,CBAM
329.8669059392102,0.25208713958302886,332.6233882908741,0.4481095368584878,4116,None,CBAM
389.6664740087517,0.1685450315364272,114.20213603001031,0.7738019459693237,4117,None,CBAM
245.78364024044683,0.036149938787696144,115.86014557300095,0.5123597721625723,4118,None,CBAM
39.26213731978758,0.4403104717883946,337.5502527441226,0.9789153359887414,4119,None,CBAM
161.86467765729552,0.42044218427738955,95.30722512570514,0.07864148279272855,4120,None,CBAM
287.29080858997537,0.02525636444482966,51.250036755309516,0.4107991285982415,4121,None,CBAM
175.71448736649526,0.8575472431920372,313.1131236571207,0.8100017225369476,4122,None,CBAM
347.9674644066794,0.1006255036861863,230.97671767901807,0.3475411371977815,4123,None,CBAM
85.99827301918688,0.7877463697775229,320.0354369537714,0.6337813000242695,4124,None,CBAM
37.83547206506048,0.18811914544359332,18.092598371689082,0.677932089799742,4125,None,CBAM
302.25830975801415,0.6530418073524731,66.28267728512702,0.38452185689693164,4126,None,CBAM
259.77817212705867,0.7310019325826451,33.66319782031883,0.3230548690149556,4127,None,CBAM
156.8464170850273,0.23895563520702018,6.644699622734181,0.8561166692378253,4128,None,CBAM
19.588204346399042,0.49292136723086866,296.3901132813775,0.16280373113886537,4129,None,CBAM
359.7535257532659,0.6365419376952257,101.48127322309564,0.5029088406881607,4130,None,CBAM
312.27000836872435,0.2767448901369781,62.056907703594334,0.2502895234086249,4131,None,CBAM
385.6348056310924,0.7221787595344038,13.457677617787395,0.1058797782750772,4132,None,CBAM
147.00880543063428,0.16133170146008213,29.448737601277447,0.16789918561661882,4133,None,CBAM
145.22058870946174,0.7191143862391738,175.69192120130853,0.6917725462497548,4134,None,CBAM
120.5522049828022,0.16087755040711518,324.4767464847983,0.9506600618648315,4135,None,CBAM
243.94971276624867,0.3314486309078056,384.70658296699503,0.8167948915945973,4136,None,CBAM
348.86525203585916,0.20667500875184627,210.41503285738406,0.09385972765699929,4137,None,CBAM
239.5615113078196,0.42483847100985395,267.1007549182906,0.39142507916323294,4138,None,CBAM
281.01901170119254,0.17030235150372647,225.54065576328824,0.0676053661355098,4139,None,CBAM
252.50566765579404,0.8353983505425062,152.9775180336706,0.34803868805648097,4140,None,CBAM
87.63113277578024,0.9750717716172597,389.88310066019534,0.8632292316523815,4141,None,CBAM
11.03233049566902,0.87194773385064,273.6268186141524,0.30658623406761565,4142,None,CBAM
169.90539670141033,0.8087089085656911,138.8033518227064,0.4921246993473475,4143,None,CBAM
0.19302580698410293,0.7458370671671507,152.18725636522623,0.16699137515745893,4144,None,CBAM
346.55869023830246,0.5878391469944977,157.98140127992116,0.8296120063331819,4145,None,CBAM
189.1944723174089,0.18990883730036703,168.9248888914227,0.873378032801684,4146,None,CBAM
57.42552381799442,0.044376905352158505,274.65268090749623,0.6761836560502628,4147,None,CBAM
344.0229917874374,0.1211449143528349,97.56224872725923,0.7806923530853866,4148,None,CBAM
6.260168768189573,0.2527268549497168,149.66819460465226,0.34215299397531923,4149,None,CBAM
312.9416677692572,0.7083594463511929,153.30410846887784,0.4955288005698631,4150,None,CBAM
186.84828443001754,0.5690761929487217,364.9564100231568,0.2907649523153505,4151,None,CBAM
178.18458576280764,0.04515331413708072,125.46285072716921,0.9829755391081458,4152,None,CBAM
179.20805651075034,0.059059483073646994,91.86041174062993,0.3780230200301946,4153,None,CBAM
74.79231505806077,0.7738984468966132,11.819029858918881,0.34660832729537744,4154,None,CBAM
237.58493023036453,0.3571496448882635,129.93883522146174,0.1780246943409729,4155,None,CBAM
90.60162139093893,0.4556719731762761,232.45856967736853,0.25151298067317074,4156,None,CBAM
342.9976154407672,0.7387990704195992,174.91745664580017,0.2248420527285196,4157,None,CBAM
227.7930536868803,0.6506473381824082,375.0886021571616,0.8381505906673704,4158,None,CBAM
332.88106539340936,0.549347014262879,334.0770342475306,0.12607291460149167,4159,None,CBAM
193.1405448238512,0.1137371738039845,128.38625262871645,0.04525054438870182,4160,None,CBAM
198.53351356942264,0.5788144040832842,66.27549929983996,0.49961111788316875,4161,None,CBAM
156.9971371272772,0.869485603322471,43.61446902755839,0.9608568217378485,4162,None,CBAM
357.6120064561265,0.028386077082527723,280.22449845238435,0.9667535296089428,4163,None,CBAM
285.4111767022478,0.20424219451688405,396.90448844389476,0.5726096848087378,4164,None,CBAM
345.7295200126823,0.7720662905213548,268.50582086138826,0.9791509906840622,4165,None,CBAM
260.1953075977963,0.8274006655376567,308.3149910178056,0.21881600347978244,4166,None,CBAM
72.63679525967854,0.44394073093937125,98.56981021968264,0.7886641035394835,4167,None,CBAM
139.36326613773383,0.6775211479682914,195.35624660429863,0.5863265894174212,4168,None,CBAM
330.31959647875004,0.7392241217386365,247.75075266162574,0.8743476312143952,4169,None,CBAM
99.91972263922338,0.9001228650750616,224.40725117729872,0.12020609489582844,4170,None,CBAM
97.04034516980342,0.6431057829023996,36.76234315452766,0.5935074486713936,4171,None,CBAM
164.72882553110978,0.37617577105283034,104.92006703956133,0.48488878434609645,4172,None,CBAM
40.15062744805615,0.2757292484969345,231.20133869024784,0.16088393659465708,4173,None,CBAM
179.39829388708876,0.8128160996304238,292.70899475332055,0.22011795742597662,4174,None,CBAM
197.38523534269717,0.0476196467127006,296.7403863951598,0.5188137629979942,4175,None,CBAM
232.13688593795214,0.4631891441127348,211.42636698474996,0.5218576820018888,4176,None,CBAM
373.5652724772303,0.8951876338841034,83.80960113239763,0.42578250084519176,4177,None,CBAM
147.71968406122627,0.9342500326844516,342.55493271422483,0.3635895121620797,4178,None,CBAM
100.78872401154631,0.9685490887418783,348.7554652590557,0.6232208827749076,4179,None,CBAM
345.54620784442,0.3601235226501638,301.20215842963415,0.5716712066536661,4180,None,CBAM
25.016324021801005,0.9407428240119272,146.2986523162935,0.09128762377546173,4181,None,CBAM
251.7728702383041,0.9168064748706266,248.0073390484006,0.38854072805717654,4182,None,CBAM
113.19454676965131,0.0962499407524656,363.9219820522859,0.34323543201787565,4183,None,CBAM
39.41814755292549,0.39677215203503524,223.9094862014103,0.81505462927906,4184,None,CBAM
67.43448810853872,0.37377274883590983,191.16738705099212,0.9053750040886996,4185,None,CBAM
111.63506412755171,0.8512308814791175,225.2275804005603,0.5484625058805803,4186,None,CBAM
206.25225426976712,0.11576610796102833,91.9200846614727,0.6247382402631622,4187,None,CBAM
345.9749115110592,0.09247738175826234,360.09651624615805,0.9133234508344786,4188,None,CBAM
33.30773760959013,0.7577189073606106,82.11613416893567,0.36043788730432147,4189,None,CBAM
352.9841095456069,0.7859424666182007,328.342253160379,0.7414205605677875,4190,None,CBAM
250.15452879070844,0.04421553761954116,149.34946656497502,0.41939961854527497,4191,None,CBAM
232.16955153235142,0.4434411485210959,183.65593448381316,0.5975475472010999,4192,None,CBAM
26.315152474733523,0.44519860423488383,211.59957294070307,0.520428276804785,4193,None,CBAM
274.9300066514561,0.8495616403931912,339.9032134716377,0.5565874692539635,4194,None,CBAM
107.54868707739466,0.6257186760734611,33.437415174785926,0.6809894439531841,4195,None,CBAM
285.0840741467316,0.2769382036911553,276.98327312309664,0.9464072931343035,4196,None,CBAM
106.84246002483508,0.6019099039331577,52.03828184330044,0.03981152123141621,4197,None,CBAM
382.16848063705095,0.6339663785142001,253.90718766540252,0.8331711014546073,4198,None,CBAM
108.25901454825377,0.82730365230306,190.63210348696168,0.8609572007800669,4199,None,CBAM
153.5481032349033,0.06355115773234539,241.24435054142754,0.42461998399502354,4200,None,CBAM
367.0482826530533,0.6045970511802143,133.6091811759791,0.14828713126977042,4201,None,CBAM
359.98707253824966,0.4739418317698362,229.35370728849227,0.8890438294973593,4202,None,CBAM
223.04193890451103,0.2716842758076487,73.28314524285908,0.589695033378885,4203,None,CBAM
148.0260440257076,0.04529495654292058,329.636198862548,0.355269250576583,4204,None,CBAM
144.43334410467142,0.6353186170512566,87.29015958194552,0.846430413520091,4205,None,CBAM
187.9571192739232,0.8289554663622531,114.78045919639955,0.7637796501752742,4206,None,CBAM
167.59401540274615,0.6605269731753072,146.81374167861506,0.902161268990253,4207,None,CBAM
187.77555874992055,0.6879581916459311,170.36196208292765,0.8292534537591867,4208,None,CBAM
368.4032436021542,0.08957351328200766,127.68584364429023,0.9861224176800506,4209,None,CBAM
177.00084343672165,0.01951572623113223,237.8935433205398,0.5140666260751282,4210,None,CBAM
270.1978597402065,0.124719444648766,240.0016183975672,0.13021624891887618,4211,None,CBAM
315.4073057105741,0.23271937882863777,170.8367455124153,0.10236491178451952,4212,None,CBAM
75.92428739019013,0.5229469666600179,361.3956565844975,0.7518181584367558,4213,None,CBAM
356.3406628421275,0.8158000989571866,181.06589504181267,0.11353875243127248,4214,None,CBAM
15.406963134282293,0.9106687943042494,34.17422237524964,0.37716834438859814,4215,None,CBAM
114.51602667964688,0.34893025236778025,90.13338268822581,0.465594126529431,4216,None,CBAM
101.31677338450503,0.4296594325717716,148.1105348492764,0.9384159805610782,4217,None,CBAM
345.6827955052041,0.29165715442139256,187.55573107506308,0.6546934594111089,4218,None,CBAM
108.4043715921968,0.21798453743017585,101.07576528687157,0.3901918141763784,4219,None,CBAM
11.259267165700674,0.24359251025622927,265.96675616992104,0.5317695738460294,4220,None,CBAM
165.9183495404139,0.5790898769602636,63.96845091049488,0.618245353808616,4221,None,CBAM
276.59674069952985,0.06566079174354564,42.24778367022954,0.9514281932238434,4222,None,CBAM
163.21881801298412,0.3525833125074021,344.3932843144189,0.2705947259871154,4223,None,CBAM
310.34092390805915,0.07381683714138844,254.29960274930986,0.5194002645453041,4224,None,CBAM
47.22934262978023,0.1917966184213825,56.73935311926688,0.888251579789024,4225,None,CBAM
295.6103845671408,0.010336445590794933,93.47734373239422,0.7415676819464314,4226,None,CBAM
180.82730616233073,0.9372257408958439,358.9410855446966,0.6766946427388665,4227,None,CBAM
292.7966769370638,0.11245472540141765,225.44813446367584,0.3525483914990208,4228,None,CBAM
249.87351574987562,0.7318257886695991,353.84554276390304,0.37232477306620027,4229,None,CBAM
303.5664376835042,0.8510900814870419,62.42462179136288,0.1505206174833707,4230,None,CBAM
95.29978391242476,0.22892745436939568,26.5834840838108,0.13080132479273074,4231,None,CBAM
224.58114506795144,0.47894923775230985,292.4276528203462,0.010970359786777333,4232,None,CBAM
346.49195936761583,0.23497077069302472,114.90882137625194,0.8139438046832803,4233,None,CBAM
231.74493745934663,0.7692394740863886,247.4054277831949,0.7914139210053449,4234,None,CBAM
257.9130995353204,0.5531330154835042,260.7124808516407,0.8076264310231368,4235,None,CBAM
253.59563461179047,0.38953065527241226,24.43397792067266,0.4473035442092164,4236,None,CBAM
355.8888955058313,0.32829436535570705,351.72717346259503,0.2313437974292087,4237,None,CBAM
82.63336362362904,0.5626997934027843,359.99968296547246,0.06673361704784087,4238,None,CBAM
56.34804221943984,0.7157526920228469,364.67730757558616,0.42708723096311224,4239,None,CBAM
147.79830321084435,0.3294655732942641,94.63317483729531,0.6802237902808699,4240,None,CBAM
304.3456899251026,0.03977303393568772,389.2984460143083,0.7501007652372147,4241,None,CBAM
230.11080043143778,0.5468745363330181,80.71539527315879,0.04828249718378333,4242,None,CBAM
324.5778022099952,0.49624149115937505,305.2887381183772,0.7588421404440996,4243,None,CBAM
14.640880929474537,0.5554217434029316,164.90511966738933,0.8135178097182107,4244,None,CBAM
310.82872453696433,0.20635431012089092,375.9756657444683,0.5353632366457444,4245,None,CBAM
315.056368575494,0.3606082810546761,148.85295320155845,0.7306185789107923,4246,None,CBAM
5.1037622151043465,0.1819353665685699,211.50747171193638,0.38024405180038456,4247,None,CBAM
286.1751275053313,0.7296006288322975,172.08120557143928,0.15026297255780763,4248,None,CBAM
27.680698877868547,0.8007327581490742,228.14714936250007,0.5543647757546096,4249,None,CBAM
91.6509521551755,0.9497948749178254,363.55367127256636,0.675815635630902,4250,None,CBAM
197.2465234703725,0.12629702321312697,190.4390049953709,0.8330939746531235,4251,None,CBAM
314.2093562099421,0.6858885384248575,350.1595594486451,0.9655905124264045,4252,None,CBAM
346.78803032965305,0.22576587666835227,376.32174471568123,0.3326579447561838,4253,None,CBAM
117.74425708986035,0.7735123835180755,28.93998867780524,0.4554214953139959,4254,None,CBAM
114.24188824019758,0.27786284185281,294.9680820296512,0.7941632395300992,4255,None,CBAM
361.8844273389892,0.5223127074759923,147.92682772589023,0.4183415284826027,4256,None,CBAM
326.79543245455403,0.25883374432336925,280.0961440132736,0.5921171169769452,4257,None,CBAM
35.871393671550535,0.016008763648711042,66.2242260804199,0.32425445621075344,4258,None,CBAM
37.309032610153906,0.15979049581544696,76.09287283682569,0.7168776246226244,4259,None,CBAM
84.26493804980905,0.879860451604111,163.2597805272572,0.8938530126867359,4260,None,CBAM
381.8476167703514,0.15369940060360626,342.93986860383063,0.774633206889382,4261,None,CBAM
363.38380794964513,0.5395457820846845,357.5732186377842,0.44401945740308496,4262,None,CBAM
307.50503967850824,0.45121946539477353,399.7542103860401,0.7304368329842257,4263,None,CBAM
297.21426775257237,0.9916148233102539,374.3479796812996,0.6839455043703793,4264,None,CBAM
360.3243714255042,0.9080945193144633,189.87845878088598,0.8848549769080836,4265,None,CBAM
139.06442620977037,0.12242461451813147,77.49053933356296,0.3897259125419617,4266,None,CBAM
291.6750149174009,0.4617334012695766,152.2694754606283,0.053481522533352865,4267,None,CBAM
328.5138429584259,0.8622900352797982,391.12853256228834,0.8567768010307645,4268,None,CBAM
283.8666751847176,0.021898325625410695,156.32971467455766,0.8165766676262484,4269,None,CBAM
257.7087238418263,0.48180091277821296,284.8997399078228,0.42424605119307623,4270,None,CBAM
319.2822268204031,0.3823051828125351,182.5689506846994,0.3618552834094405,4271,None,CBAM
334.38081370853195,0.9528108022131749,234.9013373694676,0.712203220424934,4272,None,CBAM
173.0302358065997,0.06640170219840721,260.5524787205779,0.7513205824494149,4273,None,CBAM
86.12227087125737,0.36031354281419,177.19442293715446,0.738646535682164,4274,None,CBAM
66.38288944783862,0.8625862752286316,391.5773518876098,0.11178835492427552,4275,None,CBAM
178.93224805620787,0.21313858039353803,384.40274899706105,0.47162621399970545,4276,None,CBAM
218.9417361294776,0.24503388820918218,301.4346549100185,0.11442010011474296,4277,None,CBAM
293.33063205090093,0.7357754668317006,255.83123139778664,0.7889843633459752,4278,None,CBAM
204.51557660542278,0.5944826297023059,247.28451349148935,0.5805036951256454,4279,None,CBAM
393.40376377420023,0.3951437292829079,335.47907770974587,0.3469380133176668,4280,None,CBAM
80.65282167876124,0.16813195149727503,372.21117721196026,0.26206337762368737,4281,None,CBAM
295.6647495031184,0.7467942034705044,388.344418039335,0.5817394509365198,4282,None,CBAM
76.99005385834235,0.546990308027674,298.2152395725207,0.27441552182556744,4283,None,CBAM
327.480864505044,0.5678597528324473,331.91577017994325,0.16650125800622398,4284,None,CBAM
316.66616266806943,0.1172192136705633,85.01749189648223,0.9694400729256535,4285,None,CBAM
330.9462688258924,0.6266024044607365,285.2614672268934,0.01227617954215341,4286,None,CBAM
125.7054233534582,0.44097681930688615,46.55666095412827,0.135939891884121,4287,None,CBAM
278.0848825953961,0.41089513107475145,5.089390151165943,0.8176456658793855,4288,None,CBAM
182.25629824321646,0.5243554269832121,34.34398813666547,0.024870889645614742,4289,None,CBAM
177.78171255978302,0.0426606881106523,19.480468843670312,0.738871115138815,4290,None,CBAM
53.02779720852933,0.9514966523583525,235.96616815472996,0.7075779504097232,4291,None,CBAM
186.81406742675776,0.2577592140995395,253.01087491293467,0.22110712301295354,4292,None,CBAM
385.44807163520017,0.30914795957804136,237.49242956931852,0.9654957282516353,4293,None,CBAM
112.76420634575545,0.40373320740298907,373.7068184677917,0.15764834637573086,4294,None,CBAM
363.68026895605726,0.79734218072191,329.1892993135633,0.29363613270448563,4295,None,CBAM
216.3613688636912,0.3997457580111926,212.0214574869269,0.15352032823670772,4296,None,CBAM
303.7833194785024,0.287134302480293,32.83745494625897,0.3225129479610273,4297,None,CBAM
39.11408070066712,0.6249358232936316,349.03813260633115,0.5738940123636446,4298,None,CBAM
23.653837283131114,0.018574676933552362,224.8134007626219,0.025484230080515313,4299,None,CBAM
236.55685098331548,0.6451583154669315,365.73081956688236,0.25674226056036475,4300,None,CBAM
26.97978571712606,0.16470702677349255,118.71537079869216,0.4574716283023837,4301,None,CBAM
139.50051547259682,0.7398499003455828,187.2491392030014,0.10643367819727105,4302,None,CBAM
227.27922895641285,0.5116490896891251,318.9108477864992,0.17647017870598974,4303,None,CBAM
367.721171393558,0.6259684120915936,380.7025465059745,0.20762948106048648,4304,None,CBAM
24.943408041871066,0.006053539851525767,212.38904335632776,0.5425242404246224,4305,None,CBAM
278.9274108724128,0.21437459799391884,34.62491178205173,0.15647487628911774,4306,None,CBAM
338.9798218250794,0.7595503053184985,100.1052638745499,0.3411306471887494,4307,None,CBAM
27.46324492138003,0.7338157798155218,313.1535372465391,0.22445462594895765,4308,None,CBAM
6.478411265665917,0.7028556623774053,67.61819510725552,0.017391164803612254,4309,None,CBAM
70.63558963038608,0.6231524851605112,218.4246371306064,0.43973404557878865,4310,None,CBAM
320.89091510700274,0.3422447996433008,220.32723035369668,0.809502483660678,4311,None,CBAM
162.49257518773845,0.9805489817556996,245.25113928817098,0.1771191643104922,4312,None,CBAM
304.2208066634926,0.2868827906785294,134.79472510691335,0.8821773934473325,4313,None,CBAM
118.1114626193753,0.6333300216683087,384.65444975891126,0.2459817833608544,4314,None,CBAM
282.0290291257718,0.7127250782581271,363.74521642717787,0.08683375796976116,4315,None,CBAM
225.893543299612,0.04161909850981525,214.025241655238,0.3689991596976621,4316,None,CBAM
268.3038359649033,0.0021643798154701937,202.66914507723294,0.8792634370182987,4317,None,CBAM
107.8546409701117,0.4627597312508314,72.03129714486076,0.5276454247090039,4318,None,CBAM
35.00845901718933,0.07533212526762002,310.22525783027703,0.9545843641919837,4319,None,CBAM
238.12469087756338,0.25391396933622407,317.61979864454804,0.7940727928554525,4320,None,CBAM
136.15465522107942,0.1484388022176394,392.75247261084957,0.4161822843474034,4321,None,CBAM
334.988007185847,0.28080619355337494,320.7381111218666,0.8922901548237224,4322,None,CBAM
249.94209969919413,0.06297235710677386,1.2753605766224223,0.6991070968620131,4323,None,CBAM
322.6000333517167,0.4423873152316239,338.4460570811757,0.48062095395650883,4324,None,CBAM
270.5108651711022,0.9998110185964034,247.50786699548678,0.7295302524936256,4325,None,CBAM
9.078518475284646,0.29153462079385156,312.75905697157833,0.7677701870277452,4326,None,CBAM
146.657122955314,0.13387355143199314,280.8645816455305,0.631136779453972,4327,None,CBAM
271.21208259223374,0.05408055431489164,318.1209945496297,0.2803648049928191,4328,None,CBAM
247.72211773387025,0.7233137786682293,280.9542328519202,0.4055247408570043,4329,None,CBAM
54.06608767617178,0.5744292868055754,149.86669333786352,0.0010605191754196675,4330,None,CBAM
397.48508629701973,0.5593561258465484,185.71268463924235,0.613299827639096,4331,None,CBAM
218.402784645509,0.8140669863598352,34.22230712159086,0.5510368943747836,4332,None,CBAM
171.9688181553431,0.00660206476317164,240.2358336137365,0.9670379959905159,4333,None,CBAM
1.6950945180166754,0.6886854134169513,395.7868822443137,0.06688549762640988,4334,None,CBAM
36.59966552322482,0.5221088290431306,343.29390687536863,0.3238402217136901,4335,None,CBAM
99.34105402008106,0.9561041747360299,159.465899685808,0.9569306045388185,4336,None,CBAM
272.1502297472516,0.0506385833398923,211.5255930694304,0.27890852766190716,4337,None,CBAM
218.70440495621017,0.5295112082889918,275.22303567413917,0.5189582575132937,4338,None,CBAM
183.27011390275624,0.4051994169204511,204.75535718488925,0.7113847063917822,4339,None,CBAM
144.6079149266302,0.8387779586627525,246.10571962754068,0.18065955193680852,4340,None,CBAM
131.06587480088524,0.8225679321235884,123.90257727728549,0.7593499942690182,4341,None,CBAM
235.35756071547573,2.4142330394149526e-05,115.34884090072941,0.9184228639271537,4342,None,CBAM
161.71065996134882,0.12693449649910965,103.77000846427,0.9437116375374627,4343,None,CBAM
120.0031572262917,0.7348332719799563,11.93857442797482,0.40056620554774514,4344,None,CBAM
92.90527126924401,0.09065978001136216,139.11479069066615,0.011244838406827967,4345,None,CBAM
75.44551492299824,0.48120904722267144,98.53027171065582,0.23608728298123413,4346,None,CBAM
392.41993872227886,0.4775807294780424,187.14224459905978,0.38222837092633827,4347,None,CBAM
71.2625196831134,0.23572533594109238,133.36696162892073,0.8494408296502164,4348,None,CBAM
356.94777709258625,0.9042602468819062,256.55526640796535,0.9783692398869133,4349,None,CBAM
240.0295544125437,0.3573864304196709,270.9918369137536,0.18510979531971392,4350,None,CBAM
7.639072540576448,0.7151532627269052,301.8314399180045,0.5848974652799832,4351,None,CBAM
246.29053226741866,0.40768606070813906,69.65889352608369,0.6290910703453908,4352,None,CBAM
84.75168335138821,0.8474709273658695,331.552404624996,0.3515423191879677,4353,None,CBAM
121.34141987954423,0.2985984102221297,142.46444871246413,0.8238287351375697,4354,None,CBAM
360.2143197971869,0.4619164509745513,366.3868267234017,0.04326676948680313,4355,None,CBAM
377.72108807539587,0.0988531744933871,272.8689052279038,0.514282892039127,4356,None,CBAM
194.9347903119336,0.6612544427950365,221.70381373659524,0.22667838875537752,4357,None,CBAM
356.44288975222344,0.2782536647336716,26.979345746719797,0.4348827559617732,4358,None,CBAM
389.90568163804716,0.6564899041279644,333.2288539484212,0.6689680603010616,4359,None,CBAM
69.44471149715629,0.4527792698617175,216.10454057454103,0.7129117029215629,4360,None,CBAM
57.58824691034326,0.5815008075715065,213.1889260588936,0.8154918974203167,4361,None,CBAM
313.0668566255157,0.5463044971489716,287.12885979566704,0.42495122587497236,4362,None,CBAM
209.95991520166126,0.9100133806352734,259.2710528137651,0.4124570781894,4363,None,CBAM
337.87786291777496,0.4419881257513138,348.96131731691014,0.696598568400772,4364,None,CBAM
317.2666358821994,0.13845812890094733,356.85487716005156,0.6246438477927299,4365,None,CBAM
65.53549491719689,0.6811834876653496,235.62807445641155,0.8211455376713731,4366,None,CBAM
193.6841693735924,0.741426553980213,43.912895892845846,0.12447559004958385,4367,None,CBAM
342.1884119865427,0.8483257994045624,246.91790432950916,0.04749792422299768,4368,None,CBAM
187.35041068797332,0.1103711457633274,377.43392608023214,0.03157194758041728,4369,None,CBAM
285.1482813056364,0.2065173255826133,235.04501527703798,0.5184684267060246,4370,None,CBAM
340.3142693282242,0.10700456607444997,374.47097233109145,0.6626037777526658,4371,None,CBAM
221.50578301447604,0.44870164749130353,349.39961744684933,0.2164499413360495,4372,None,CBAM
70.98819939674415,0.6928371995784468,64.3197505186814,0.6494328449440527,4373,None,CBAM
148.18713512524454,0.9933420261982926,389.5692824573506,0.7628886496874376,4374,None,CBAM
54.5075196449027,0.7949675886412791,365.80162155922113,0.30113524752796034,4375,None,CBAM
151.19544842497027,0.36777045245220974,348.5696413391755,0.9626856245524059,4376,None,CBAM
79.94797332750439,0.3840006922717555,322.10233546418027,0.03889254290229933,4377,None,CBAM
157.18455906423233,0.12558595284647026,150.02033469750882,0.8620573212270083,4378,None,CBAM
167.46082402703294,0.7278140216770692,363.03088928879697,0.16049491713186093,4379,None,CBAM
157.13122403539006,0.0477491289091542,8.736894487570007,0.9891215532908963,4380,None,CBAM
278.0036592429162,0.3545093159500508,86.50429702111009,0.0029543342366339814,4381,None,CBAM
258.9171042296414,0.6800680362015025,99.24792719982878,0.22503369023202277,4382,None,CBAM
50.617854115697156,0.5371404739065783,104.29721847494314,0.12583414963927397,4383,None,CBAM
98.76841013825039,0.17872844614623512,146.170736976881,0.23211054076568027,4384,None,CBAM
130.59310535162203,0.855997035321141,58.42264991104243,0.7775557412340869,4385,None,CBAM
101.15956492654321,0.791729847786122,55.84430021239649,0.9575990248634089,4386,None,CBAM
258.79374041916213,0.593248422303136,122.3438314843477,0.661368711735434,4387,None,CBAM
65.38235371090133,0.6868085507425788,311.72943624245494,0.8686963259569759,4388,None,CBAM
395.61304355310796,0.7770539079752354,36.20894343126648,0.6345331923173273,4389,None,CBAM
313.21121880546235,0.43121421232294393,397.49651512576713,0.4165099572940519,4390,None,CBAM
359.0890153773936,0.1725429565185733,1.9539922660986784,0.5310305717352625,4391,None,CBAM
311.58630658316497,0.6541596179592981,259.7920483185367,0.19227464204683883,4392,None,CBAM
55.800325950401245,0.02622198192791512,204.44918291274337,0.9277628278134286,4393,None,CBAM
148.15754299804672,0.15065039958767187,366.9374258756241,0.2680204161968478,4394,None,CBAM
342.73630907771695,0.05204413817502795,109.00752276286798,0.8168485192289456,4395,None,CBAM
375.69728235514356,0.36334391789695986,246.61885074645872,0.05193245240629179,4396,None,CBAM
67.69517268660621,0.7369790616093602,314.28353966059547,0.9722540085957184,4397,None,CBAM
341.6809888313181,0.8327418742192784,163.12704278167814,0.4658064476721309,4398,None,CBAM
112.16153895261864,0.43466706291959945,24.87704196845367,0.5324349964111237,4399,None,CBAM
179.49313468351946,0.32395182546371454,163.50370717472347,0.12305805115388313,4400,None,CBAM
399.2993662281592,0.8101432053025562,177.2359412337803,0.45794356202278,4401,None,CBAM
126.6803813354029,0.25228818268134395,360.56479811906195,0.16521946764695383,4402,None,CBAM
258.11437570046604,0.6406597619386367,192.0271194166131,0.5121913665680652,4403,None,CBAM
184.40142754156642,0.6137345298165491,35.62684473134935,0.3648699166955188,4404,None,CBAM
89.62587856155757,0.6730225169078392,377.3686667694278,0.8418254954258263,4405,None,CBAM
56.691984582282764,0.5445554912031667,288.7933925748412,0.23520384229887514,4406,None,CBAM
385.3319948993783,0.3006106473192904,294.3002610790765,0.3383721845803705,4407,None,CBAM
282.154339481484,0.6302384877221894,238.6291705905828,0.6692895269434902,4408,None,CBAM
144.3274605967494,0.5993490239078837,399.9729093758319,0.4832411060980898,4409,None,CBAM
333.1074619000825,0.7008414398318287,329.82187654709577,0.18491060649216082,4410,None,CBAM
226.37206646349725,0.6756382829014668,67.70036621982103,0.7510202488245563,4411,None,CBAM
15.95388740241693,0.8952487005081587,343.9500742920401,0.5948235034771683,4412,None,CBAM
85.3923275697494,0.7773581623730866,230.45332392194396,0.7661749038675453,4413,None,CBAM
42.55295610102346,0.47654320306449877,112.57765028194844,0.5105043703313881,4414,None,CBAM
333.38369948998286,0.8426650788567052,277.79815376956805,0.6231659719575297,4415,None,CBAM
68.44851508287266,0.9975511594317376,120.77267179229952,0.6684145333797383,4416,None,CBAM
101.92511653363484,0.6559612260927439,188.32677480344935,0.677090710071505,4417,None,CBAM
103.12627559704627,0.058285011024796926,45.71487316106647,0.8955590319736658,4418,None,CBAM
150.21821952746694,0.004768157114177184,390.4938329494478,0.18036928245947587,4419,None,CBAM
234.31477716473083,0.6574346715362824,241.86415737521742,0.6682834440451517,4420,None,CBAM
261.3753376885764,0.6411106449886546,118.06884917645783,0.7352305738063989,4421,None,CBAM
48.35529789995233,0.8897758225052623,182.39688333278409,0.6000474974252681,4422,None,CBAM
394.700865013629,0.46933549941349,223.54369924051625,0.24961943605144876,4423,None,CBAM
207.63752338008334,0.7818399147574076,67.35365195152269,0.31781595064054596,4424,None,CBAM
202.40903425867938,0.7671337533580774,221.53896201332932,0.7743778996939438,4425,None,CBAM
35.05750151250343,0.8237023540837566,109.7045866764659,0.781283426124334,4426,None,CBAM
84.6459788359351,0.19553873592244878,64.68498785237747,0.24415107124272248,4427,None,CBAM
120.60987634985938,0.10224443209328331,248.83020243688532,0.34255650528865234,4428,None,CBAM
140.54793623565877,0.9954603200757552,60.22746676070809,0.8760189598494921,4429,None,CBAM
185.5278691331479,0.37642344396555083,9.026149598597529,0.4288296020283398,4430,None,CBAM
174.56133703023843,0.8852951881990507,323.7712271367805,0.8817351929559681,4431,None,CBAM
302.7760650945613,0.5819918342327092,208.74531898722276,0.6630740400933667,4432,None,CBAM
158.5208022459884,0.8724246766536256,47.737467744900435,0.21691579980766817,4433,None,CBAM
86.00560982516262,0.9202029894555347,380.2686320309606,0.485299995080828,4434,None,CBAM
366.8391783114433,0.665912696977027,143.88619993787552,0.8724962426297318,4435,None,CBAM
385.50676269553577,0.8031508512683911,214.94448232523723,0.696398648197838,4436,None,CBAM
227.37571476914323,0.66244772982981,169.40544776353076,0.9210926349724924,4437,None,CBAM
128.63786298046531,0.5886389584283402,348.6423488683434,0.29738626903001186,4438,None,CBAM
395.0606128073004,0.07395812974839065,351.1176075974082,0.21095286961171814,4439,None,CBAM
331.18889087500867,0.3943475893201859,144.7582815353588,0.5451902907394091,4440,None,CBAM
171.47947385308305,0.38825120637719707,244.37711217774583,0.7448208687622863,4441,None,CBAM
101.70983942461862,0.21046148630421477,357.6268245261717,0.32072472893141657,4442,None,CBAM
302.9099455579061,0.4059888536426423,270.91383298183075,0.46055649908890883,4443,None,CBAM
247.04862438316383,0.6712905623420806,78.95794691811828,0.43378578755688785,4444,None,CBAM
355.76608313337476,0.736314400627689,95.6755990577738,0.14706239449269595,4445,None,CBAM
260.6143049782387,0.7286311402753641,354.89843550264897,0.5868896909210317,4446,None,CBAM
16.427957225306194,0.8882306691147711,328.38601507718045,0.7520934341670229,4447,None,CBAM
23.322129016217687,0.3853920426646188,51.04918683061518,0.9819699273279214,4448,None,CBAM
154.447287022313,0.7415696571365741,95.58418357387035,0.3727271753801963,4449,None,CBAM
178.46702388530983,0.2597735348363989,109.63897051787504,0.9845272431980331,4450,None,CBAM
81.55569540538957,0.24401252176297458,211.92833828006954,0.3789555655530465,4451,None,CBAM
8.550429938332325,0.6560776090614956,45.21688899531846,0.27862891885657626,4452,None,CBAM
274.31129590198464,0.20751642213195104,257.11407026674897,0.19198011542715,4453,None,CBAM
192.26094736148016,0.5130818451737785,174.75353653270517,0.28564412427609137,4454,None,CBAM
169.82415745938718,0.4063586912729092,327.3129790918762,0.1097627251626456,4455,None,CBAM
239.3224855479005,0.14242421188571003,291.9887954227979,0.8048948092458326,4456,None,CBAM
64.88656611704297,0.6803155734902571,1.4852876669138309,0.05851363617246732,4457,None,CBAM
338.6878157715079,0.49084189006691686,31.46380059476349,0.15656708043064152,4458,None,CBAM
237.42692585398285,0.8929900483174885,255.4987088977872,0.16832952551337588,4459,None,CBAM
105.3003829044643,0.6232581944116317,118.51295015614069,0.3321243446215935,4460,None,CBAM
163.80517962002295,0.0908238491089887,352.33480610149877,0.0007602209370308302,4461,None,CBAM
336.99016655416784,0.27952917631712354,308.83069558649106,0.9965695057774101,4462,None,CBAM
80.34290150437889,0.2276787985348222,128.11326840941152,0.9428569808560096,4463,None,CBAM
56.67095243442588,0.2602503500666293,169.47949954107617,0.9900524208039186,4464,None,CBAM
98.48499963637177,0.8839201240343517,303.81487446791334,0.5329630272336553,4465,None,CBAM
193.67756341756967,0.6823524244646716,21.02545608109168,0.4667101442423624,4466,None,CBAM
272.4525824511089,0.6576471163566868,140.26675731371364,0.9001115693644429,4467,None,CBAM
150.8674478609972,0.3490637474518871,201.7820395078342,0.5882525724759827,4468,None,CBAM
369.40830591839745,0.9525273316121888,271.7872477884485,0.1558623675214927,4469,None,CBAM
72.04882915185213,0.7589293747898189,310.75818662494584,0.5895880267865092,4470,None,CBAM
385.054139048701,0.25218938409650743,55.52573791434048,0.13169920207282274,4471,None,CBAM
30.8873263111429,0.6255990202603205,314.16346844637934,0.034009647022409245,4472,None,CBAM
159.45052260276884,0.11537979229882105,213.3736496223775,0.4527546251546741,4473,None,CBAM
187.47839150401737,0.1521527169102408,392.47391124906767,0.436090726106537,4474,None,CBAM
100.2375725826656,0.673557268507769,308.6341113509851,0.9838539409417244,4475,None,CBAM
394.7450600381854,0.46817247873526835,370.9597329634375,0.42938201200759185,4476,None,CBAM
324.06280976055825,0.45135406429912034,88.99953434422181,0.44853478414811454,4477,None,CBAM
331.63260337501845,0.32743641193445383,174.58811490844002,0.6097055388620193,4478,None,CBAM
374.01212050117397,0.20615966664252094,138.96237295249435,0.4261910885501518,4479,None,CBAM
238.23104295778862,0.18798389179725658,152.09342221696008,0.925966039792884,4480,None,CBAM
316.4554482628476,0.35707946209758035,188.09991763641833,0.15389770132065805,4481,None,CBAM
48.617637781119384,0.22251929041839108,392.7156221330162,0.8462834117551156,4482,None,CBAM
190.82990542056157,0.06374509817163676,31.61871294552874,0.28627600035563644,4483,None,CBAM
161.88566365541018,0.14972233145604874,24.395900616418224,0.7581749747544649,4484,None,CBAM
205.99016171596364,0.664257515379321,215.48035963341533,0.22161670847883155,4485,None,CBAM
145.77929021741923,0.9689385064448065,13.255661046815842,0.030335059563563013,4486,None,CBAM
284.17338728862586,0.7064031092512316,311.97278472819653,0.8985785948434017,4487,None,CBAM
73.52350920008863,0.1997442763317124,188.28931908552912,0.21492077051916011,4488,None,CBAM
358.1965048698197,0.8155554299160314,158.374300092915,0.3562541452187092,4489,None,CBAM
155.84072385411173,0.38687789757656915,152.33179796616903,0.8160815839715001,4490,None,CBAM
255.61289936227993,0.3017403094441122,282.188714879591,0.9176404419891693,4491,None,CBAM
185.64271920849572,0.6866340121445692,46.12207768477035,0.24312578471031318,4492,None,CBAM
267.9953890365199,0.8409352389561131,21.853573968470453,0.17125375567066875,4493,None,CBAM
350.8085761306187,0.8284091126459118,345.6354311610056,0.9115073141593591,4494,None,CBAM
101.52839916937293,0.19332014912469953,388.1640122704545,0.08312849005424298,4495,None,CBAM
322.5477912370884,0.1134530487539189,68.17012319630179,0.034250202155260076,4496,None,CBAM
305.63095836006585,0.5492769499873916,396.0884723862038,0.318458316934844,4497,None,CBAM
270.23864060077995,0.6501416114793975,392.981736618857,0.6562367939924084,4498,None,CBAM
370.6254794019816,0.5189557531944398,134.9701337018206,0.829427393888925,4499,None,CBAM
39.043685605167774,0.07489597466146204,155.25586279292298,0.5639524929865963,4500,None,CBAM
376.2907580245336,0.6109846876083553,117.16210545564118,0.24159204742715396,4501,None,CBAM
63.42072472003576,0.30708247978407843,275.7782138809363,0.34939697718243456,4502,None,CBAM
30.140366327956542,0.17823531897237135,225.63222345136836,0.5533669311516167,4503,None,CBAM
385.13687164572553,0.2664321638372461,22.024529588207226,0.921987261964795,4504,None,CBAM
297.1385372672763,0.275991691018966,393.3534978271337,0.389397261567724,4505,None,CBAM
61.666511593007925,0.7871038025011301,161.2018368974721,0.1591972548625731,4506,None,CBAM
50.233158376352534,0.8355025118895685,206.129418163373,0.03673949605078158,4507,None,CBAM
168.68671148425693,0.43366530806933706,60.75873447483375,0.10045086217973302,4508,None,CBAM
13.670408649586092,0.5214740689760461,151.06051895367364,0.02751061030634029,4509,None,CBAM
398.66978657662406,0.7292441960094043,42.972988866824615,0.10727348647563802,4510,None,CBAM
147.5660076962601,0.39175290459247347,97.91347458693568,0.23165788136448912,4511,None,CBAM
272.42056820001255,0.6195920176528891,323.4549681673514,0.7373498723821686,4512,None,CBAM
336.4715611617374,0.131720952850164,176.77198004651382,0.6100621480880386,4513,None,CBAM
288.01324339496847,0.22722571922623114,397.00381418844984,0.619765066613113,4514,None,CBAM
288.5787228545013,0.8065361454952079,168.84023348324538,0.5724278887341717,4515,None,CBAM
163.46913552716674,0.30453874901160044,124.03544668247713,0.9534742019205568,4516,None,CBAM
86.81910800698135,0.2601572519893584,232.7144477064432,0.12312179438216377,4517,None,CBAM
399.7549475318524,0.7115687749305559,172.3263626573576,0.19180762641495397,4518,None,CBAM
216.0437680062427,0.7516093877692771,117.02785314660696,0.008644366531149963,4519,None,CBAM
194.7382003564258,0.8395244511893776,180.74995594319603,0.10757763393268754,4520,None,CBAM
175.41105510170846,0.3141353009118155,58.08974157056728,0.07876418618412546,4521,None,CBAM
204.60079133271307,0.12707122247840777,219.12848813922952,0.46337118899231244,4522,None,CBAM
226.50511543831203,0.02392820907274418,78.24946574394053,0.5458554549014084,4523,None,CBAM
169.45172533529146,0.8019195943140605,72.32499125577351,0.7509878833660364,4524,None,CBAM
179.99274505368257,0.22979120210964457,125.8802255058572,0.21966509378824164,4525,None,CBAM
285.86352488200896,0.7813125388945682,256.89952396100267,0.19866586650928564,4526,None,CBAM
383.6108194522693,0.3004468988026681,148.4493390971302,0.031665374032502545,4527,None,CBAM
181.1149311002464,0.6348172582903486,100.04517396762871,0.23186861038078158,4528,None,CBAM
228.2515549218104,0.8504219296188159,38.009859034352665,0.6820509531221566,4529,None,CBAM
158.62965934607004,0.9439709706009316,385.6789743080377,0.5764847032507444,4530,None,CBAM
88.7430160492181,0.18659436378992778,144.9398580524609,0.38550010874830704,4531,None,CBAM
375.480391614951,0.2142844503550248,181.71825317418902,0.6136826983981709,4532,None,CBAM
360.8052075410364,0.28469802278157574,186.5754925498927,0.39937331259826,4533,None,CBAM
185.60421039194424,0.17952490227159007,132.3006153195734,0.052205676979072996,4534,None,CBAM
28.409228895463734,0.5980670905019093,218.1150320217754,0.11314961602222916,4535,None,CBAM
355.3742638857253,0.025712523924354937,183.2037223199086,0.5842023207767677,4536,None,CBAM
203.32567368543315,0.5501381519855858,221.19565768092647,0.5754046544950386,4537,None,CBAM
390.3236425331342,0.3391138444337051,197.70957931574827,0.04464000593207471,4538,None,CBAM
382.20074213674803,0.4001271401847563,30.044958726923976,0.13351836351064827,4539,None,CBAM
40.080060154330184,0.7594192949403785,205.5411980928123,0.33906527410765225,4540,None,CBAM
35.17142468239483,0.36379646837980334,97.41191411509551,0.2684738314039242,4541,None,CBAM
161.1144087200848,0.8856892232022411,360.67911505802437,0.2887668768971082,4542,None,CBAM
1.4488412796307404,0.48803665168317206,296.3369740862655,0.26493414509952484,4543,None,CBAM
124.34723857485817,0.19574762686759462,222.2156548787026,0.18121144804599146,4544,None,CBAM
236.33827580072938,0.23796232653191274,251.21191828658405,0.09524440596087366,4545,None,CBAM
356.30820977767195,0.11084162423064714,25.89761821540046,0.04371062420310438,4546,None,CBAM
51.180091982972556,0.0819937986706288,82.40010544062793,0.14546012202552566,4547,None,CBAM
180.84255617310288,0.48777172144113046,31.826056103639267,0.8936481476901863,4548,None,CBAM
304.5229706119767,0.6166856891078538,296.6052560242539,0.5014789847801371,4549,None,CBAM
36.99280711836857,0.32231250818693774,112.16168705615675,0.9033902018515124,4550,None,CBAM
134.69570544014363,0.681305487550565,259.3439954551229,0.002848474492977513,4551,None,CBAM
165.73426376850512,0.866448338510574,371.14484717414365,0.746223336503587,4552,None,CBAM
332.7535323018731,0.5843211976810998,382.7334600474417,0.6482520516236188,4553,None,CBAM
356.19631475923046,0.11706690981348614,59.464712133833565,0.06794866819816069,4554,None,CBAM
237.8892569112226,0.3266979914720326,338.6567223004712,0.0705098324976585,4555,None,CBAM
2.479145806109802,0.20960516506132815,25.43566912349904,0.3152644131737486,4556,None,CBAM
125.82069919362753,0.1062332586888473,320.79215984002815,0.34022507817063274,4557,None,CBAM
306.23175135149523,0.9490575361129077,196.97372516594038,0.41066980386662727,4558,None,CBAM
250.59741579210208,0.9501455805184823,336.8150743667258,0.9177298165658511,4559,None,CBAM
55.17942410277872,0.7197820443374325,152.84840021521214,0.2915704848745046,4560,None,CBAM
254.48303828746623,0.7295811658403379,286.48119791593405,0.8869579170629777,4561,None,CBAM
217.70894322101722,0.4958770470312605,171.74063307506273,0.14227717515869212,4562,None,CBAM
88.63907496941282,0.4345940725192726,163.11603952020278,0.37004903110424786,4563,None,CBAM
167.33071416670816,0.9784794403929031,284.00414706671467,0.6526232492559906,4564,None,CBAM
11.52718960280404,0.3357955188951958,233.08521768748304,0.5643204480447237,4565,None,CBAM
17.52585270053315,0.33285757460355875,201.95416562363704,0.4870034296282218,4566,None,CBAM
35.57653902961899,0.7544668759666052,364.29460681278357,0.02069917775492689,4567,None,CBAM
205.4745289633543,0.7503025861895253,116.90180969137955,0.5797527266697441,4568,None,CBAM
388.54533990909596,0.45200849174078095,310.67962003016765,0.46536304024073694,4569,None,CBAM
318.05406346970256,0.43889611424000957,259.57334882401017,0.9195867969388624,4570,None,CBAM
136.2342423560325,0.04716661930320054,16.541602028902457,0.721986782366137,4571,None,CBAM
206.36597432591546,0.03334775190147601,312.2359066458159,0.2954798161993812,4572,None,CBAM
363.8790058067547,0.6860289335961798,203.4186624680652,0.986245218729916,4573,None,CBAM
36.68789742287371,0.16177178965697414,173.42403533102987,0.19851274100982283,4574,None,CBAM
248.837615270142,0.6637108708355565,383.89672056184827,0.035250145777402375,4575,None,CBAM
214.33270777144702,0.9126008799166506,229.6717825103531,0.5911052998186063,4576,None,CBAM
67.85555570445017,0.5175346655831993,103.9231573642075,0.5618883677167796,4577,None,CBAM
48.76566450576336,0.34465091639925205,61.047151299467416,0.8411241325871718,4578,None,CBAM
173.13911556674898,0.7881427055470981,357.10119061176624,0.3547997998504959,4579,None,CBAM
118.19005148791743,0.0017243878262544225,131.77880321882213,0.8082409290695268,4580,None,CBAM
120.38149146927277,0.023836889780646832,199.35698253122555,0.7050705590715538,4581,None,CBAM
126.59293492278545,0.7522339932454484,239.32456830737206,0.7485934302030963,4582,None,CBAM
127.10054551178973,0.7035985131730274,170.42781333935028,0.06311969937258642,4583,None,CBAM
254.2444964919617,0.15969757913176286,319.28529638120034,0.7492104604550558,4584,None,CBAM
252.7427121565744,0.9709032058885484,244.17223772050116,0.2460225223743344,4585,None,CBAM
89.39501473529887,0.9213706574204499,264.0017213768244,0.18319473237152842,4586,None,CBAM
369.6183519754131,0.015760070547693645,332.66845637228755,0.6151107092331923,4587,None,CBAM
47.40929902749902,0.3291628535436267,158.78509400616545,0.3471720110627038,4588,None,CBAM
6.90707074573276,0.5724776426376257,29.293461818677624,0.27196007623945356,4589,None,CBAM
76.26577081837466,0.17921602723203592,289.47483324433006,0.25803663288273543,4590,None,CBAM
41.765008828279974,0.4040806702772895,311.34887215088145,0.18582311161237308,4591,None,CBAM
21.605255747500106,0.28760013335763607,295.895036776413,0.6474110359141874,4592,None,CBAM
95.99659040223534,0.29435519460248744,384.13540874746536,0.5173345296500664,4593,None,CBAM
300.37351390910544,0.3449322183206663,318.4700771590287,0.09784948479100539,4594,None,CBAM
28.688850889366403,0.3888834173553742,294.32850607056844,0.9657026734222459,4595,None,CBAM
301.67663266193483,0.6328705689499623,365.4270683539728,0.7871574904033076,4596,None,CBAM
391.06631248233583,0.7194742758658966,299.8746416937935,0.5088374397687462,4597,None,CBAM
284.5803456277113,0.6382842394956152,189.63113987264347,0.5422627741332053,4598,None,CBAM
285.0387862642474,0.467692294543466,259.63037303710644,0.5386644768687303,4599,None,CBAM
344.1395702390684,0.23847870540947214,3.587341090562873,0.4665999648773795,4600,None,CBAM
16.174916762266058,0.6946245437732548,375.56658609002835,0.8413986791691586,4601,None,CBAM
2.3084684724540385,0.32410487254526194,39.26582384602401,0.6444052644998112,4602,None,CBAM
347.0911944559348,0.7989362376195699,102.43796668284557,0.8195709721271601,4603,None,CBAM
336.8399796133372,0.3600001188132536,70.49471793921444,0.7734746784857137,4604,None,CBAM
327.9033161605919,0.2138794732585093,255.30265656352174,0.09919315882019944,4605,None,CBAM
23.587143641506977,0.022809028301942362,226.44530740778154,0.042593868240668166,4606,None,CBAM
281.5569643141189,0.5171304295604465,33.538014322547575,0.9421393426764684,4607,None,CBAM
34.72498099448273,0.3423066413752379,255.67009333430306,0.7701992518087741,4608,None,CBAM
133.21081337695816,0.8139792025076814,194.85936358623735,0.21872366753110023,4609,None,CBAM
103.4265905736962,0.6841922433584464,121.9521188456765,0.48831517214933806,4610,None,CBAM
370.8880209850951,0.023625485089848818,298.55116276755524,0.3094426500314993,4611,None,CBAM
156.75278591017135,0.6253651513753561,35.50550380668743,0.33556827414561763,4612,None,CBAM
287.9729083067791,0.4668817320243313,377.4754727448511,0.2982593262015213,4613,None,CBAM
99.01094746194981,0.8989469628267254,301.3540378177046,0.7288044419780996,4614,None,CBAM
73.81888371948087,0.04917633218021354,86.65014887219283,0.037225839848055726,4615,None,CBAM
266.8803025350662,0.8711335844121226,132.19338447194667,0.37511289630366274,4616,None,CBAM
298.84614435682516,0.020079577591608118,392.8755590386602,0.8268281183536661,4617,None,CBAM
350.45744217040726,0.7200404974546026,257.7577616249202,0.9878363909237314,4618,None,CBAM
293.4382997768122,0.4887409919365395,373.770018088795,0.9987022202082941,4619,None,CBAM
366.0051085606837,0.7523618150564911,3.513238054149114,0.253980948497599,4620,None,CBAM
299.71169515141264,0.8655239923909838,169.62164491662392,0.07316865703099647,4621,None,CBAM
141.15720033994964,0.04252677557444453,357.9315467138529,0.23421417204129275,4622,None,CBAM
191.95716721178732,0.9052836296944895,306.50427688669504,0.8020886475592174,4623,None,CBAM
395.5704412483154,0.8413290183866525,124.3488547026645,0.1432244522980912,4624,None,CBAM
192.88483481719229,0.5134322373872824,109.9529158974746,0.5845422757313621,4625,None,CBAM
118.9241882519208,0.07335978313576369,312.55658130796354,0.7597587520285533,4626,None,CBAM
280.73093115860627,0.5152438137646159,0.38918472389806286,0.30214627043506515,4627,None,CBAM
251.68090978604823,0.9725189295014294,104.71975905977777,0.9702915359028983,4628,None,CBAM
19.094862565794298,0.9984830774629241,159.008363799803,0.5917270101156036,4629,None,CBAM
372.9144922948304,0.6836170752887613,125.40951301509848,0.8489588946608535,4630,None,CBAM
288.9459785508543,0.9527523842562021,111.89075491606204,0.9472918478264802,4631,None,CBAM
183.52616585646234,0.32929722294322394,191.5715503093654,0.06511391217897072,4632,None,CBAM
388.18487219394126,0.44555161640506974,32.01205761946649,0.7257253889646605,4633,None,CBAM
46.302783689785024,0.8518365095534307,173.48226029300457,0.4385379555591226,4634,None,CBAM
211.10384634177294,0.6582357912267925,121.17537417198893,0.23625753958723594,4635,None,CBAM
177.14483513678596,0.6917412579224613,198.32327641721102,0.8129088866649059,4636,None,CBAM
385.1723390905068,0.9738410219152959,117.40482706776292,0.03740306847030133,4637,None,CBAM
270.7040542931095,0.5579433352954026,251.76880472628244,0.9019522008686209,4638,None,CBAM
228.17606780886405,0.5150090385180581,274.5733167641792,0.5408803092070055,4639,None,CBAM
184.4517610214219,0.06389550212167525,377.68635863270737,0.5752049528248799,4640,None,CBAM
207.94479423476156,0.15525600934234499,87.55002790845128,0.17619550010740542,4641,None,CBAM
231.09703768336254,0.9577180245516322,112.86104733809181,0.16703586425510653,4642,None,CBAM
175.23466213549523,0.7796207380370062,348.17277855272147,0.8943320811630748,4643,None,CBAM
42.61530814406115,0.699397459353114,234.5814869206966,0.046875866792712606,4644,None,CBAM
113.75649501880235,0.36634872876553487,123.18941947540254,0.16076573587334306,4645,None,CBAM
94.97980576955581,0.06326571344452821,184.66320753799278,0.8424331594365677,4646,None,CBAM
326.4790712895168,0.9363708063108963,214.66158356043158,0.3924107199290028,4647,None,CBAM
242.11501759267304,0.4990255680505584,210.66219842526635,0.6316285090157394,4648,None,CBAM
161.13693525860552,0.0927901826629173,16.85964645023247,0.28282566761075767,4649,None,CBAM
229.7817338170835,0.8617491728070235,189.1786717022711,0.3707117410607725,4650,None,CBAM
283.5524720883174,0.8666368132196607,233.45072793924268,0.9690516782606311,4651,None,CBAM
212.0294240025887,0.8385082333474527,237.17961985722144,0.4141116773176027,4652,None,CBAM
133.7900562042079,0.9856557827453566,45.89527700324221,0.7976087517173212,4653,None,CBAM
69.41018455518346,0.25725784142108654,105.96803549513909,0.11026995121930795,4654,None,CBAM
196.7943909492529,0.7531105031267581,326.991439542786,0.9049376253310765,4655,None,CBAM
386.93470730978265,0.19962612435574265,104.45933443327446,0.7673081998717378,4656,None,CBAM
88.14739034122141,0.9707593082388895,380.35767176522506,0.9984865017253621,4657,None,CBAM
57.444533346895156,0.38850835470877715,206.56095842123867,0.6088055776506096,4658,None,CBAM
196.26058104189102,0.6949368939894108,248.65454904541937,0.5083290470933632,4659,None,CBAM
67.53241312256587,0.895072104076073,395.0892244343841,0.43033449480255315,4660,None,CBAM
140.882854411656,0.22233721286965866,291.35683429541405,0.8063402363140899,4661,None,CBAM
303.1626147265659,0.2762673830529873,285.60294333989987,0.13018583055376196,4662,None,CBAM
162.62309721779658,0.7762018426584972,357.80376899243976,0.558196122486096,4663,None,CBAM
70.77552992295062,0.6587819109424801,276.6475128292863,0.70648149808431,4664,None,CBAM
59.061334300829316,0.19512428536113458,147.006659627962,0.8346449847783919,4665,None,CBAM
293.26002581512455,0.5081936858803591,71.3648213515736,0.6436595111679193,4666,None,CBAM
319.4419229733259,0.8585326978763179,148.18972367521783,0.6972882660029305,4667,None,CBAM
235.88923456778997,0.12987636301285277,173.58506454817123,0.5234828674675788,4668,None,CBAM
251.8402325734316,0.6401108248924092,7.069640966836334,0.43064831980511886,4669,None,CBAM
68.24628007119968,0.06768914976914399,355.574417931637,0.35386048612222837,4670,None,CBAM
110.90841763608049,0.14927911668748167,344.18925838293177,0.40823961209411785,4671,None,CBAM
370.0118237200692,0.844109273579749,221.3856346666553,0.8851308087994856,4672,None,CBAM
216.33190794450638,0.39164737525930027,237.96768942706032,0.9825437090160629,4673,None,CBAM
248.75374981040812,0.1862077931634449,365.4784610609623,0.42263953379676417,4674,None,CBAM
241.68690486963098,0.27711714265459236,374.84757856053074,0.5964626011098764,4675,None,CBAM
62.40164541519273,0.19784110457523243,222.46362062896944,0.3891249961200666,4676,None,CBAM
131.6399333431296,0.7268815145677703,264.6999384087099,0.9623379314370903,4677,None,CBAM
31.05212805045965,0.7590598003492426,30.533528657023766,0.14669162289751575,4678,None,CBAM
331.4620343473201,0.10959630551470856,218.1879545905741,0.3505180984686189,4679,None,CBAM
289.29879079666085,0.20469303854630735,179.19137885033174,0.37028026895929994,4680,None,CBAM
193.0499797897633,0.2781231717122464,343.0150606349383,0.17235649082707202,4681,None,CBAM
73.25596449811779,0.37463917347727854,202.9884869930863,0.23630540563282398,4682,None,CBAM
244.89492583410342,0.7303050822692115,182.5205608337254,0.31329826539534955,4683,None,CBAM
139.1032064656412,0.8151019494904519,353.2677325549947,0.5647673045699607,4684,None,CBAM
112.58792206880983,0.6040201198717733,220.7589316249079,0.23203005837788288,4685,None,CBAM
20.784259000670367,0.6764134200326473,71.524600869412,0.28762085011460853,4686,None,CBAM
280.35185979265214,0.18105577200584047,372.3084544121197,0.2826672910293361,4687,None,CBAM
251.55427980142954,0.9051830831384546,330.81701125456044,0.16130238512048425,4688,None,CBAM
27.879595652673622,0.6548773646176465,15.297853001146985,0.282323704197334,4689,None,CBAM
237.6221657736342,0.002341038248257843,333.12077408826246,0.670835559632043,4690,None,CBAM
134.2780752666372,0.5769643693155834,291.55323002351287,0.896423584868703,4691,None,CBAM
264.3077708705608,0.42972592712920166,176.99757117837015,0.2978427299924547,4692,None,CBAM
141.8687234766018,0.24974072375646358,259.06550493017596,0.5521206506225188,4693,None,CBAM
193.20181758913822,0.341648235144168,238.56116472709581,0.4900614313757441,4694,None,CBAM
374.83939004713415,0.17626402775167346,394.43862859522704,0.9999698627504485,4695,None,CBAM
105.94048498737733,0.46513677284963134,351.54258117079775,0.8986056663262322,4696,None,CBAM
112.49843588473357,0.9138085534467424,306.1108227693504,0.10387082264681953,4697,None,CBAM
362.9283213575134,0.004234374518285714,121.58213514412257,0.49825031675108644,4698,None,CBAM
175.00698840223984,0.5163250317311056,142.8143923798454,0.18389885275101991,4699,None,CBAM
1.151888054608059,0.007653920215667122,147.6563197564041,0.7483776396039903,4700,None,CBAM
166.6227195355775,0.2990821276657642,255.85143381305878,0.211827211666459,4701,None,CBAM
180.05554300725478,0.6904210973513654,225.6678117579634,0.8911600075911602,4702,None,CBAM
56.86628754763605,0.5767704118480192,376.6921761902039,0.28185645024590106,4703,None,CBAM
375.34793868996303,0.9150020156917658,171.1602447118845,0.11719246695237545,4704,None,CBAM
22.686383617609053,0.5763462372501398,204.50992233974029,0.2667562797240938,4705,None,CBAM
131.5117110461789,0.6493835342663501,96.94092160217562,0.09695042216871799,4706,None,CBAM
263.43336422366417,0.5437967372449525,292.18158645830374,0.2595246794193977,4707,None,CBAM
381.7287152862137,0.3604738196136077,347.4317067887685,0.3370287962801191,4708,None,CBAM
2.22172912963999,0.09964308522722184,71.46326249641359,0.6800654060174777,4709,None,CBAM
302.43081448238604,0.21371629870686645,386.69372836620516,0.7664846309971896,4710,None,CBAM
324.1345398159834,0.49493244103690454,68.62276865860264,0.8460383971652261,4711,None,CBAM
99.15654019411063,0.6943351636979426,200.8031066448827,0.18362022225918553,4712,None,CBAM
276.436858411621,0.34793474066127544,149.08501074358531,0.13379908551410433,4713,None,CBAM
143.3715036236216,0.484008231770515,82.22623683602207,0.48609692758698086,4714,None,CBAM
183.34842906216258,0.15249739700729956,263.1756019617271,0.20258445544000522,4715,None,CBAM
191.0284046494262,0.7000857256497947,71.68977065738777,0.7103110588365631,4716,None,CBAM
243.81139924527,0.16727979821587957,145.33802648427192,0.3447550795465933,4717,None,CBAM
163.92710192224607,0.12401903379589187,322.29536692815606,0.04869104467494052,4718,None,CBAM
110.46378473151802,0.1844113056492686,201.02749159564596,0.08165913236202162,4719,None,CBAM
324.41619576723133,0.33420900831887507,332.95332660304615,0.9815692336186224,4720,None,CBAM
328.8510905325778,0.777482123379755,279.62068109550813,0.9515493293051882,4721,None,CBAM
153.50745443107002,0.4366426751436352,186.6627857141186,0.8375754002074711,4722,None,CBAM
201.29304095552126,0.4650205716900948,158.22483355379035,0.4903626650376646,4723,None,CBAM
194.89585812600353,0.15258265162725212,203.74993381933336,0.3394633494080857,4724,None,CBAM
11.952009833218911,0.5906543056711155,171.55145826031156,0.1002991454223378,4725,None,CBAM
21.14195811881377,0.6361827036781652,42.15890706892379,0.6817964501841159,4726,None,CBAM
275.98848234343046,0.048463513495654024,208.71849816254363,0.07980097860348843,4727,None,CBAM
235.48227096639818,0.011598968022191895,22.27849240648635,0.45416425356397216,4728,None,CBAM
297.9749669572538,0.007321382667679007,179.70027190163432,0.46220171085493494,4729,None,CBAM
123.4480211812712,0.4785657010411006,122.36368222874385,0.2663860443537365,4730,None,CBAM
121.8060235604235,0.5726470307747918,241.1967912564569,0.6007340113088641,4731,None,CBAM
157.20944000814,0.972859022803289,321.32104083403215,0.931568089353937,4732,None,CBAM
285.9506573113162,0.29099076766143916,146.09739192518992,0.9217474296484642,4733,None,CBAM
200.84912706210574,0.24556816472552703,61.87243964682815,0.08901834621867193,4734,None,CBAM
279.83787598148433,0.6512712905447089,356.0191276532376,0.6059923000252548,4735,None,CBAM
340.7056672376993,0.0727314785803662,106.3651190281489,0.1578148853101077,4736,None,CBAM
132.79298469337465,0.7540965303753502,195.2001391209969,0.6386879718349165,4737,None,CBAM
192.15310228419798,0.09015714097988245,147.70416415216852,0.3066633036360916,4738,None,CBAM
214.44598647797383,0.7183466982518361,303.0759086039864,0.7600499054693085,4739,None,CBAM
188.91168779353526,0.06104732104953927,302.48558100290654,0.7444147056167543,4740,None,CBAM
216.79600088798136,0.5575090387735047,259.89703171831053,0.49316729635082934,4741,None,CBAM
68.42153021068022,0.15156764654496252,65.01180164450362,0.747679948378148,4742,None,CBAM
246.49104153564184,0.5609171156003138,121.65648135471463,0.6822456417435575,4743,None,CBAM
378.2591430535558,0.9186572524612319,63.057793524948735,0.6985992888959781,4744,None,CBAM
292.28642635782563,0.8686432912879783,154.48132336025563,0.08636116449611389,4745,None,CBAM
151.9380417905196,0.7106657458325928,74.35129654714773,0.9795752029576656,4746,None,CBAM
133.89751958795634,0.2706499163996377,370.68992647161633,0.3641079474183439,4747,None,CBAM
147.91862523631622,0.07285470962026587,365.3459231198608,0.919803874524515,4748,None,CBAM
15.257879940428662,0.45084251367832395,382.5500356177438,0.010279424590140725,4749,None,CBAM
165.54365978287095,0.6182055453381047,288.3919247554391,0.06834343714002539,4750,None,CBAM
363.7398580465098,0.014057137296057258,19.61930868455789,0.9612341976457711,4751,None,CBAM
4.659588541294218,0.171143383179096,374.10817560553045,0.7066252555059229,4752,None,CBAM
388.03099875066647,0.6118869045453019,260.5897068145259,0.5016773066584558,4753,None,CBAM
368.06576068350915,0.457776868273844,96.50322839874521,0.9486924668630657,4754,None,CBAM
108.15978879584193,0.7963929251967475,358.8805672385246,0.07325922413141582,4755,None,CBAM
368.5028633189827,0.06038506242251764,295.8699629214744,0.6600878164607131,4756,None,CBAM
357.72267677026616,0.6675675477141791,168.83042382738412,0.9606380729908551,4757,None,CBAM
289.63401618853834,0.25582370527383164,212.15474640682865,0.05059070383354307,4758,None,CBAM
68.09930610503075,0.6083074671932459,363.4909378764032,0.1396275573829235,4759,None,CBAM
51.59803090481332,0.7505396551574331,235.32381489243005,0.7599143990927472,4760,None,CBAM
181.67710854017875,0.7550353568378366,119.83579194911962,0.4089386204007903,4761,None,CBAM
78.15720982403622,0.29789829200451234,284.2712437047036,0.5763170963157135,4762,None,CBAM
28.633150611782632,0.2500762603810314,188.36505910105134,0.313519835772467,4763,None,CBAM
108.60632185454313,0.22910347840345321,188.90106967205162,0.42437729289841697,4764,None,CBAM
278.4785768273297,0.19264655596069535,45.649073371611856,0.21204978576583627,4765,None,CBAM
71.11151469656612,0.39890558169956275,365.02274349683745,0.7891527097808542,4766,None,CBAM
117.85376039458642,0.47623109544384434,376.07727451351406,0.34965903355598354,4767,None,CBAM
228.3200117467731,0.19318976565083495,184.15821754140407,0.5612309682019433,4768,None,CBAM
39.52828860565508,0.5284411908684539,144.54073134760205,0.7910299716263414,4769,None,CBAM
135.40546069745162,0.7343855945773119,154.04544469194258,0.013495623123224285,4770,None,CBAM
287.3949558031596,0.8763558887514942,158.5358106522945,0.11332240370652692,4771,None,CBAM
86.17253518721579,0.2894558112061334,86.17997785207768,0.3868984284400362,4772,None,CBAM
144.92413696953523,0.3053671628822679,368.6756259779903,0.6233697760523995,4773,None,CBAM
178.03423805282785,0.05421091222191272,315.2234486231437,0.02162507195282836,4774,None,CBAM
324.3371297144333,0.8305841136001026,49.15010675485585,0.44025873408004235,4775,None,CBAM
234.42248419426446,0.8338655937297719,220.70935128611015,0.947183573834546,4776,None,CBAM
79.10135243372804,0.2525165203154111,252.65626353700864,0.258613546856201,4777,None,CBAM
37.21486235140523,0.3059540518180199,26.31619100444284,0.5399807799145716,4778,None,CBAM
87.92321429313323,0.8722202886677238,270.9401578661207,0.9480196701141175,4779,None,CBAM
203.88845869130301,0.051685218818471594,306.1676558400842,0.7359859504238999,4780,None,CBAM
181.6016697207126,0.9405580630425457,265.1758299935387,0.05239571765902092,4781,None,CBAM
18.0136219470457,0.8482684313776978,169.84510204199498,0.8371064609592528,4782,None,CBAM
60.98246371804564,0.3877173316360162,144.5010670711295,0.5233574789723606,4783,None,CBAM
102.66746395364821,0.02206521145882802,29.141030072592848,0.6675657391976025,4784,None,CBAM
372.7383110392407,0.6160363041395516,244.41559938120966,0.6827915715619312,4785,None,CBAM
376.9651813704223,0.8451778561900812,263.6128868719634,0.5853688007163314,4786,None,CBAM
336.6339955088597,0.4675511092206506,42.7087598931528,0.17726302704498195,4787,None,CBAM
309.3669518244073,0.4669170301564963,49.71937679824535,0.10665129293110849,4788,None,CBAM
140.64369082388816,0.49467492198826346,386.99380579224834,0.47012943561136666,4789,None,CBAM
24.1256170708944,0.1402394178905029,209.798004554332,0.6267723446535793,4790,None,CBAM
174.03618585028283,0.7674331434050294,276.34596107731943,0.2027580398525854,4791,None,CBAM
33.47815306924461,0.9953163660137302,220.57834422577423,0.44455065773038277,4792,None,CBAM
18.157619684465672,0.8590625944919668,208.97025809510964,0.6041259230597048,4793,None,CBAM
397.4102027461951,0.4143884772006367,39.20050845381474,0.8702001925103839,4794,None,CBAM
136.87804364698763,0.634027476729504,87.79712729984104,0.6150176104869852,4795,None,CBAM
367.20161212177345,0.16684142832649934,389.4544061590212,0.8246512423387501,4796,None,CBAM
348.5891353477727,0.49141095887847674,130.7347115557564,0.5273956418873523,4797,None,CBAM
294.30821094236916,0.7117400980134875,89.52841591377563,0.5609436323451983,4798,None,CBAM
294.0438415171346,0.8779169153643044,301.02420334473305,0.43224374304493135,4799,None,CBAM
98.84206507705478,0.7613675947686039,164.9675049198722,0.49491890928817844,4800,None,CBAM
74.10969635596298,0.6684413824879416,67.38231706744232,0.926078998930185,4801,None,CBAM
203.0103945832679,0.3544789699773058,168.0188026044528,0.4253779932745163,4802,None,CBAM
354.8018533631395,0.054857690790054946,25.458004812663475,0.19631276882539495,4803,None,CBAM
135.4556959318763,0.6071934574890194,377.52825056887275,0.0003431996666167472,4804,None,CBAM
35.13142185062381,0.9523751797925174,187.5847572349256,0.5933373832042426,4805,None,CBAM
374.4383874936388,0.4790461857236568,121.32632910022778,0.5168865165427692,4806,None,CBAM
77.10134640000206,0.7423270167278833,114.63591692353239,0.7197421973811071,4807,None,CBAM
138.5384487455361,0.03502331230796066,196.6090850185164,0.9306298604385638,4808,None,CBAM
112.53650861944948,0.0005225388671263898,114.74156645089894,0.592227121647856,4809,None,CBAM
396.7475952659794,0.761269037189173,319.5416960201864,0.966305724283347,4810,None,CBAM
378.99744351402074,0.1302580025491101,64.58324200498976,0.06107505892406564,4811,None,CBAM
156.1306280319569,0.48386443897633924,359.11176373001405,0.7095138766209699,4812,None,CBAM
373.54612440591825,0.7080095399494346,248.3565685015566,0.33341394427386145,4813,None,CBAM
375.2695153643776,0.773988487884396,189.0627203289896,0.13670796157926499,4814,None,CBAM
320.1172427040249,0.05949297058901545,226.3802012732479,0.6656343204229026,4815,None,CBAM
80.41807151978371,0.23409382658683986,348.3226535055755,0.35063176492063985,4816,None,CBAM
358.6994284888732,0.6963691720154489,374.95778852420983,0.2559972345803987,4817,None,CBAM
36.076376123357875,0.24823756372628508,288.21149981218525,0.6688090886626332,4818,None,CBAM
305.7342294554262,0.9773597557925638,397.17829937616784,0.06749722627876928,4819,None,CBAM
300.6343796092544,0.9097808214389613,276.5165232630072,0.8747923981462867,4820,None,CBAM
329.65628851225847,0.1320970128326687,11.775549011924634,0.5383149621957237,4821,None,CBAM
115.04212150351152,0.6405126028446849,220.08575870782306,0.5343651721149881,4822,None,CBAM
104.22071832828188,0.1253863269370353,1.7345503553176382,0.526088554918291,4823,None,CBAM
147.2973397482721,0.7184079227608129,368.02443951394827,0.5044373341212735,4824,None,CBAM
322.81943182196875,0.4340946205631159,17.488560592730327,0.7014565654690353,4825,None,CBAM
369.2739593594414,0.0751400172015711,17.80149618766379,0.2933075102170027,4826,None,CBAM
378.15640988981005,0.34514447537766185,66.58764689958481,0.8940965086527402,4827,None,CBAM
156.88309457299562,0.30659806490942626,395.48900813232456,0.28782879582851834,4828,None,CBAM
177.64299502729685,0.20164330764725916,44.165118701182685,0.5366611101184433,4829,None,CBAM
240.14328353828677,0.3675646969120098,368.055443720048,0.10913137658357483,4830,None,CBAM
74.31833450476665,0.5681041493172517,18.635496421681957,0.1964544537689038,4831,None,CBAM
158.97303778101136,0.5259636089076406,122.15514805325856,0.3211563445820602,4832,None,CBAM
345.46277775255487,0.4263326787627587,15.780362572156376,0.05611573084057628,4833,None,CBAM
25.49790768045228,0.2485562659270486,167.44695149938323,0.6726803685665093,4834,None,CBAM
365.701714489909,0.1922911252159641,263.952416120338,0.11017340863209073,4835,None,CBAM
390.96396709472685,0.04544168479534706,110.29762157436001,0.3827374080792453,4836,None,CBAM
146.76961033432644,0.31430634128430257,352.9198349595339,0.32918189002442455,4837,None,CBAM
284.4502936500028,0.8487522114136167,322.3400166303485,0.7192241952042214,4838,None,CBAM
94.19840452290254,0.26299930857816234,80.07201517267895,0.24245341574776078,4839,None,CBAM
75.48812720272693,0.8307043147559054,201.38346501125977,0.9766819657725535,4840,None,CBAM
372.4937579569672,0.28227588062077213,242.18081740861078,0.3316731629846438,4841,None,CBAM
217.09008124295823,0.4241161611866253,282.3978959158117,0.976713656482184,4842,None,CBAM
68.83341233893941,0.879584247922989,246.419300022519,0.7044711684223615,4843,None,CBAM
81.23962838569359,0.6426858411165001,396.8178188339362,0.3203048212839053,4844,None,CBAM
224.23789872099834,0.153323576990829,91.79827454008954,0.9668628832266738,4845,None,CBAM
251.2574514034661,0.7410394639811023,361.05183677810044,0.7758269461082756,4846,None,CBAM
93.81707134386352,0.8500861081838246,18.901198244199822,0.7956832255208939,4847,None,CBAM
374.28135074987483,0.47248370879720475,33.19832128143238,0.561920247138367,4848,None,CBAM
123.86151615738805,0.2449942031449686,211.21706161689403,0.7132156407184234,4849,None,CBAM
22.183138792001763,0.8884785796681299,277.6369066966959,0.5823303470505483,4850,None,CBAM
53.065494542772264,0.5540025860416757,116.19489419195341,0.030110911513674832,4851,None,CBAM
223.36119909841287,0.5217428988673469,344.10518715901605,0.08537553314755371,4852,None,CBAM
301.08114194679956,0.14891397347707103,245.7829780845052,0.728127078958358,4853,None,CBAM
75.42980381986075,0.6346773974489495,335.80953945611657,0.44105092389090883,4854,None,CBAM
240.4087489820868,0.325759202672567,319.6810135061372,0.6141560676580838,4855,None,CBAM
141.27708341374364,0.27080527693320333,133.40825673018736,0.4017090254486751,4856,None,CBAM
273.3430802927558,0.27498801672121204,167.6883687806272,0.5579590792025063,4857,None,CBAM
106.15752628403949,0.31953532024662873,46.39662478975147,0.658308002687975,4858,None,CBAM
285.60741278641046,0.7969447668117005,154.7555207431738,0.10183158646520571,4859,None,CBAM
277.84828549333116,0.43448405839300314,93.57273629790814,0.07103350278059802,4860,None,CBAM
118.57777198565036,0.037753373166710506,396.60781094172194,0.24237677904854574,4861,None,CBAM
141.8154004717113,0.6306750802403691,26.396184153760814,0.9672807912362146,4862,None,CBAM
195.4571163806014,0.48095888438939255,320.66564394758785,0.055988678082854564,4863,None,CBAM
58.098971921612105,0.24723335225358373,389.22481915082824,0.7189793555613877,4864,None,CBAM
131.29828580515584,0.13335062306542,100.96248434836677,0.7894675058057593,4865,None,CBAM
321.400412105771,0.9499737540315845,257.8379368083541,0.9124327545316949,4866,None,CBAM
238.71034757584496,0.432151485291039,315.3111516413468,0.18888844664376575,4867,None,CBAM
240.90340628798762,0.8296813392618247,292.6150359480974,0.21232406116230765,4868,None,CBAM
52.592379126106536,0.9250240800008391,274.25520934688825,0.43797051382271274,4869,None,CBAM
304.57126878669,0.9010072578653497,41.48103440017305,0.42281459928137566,4870,None,CBAM
238.97774408971753,0.8141491634691012,313.8979615800284,0.7372864207570436,4871,None,CBAM
300.9449319005335,0.017131464724276596,52.143575525650576,0.26574425013593345,4872,None,CBAM
388.1587789217478,0.855153016970106,368.4289234582036,0.2899448565045466,4873,None,CBAM
250.41814734739341,0.371885015623396,215.1760823502662,0.17022413097227773,4874,None,CBAM
95.05308697247722,0.34785147828751406,62.3072918031761,0.4692829419747977,4875,None,CBAM
104.76669362177888,0.6801875655030358,206.946777153473,0.4549469741762608,4876,None,CBAM
366.42419041740004,0.6822779589634702,265.53535561875975,0.888552099830947,4877,None,CBAM
206.34000623468586,0.41201307664218906,378.3128083438983,0.9739300370125088,4878,None,CBAM
134.62051491571026,0.1615955803916222,261.58984460877946,0.8244688116555077,4879,None,CBAM
42.23817164474211,0.16706061732831348,204.9969950524078,0.5751981087589587,4880,None,CBAM
258.9824603438584,0.418574916063833,245.90672972075174,0.2584665555980705,4881,None,CBAM
206.69923873911677,0.49690550847380344,165.89553518714663,0.08074107840716135,4882,None,CBAM
164.3954857888264,0.16625211299562126,350.4223461596957,0.15823372499961405,4883,None,CBAM
246.87568867325012,0.5826135865119453,347.5193886127309,0.461650657331347,4884,None,CBAM
18.494461099787763,0.733213026644508,171.71950356805817,0.7324634842985542,4885,None,CBAM
59.49613466270264,0.22242030584026895,90.23086326258452,0.25960492198877017,4886,None,CBAM
75.88171292677409,0.27723624712966166,305.65913751168875,0.21297196329216436,4887,None,CBAM
278.2531527124925,0.8784499978261824,91.11542004606783,0.942562049112174,4888,None,CBAM
42.64744574594529,0.0055073319467637835,245.01616605793782,0.9619726447101753,4889,None,CBAM
120.45499258038932,0.38725610446883857,200.34457414335537,0.2009277603442599,4890,None,CBAM
258.7001814556084,0.46604841762115884,56.23605627523134,0.8931419410422726,4891,None,CBAM
229.83944501851164,0.8311654482312492,21.66755837546773,0.48751054052785797,4892,None,CBAM
185.13273296626835,0.762901876544673,150.71785065866268,0.5311551336399084,4893,None,CBAM
25.544691460026186,0.8517992242854122,194.73101289652743,0.47144903694460377,4894,None,CBAM
196.75700980543778,0.030593228976000537,5.036152827003041,0.395373776243882,4895,None,CBAM
28.465719900142734,0.6519179136218042,202.8757232867735,0.2454348353711858,4896,None,CBAM
168.03655885244353,0.7913504954561689,220.45892830988666,0.3029339136495814,4897,None,CBAM
230.67796703997416,0.6487225598915338,380.57346134876735,0.8908076979587444,4898,None,CBAM
256.4494959600969,0.48167603451135577,276.26226118365673,0.013256252381427407,4899,None,CBAM
136.90812641165684,0.1169778103073781,188.25701229585738,0.5858826751201939,4900,None,CBAM
84.14705552914974,0.3227120837603667,331.19261989865805,0.7198480504595635,4901,None,CBAM
252.67447630688432,0.6786640997983248,66.01351596069796,0.6116802245280238,4902,None,CBAM
124.12668483057551,0.35740425812035065,302.45904558820934,0.2959072539208509,4903,None,CBAM
11.169881984250809,0.8534687741393125,338.28349868523395,0.12232051566708359,4904,None,CBAM
172.06791903354016,0.6555094276345157,378.66959322234777,0.6996121920160273,4905,None,CBAM
6.673435714838027,0.13217631735612603,273.74374229587363,0.9572838865784018,4906,None,CBAM
386.2749311345454,0.9431768529241629,217.4191676902867,0.5723634286222075,4907,None,CBAM
209.84243107156067,0.4071283408125585,142.16457927410605,0.5993912968946237,4908,None,CBAM
290.5109364150801,0.2835066079610987,247.972325642476,0.2728328306350301,4909,None,CBAM
191.15694442670443,0.8224296964764451,68.42145775098409,0.5104954690148642,4910,None,CBAM
100.3175427504186,0.040638937760783235,63.72224046771504,0.3883226343523668,4911,None,CBAM
225.66857592779016,0.484439356562006,386.61292265180083,0.577019866317857,4912,None,CBAM
109.05879530511658,0.15754031646167196,105.91469955026437,0.19881438004275528,4913,None,CBAM
122.87222441125701,0.42574374894143285,198.24080651085046,0.27117185155543044,4914,None,CBAM
156.4398123198744,0.4343750816168186,51.103229879789936,0.7230843890807589,4915,None,CBAM
384.94655545763607,0.39490258544426843,24.163615544680194,0.9121082710622113,4916,None,CBAM
138.1847383564448,0.35371192119773814,23.270763062921223,0.9902198896402501,4917,None,CBAM
373.01252448151973,0.9760434739268051,18.04526431107501,0.9246350707217657,4918,None,CBAM
91.73238953446958,0.8811254626178483,19.38138865596695,0.2714066498593449,4919,None,CBAM
159.832812159114,0.2658165133108235,268.33876778031606,0.5298133890247774,4920,None,CBAM
139.2142011229641,0.0428257890896504,184.46220396348454,0.12743190829621717,4921,None,CBAM
249.5068545097487,0.3905919084801445,230.2884347685986,0.7950273913067886,4922,None,CBAM
256.59700876497624,0.7843315293777106,178.91871448936854,0.665449259328012,4923,None,CBAM
47.53376310520094,0.15135308260689007,144.96253603800474,0.7225144832173116,4924,None,CBAM
395.36628097729465,0.43678780044054777,192.08211924049806,0.3100576314604783,4925,None,CBAM
389.55422355563593,0.12264409992796446,289.1042561735366,0.1897240414427072,4926,None,CBAM
34.5199516194008,0.8553803093368009,204.94080197597114,0.5601551655367639,4927,None,CBAM
290.7813844651886,0.3656424406534355,235.8512324922561,0.15150932107813084,4928,None,CBAM
13.390449792155984,0.9804849801715888,132.4472106820992,0.3483237432475424,4929,None,CBAM
120.4972294458327,0.1032433394201013,288.2596619576205,0.41130841581397154,4930,None,CBAM
341.7679115771878,0.24281040360841485,92.68329690703379,0.547313436846125,4931,None,CBAM
375.1779468735021,0.3181726127893653,95.78598366236302,0.5160838586200259,4932,None,CBAM
235.94766900367236,0.9779981017032445,221.50015772812884,0.5671953115741596,4933,None,CBAM
9.663439616758907,0.7668419024960059,162.6522425313446,0.3916838365880207,4934,None,CBAM
22.39140085960459,0.42734855713306996,9.800741408511387,0.8262532450129666,4935,None,CBAM
385.03509898831527,0.19834370152901903,304.115960234719,0.8386155070718527,4936,None,CBAM
298.06142876203955,0.3193959528770273,339.31498517268494,0.5320405167051374,4937,None,CBAM
389.1013268759428,0.3992899963044568,330.6502230515405,0.08850806979072025,4938,None,CBAM
128.85217840056217,0.6936420409066192,81.16467014815932,0.16988112028814234,4939,None,CBAM
60.59368451749173,0.11902455346142427,125.86950617267006,0.33953263110594956,4940,None,CBAM
9.72278055289778,0.9445890047955632,125.16576679158918,0.623433261686815,4941,None,CBAM
3.4065394646596836,0.5705791362213666,86.14398338900442,0.42454091488243156,4942,None,CBAM
240.36287627865906,0.6184556175314899,2.5102821646692837,0.5926411493860553,4943,None,CBAM
101.5987855338242,0.9339937271166214,90.6861856784313,0.8532843807362477,4944,None,CBAM
126.61337552357072,0.12940532905997795,236.65021920349162,0.7853723274126162,4945,None,CBAM
398.799431696212,0.47876254442763766,89.20831327220056,0.5207173160281418,4946,None,CBAM
398.9239029358758,0.58562836766586,391.1177327848863,0.41039433765843164,4947,None,CBAM
40.87545975243303,0.0517145352847802,242.24431111493456,0.7786452541038777,4948,None,CBAM
151.6958121101501,0.36664993944433,88.14330899967136,0.4197294491414987,4949,None,CBAM
292.13344178539035,0.7925747589572876,28.20618839562357,0.21288780022257042,4950,None,CBAM
17.836465643943537,0.2591959278392002,129.25351814417672,0.579493022632399,4951,None,CBAM
314.3155528604472,0.5950993032505741,318.0195114402163,0.666694293406223,4952,None,CBAM
64.14942717935386,0.2267853183026684,148.90167410361923,0.7561112096051685,4953,None,CBAM
190.5019617472416,0.4298335879390905,257.47388507976467,0.1541760642792785,4954,None,CBAM
396.4439531170242,0.9636314378647834,147.08304530777994,0.8825324661597077,4955,None,CBAM
300.49281599061055,0.569359014864141,46.845028977461986,0.4819229602785074,4956,None,CBAM
245.1327553367467,0.7794488662818697,149.00968527488527,0.364723948706733,4957,None,CBAM
204.25890772644757,0.034656878978683865,81.61880518368524,0.5522623953938123,4958,None,CBAM
80.72124450434724,0.30241561004533135,331.08072224390554,0.5899515021867036,4959,None,CBAM
398.6215321234425,0.8522705544535238,295.0815530637108,0.33688664429396814,4960,None,CBAM
98.64895341593812,0.7179154728468756,323.51506523858654,0.08565269418344996,4961,None,CBAM
135.37499545179003,0.22192674279089622,334.2146484251037,0.5292146309919156,4962,None,CBAM
92.65135354519497,0.5041818333297714,60.93812088270161,0.6102166081098407,4963,None,CBAM
190.04941161875433,0.03215641374981738,238.09590398619056,0.7209453702268406,4964,None,CBAM
54.694314105893895,0.3577714139417379,276.5447960776839,0.01644312367782608,4965,None,CBAM
43.229553693674845,0.26758637421897613,25.325291107433657,0.37484622408893037,4966,None,CBAM
399.2107550377107,0.32870159997529097,248.84454368875143,0.7154365412731215,4967,None,CBAM
14.331860908465474,0.42169089551318184,114.190616754462,0.05930074378693053,4968,None,CBAM
87.33819003608802,0.0025436229542896874,297.56178229303885,0.17091113764425694,4969,None,CBAM
261.0106219755012,0.15859668995176252,93.64051325678435,0.4501954067166249,4970,None,CBAM
69.16624536810406,0.8071522287922668,254.5005265420626,0.12647234642255364,4971,None,CBAM
144.13904087187032,0.035276628631478846,284.7248889144486,0.9162198012222724,4972,None,CBAM
82.72218405063941,0.6915779650087206,249.24656496479014,0.43830940042334504,4973,None,CBAM
230.94269433544216,0.46443821981999406,68.9997909035579,0.07518833379518486,4974,None,CBAM
14.821550912958308,0.6073010024087986,347.7129488396999,0.4895833621467538,4975,None,CBAM
366.17399885860635,0.9618723843361485,192.63910182167737,0.03233402445137179,4976,None,CBAM
18.40000337588463,0.3996737965913807,27.80235586366216,0.5411222619268694,4977,None,CBAM
149.82090039479465,0.8943309709226642,288.1925712950085,0.10783663796543859,4978,None,CBAM
267.44626566124936,0.19294189571363735,31.346736239576444,0.750490257831898,4979,None,CBAM
336.12111413520887,0.09767570025778584,103.05911776387077,0.4137147665470333,4980,None,CBAM
87.44168234804145,0.16843780082626109,286.791230259104,0.9393745547382883,4981,None,CBAM
96.00519844314466,0.35301186479585533,309.92799857193603,0.08662958393983736,4982,None,CBAM
89.70106604608729,0.07957773056696515,113.67511602025473,0.7656012897061745,4983,None,CBAM
350.19691789137767,0.009986383164291878,244.64845953192565,0.9500491465038057,4984,None,CBAM
325.0753878627455,0.8100595829602265,193.1066320728301,0.42356111587749307,4985,None,CBAM
181.80431079757938,0.047989562658319745,362.9079164708348,0.7530837960297422,4986,None,CBAM
230.44732611904374,0.9687199504383626,266.7300185210679,0.4477554679937263,4987,None,CBAM
260.6720933078848,0.8841596817747589,372.8218813857477,0.04086092435737215,4988,None,CBAM
182.79018304817458,0.7267709861671763,125.05348104265425,0.9350810931303535,4989,None,CBAM
314.9516723414803,0.26255755443026657,47.84373545229168,0.7216770114977419,4990,None,CBAM
31.00118342665762,0.8531847390356424,153.42970496532502,0.5164287394688978,4991,None,CBAM
366.59995177439293,0.8029861467020983,22.97962712796258,0.12903411736797238,4992,None,CBAM
76.02091593675937,0.10032711581081265,251.03620343759238,0.6893570255168942,4993,None,CBAM
223.69603652926972,0.8104550145158221,64.8672700657547,0.06382159074248267,4994,None,CBAM
395.118478392405,0.6065422223288757,281.67138566590376,0.6067358202481038,4995,None,CBAM
74.73647409429522,0.46977415989329135,241.3280012736937,0.36707319162498475,4996,None,CBAM
32.78700527236014,0.12182537674711445,297.1497568617676,0.13135972145192842,4997,None,CBAM
189.15672415366998,0.6159755819492045,393.9160524927112,0.7368214576931948,4998,None,CBAM
242.43508248795803,0.9948163824208627,97.48063928987331,0.9651321526165159,4999,None,CBAM
62.88897356399703,0.0328244835407069,270.4971465738868,0.7223721318957306,5000,None,CBAM
141.96960613044652,0.26606927953258336,117.61505328661764,0.1266144636280434,5001,None,CBAM
371.6535461551835,0.8198754431574676,311.89092302378026,0.054415954155378664,5002,None,CBAM
78.5742043391689,0.0973231066816669,254.27984974815047,0.036364565256481775,5003,None,CBAM
49.445701105989095,0.6848024201784393,267.4303213516396,0.7292789457625062,5004,None,CBAM
93.04650946042588,0.9422887122599454,231.90628732518346,0.8874464813692455,5005,None,CBAM
90.1047227091063,0.30974755254248393,167.00211726661786,0.0907106640207606,5006,None,CBAM
343.09213328861557,0.45997783105985635,27.678240021071943,0.8664926334935584,5007,None,CBAM
55.08219702149223,0.04882153060427426,343.19525544821505,0.39626009127259876,5008,None,CBAM
74.06374528250869,0.11252585564124494,297.7889614963522,0.8680579857077376,5009,None,CBAM
137.78478653243783,0.36588716559839174,142.01771241422514,0.9182798451214598,5010,None,CBAM
219.52725102460386,0.46099073149464503,190.13454274106036,0.5678110617676891,5011,None,CBAM
113.81020777108728,0.8759222496714572,334.85363461391927,0.9952284729167981,5012,None,CBAM
10.084914431423263,0.5071338828921356,398.7105953825811,0.29625039341487286,5013,None,CBAM
165.4041849761816,0.8928375154946144,379.61155514118025,0.791322134541712,5014,None,CBAM
395.353396159631,0.98203500397714,151.2245338503088,0.42853498075889257,5015,None,CBAM
385.80530427296037,0.8455020133444929,115.2384283392496,0.6587310091009922,5016,None,CBAM
161.2107282217799,0.39575496357280276,283.45295358918065,0.646580288571117,5017,None,CBAM
294.67137945236874,0.7892979376383492,398.6756612873586,0.8972064603903838,5018,None,CBAM
201.52670013528584,0.6390221015682442,182.32511118978834,0.43261270932900014,5019,None,CBAM
259.17564444236257,0.8321681683898359,355.6996620564595,0.7475462240339551,5020,None,CBAM
337.4377157819215,0.7765600746640715,48.84610375840058,0.9661635135170272,5021,None,CBAM
32.31788175533707,0.45154730405434773,156.04857149227792,0.7682362104443294,5022,None,CBAM
66.52623196770847,0.5318286150907187,382.9752412126131,0.6213078811720364,5023,None,CBAM
208.85832004915449,0.7974995897957393,134.71976429621745,0.4215631400259129,5024,None,CBAM
248.94419627288258,0.8303604618514513,327.9917591019976,0.6048922596959779,5025,None,CBAM
140.74537847563568,0.8868503837015657,144.00775967592497,0.15476003149468096,5026,None,CBAM
111.34977821871466,0.16494200553904637,336.5522473947109,0.16455789216564898,5027,None,CBAM
383.40489452360697,0.26131158727334036,177.81808323030492,0.7375063635448265,5028,None,CBAM
94.26551329357335,0.5810819223419851,82.35993775086317,0.00788025421582934,5029,None,CBAM
265.9552190727525,0.7653725273287556,59.13570312093482,0.739231650670065,5030,None,CBAM
66.80699712576319,0.3429192900061324,139.1641434675112,0.9951157303358664,5031,None,CBAM
310.1196689777281,0.3349288340479504,197.8568858870337,0.8662942261207291,5032,None,CBAM
46.0063491006865,0.09569706605946095,396.1594212538082,0.7880324239538175,5033,None,CBAM
205.55919390344397,0.444374324977369,248.39984778908905,0.29919890938607546,5034,None,CBAM
299.498377774511,0.30259369892825355,22.957558261123197,0.203897135123337,5035,None,CBAM
318.5505050751689,0.9252241967403324,34.3683724339712,0.0771513179291809,5036,None,CBAM
360.3744613358185,0.7938000215812617,239.73907164571716,0.9968007151346466,5037,None,CBAM
154.09734836762638,0.17532982556274723,374.1716202107933,0.42344147603727905,5038,None,CBAM
363.0930845258992,0.2020489414082159,111.41276889517704,0.06639953565728567,5039,None,CBAM
268.5227590558531,0.10287722309900484,297.75479503396565,0.3492095152136299,5040,None,CBAM
356.89057152675684,0.9456253557413277,216.07925062030216,0.7757675580498753,5041,None,CBAM
387.88964915873964,0.29443232850963935,242.33175539698846,0.44411549151467306,5042,None,CBAM
220.20574344256062,0.2819662627816172,260.3324223843382,0.13191851008241495,5043,None,CBAM
332.8742454801975,0.33745213662087603,50.38153467481953,0.6397050024423304,5044,None,CBAM
65.63198463896516,0.539443868288451,144.08618373310307,0.21085781062501194,5045,None,CBAM
117.09163486628998,0.6531398011840228,97.2266231827693,0.9874639260438287,5046,None,CBAM
15.065160247100334,0.5775942083169006,262.7252385141826,0.4046304534807136,5047,None,CBAM
158.01920083505925,0.20555845636051037,239.3049421307536,0.7715645629153216,5048,None,CBAM
343.0667002126104,0.9806685823485378,166.52323867074085,0.0071727213320368546,5049,None,CBAM
61.00247660355831,0.38142171471522934,219.86799113223498,0.6555953999439347,5050,None,CBAM
170.88818140254605,0.8636506282254357,390.34726886269164,0.9390919265550988,5051,None,CBAM
301.4824865527002,0.03419772034752642,309.2984759588892,0.3380045130541805,5052,None,CBAM
28.255244334896375,0.35349604738204954,245.46328116189406,0.010772915094517362,5053,None,CBAM
383.68412488212584,0.025373729556795704,133.01345453883414,0.7144056927886097,5054,None,CBAM
11.07941550047531,0.6441673284215085,308.12907898375494,0.668080237039825,5055,None,CBAM
169.69948746623612,0.8698532756674259,283.17776667865843,0.45515557184901567,5056,None,CBAM
129.25622635883403,0.4062140052369762,242.67565169182254,0.7809689169504612,5057,None,CBAM
16.851404009116802,0.7792155591763029,352.7284703231284,0.0566432914738223,5058,None,CBAM
342.7639448563662,0.08263167058064523,131.12532960039042,0.6561894718140923,5059,None,CBAM
153.40639217545984,0.5742318811357674,25.813271086491785,0.8133783583946379,5060,None,CBAM
341.5964010342894,0.19356237300134757,228.8993748528821,0.7987701307015492,5061,None,CBAM
232.52927651160604,0.8000001854113032,271.85608608775783,0.23859448073605113,5062,None,CBAM
12.042218054693867,0.34876202835850506,272.6549308081613,0.9747311015063835,5063,None,CBAM
336.8917939175636,0.13432378446288679,137.50282620977302,0.3881248049163664,5064,None,CBAM
268.7907013433739,0.9085188641018711,398.8572179317965,0.2889849299579631,5065,None,CBAM
365.61346857079644,0.4975475676382692,159.84333204585892,0.5546111659112316,5066,None,CBAM
109.37036229089199,0.800685050135735,51.946257947995655,0.5257085731851666,5067,None,CBAM
343.5776583845992,0.8269668123962262,233.81504745936786,0.5796959345664644,5068,None,CBAM
382.9145854161568,0.6131255443404056,240.88768580197075,0.9159939681856295,5069,None,CBAM
325.4929966120719,0.16594213685242015,183.8300430541978,0.6495573451214631,5070,None,CBAM
278.54090142856705,0.5306579331388671,3.7195152004657257,0.7106317380358628,5071,None,CBAM
198.24438423781282,0.46494907587961576,282.6989095558561,0.26001138293304704,5072,None,CBAM
247.38738890397047,0.6407825563419006,91.73516492440037,0.9142927913898296,5073,None,CBAM
180.65163801302947,0.7256352020075081,344.5581426606601,0.8520873954089891,5074,None,CBAM
144.01386935005672,0.9424279445316603,227.07870604713557,0.8907113428833658,5075,None,CBAM
380.52084181888546,0.0065755828432446685,27.859980105404404,0.2368717273126681,5076,None,CBAM
304.10778800557046,0.6421568789973422,286.4149348716538,0.8956756158592172,5077,None,CBAM
56.90549632987148,0.17639411776317418,196.83708801744032,0.6488085629791226,5078,None,CBAM
69.49472445500298,0.43682625511015666,352.8208059353007,0.7624481442796637,5079,None,CBAM
105.17083183141698,0.24860888235746367,59.339162697221134,0.5654086018188743,5080,None,CBAM
222.15514685411938,0.6449987909891861,281.2262776179526,0.22753336982579947,5081,None,CBAM
331.79507883570545,0.8513316164459284,105.51422977883857,0.430109389658088,5082,None,CBAM
57.49214358540039,0.11672806931225692,177.4773466625573,0.40117879991284966,5083,None,CBAM
144.17574913659234,0.6658008437248097,171.20710779379877,0.8864164300210952,5084,None,CBAM
51.676618124379715,0.8810007610402947,115.64840882538059,0.5706117636893548,5085,None,CBAM
323.0522231695446,0.8606324022757185,111.16331385958209,0.6044794453269161,5086,None,CBAM
62.66061284120984,0.4934367903315354,206.46387591455658,0.7902337088972697,5087,None,CBAM
337.2292472166078,0.7806456245510683,37.13951227465929,0.06874851019213253,5088,None,CBAM
370.3821039621769,0.888884158920219,42.195124085316124,0.8158845677907617,5089,None,CBAM
99.73009655846491,0.9347820349067538,140.441423176833,0.9281553150357179,5090,None,CBAM
321.295711759799,0.15357566586144522,304.51471747444106,0.6237203081878361,5091,None,CBAM
322.9647876761775,0.9474258649969506,389.50630800609184,0.8471998360499449,5092,None,CBAM
159.52009216533796,0.9200968969789017,186.31800308348804,0.1323379536512537,5093,None,CBAM
323.53983253026814,0.32355896730656303,21.685670637927014,0.19829122615190542,5094,None,CBAM
268.26953527787964,0.6592423210029058,202.30804030879935,0.9094830700420191,5095,None,CBAM
255.41190613987314,0.26046511732101907,103.35530515207371,0.473214164101322,5096,None,CBAM
47.68087646460346,0.9123469340325029,310.5444558093879,0.6072976965138591,5097,None,CBAM
33.04442110702279,0.6954697471263066,55.764144793629455,0.05829944776178393,5098,None,CBAM
239.2511855309908,0.9002399895452408,46.728297643960424,0.6556632934452935,5099,None,CBAM
256.28569574421243,0.46061686854706824,80.32684281466821,0.6739774738568655,5100,None,CBAM
374.39553692821613,0.3466753416921367,118.93223376841095,0.012512624872820713,5101,None,CBAM
290.1624142208227,0.6454114687296184,30.920170991820644,0.9057047836544742,5102,None,CBAM
279.4509425049704,0.2933313224980616,218.34415137444353,0.5365807432926274,5103,None,CBAM
96.13433803224441,0.9564946604739935,264.7917608890243,0.4060988289725139,5104,None,CBAM
324.3680057666567,0.03206853265450323,188.93171787658815,0.1343703098660656,5105,None,CBAM
390.201727980165,0.40876503849681023,152.52940431673477,0.9828065519924826,5106,None,CBAM
339.86004938511047,0.24259882529746055,322.22235494145076,0.6569488077196695,5107,None,CBAM
115.00039523723797,0.18827528476777863,239.050692602238,0.7030949842912632,5108,None,CBAM
49.03526043089482,0.32211986909711365,3.2453471412133754,0.6238480107672167,5109,None,CBAM
41.510655225261765,0.11650854890722795,294.27879697731913,0.9772227160049426,5110,None,CBAM
3.9239574609331376,0.6275237864797151,292.79650885605554,0.7966080526676941,5111,None,CBAM
33.92886623366718,0.039634118366585626,226.90328194724705,0.1840918906107328,5112,None,CBAM
20.753535672822977,0.3064704374696202,334.15541908903793,0.7326475464145688,5113,None,CBAM
244.7622567663816,0.5900547226171468,394.11546267934915,0.8341563881896906,5114,None,CBAM
342.062646041437,0.5668259010414654,102.26890786668687,0.20663180909739884,5115,None,CBAM
390.8365139674111,0.7909049732870734,209.49280584129357,0.681251971653451,5116,None,CBAM
320.8517976454684,0.4543901677462874,36.613302997220224,0.948989870648564,5117,None,CBAM
242.55851369004975,0.5561345711449338,124.57921501153288,0.18713828810044886,5118,None,CBAM
239.22203200470932,0.5631111806319369,204.32712977378768,0.8018812281524121,5119,None,CBAM
326.236310943033,0.5935531517722418,155.91025436704845,0.0554631772808522,5120,None,CBAM
213.0484246768975,0.754225396473439,128.94544565112506,0.4956324631214847,5121,None,CBAM
126.27211308614787,0.20453910434773356,56.65584453031411,0.23911554183328915,5122,None,CBAM
198.3937961853164,0.39201167711745993,105.72183890860826,0.016573057757016493,5123,None,CBAM
221.2325253201289,0.519144777620918,307.8367803660851,0.6537699421607293,5124,None,CBAM
350.9124314601328,0.4280304388861107,197.32144881353005,0.4595750223786269,5125,None,CBAM
124.11839786338842,0.22868960436282545,191.8954559065425,0.3558182172344228,5126,None,CBAM
57.16106906466752,0.44486188010256594,386.87201773093824,0.12205811106154227,5127,None,CBAM
118.73805566163279,0.30320618757832096,64.99320528864939,0.15707939176073038,5128,None,CBAM
390.1870070645267,0.3438071095541559,243.196138960964,0.36265976913894515,5129,None,CBAM
65.67353172978441,0.5322681396306046,31.574858813183372,0.3900765717832266,5130,None,CBAM
36.9118234368701,0.7907743725790962,331.3401528318156,0.22984906107625483,5131,None,CBAM
219.19126015245826,0.5778766837494606,124.52133511506563,0.2603142646857285,5132,None,CBAM
119.17165751181362,0.8996115175347914,304.6787595111824,0.756687616605062,5133,None,CBAM
357.6543658613674,0.03630943424082027,92.05246117670418,0.6157083518366296,5134,None,CBAM
315.55446174412015,0.1458263196548544,117.21015128669663,0.7205693139796184,5135,None,CBAM
328.3678044007817,0.7727492724156861,376.7557608021669,0.5208878926321225,5136,None,CBAM
366.46586263426417,0.8304140608927798,112.94169460328017,0.5081822045421196,5137,None,CBAM
75.36077836844909,0.29590546850125243,353.53201119065,0.9228929661267583,5138,None,CBAM
140.9712698506364,0.03014633721369426,35.17711979920787,0.9484344012201221,5139,None,CBAM
253.00119660318452,0.7996171122912564,377.1360428454831,0.6785146500326837,5140,None,CBAM
247.82514478325677,0.23042871475541665,66.81269306269965,0.050918992746552406,5141,None,CBAM
64.62758910814833,0.33858881068347246,206.38690412245975,0.6214893611786234,5142,None,CBAM
218.14886819170013,0.8978079301925849,299.53860979133975,0.9981515322040504,5143,None,CBAM
156.6689017541076,0.5623269807556511,191.20488645362167,0.8454702100873908,5144,None,CBAM
376.7449947123929,0.21857343246998584,92.85854074087429,0.8613767124763518,5145,None,CBAM
352.27157666877133,0.4588017763568217,241.2905555607218,0.5450269065092761,5146,None,CBAM
70.4451484206771,0.10252080225172415,3.077124462092563,0.5012499162676622,5147,None,CBAM
296.2572708429541,0.49776277935759894,117.35576705195876,0.857041514716495,5148,None,CBAM
306.8277425532615,0.7090791418448282,79.81149659853114,0.7146217352806886,5149,None,CBAM
123.51185470902135,0.4524191951343983,78.18901232644741,0.17795963953987068,5150,None,CBAM
267.26348267214985,0.8382667582194394,330.0732487230284,0.06405001492797815,5151,None,CBAM
227.1358231746681,0.8602639934900221,33.02815971136383,0.6146539946216177,5152,None,CBAM
370.26568554350973,0.8849448011126042,174.55498472979002,0.9592516524073481,5153,None,CBAM
301.3429896160524,0.22539331180522243,144.4237477008778,0.08670344501766257,5154,None,CBAM
357.30262586567835,0.6729029746149835,209.29761524719734,0.5909957955069867,5155,None,CBAM
344.5777489429393,0.31302831024841554,145.77257847070183,0.02530117193159513,5156,None,CBAM
286.8457807486762,0.47997373605466276,268.06717841813423,0.3173917915378714,5157,None,CBAM
124.51631030227217,0.5300730433369307,129.47039841245618,0.65532895987628,5158,None,CBAM
161.80028903715115,0.20523597268159732,365.2281499273108,0.09717967702838425,5159,None,CBAM
376.0068344071983,0.12257377355281071,272.7482145847542,0.8440536662389202,5160,None,CBAM
207.043935840801,0.37559251178467523,102.63810146799972,0.4033985259317991,5161,None,CBAM
341.282140610683,0.6692656844867858,84.96085441811874,0.958017267125581,5162,None,CBAM
299.8031264704487,0.3133659066628769,287.0685240293556,0.19740787379168426,5163,None,CBAM
349.8786291322449,0.8023753822504519,152.74255777225468,0.5248596080453863,5164,None,CBAM
270.1156056984984,0.04315485261309912,146.35595649096223,0.5696378868883631,5165,None,CBAM
93.75686192427276,0.3142053095141369,56.010724246397594,0.1407483945491124,5166,None,CBAM
195.03919761065086,0.36979666952066753,83.02940354789688,0.3531161398334374,5167,None,CBAM
379.78548606336415,0.6324606555668146,244.04387737548822,0.13654397213825395,5168,None,CBAM
64.34232533679165,0.4629215629007665,183.4838148237188,0.9290086946204256,5169,None,CBAM
70.83826323230689,0.7644740633081517,318.6617336935077,0.36325994218448093,5170,None,CBAM
137.16922874447596,0.9592528797715825,11.201269087778467,0.4168872430485807,5171,None,CBAM
89.47313952596804,0.6286205490024882,230.6594001526965,0.9865421021839058,5172,None,CBAM
270.03576410330174,0.010468503364349215,132.24236337045704,0.7441830486011998,5173,None,CBAM
17.44427807059941,0.6865178708121801,144.46776501755696,0.4596847693926722,5174,None,CBAM
209.66009654657012,0.0158267777685666,286.0622974099961,0.01671873338583485,5175,None,CBAM
163.2679289109802,0.3322936137378852,389.5595048850085,0.6391797547610474,5176,None,CBAM
381.0744962881068,0.6762407542894655,311.6160145845265,0.33440601714629076,5177,None,CBAM
280.2448371104503,0.656752211591886,396.0098695554073,0.2153551837545148,5178,None,CBAM
72.39736515047497,0.2564206262728628,52.318291276636074,0.6731046111006288,5179,None,CBAM
234.73539671769475,0.7217121221379038,333.1183425617693,0.17075283964242222,5180,None,CBAM
259.41227236351676,0.7634365876529161,274.1113068113106,0.1802041854523725,5181,None,CBAM
92.16602251049284,0.2765762931830991,184.96803375528788,0.361928329036515,5182,None,CBAM
235.72595503823922,0.19271100830721702,370.2821135171303,0.6681380417298743,5183,None,CBAM
98.21603941536914,0.49857328267588985,158.6152970227196,0.40202394441064976,5184,None,CBAM
332.96358387235927,0.40866661503996043,58.72982035095534,0.06564645034935108,5185,None,CBAM
6.7734861120502865,0.06912361368729368,219.93266317454248,0.4725400010303517,5186,None,CBAM
228.7674419051351,0.3829769403150708,399.3258492844773,0.6969596660637922,5187,None,CBAM
303.45844334478136,0.012943699308044223,83.17402984526488,0.6413538186876245,5188,None,CBAM
165.61507752645196,0.05712761825360519,327.5337355270759,0.636666515354304,5189,None,CBAM
150.9798601361628,0.023580555564451995,51.15589637184706,0.8905153897942687,5190,None,CBAM
22.958049997386187,0.048086548176685395,330.1324552301701,0.9990911572597521,5191,None,CBAM
92.79172191387919,0.3793303869339455,327.84189683333994,0.9620853896012928,5192,None,CBAM
87.83412423738777,0.7549105091391528,162.5027673093709,0.40012650526313304,5193,None,CBAM
239.45583949281138,0.03311338828474941,276.2368859377278,0.24940755477946944,5194,None,CBAM
364.4093162062862,0.8780070274368275,331.6651417400204,0.6566160566405869,5195,None,CBAM
198.16268939983345,0.6124870215753544,39.85680890863797,0.9328634032526771,5196,None,CBAM
213.9239961321653,0.03716100423183741,322.6878730260855,0.2073660011424992,5197,None,CBAM
324.4749410330486,0.4542343033022288,121.75531754041147,0.7360075384769497,5198,None,CBAM
67.77923696452632,0.5254677984548259,381.47449296242246,0.4368949559143911,5199,None,CBAM
25.746169729581858,0.6127380283797031,372.3975892559816,0.6395593573923947,5200,None,CBAM
392.80191310251513,0.33521971682532803,198.4768851331746,0.8438289572477162,5201,None,CBAM
48.58044964690551,0.2845435010277736,372.24007502249634,0.2733173369119509,5202,None,CBAM
37.89504310822362,0.9821409424184975,280.39198449699836,0.35409363397419485,5203,None,CBAM
197.0851011417117,0.7313903619251397,222.5017609586271,0.15048625316615818,5204,None,CBAM
94.04358335320889,0.7814548958743704,138.16612873856715,0.44720893788988236,5205,None,CBAM
270.81485555404583,0.54598173988693,216.3182529758946,0.32857921542311963,5206,None,CBAM
108.34950718525506,0.5558482011242093,260.75769186028344,0.7139113730550444,5207,None,CBAM
381.77940088349686,0.03688238314740641,331.71532237629975,0.40023196694733726,5208,None,CBAM
316.02985031527624,0.14396076067945576,315.89083592262,0.9045839231520575,5209,None,CBAM
236.93249381234222,0.12152965174420385,261.06526055079564,0.723430745920563,5210,None,CBAM
213.61899998903016,0.9603959185033077,31.39886778079416,0.8896243211852106,5211,None,CBAM
57.094581701542346,0.6139784418749266,342.1081854377745,0.1291343375837481,5212,None,CBAM
372.71961505931085,0.6695315701892651,277.3328784576329,0.8338997947545927,5213,None,CBAM
219.8125075185915,0.20101085155046874,122.06680672277797,0.22801473426398142,5214,None,CBAM
116.29177292765304,0.7015955875613773,195.9256149503634,0.21944600847586626,5215,None,CBAM
94.49625495997678,0.8457088235034967,34.98164628950743,0.7255176670196837,5216,None,CBAM
57.71858255367479,0.5346873075662588,58.24016457038314,0.47645921230001365,5217,None,CBAM
367.939465258888,0.9520419569456295,62.918701358225746,0.5126923184707496,5218,None,CBAM
395.1331153229285,0.35464802881874713,164.2589486445782,0.5283232158779445,5219,None,CBAM
221.55252726890274,0.4501714812434048,71.3330431762396,0.97128481451554,5220,None,CBAM
375.74022330662893,0.34376682980965684,51.20237275788567,0.9640251812557343,5221,None,CBAM
386.61280461366783,0.6998137128715874,362.59199010964517,0.6662556651395184,5222,None,CBAM
84.31973841131364,0.9249429028382172,68.21456649712339,0.9366619299463763,5223,None,CBAM
212.06016418582138,0.3659833077938457,86.74355091379344,0.7484543736647168,5224,None,CBAM
343.8948797725017,0.3819662642698059,265.4195472476652,0.4313135358132849,5225,None,CBAM
300.1039569709058,0.02468980551147697,149.22188716704687,0.8103050928023685,5226,None,CBAM
27.240666919774792,0.7920647294006007,279.18421444223424,0.10440990242525967,5227,None,CBAM
189.91111852272184,0.03569308049088681,133.1485453967506,0.1590512011517697,5228,None,CBAM
30.229267666626498,0.7477423247909278,381.1387578629102,0.005432598060380135,5229,None,CBAM
230.75144291033132,0.08920425969209199,127.37568624062028,0.5487321691528263,5230,None,CBAM
361.6202510906168,0.29799821689389855,378.53508476242285,0.06461246669817353,5231,None,CBAM
22.973160093410055,0.2619596816001866,328.6174430847612,0.8727384448200086,5232,None,CBAM
336.7193005893831,0.37220313215344675,377.28234381260523,0.20453113676799378,5233,None,CBAM
7.824230798985635,0.5434799449623832,369.96364767809837,0.18117317409412773,5234,None,CBAM
101.02670313591418,0.974590048281833,361.7491498457634,0.9826976668456403,5235,None,CBAM
41.59137171425692,0.10006085408620514,173.89016893861228,0.19125281731217333,5236,None,CBAM
202.44313732466287,0.9746874864835001,314.7545152351105,0.9601922460206205,5237,None,CBAM
72.83683526127885,0.24393048000509415,283.664775714479,0.7147568013022649,5238,None,CBAM
80.20849016454848,0.07682754164984597,375.34041308643657,0.3975719132658611,5239,None,CBAM
130.9771900847191,0.03651821415243101,115.12855386439323,0.6268421749224341,5240,None,CBAM
134.75411728718169,0.10826217661556273,109.14008895522103,0.8832594873706837,5241,None,CBAM
96.26640369312285,0.03299962702259274,130.51861277935873,0.49280357276033493,5242,None,CBAM
4.466990120017164,0.09392564308322719,344.06548715816916,0.8777775805192612,5243,None,CBAM
331.420142038955,0.652139097464917,302.071365061213,0.28401393602028463,5244,None,CBAM
106.65451550211908,0.3390117037309345,366.51903070472525,0.5367047871375934,5245,None,CBAM
303.4994500656818,0.20125103665224456,164.3247114370006,0.7343920155380604,5246,None,CBAM
4.900642142372431,0.21604491075467086,270.8354020819861,0.3048896595667358,5247,None,CBAM
127.44570813007931,0.6112330980451919,49.18182571422449,0.015133654990313859,5248,None,CBAM
179.71026970735628,0.3272846088856868,301.4591786029001,0.17497090438123095,5249,None,CBAM
395.8836954223166,0.3312014840909499,306.99567872673026,0.49118992964729563,5250,None,CBAM
116.04145354605579,0.6311225607566898,343.9670746863031,0.776546764963698,5251,None,CBAM
79.28921260763767,0.6462180695374232,366.8841147710913,0.43167403082389966,5252,None,CBAM
314.82718507198194,0.949393298575658,207.7467850009149,0.6446489988032268,5253,None,CBAM
124.94067625287839,0.18246521085199907,20.908453376144802,0.3980652060950212,5254,None,CBAM
226.99061850993368,0.2912669894639909,58.056610881107076,0.09968477908179327,5255,None,CBAM
72.84626094721443,0.3520776313102817,89.2888395567472,0.3208725342813812,5256,None,CBAM
180.24676827732026,0.877208620836457,90.96697534444694,0.1642902809686719,5257,None,CBAM
20.09081766203583,0.9937796861052782,317.81631957527486,0.19353812867338957,5258,None,CBAM
396.33963147413374,0.1393762091912931,7.331831367265624,0.43757223990495986,5259,None,CBAM
125.53505851359212,0.6366573698792515,339.14948226152956,0.4765399641139409,5260,None,CBAM
76.65758214597554,0.6751099432963377,332.2421061873105,0.5338261259349484,5261,None,CBAM
191.32972135492906,0.322007924909993,57.89341264465428,0.08494703375572987,5262,None,CBAM
127.13713286572201,0.5820167969826965,25.520261888705125,0.15754573732498778,5263,None,CBAM
171.73512835611416,0.9175035952178988,179.25951527755967,0.793711256856621,5264,None,CBAM
61.4472831164941,0.6059950129193303,103.19519871570195,0.25050173457440045,5265,None,CBAM
329.3606358311957,0.7329530973587222,279.09637620498955,0.11736971980499655,5266,None,CBAM
319.33739212137004,0.6404629535923972,43.78237865056925,0.6615227499340389,5267,None,CBAM
361.3283379368049,0.18970376824298774,271.8845571361967,0.7322329067568073,5268,None,CBAM
157.44730317117447,0.607003103158203,69.28900117596352,0.017649843991825138,5269,None,CBAM
58.120154947698154,0.8776554970378562,13.590673990914851,0.2884717187921237,5270,None,CBAM
166.00958927514617,0.9148069582282865,307.4600415670445,0.8187742743564126,5271,None,CBAM
380.6657983558058,0.49471690651868505,262.08173068481636,0.7337020940635088,5272,None,CBAM
131.67748006966815,0.17011330597783914,388.45352413141757,0.10339750933665634,5273,None,CBAM
281.9095219798212,0.7431221962994254,304.4405913605691,0.8980421297013004,5274,None,CBAM
338.76591934167936,0.7714929478613631,146.4882518711967,0.9453037391213865,5275,None,CBAM
89.03653120851521,0.6022732796411082,229.07880200653702,0.6918047519496211,5276,None,CBAM
163.51480383241804,0.3428039693526276,329.7429206413514,0.8711239696007044,5277,None,CBAM
99.29306114620108,0.901957216627886,349.90168909848325,0.872271717320484,5278,None,CBAM
59.57652997402175,0.511309221003788,153.8879105757818,0.0698056809834574,5279,None,CBAM
128.565940473214,0.43483631399264455,27.358694963618895,0.8965968193833679,5280,None,CBAM
140.9324224447817,0.7533009408204796,53.904325908839446,0.764123517723423,5281,None,CBAM
1.8958114751264756,0.7360112236462122,316.5445496597475,0.0250377727632385,5282,None,CBAM
193.10425735645117,0.7968225087227179,265.00293510753534,0.6272219764716577,5283,None,CBAM
280.1005377740314,0.9459824691432742,135.68723083919653,0.42311183930844387,5284,None,CBAM
170.31367968826888,0.7965159149547505,286.5406997057175,0.09337259490887972,5285,None,CBAM
94.3158041313428,0.5411932654407385,177.37122772676685,0.5673390009288923,5286,None,CBAM
95.38787327753845,0.5643791648807119,45.02642603577181,0.07799958933214177,5287,None,CBAM
22.274737071545513,0.8180717474671286,249.9273688443044,0.3436339781851923,5288,None,CBAM
76.28534026223195,0.12821416812368278,14.902904985936036,0.9261824691660407,5289,None,CBAM
102.08262433167148,0.8646580848733282,110.43882178385162,0.5424814264152573,5290,None,CBAM
268.45932558878945,0.6832907720514221,191.4278563023584,0.9546623737373665,5291,None,CBAM
348.5276079703842,0.12875583787193648,313.9298696397315,0.9232946846379892,5292,None,CBAM
364.0570429306505,0.11666335349459389,163.8418775247499,0.17594906258590554,5293,None,CBAM
197.91980254645685,0.09184935251432706,313.86467891447376,0.5279470200679661,5294,None,CBAM
150.8162874321553,0.9307721413351344,261.4530816613056,0.9864152231658956,5295,None,CBAM
135.2782295588937,0.9727982072965919,137.52340248885432,0.6628456955253398,5296,None,CBAM
245.95183040370497,0.9461873922530634,287.947231576188,0.7662673539135325,5297,None,CBAM
1.9221112865196517,0.487573160907357,83.40102352187282,0.9945726930649194,5298,None,CBAM
308.94381492661864,0.7788582213469625,319.5106003410638,0.6332523129578068,5299,None,CBAM
397.31818534364913,0.42949041599690563,287.31598791475955,0.35294469727739486,5300,None,CBAM
37.93489463708063,0.5387037868895187,284.52339359445506,0.7851614937647908,5301,None,CBAM
41.70916686440933,0.7408014504250816,230.81728071268697,0.6570808377188377,5302,None,CBAM
63.797014147795515,0.7271940582364613,368.36231455402293,0.48392009471152125,5303,None,CBAM
309.6159418420586,0.07504668957425327,312.6682736003524,0.810609487540282,5304,None,CBAM
175.3891281891589,0.355432283089031,292.064279347553,0.7413622494803265,5305,None,CBAM
148.258653130503,0.6205310183813367,272.029503551183,0.27518726531710624,5306,None,CBAM
126.0027486383837,0.8013088768726343,378.4166135852269,0.20042463218590129,5307,None,CBAM
104.53964386282534,0.2712027838866743,183.19356388991505,0.3786379526990489,5308,None,CBAM
200.30309332179394,0.8337407033567589,242.75121660659428,0.35753805324559096,5309,None,CBAM
325.58636364651227,0.28529622654509007,169.31621562488763,0.1518858988551342,5310,None,CBAM
118.32409677729481,0.4740967350219119,297.65125526899845,0.2731775794874248,5311,None,CBAM
231.7189062704022,0.30315741738173385,306.6555519391345,0.43501479424027784,5312,None,CBAM
116.61281350342472,0.42398728060922947,32.56969493627868,0.5291556383056616,5313,None,CBAM
224.87129546807648,0.5012569375548329,269.3230424017337,0.03360799867426726,5314,None,CBAM
312.4193345038767,0.028096253605223324,6.565648505585962,0.8552977420744042,5315,None,CBAM
326.8655270397838,0.16547234316450626,172.71796724921177,0.7493822630288138,5316,None,CBAM
168.36742422048764,0.29642089626840734,312.94604071519836,0.7731669333154081,5317,None,CBAM
341.3579803161852,0.27155980974635385,72.55142916566889,0.43878577118551243,5318,None,CBAM
343.23924507472947,0.3249412791273669,56.2618128211259,0.8335963970455503,5319,None,CBAM
195.79486068288276,0.5122493315555113,99.4300189733445,0.8278061689177321,5320,None,CBAM
295.1842308461641,0.23903702050731254,315.7954166613908,0.6655519471504324,5321,None,CBAM
391.9599755634261,0.05996988562550437,394.3075754996745,0.2256753872414043,5322,None,CBAM
250.66452514622438,0.42050988119230726,8.833522933483371,0.4406523052738129,5323,None,CBAM
341.24012916193624,0.4509743851088344,77.44544440529043,0.7461557401973193,5324,None,CBAM
296.16734097395323,0.11756152749714154,144.07682832560792,0.9511941928265297,5325,None,CBAM
21.44809383595352,0.6376956610807101,379.99841276250413,0.4760580249357441,5326,None,CBAM
361.8222979408661,0.9798339777391835,233.1974622221162,0.38662489164365627,5327,None,CBAM
145.70203222841064,0.6523872542151592,127.40739377986287,0.47190562216065823,5328,None,CBAM
86.77390373830089,0.5591737145712198,324.2007388549474,0.7076017211045659,5329,None,CBAM
174.15027768758196,0.8062600720406465,305.8755719307305,0.8709030104186604,5330,None,CBAM
213.14175431685612,0.8725071328807024,145.87118898483956,0.9400963342945529,5331,None,CBAM
105.72057640326906,0.891490474709028,293.185567728935,0.8432751538652723,5332,None,CBAM
14.099150007517636,0.7837891731628159,161.66522193078598,0.6010962035436257,5333,None,CBAM
58.60824040414477,0.1947530022302019,149.810241030008,0.7164373117271656,5334,None,CBAM
136.3703450535415,0.3511802453114466,373.4426627692868,0.3643872749349596,5335,None,CBAM
233.8509176421126,0.8589813350529739,324.5795428104377,0.4983274134288523,5336,None,CBAM
109.72065752576603,0.5262566547577233,128.2640566442494,0.9131533029053436,5337,None,CBAM
68.28197276802487,0.4499674588693783,132.04143884233017,0.04847020374945602,5338,None,CBAM
111.72308496622483,0.3701406281429763,194.50428631164246,0.40851752572021166,5339,None,CBAM
164.23272015313566,0.1586608972210052,19.81843505724032,0.5692554649673066,5340,None,CBAM
339.362791765633,0.8130090749452641,82.37260495345298,0.6375418338070056,5341,None,CBAM
360.53828402520935,0.5873482900522933,13.234524314004364,0.024591531975285182,5342,None,CBAM
179.7230241536115,0.7371164466494062,65.23614697238317,0.7481151275162351,5343,None,CBAM
56.0147678992964,0.7908314349468094,355.54407896317457,0.22242160264747837,5344,None,CBAM
49.87039481577214,0.5080686894915447,44.043227410719446,0.4013295878047291,5345,None,CBAM
261.28280493193523,0.21986754424920377,335.7100157313122,0.2180389469482331,5346,None,CBAM
209.04482179035887,0.9878800052560807,370.13190020945865,0.45161039012431076,5347,None,CBAM
358.53197163880327,0.43872642853260885,237.3780241589431,0.2968073467179358,5348,None,CBAM
191.67938037592535,0.9695342663093004,51.87270665967908,0.9571422486008136,5349,None,CBAM
3.487878596660106,0.04300850891626661,102.0099797784894,0.013736183943064055,5350,None,CBAM
351.45683174656506,0.4418064279417063,359.1508243015804,0.9938810651620341,5351,None,CBAM
377.1099873680903,0.4029440565284892,392.66106694140706,0.8671504546455886,5352,None,CBAM
346.2299382010572,0.07835188503408994,349.25659446152093,0.6022309734345548,5353,None,CBAM
366.72613746137847,0.11263775331235715,81.43257912576743,0.12924881736088514,5354,None,CBAM
100.04819753366337,0.8765397110718905,101.19691317861775,0.46476788594849616,5355,None,CBAM
266.21487583723956,0.8026066541128758,97.92618762973555,0.7438514847506134,5356,None,CBAM
269.4803583953384,0.8275139305291759,105.26533758358929,0.6792242914583059,5357,None,CBAM
208.38704368460185,0.3139095203543768,175.2350048883885,0.4436888018577979,5358,None,CBAM
53.779902718602,0.3077722981510274,264.4195455520392,0.9178627433427157,5359,None,CBAM
178.96082086591494,0.4223400636711956,314.43137541394503,0.12145774944532366,5360,None,CBAM
113.01649869080319,0.4801584789324621,201.5901084475852,0.5775614794710688,5361,None,CBAM
359.2433690932628,0.9574894312456195,286.1760834928677,0.9475454237291917,5362,None,CBAM
376.49263071182327,0.24991953643700332,6.295410457537351,0.3265151236640939,5363,None,CBAM
93.0874664930883,0.5933848860486416,269.11236985196683,0.08032485194942221,5364,None,CBAM
340.19362380522404,0.8540067327535682,393.30126752747947,0.0940544375801738,5365,None,CBAM
74.59845178056808,0.25521649548003517,360.328042475984,0.7428654170934571,5366,None,CBAM
295.0211256760247,0.6188180714983873,255.3710868369095,0.7136484096004186,5367,None,CBAM
112.34096868983346,0.22607794868568984,10.93412373038789,0.9930525376671637,5368,None,CBAM
213.80813394108483,0.4569145551139684,76.70465557475316,0.5241035996484893,5369,None,CBAM
316.4889373891524,0.9182084303269602,317.14394396606764,0.44972502264116837,5370,None,CBAM
37.96658687123924,0.07818846586118895,374.58214068256217,0.9873597830072487,5371,None,CBAM
4.697809830373787,0.45932256229572926,42.888210554460045,0.823158546065008,5372,None,CBAM
163.28528229895846,0.2760948964635805,378.902161987338,0.27571508450224674,5373,None,CBAM
78.69469902245444,0.5514962021344079,36.973816398071214,0.7892499555069636,5374,None,CBAM
67.48039748412916,0.8316941535286302,192.327095439163,0.5247655210764268,5375,None,CBAM
152.63260629098644,0.1173916279415959,156.56124717851537,0.5028959094153356,5376,None,CBAM
25.79680656430201,0.09642869787395235,239.85827404568352,0.43885441950401644,5377,None,CBAM
45.90036742084925,0.5698193540555448,14.854464475154167,0.9097186935130772,5378,None,CBAM
214.48795816346714,0.18058654011117917,288.55972293023336,0.9969500323047588,5379,None,CBAM
295.1410614265952,0.08540729371592533,5.886763324185885,0.46086242952997436,5380,None,CBAM
9.252318897408559,0.7929320998096429,57.69321761746766,0.18226237743833457,5381,None,CBAM
222.08097355375807,0.50310318110273,346.8418375476421,0.8518687100771205,5382,None,CBAM
367.14002747489616,0.040547970794503965,398.77617848158513,0.37173447985900754,5383,None,CBAM
278.1337359708409,0.3721612464271492,367.8581552400529,0.7133625890545675,5384,None,CBAM
274.97180684946784,0.7419940427483318,369.7859766641453,0.1167086630540532,5385,None,CBAM
18.16679909453943,0.5799685365937658,338.4928255185187,0.6152969411737567,5386,None,CBAM
146.27898615778136,0.5340030795501967,1.0074682857072246,0.7548686695151408,5387,None,CBAM
144.3098884644204,0.2996773761572896,298.59090139734025,0.3523083968598873,5388,None,CBAM
24.545180495187086,0.8593012047743911,397.20558428130937,0.5912499803447145,5389,None,CBAM
82.82599749952347,0.4849489197851342,327.1376551930794,0.4158597031851798,5390,None,CBAM
233.98610990421648,0.7341556486479358,97.98301732706676,0.15951219341040665,5391,None,CBAM
192.78760963645013,0.2791646988672509,211.2420181075071,0.818804646744143,5392,None,CBAM
236.29691289941434,0.1567392660181863,141.2192068174591,0.9605636831158056,5393,None,CBAM
196.8698031038499,0.13515131002241573,2.6615584024830787,0.6913548001397323,5394,None,CBAM
283.80306385507095,0.9719920417523917,339.45734682814714,0.5280994612584674,5395,None,CBAM
104.49942208513772,0.6884875726974716,45.43588494221302,0.02696986753208421,5396,None,CBAM
273.96103679480814,0.2783729400258764,250.28421590089928,0.6005421314730711,5397,None,CBAM
263.08309603032836,0.20387964237593814,61.4355341322822,0.31980874944385707,5398,None,CBAM
371.5908946492105,0.5432920817367471,225.4188277787608,0.5577031942822027,5399,None,CBAM
2.7797963979920817,0.4107751315039636,386.31228278123893,0.8827938662789806,5400,None,CBAM
281.68840907879525,0.3607445434585853,77.66133982899741,0.16726777590158784,5401,None,CBAM
208.65891515688486,0.0038609560795253594,208.20878361680198,0.9801100636158858,5402,None,CBAM
264.68636565938834,0.35898697112691214,6.5168413458810175,0.7266688832172654,5403,None,CBAM
26.88680372852455,0.19129124164297226,116.44417138767204,0.5432951835118516,5404,None,CBAM
43.81066655641407,0.3667840204835179,53.62089978606828,0.6032586748222143,5405,None,CBAM
132.46056362137517,0.05122524335235953,179.12368899609007,0.015646463728994864,5406,None,CBAM
133.31210952508746,0.5405289915677518,268.42206733685106,0.9998619244293361,5407,None,CBAM
20.983935877049227,0.015184432172807407,390.3826277358554,0.010014062478755192,5408,None,CBAM
125.11277169319803,0.3003153520281494,217.0313840277727,0.2838160963583494,5409,None,CBAM
128.2846883797078,0.9122623248199178,344.31221826562455,0.728921572884362,5410,None,CBAM
32.7005772168991,0.9734380356419968,69.56436497323666,0.12632472876173592,5411,None,CBAM
160.4599599400472,0.3060341024153024,378.36663816954376,0.033596831415471304,5412,None,CBAM
234.95370866821483,0.2447439891985302,194.20112604514097,0.5042799385809703,5413,None,CBAM
75.80749704498857,0.599177579044361,73.23236951907984,0.35208916281856534,5414,None,CBAM
203.9406555406209,0.3638596684191314,290.60479596673844,0.13730701013537935,5415,None,CBAM
60.61330536228113,0.9464946532664242,378.8132885344744,0.9886666563697115,5416,None,CBAM
95.20082657953373,0.398085892431336,0.9135854265028356,0.89574440324409,5417,None,CBAM
352.8055447547716,0.30626324793652887,275.41345472358705,0.405610369000257,5418,None,CBAM
296.8110918378237,0.970402445148618,364.8662303081004,0.9352556135314513,5419,None,CBAM
149.03088772737198,0.06731477362157597,239.4462245285621,0.6520998434385809,5420,None,CBAM
33.73223925250907,0.17417189213196718,243.664111098693,0.3917242663150728,5421,None,CBAM
192.32750190154883,0.4905021520767846,135.94754490674921,0.7433500432044289,5422,None,CBAM
164.84068258138618,0.8283694036402782,320.1250294165136,0.49992387775713587,5423,None,CBAM
247.0341812138909,0.5453674685204597,60.61503962196544,0.49182075251033586,5424,None,CBAM
1.243617578585987,0.1244726613188609,382.2423676851702,0.9216123028634343,5425,None,CBAM
74.87811131979073,0.21200758560110525,165.68631849256636,0.6418887883653701,5426,None,CBAM
365.27357766884575,0.6248350957583705,200.22838827498148,0.015057099766964035,5427,None,CBAM
395.79051374072156,0.8901616784468732,37.51779679463023,0.2996522885591789,5428,None,CBAM
233.91402769620288,0.3516726745265505,118.39576750715104,0.18328158724343566,5429,None,CBAM
158.29162052924096,0.01756668942621418,365.7705957645166,0.7296220262197394,5430,None,CBAM
318.40261256013827,0.9534745447742957,265.9132648111674,0.9423833798656214,5431,None,CBAM
157.024750157949,0.012693091235649911,190.3659697231883,0.7685064458794942,5432,None,CBAM
126.09281174646019,0.4927942281223215,179.46246476301806,0.7499818729664707,5433,None,CBAM
166.06736558345992,0.6632349295599423,131.54627319231324,0.2792019208671944,5434,None,CBAM
237.22721310399538,0.5625245316444129,63.13110424186013,0.38659265898115563,5435,None,CBAM
8.722991926986662,0.6315175890730019,29.18847875474811,0.28392254292681246,5436,None,CBAM
386.4919751973521,0.36626275435467914,233.87830322464137,0.32047160410443937,5437,None,CBAM
198.14315734336077,0.6604243782918936,109.52498698817632,0.7828224314365366,5438,None,CBAM
360.67684316624764,0.20412769285567042,116.22795418970784,0.5465030418120636,5439,None,CBAM
77.1556338312354,0.41028350457180235,175.3338120673948,0.18635819261031886,5440,None,CBAM
79.78970723527932,0.42156008671607176,256.4562202629312,0.9885775277938167,5441,None,CBAM
107.43898108766537,0.01706149435497883,7.952349907515807,0.39849781112519306,5442,None,CBAM
197.82329649982032,0.8934669616040487,326.91068785623196,0.3601367249179059,5443,None,CBAM
207.91003417918725,0.717593580558793,6.013408553258508,0.9728386903538208,5444,None,CBAM
51.03121836884886,0.870679374773706,142.41480451152506,0.45501887842686556,5445,None,CBAM
144.27804620783965,0.41587918223530773,66.55809589170579,0.14528571994995665,5446,None,CBAM
10.64325385343964,0.47977236703526566,214.4137281894259,0.85486433656036,5447,None,CBAM
179.8271567095883,0.9388679281290688,212.28022377885597,0.39402567971649444,5448,None,CBAM
201.2131796334863,0.8586026095838845,22.648287455933904,0.16943677476248237,5449,None,CBAM
14.191109378893623,0.4682068654599949,123.83916422880712,0.05919828622493205,5450,None,CBAM
41.091285325270846,0.3774710933137833,291.3173026898767,0.9858105831319696,5451,None,CBAM
135.6460791657432,0.2121299236972417,130.76495110687412,0.7293908667102742,5452,None,CBAM
162.35974253439485,0.4285077978945972,7.57778976317927,0.042953240256355066,5453,None,CBAM
39.31776550478985,0.9829499700977093,249.60337836765635,0.7155435323609238,5454,None,CBAM
112.24355922406576,0.66894014116284,291.39927179717154,0.20395824740957338,5455,None,CBAM
151.63530161748005,0.64295512662308,85.77103148894814,0.5924270151579228,5456,None,CBAM
307.8789867865877,0.9028081987827012,362.9981814545249,0.8579853269177443,5457,None,CBAM
86.96007784010543,0.37950979527829526,8.61334212041133,0.5603964070716203,5458,None,CBAM
51.37722968109168,0.6932467872515121,113.60149856846687,0.06521228077923179,5459,None,CBAM
8.200298648150161,0.5988672427707414,143.95708441793636,0.028406040253501453,5460,None,CBAM
215.51157986032513,0.7018689703397245,393.92922547252454,0.0886657385889894,5461,None,CBAM
110.29250118835509,0.24886247509526366,255.6255047192649,0.6776064872037512,5462,None,CBAM
92.1595815146053,0.5096027611455617,40.00639228366371,0.9769732422924368,5463,None,CBAM
322.42149156228743,0.27640485962109296,333.43176092164,0.0752001524208175,5464,None,CBAM
234.15149794203253,0.9450876186629041,220.53495088709155,0.07027616650119868,5465,None,CBAM
272.3133334665339,0.024483076449610362,324.93009180276977,0.5304650717184186,5466,None,CBAM
37.56741955570873,0.1961852601764795,394.882302834802,0.9919176711406262,5467,None,CBAM
351.6838500797492,0.6709148567192897,324.06765634697916,0.20775990019516571,5468,None,CBAM
124.42647218832195,0.44828645948673634,246.5389711251777,0.2369375880929492,5469,None,CBAM
50.37358614571497,0.7188280388588871,86.5774115697537,0.8961735542569663,5470,None,CBAM
282.3632077097211,0.4939389075424549,69.16377706957516,0.9252236874659487,5471,None,CBAM
152.44653068921318,0.024999821410925372,209.23702652569557,0.31497158379973594,5472,None,CBAM
190.43781399302918,0.13790718075903566,203.618167323331,0.8221767053148219,5473,None,CBAM
295.70487687341927,0.0786932337635571,300.16079625579295,0.2569400044814856,5474,None,CBAM
353.4794048888828,0.22203596445117757,390.9025411965474,0.2812723927948073,5475,None,CBAM
93.48660913855868,0.15043166932960492,267.5046084912916,0.1651689093674489,5476,None,CBAM
317.60462978189537,0.530760915709528,269.141060551085,0.9595304717744669,5477,None,CBAM
139.79218691826233,0.26761866329119793,329.46592828410274,0.8430328038479786,5478,None,CBAM
116.10835133496616,0.7479303810529411,112.08731081463559,0.6394985072219991,5479,None,CBAM
207.3510784830513,0.9700990951988118,57.63803666764594,0.47584642639267954,5480,None,CBAM
379.9259973501338,0.409256479280745,131.17867411134498,0.43530482095914946,5481,None,CBAM
219.6661755463855,0.07256089769357958,251.28140426652004,0.7366573100864413,5482,None,CBAM
292.98896953024143,0.11772619960559896,118.14830646494359,0.5318863179007154,5483,None,CBAM
266.24073916784835,0.9557375822323614,263.59587912564956,0.2820430368287939,5484,None,CBAM
217.3288981391947,0.6703672693574549,272.2643228358572,0.4349206494729141,5485,None,CBAM
361.7010596169671,0.11411109288518763,231.93089817948177,0.3080454282624356,5486,None,CBAM
352.10683139379785,0.8840531453083241,62.82193362757452,0.29906057168070643,5487,None,CBAM
374.7432017126283,0.960062136967677,282.6699357565191,0.9353730223949206,5488,None,CBAM
319.990293607522,0.45872621026664984,120.80568932757554,0.28259671658576857,5489,None,CBAM
309.04319726293636,0.33819932893488297,291.4494456225251,0.7459463454348272,5490,None,CBAM
230.00744441131394,0.2127636269315936,113.93253995335628,0.34200440435302165,5491,None,CBAM
93.34167813290884,0.4100607290346858,352.363851991233,0.9194492076189993,5492,None,CBAM
301.4646325272913,0.8066791288287979,115.750817604179,0.060561115143632493,5493,None,CBAM
343.7458203774308,0.40321686405237755,305.192948742964,0.6209130879367966,5494,None,CBAM
286.1570535459625,0.7335066721099291,248.1504638927012,0.7465027014468413,5495,None,CBAM
196.56383277583907,0.533156619738578,41.013548461602866,0.6317651667480516,5496,None,CBAM
186.7778754954705,0.9188083721934066,309.20161982445717,0.9649882364905379,5497,None,CBAM
354.9329972437284,0.5418746734205169,255.45740376118405,0.23178521211392525,5498,None,CBAM
201.11855860316496,0.5931392325159396,390.28868743339353,0.7665422183049994,5499,None,CBAM
249.88754491217415,0.9905104731288045,243.52720924065702,0.5701313546319451,5500,None,CBAM
287.57648171825355,0.5914740785493446,9.200724472217656,0.7054083238410663,5501,None,CBAM
215.23584270246207,0.5515072232692887,90.39388960352828,0.21563562002928358,5502,None,CBAM
140.35210488609982,0.9293794679206226,209.88383552840708,0.6300079769350283,5503,None,CBAM
140.30098502556936,0.8384531567453873,374.2528910489957,0.6454263103633885,5504,None,CBAM
154.1581923779845,0.5489636660111535,141.5900649208549,0.07849920948388396,5505,None,CBAM
71.99384240094629,0.5157738774219507,123.38313364446776,0.048978287703385026,5506,None,CBAM
153.4703705764303,0.15687669198153517,114.25946069679618,0.5588556883527741,5507,None,CBAM
316.60668684939077,0.14171320812463714,162.39226515433464,0.010633436234807716,5508,None,CBAM
127.77700430525346,0.5537625344186824,186.91592252376785,0.9254225244903921,5509,None,CBAM
151.98859561591823,0.7679866130910384,203.57496616131812,0.6226159574532475,5510,None,CBAM
91.20346845337018,0.3514317011746581,61.636554072186165,0.8113051832421809,5511,None,CBAM
207.16815639543276,0.11121818970702618,60.458381071793355,0.8185793183634799,5512,None,CBAM
202.23456451439415,0.5065304210097454,120.0275341162574,0.5261505204794437,5513,None,CBAM
248.9023806866992,0.07738675768089906,387.51460175795205,0.5240671924934208,5514,None,CBAM
119.2269229866233,0.9117261555532886,73.14615925043124,0.26756355953321104,5515,None,CBAM
234.34439003824173,0.5651625697254076,28.049661868966314,0.7204014138096999,5516,None,CBAM
213.31619773456052,0.844369397326203,347.57369219726303,0.13201189173015423,5517,None,CBAM
84.37330442400612,0.4748637778844333,44.41464954030792,0.6906699909009517,5518,None,CBAM
271.00574394227397,0.025533000163214557,320.5110432436992,0.7285995527344341,5519,None,CBAM
147.12308068953558,0.736176237105486,80.96000761762102,0.04276038650239753,5520,None,CBAM
286.4044020241731,0.7564123600656772,307.9962202435028,0.8644846646135362,5521,None,CBAM
295.40265080749543,0.8255878222938616,57.749453238824735,0.7797543554662679,5522,None,CBAM
227.6664868332849,0.3046180789877156,395.23625164800274,0.2147734527949269,5523,None,CBAM
276.1832977329017,0.2593581172746213,156.20131073850936,0.9221455713628208,5524,None,CBAM
37.07522592349272,0.08775260762374797,312.3444493089815,0.6664152404290892,5525,None,CBAM
252.46781351934007,0.717228737149386,33.10307269155363,0.2438424187100314,5526,None,CBAM
33.115386800870624,0.880464904654965,367.6901743768991,0.358859379493484,5527,None,CBAM
71.21259545321679,0.030447008957893505,143.6055735382027,0.6601573586581779,5528,None,CBAM
363.67157022133176,0.6379448521126277,284.46473883361637,0.8283147958506597,5529,None,CBAM
297.9466242560559,0.8607842819716899,233.3428661000277,0.2916763204049659,5530,None,CBAM
113.15402156728742,0.7886478952950673,156.9080254296944,0.742174704340459,5531,None,CBAM
360.7115455620874,0.013598521146586984,97.6209741642258,0.916926321034612,5532,None,CBAM
366.24021233341256,0.9076873172474866,152.4790749062135,0.6372509313105459,5533,None,CBAM
217.78347741477333,0.3585288822381965,191.108320453582,0.9426227432461741,5534,None,CBAM
196.90633519355313,0.5713197511037452,232.56654187297602,0.9244893423461457,5535,None,CBAM
243.5792971760131,0.2717098255057295,270.4002557865492,0.29531870388632553,5536,None,CBAM
125.9859803303381,0.32731915540348605,6.5312337411796735,0.4656091368364683,5537,None,CBAM
303.9141218423447,0.6657804955487331,249.06478707970803,0.9890209279661349,5538,None,CBAM
372.2465037237646,0.9419743172307564,150.83493764354864,0.782261100930525,5539,None,CBAM
388.88676782366264,0.7356060950309279,6.999805615748785,0.10390011065785065,5540,None,CBAM
360.29601553583643,0.30149258625331327,103.47346072617366,0.705211533684267,5541,None,CBAM
168.90371967029714,0.7646015215593758,348.2830898054721,0.7214055122471463,5542,None,CBAM
269.19383656926226,0.47927936799729876,326.4585384475737,0.07017849826536246,5543,None,CBAM
136.1702112162057,0.8960011554926373,153.56522344734532,0.7182673148829469,5544,None,CBAM
84.81698702506267,0.3703524172368975,361.5742519141555,0.6412263201137216,5545,None,CBAM
266.1958259148739,0.8501656773477262,173.31482488360248,0.06152497069973971,5546,None,CBAM
253.25903976592318,0.59621560744203,191.73213622068857,0.9253662971654667,5547,None,CBAM
212.5831805188554,0.2387968315406041,388.8951071497372,0.011681210419832493,5548,None,CBAM
49.82194781255267,0.4353050030610844,189.46251443467963,0.7858716009407054,5549,None,CBAM
36.19977299019075,0.7562830022984909,9.191212048336716,0.6192247450566996,5550,None,CBAM
255.8324485038551,0.886054041874019,224.2256740648608,0.26609245650812197,5551,None,CBAM
121.54693097928093,0.5462639039307036,163.523750475987,0.5781434087607674,5552,None,CBAM
67.91961572876835,0.9241012487795226,257.3178750501742,0.5166982375510433,5553,None,CBAM
182.39104673076972,0.5433792618965915,355.22542416891963,0.6123939361363658,5554,None,CBAM
147.23401631868757,0.3683164145334183,26.529749677823222,0.2017856453872944,5555,None,CBAM
336.3186877278694,0.19736573401478705,399.11620479477824,0.4657360048545953,5556,None,CBAM
236.10470640280812,0.31222241171018966,135.7650089997403,0.1420177477170593,5557,None,CBAM
273.2885040069561,0.6894372563964098,284.94428674252384,0.5570745675685388,5558,None,CBAM
149.4061572012677,0.5613624269125221,355.43589398452366,0.9101496747462109,5559,None,CBAM
115.58125340215364,0.5482609999176165,267.0583493230692,0.15483196121519174,5560,None,CBAM
199.92861203694784,0.3894394020916735,222.88685022566165,0.6870437776884097,5561,None,CBAM
375.14672468022144,0.6631746507957517,317.182522428113,0.2749087289149766,5562,None,CBAM
172.8194411224229,0.7014663051061029,10.567646529893233,0.5155391325759237,5563,None,CBAM
391.71129519369066,0.5939174491858709,381.9507544734166,0.14279866417323078,5564,None,CBAM
362.0911969796161,0.7721985632718604,384.95487432185854,0.5873705250556408,5565,None,CBAM
106.72025313855877,0.053139289351417186,80.49300202763864,0.3797635534588163,5566,None,CBAM
41.24668218904399,0.373566780091012,194.1206865204517,0.09028161182770343,5567,None,CBAM
54.206349195147695,0.0804781752183948,231.989113212556,0.4016147333820906,5568,None,CBAM
214.75591752094311,0.9961162664319829,48.738710228720954,0.5606688837632735,5569,None,CBAM
235.65596948274066,0.8936024428627698,254.7202048416707,0.05204862287525667,5570,None,CBAM
12.337741507808374,0.17673810692044803,248.62839931510683,0.4078621129287853,5571,None,CBAM
276.00509277983963,0.5786797085235245,77.09824265629886,0.6743712420409208,5572,None,CBAM
305.073708426122,0.5877680488833791,41.4263420402877,0.9096500054603501,5573,None,CBAM
85.24776491192138,0.11820189417230331,308.65604773572045,0.7773981074613381,5574,None,CBAM
252.33053887543608,0.9396579530454797,122.54619644860338,0.10161134555943332,5575,None,CBAM
262.11680683854394,0.9867387604080451,92.19996488171705,0.539591668612906,5576,None,CBAM
129.4022815216261,0.8012501007529745,391.750279035858,0.823782157009921,5577,None,CBAM
138.8450598759021,0.5771308762251512,206.60324640353332,0.58984530979722,5578,None,CBAM
18.661489406097747,0.4405560446423079,118.8134069549488,0.02300962572856829,5579,None,CBAM
375.066020763281,0.8446419358309697,294.1394175787179,0.18913625645470888,5580,None,CBAM
199.7014535212162,0.8025136430145269,38.91048474372559,0.5897049800427133,5581,None,CBAM
360.09719216674347,0.9094146325913288,84.46484254452025,0.29438149320111123,5582,None,CBAM
5.302379733013584,0.7219978183928321,123.78335879301841,0.6434360807663838,5583,None,CBAM
254.28630960814357,0.05042172218056371,229.95189863215728,0.9898843844114323,5584,None,CBAM
82.9863838023264,0.8809794801882717,232.28789871936226,0.9798569954813086,5585,None,CBAM
77.02627443311187,0.3011259898339015,284.1156007566386,0.34493258145329997,5586,None,CBAM
339.2689271379564,0.7710345415556267,353.7385791633435,0.2486985222353871,5587,None,CBAM
269.3884228916498,0.9928379411051036,169.34240585454805,0.24637907886271845,5588,None,CBAM
186.2245960859152,0.17367936624952146,88.6383536741465,0.8345440398214968,5589,None,CBAM
350.3820934020842,0.6649255378759538,129.97535186089863,0.4706896849206701,5590,None,CBAM
153.12496184739507,0.11527390513374253,0.7823527816606307,0.5715295249494404,5591,None,CBAM
373.9055925101276,0.9425155380648542,165.4714445277382,0.411212660359098,5592,None,CBAM
166.465719409051,0.6155796468973047,231.58629669603818,0.07269541446422631,5593,None,CBAM
280.1811975697351,0.7324923515731115,13.511313604922218,0.7420229397523919,5594,None,CBAM
369.4647843869123,0.8749324239089726,264.8862908563689,0.8369637271148769,5595,None,CBAM
71.88702191730626,0.7386220012783259,80.01096192756839,0.2694283034362498,5596,None,CBAM
110.76074437571167,0.7861230312740966,94.14562075470602,0.5598787212069374,5597,None,CBAM
192.01778666402004,0.5401787633041525,203.8957262681993,0.30640208283655485,5598,None,CBAM
30.2712567133613,0.5835328228012701,42.810947504492134,0.06554910778415604,5599,None,CBAM
246.11628543301904,0.309467550776365,399.6663268029043,0.9336358659999332,5600,None,CBAM
247.90495427323756,0.9487024619037753,80.47105165692962,0.7238213734554239,5601,None,CBAM
68.84205124086508,0.07557551361646148,312.1652151926887,0.6535820956809151,5602,None,CBAM
218.34132455894758,0.7154805171446886,353.3349141169732,0.9454245721164956,5603,None,CBAM
206.2258139127781,0.14217118429137604,240.45654380765563,0.4116537598419451,5604,None,CBAM
357.5784846786185,0.8407794746575642,326.92766762171794,0.7669158666689957,5605,None,CBAM
145.3650044810856,0.23633294024118956,307.2627285939076,0.3433911287624659,5606,None,CBAM
180.39557938054966,0.9732205804430581,273.37645728259815,0.01622955746685065,5607,None,CBAM
209.55430567379358,0.1273595692105154,80.39495269472168,0.49335232976050664,5608,None,CBAM
290.8137226480806,0.4584056052570508,315.82632080302506,0.3913705050345658,5609,None,CBAM
102.46567383282361,0.40902817117216717,19.1822397899633,0.4791810640361221,5610,None,CBAM
391.48010570920957,0.6442114850105338,388.30608669433786,0.81719839757078,5611,None,CBAM
222.23293458467174,0.20924237731950018,232.06640483855696,0.49690505940456403,5612,None,CBAM
296.4352270051493,0.0027659558850214113,380.31802442270674,0.41388398112625374,5613,None,CBAM
373.7685279748194,0.5650554618671131,394.01530211347324,0.06771587810157946,5614,None,CBAM
128.0679921999553,0.18450597234807398,307.60961486527833,0.5340355586130571,5615,None,CBAM
83.63607945102241,0.2195977238774314,230.10012146824602,0.17145035703735678,5616,None,CBAM
224.28337676226508,0.4553308473071657,184.07923140808836,0.9637927860251918,5617,None,CBAM
65.74958699921923,0.11550145944107569,19.949997409901567,0.7188963541333591,5618,None,CBAM
35.60584006721732,0.5317685658521615,167.35979986997495,0.9897736146261525,5619,None,CBAM
304.9419401100754,0.8802865222794225,86.01693106604127,0.1138435942713247,5620,None,CBAM
188.13949476148227,0.14448329091305162,47.717391980836716,0.8111538848116955,5621,None,CBAM
90.38458662445784,0.17757337258826386,182.02492470637947,0.33797618830242365,5622,None,CBAM
230.9960641753265,0.7760118730546132,117.97302519540733,0.9445437584766708,5623,None,CBAM
36.67811705149809,0.6923335232338832,305.88794364681104,0.9684610351782598,5624,None,CBAM
186.65118505179316,0.20029436932085373,359.2307429800988,0.9295613865561158,5625,None,CBAM
279.42085926552147,0.27581807002341163,202.08812049571478,0.7632432993285045,5626,None,CBAM
33.707131619395795,0.16660485505557526,129.17273835971892,0.6481659127136776,5627,None,CBAM
205.85144325705676,0.04489337841559948,340.0817191167904,0.8855334662596108,5628,None,CBAM
178.64216990179332,0.8134025390781447,370.0519874475688,0.4342176435656015,5629,None,CBAM
122.88499093165596,0.0019145862579761504,0.4056281398892113,0.07634143394328677,5630,None,CBAM
146.49051943205794,0.3488402167622649,297.497712719055,0.30343646013337416,5631,None,CBAM
13.192120747050296,0.8117166705066152,155.97191464970555,0.5275468513305848,5632,None,CBAM
55.38124412581637,0.8906288800666726,332.7371815785297,0.651398882699211,5633,None,CBAM
46.36200440859864,0.7224627837638182,37.84434617481376,0.9967171606191597,5634,None,CBAM
0.30991379855986,0.367453789280994,80.21896595565963,0.4157270994244293,5635,None,CBAM
179.6031200622193,0.1254030479886183,260.8617092914589,0.7825988561676478,5636,None,CBAM
88.91056084410266,0.5211753482805161,251.85903803413677,0.3296085640827072,5637,None,CBAM
365.3961494391519,0.20211739049504224,351.9651730503332,0.6602515067890335,5638,None,CBAM
219.6379036383779,0.8661090546873528,333.71835412056396,0.8312823931731564,5639,None,CBAM
374.12606794247847,0.0809204004481702,258.452844031633,0.21842221875517384,5640,None,CBAM
127.69468746917613,0.059216011149412454,145.16484255339668,0.14612617741635262,5641,None,CBAM
362.33834350621567,0.9095011474478178,274.4701342980595,0.21855670714807746,5642,None,CBAM
191.37052272783538,0.6778501736626084,197.78483170263476,0.05026209248669459,5643,None,CBAM
105.47827487775159,0.5301813263244681,240.4094100936205,0.5389517958167841,5644,None,CBAM
27.830801040840374,0.5787212387907518,372.901907455737,0.03056183883234762,5645,None,CBAM
39.39121717971386,0.5215769699947307,272.5237329731092,0.3294414352510176,5646,None,CBAM
114.83053896786328,0.27194492805437254,179.06805044594776,0.28219564346922993,5647,None,CBAM
209.7200052233315,0.555924562992566,187.50976579939396,0.2300055716318576,5648,None,CBAM
165.84618454470115,0.11286028721198973,156.6924250740816,0.6783794618572963,5649,None,CBAM
240.46179068401386,0.765946885753656,382.204224473413,0.519533669425535,5650,None,CBAM
71.70801821121601,0.6829115999691652,122.25515351342062,0.3673227860672882,5651,None,CBAM
363.24392725003094,0.7841282303936836,267.3680535429001,0.8944029325362284,5652,None,CBAM
170.40313662975794,0.5998689713814868,334.6941797073257,0.18660875821617035,5653,None,CBAM
353.6508519653882,0.6210054792631697,120.04427236934443,0.19394447648794524,5654,None,CBAM
213.69837279976224,0.8279176900173282,317.0020208943543,0.3987640355344005,5655,None,CBAM
171.00991428040572,0.8549542391582506,192.0421308332046,0.7704992775551929,5656,None,CBAM
62.82759042020266,0.6200845371172305,230.4826977505129,0.19663780947319992,5657,None,CBAM
95.8000439225375,0.1911419543487965,349.73105331004433,0.0921690014589752,5658,None,CBAM
17.5130209961942,0.4134693137700883,340.4110228156302,0.346573179734808,5659,None,CBAM
381.67522606278885,0.4624779596311574,1.4624760085722353,0.47575954238389356,5660,None,CBAM
67.09830097891121,0.687472966777393,122.00738460263385,0.39852387955434854,5661,None,CBAM
244.0314518910103,0.9416896158723989,121.62957165095672,0.9242277254915768,5662,None,CBAM
4.83475865023938,0.9000562871940515,194.61092314238778,0.5348261376045851,5663,None,CBAM
339.5395330112116,0.4168399438482309,348.2168377334323,0.46866453415486486,5664,None,CBAM
185.88983750763094,0.696792549661012,111.6772487406267,0.09779963716807952,5665,None,CBAM
211.32826991152092,0.8760687050535079,163.9048395179903,0.2829479118506807,5666,None,CBAM
124.31475834173145,0.43242687324453855,359.9334138381798,0.929853867444926,5667,None,CBAM
380.0389139874476,0.5927120285032321,296.2996708729348,0.2551442753914388,5668,None,CBAM
270.3481888908934,0.6101999433881921,206.74425264189242,0.08517570081797154,5669,None,CBAM
133.02934954596097,0.7366871469985132,274.0521110025068,0.005044674881500268,5670,None,CBAM
340.749391638287,0.9519384475456397,134.4389291102339,0.6417006213934229,5671,None,CBAM
86.26494893288317,0.7098218925447933,308.5567131114842,0.6416209985697722,5672,None,CBAM
383.7783736934687,0.8969079541010649,1.5443287414848643,0.9028476262704513,5673,None,CBAM
22.84325106616113,0.5895324061417638,174.71214288267652,0.007050067348624003,5674,None,CBAM
34.25618698412851,0.9629096634672444,233.89170835194446,0.08752403267401691,5675,None,CBAM
302.1626806983082,0.5883039209353742,274.37931596234785,0.5462542754597008,5676,None,CBAM
294.6185499296751,0.06853064924368098,181.66196080337772,0.22967110425821724,5677,None,CBAM
165.67576102493706,0.5590532617858168,202.1413873029157,0.8952270562336372,5678,None,CBAM
201.51532287583,0.38150797567348244,345.32339875133744,0.2243522481151182,5679,None,CBAM
39.51968929957684,0.14488955810104392,372.66599807575335,0.7522208083450571,5680,None,CBAM
161.05465254413198,0.3000788435285616,337.274640373942,0.38034855943582857,5681,None,CBAM
297.9043335676861,0.04393858157124191,337.2810854203454,0.056811897155208985,5682,None,CBAM
103.19825898654051,0.8623932932403103,373.11769428169714,0.3005352975778727,5683,None,CBAM
248.98890330183488,0.9626732161394755,93.5362643043426,0.3557833689690398,5684,None,CBAM
352.353360322111,0.5131081731463677,393.4825133613672,0.08507891079496419,5685,None,CBAM
292.45656714720644,0.01844892396150629,235.95659213388726,0.32529926354425537,5686,None,CBAM
177.69144123377345,0.03153829203939691,208.51617723948328,0.008070245175013735,5687,None,CBAM
281.5036617346949,0.30491820982712425,256.5073434800097,0.4859015104293953,5688,None,CBAM
27.338268171527186,0.0660152880902029,201.6871303389592,0.544682893671604,5689,None,CBAM
380.48397571558223,0.6217934691907814,314.020104474229,0.20842192926606337,5690,None,CBAM
280.6359203257037,0.5436330044745423,85.71801231449984,0.971525615471727,5691,None,CBAM
294.9554895157648,0.7752528560238959,271.03950417049094,0.6623207551987057,5692,None,CBAM
20.62058128418805,0.3968126307690887,291.02372949069246,0.6909290111079958,5693,None,CBAM
136.06506436667806,0.09156317955709173,262.79152719014076,0.036259762800454926,5694,None,CBAM
81.08617019618968,0.940038376528874,20.771071821662645,0.7148039874008077,5695,None,CBAM
302.9982085563771,0.9133587502351155,55.29519828533761,0.1288217427329448,5696,None,CBAM
241.0170403877531,0.9658472960676816,323.6392680447023,0.3510911636354185,5697,None,CBAM
56.52997571164515,0.6782082352323002,375.04865614542433,0.8056358592731314,5698,None,CBAM
272.0727519673646,0.695060120571751,381.51138768785984,0.9412706934852002,5699,None,CBAM
123.1068030159127,0.9865256571913578,229.49598027073316,0.4014051484028604,5700,None,CBAM
123.91105442372974,0.7091695818037214,92.0239629547725,0.8050235223927179,5701,None,CBAM
368.69476194535605,0.5503997450189679,341.90554974245015,0.7107141082837345,5702,None,CBAM
223.33987168057376,0.4284626719391799,199.5262426333826,0.32589533376884244,5703,None,CBAM
199.56569221167774,0.12412537066518957,224.91829285128833,0.6388606991092473,5704,None,CBAM
101.77070078346078,0.8667683194134811,366.3348300910376,0.6091956470552455,5705,None,CBAM
309.7921558019119,0.3563257628410849,29.054367159678517,0.48760046398205414,5706,None,CBAM
29.49571509491034,0.15548837234790525,230.85814144627804,0.2226391727144577,5707,None,CBAM
138.96150591992898,0.07640849054063849,214.9845010584364,0.7467712582733784,5708,None,CBAM
157.90401597016762,0.09724785238796352,358.0875263083396,0.602611821112051,5709,None,CBAM
297.3562707091024,0.8561577456575361,162.07657547155094,0.21815822086269876,5710,None,CBAM
130.07839875466888,0.9367683544066325,288.14699472338197,0.871503808520663,5711,None,CBAM
258.42467851217594,0.729183938100229,255.5934208958244,0.3274983400865577,5712,None,CBAM
301.158767561874,0.3594722228162819,116.55311663737766,0.281685240755757,5713,None,CBAM
44.80235346614263,0.2241368838735347,174.49913020635125,0.1998447588303223,5714,None,CBAM
109.27711835305251,0.9311292775340524,122.5689148003668,0.06843597483408193,5715,None,CBAM
151.50907688085283,0.7302325888582369,6.450760608863071,0.4897040456697111,5716,None,CBAM
288.6502349949122,0.6481448110826732,62.72414520524252,0.8649147248737935,5717,None,CBAM
72.57669150631344,0.042952663803731424,6.714474257055213,0.6966914240419119,5718,None,CBAM
191.60566530828328,0.09435228751443869,385.80271590363526,0.18392527330396619,5719,None,CBAM
90.29374916547145,0.3353754317569113,381.6191673082111,0.5808899672932388,5720,None,CBAM
220.42558729854167,0.6674728347104791,50.124044945644016,0.9100716174125362,5721,None,CBAM
135.72272775106137,0.6593706142070653,331.8765372947171,0.31279282900284394,5722,None,CBAM
328.0156878457214,0.892256955323069,130.47798988371787,0.9457019899107457,5723,None,CBAM
328.3292050906895,0.8002292266269576,13.769039803089743,0.8871074560206443,5724,None,CBAM
335.4893717657634,0.6627356457914961,61.45457937196025,0.9942040244244871,5725,None,CBAM
49.2727795370716,0.02032904439055654,277.5730780478605,0.4394408058514808,5726,None,CBAM
369.1892356355144,0.812370624750658,159.23951888521702,0.9689331389530429,5727,None,CBAM
11.153856916885594,0.3680268665806775,14.202048036840143,0.7900082959356256,5728,None,CBAM
244.1351963947201,0.6237423777592701,97.10580902005312,0.22428096227073077,5729,None,CBAM
185.26756654657024,0.7606987392816302,85.9007574502897,0.0920486895885906,5730,None,CBAM
25.203787129180554,0.13663573665106893,75.66729841269118,0.5439266302228389,5731,None,CBAM
108.80975309710598,0.60248429677096,80.5782149288058,0.6305911349178223,5732,None,CBAM
166.57088256325633,0.03300348818672728,191.0682576730921,0.22494930422502116,5733,None,CBAM
249.25674770088128,0.990084419235364,66.39785481737877,0.9381738920629918,5734,None,CBAM
33.01258478522262,0.5956157336521072,165.4001172064139,0.09162470339950686,5735,None,CBAM
231.5685374307344,0.23389033420923008,251.74463552214843,0.44923857441135273,5736,None,CBAM
89.58600070422814,0.19448061347561654,231.42210796140344,0.5744800677887965,5737,None,CBAM
77.81725170241958,0.22929109151489438,325.3471761095127,0.9376360541040367,5738,None,CBAM
134.98076800662096,0.5505144623513508,92.1377154565183,0.5560212664316415,5739,None,CBAM
337.5594514908068,0.9349805088846849,44.693332484359686,0.42112666871275517,5740,None,CBAM
270.77725329124445,0.7202705686960268,190.95437879102963,0.143554827573029,5741,None,CBAM
208.28211083852014,0.9980055203443337,293.79721179671424,0.9734329527650836,5742,None,CBAM
308.3575554390623,0.4753925766565856,38.31537553005451,0.43419802246808,5743,None,CBAM
93.4777442589867,0.7368354280859305,342.59160530311493,0.7635645686607307,5744,None,CBAM
167.03222295978185,0.04665168980301146,206.24820594839935,0.6910946597106222,5745,None,CBAM
64.4762846207356,0.38660189335296846,114.06563457409354,0.5802105100107592,5746,None,CBAM
201.7295360804035,0.09505974067353846,143.07282464274118,0.3282293538306067,5747,None,CBAM
263.19860892496024,0.2051388917698851,342.7195816393197,0.05314565582719157,5748,None,CBAM
208.91019600239832,0.5311168927758307,118.75176841559735,0.21464364432293717,5749,None,CBAM
149.04527195353793,0.7190551497014874,62.469064710595866,0.38798673393032723,5750,None,CBAM
171.1659054259517,0.08839788430498818,339.6375317768599,0.3254023588804777,5751,None,CBAM
176.98604333749836,0.8892094093656672,78.96617055880392,0.461511460459638,5752,None,CBAM
113.895005211435,0.9163659289179625,316.36653595569334,0.20681339995536438,5753,None,CBAM
359.7177125920621,0.23299249461478247,122.79091235871644,0.8449490154037467,5754,None,CBAM
62.97275041021058,0.10445625364507184,190.50367388336534,0.17479994345474856,5755,None,CBAM
7.364320009028543,0.02437151221067353,131.0809090182316,0.0887757716172049,5756,None,CBAM
164.66381375233615,0.840869978575915,269.2256572623661,0.7429148455754399,5757,None,CBAM
78.95917538810494,0.8430558542688211,279.9530637451589,0.3995799374970902,5758,None,CBAM
87.74035996427729,0.7266219442551098,372.71143877422884,0.5761089616135985,5759,None,CBAM
58.433839597111856,0.555156699884136,184.03732214885258,0.6509114102974877,5760,None,CBAM
227.23630197843633,0.5725418314569009,335.63143793666865,0.819144676664862,5761,None,CBAM
139.6984758179856,0.08299162717488551,354.82259475716813,0.8920517363621573,5762,None,CBAM
324.959264157382,0.6660050748566273,272.4175748850727,0.3745106846813074,5763,None,CBAM
327.34290521607824,0.7432580699315741,371.95741787667754,0.40366986090892737,5764,None,CBAM
27.939602753513377,0.6032857512657387,101.52954983127927,0.617158809707731,5765,None,CBAM
282.08588884093234,0.6067624554277976,275.61621015990016,0.33694898663240475,5766,None,CBAM
290.6067416523018,0.814404530939216,311.8420135662961,0.4129526135881291,5767,None,CBAM
270.26124292216963,0.5533129129344231,102.47405230820486,0.34373426735458423,5768,None,CBAM
331.4804905198465,0.9513948461445513,379.22771498100207,0.1315009820521477,5769,None,CBAM
23.078367314230196,0.6305474475950626,230.12118567240813,0.1834408908296616,5770,None,CBAM
83.7282486784562,0.6460989146277123,232.25366512826793,0.8120454013944358,5771,None,CBAM
156.28274603980992,0.2231331426435218,131.70700239578187,0.7153958452079872,5772,None,CBAM
17.759152070546758,0.9223273030957783,359.18201094417975,0.31050357875018436,5773,None,CBAM
13.630704037700683,0.7754867941830886,33.362446910789494,0.2793238721653774,5774,None,CBAM
320.8001639570175,0.7560278664072144,336.70434041563163,0.5760161309264172,5775,None,CBAM
152.51470952711813,0.9066165385612157,11.109651688859767,0.37218271575402373,5776,None,CBAM
198.21778854034494,0.40116835497388376,178.10880436012306,0.6849446030440086,5777,None,CBAM
383.1822080790012,0.40203464633564956,274.8043514391498,0.8117523813364785,5778,None,CBAM
234.51639013831516,0.796638371489878,174.36065483491788,0.6344406769795791,5779,None,CBAM
105.8153938439328,0.039900698266561375,196.52003815912647,0.24885421222934886,5780,None,CBAM
54.003088802886865,0.2995512820846714,226.13916559005253,0.011461199806273243,5781,None,CBAM
143.79987960129557,0.33598152596949726,211.45962401755364,0.08382035140245855,5782,None,CBAM
282.25898317817763,0.1057426523076449,387.93661238316923,0.706805669486024,5783,None,CBAM
308.9874747889544,0.3086229168367792,135.82649017451328,0.42986654163865196,5784,None,CBAM
31.751119081771968,0.4234105417831051,101.67540515095197,0.3762420825947062,5785,None,CBAM
45.10489288812705,0.10754894234827964,193.54017751058598,0.9512627291185185,5786,None,CBAM
257.38991742769895,0.26446847842644045,314.5090991570514,0.7772258608734658,5787,None,CBAM
378.720238419165,0.4361546050098697,3.0193961813446557,0.7049538394019788,5788,None,CBAM
343.84650039106856,0.6419401415010252,291.4839220581014,0.44345374221927686,5789,None,CBAM
123.79701013831637,0.7874474851043627,321.31623419858016,0.6057947084419303,5790,None,CBAM
201.90350265589467,0.8238641007863764,233.96945477223196,0.2626829360020443,5791,None,CBAM
302.70949125827525,0.9785681346754634,251.10569129745613,0.0047689594829346755,5792,None,CBAM
209.32906141792085,0.574702641677647,54.009496685236805,0.1778763050276434,5793,None,CBAM
221.92285925524828,0.40577855378964345,116.079545440318,0.7768839084915301,5794,None,CBAM
311.0919544544263,0.19459813056698327,57.36853359556956,0.6576940540928911,5795,None,CBAM
386.4540931963817,0.16692332506249935,354.9311064829527,0.8764633210491133,5796,None,CBAM
288.188528011551,0.6926322537263906,162.90081920561238,0.6438441966677093,5797,None,CBAM
112.96719780248807,0.4228209512118932,152.5052014992603,0.17441251250845186,5798,None,CBAM
126.78045825649227,0.984323430782121,38.75201268210889,0.03640127658719466,5799,None,CBAM
182.92507760941652,0.21181442987021581,48.28026397250506,0.4510539841421911,5800,None,CBAM
321.1351106914556,0.22058624225813392,328.52866031212164,0.062313956895950616,5801,None,CBAM
253.48409694039867,0.4742751558739318,269.40605126127235,0.7921894464964238,5802,None,CBAM
326.53316074942177,0.4210337654820384,153.39415661959086,0.5157010135619824,5803,None,CBAM
272.86229551969296,0.8814316600731956,193.24619508838654,0.7841507271668862,5804,None,CBAM
174.41556585099613,0.5710188341993887,263.2454828106273,0.9434726123367108,5805,None,CBAM
295.266772155794,0.6394303094438052,47.82373608676447,0.10094915669038715,5806,None,CBAM
271.52055937706575,0.32112606993344445,73.18204332905324,0.22692704584472967,5807,None,CBAM
244.98693547790543,0.8715834408695667,200.65378156600002,0.02079607761125108,5808,None,CBAM
162.20682531358915,0.8981881861763277,109.8133872416548,0.20074644488203672,5809,None,CBAM
119.77687529367603,0.274834778982665,165.63448981956702,0.36238505439706703,5810,None,CBAM
277.3185233573624,0.2918444952543816,246.23070141807096,0.5968389097741378,5811,None,CBAM
80.60786392622468,0.9839142648992338,391.6558083098399,0.22058599048490135,5812,None,CBAM
230.15821099065192,0.861918648555913,308.24174836132323,0.6879165077163231,5813,None,CBAM
8.954975425375688,0.7160477712640593,290.71976170666704,0.35593471771489865,5814,None,CBAM
247.424862071892,0.5903109817656794,258.1916860703122,0.7084420301125727,5815,None,CBAM
397.32395418713367,0.7894579401649883,340.46330021136646,0.9482972882827485,5816,None,CBAM
114.89390619571476,0.8608509635301536,39.46624708500418,0.7861647768664738,5817,None,CBAM
212.19575148738588,0.29572115167449586,249.91523628171103,0.012740410282241904,5818,None,CBAM
29.379232451297693,0.06500719117634575,181.8431220403218,0.878404202259704,5819,None,CBAM
380.79001784954073,0.779168612779822,179.93417778223966,0.09224432465736505,5820,None,CBAM
86.60669830260879,0.6616205554663063,240.1162339562267,0.980821535212644,5821,None,CBAM
264.36380882984736,0.8735664565611553,212.5889527052648,0.5698023777542887,5822,None,CBAM
268.21650893503187,0.6425500480034078,372.3457331222857,0.819819587139975,5823,None,CBAM
353.3390725865902,0.3144506688487333,346.11936610908543,0.23100617382573604,5824,None,CBAM
261.7913738303174,0.5837396630518409,367.8921634427978,0.9347968265915841,5825,None,CBAM
386.0249949899424,0.2252676872001896,236.70282356197254,0.8598473189267855,5826,None,CBAM
58.226014549346786,0.913934944205026,123.5086371065882,0.21934508440003966,5827,None,CBAM
115.17016283394206,0.34651450584584204,4.014248325075397,0.25622160752083023,5828,None,CBAM
140.5671168598988,0.7724910728875901,87.39264970490987,0.694332347719479,5829,None,CBAM
182.3471955896115,0.26713492252593235,165.7307410213842,0.17884200823792273,5830,None,CBAM
11.983359540699267,0.33803101630379023,88.68502753827828,0.7434457905574491,5831,None,CBAM
281.5768819859608,0.08249149938877458,370.23432096642847,0.5826938136354746,5832,None,CBAM
183.47644445208147,0.1507465253607402,9.901808105472663,0.42305262660204124,5833,None,CBAM
325.32295432383205,0.9454837317493695,342.8686237209871,0.045853312937736444,5834,None,CBAM
229.09184157011683,0.8108069348213073,88.89063630833057,0.09537261215986562,5835,None,CBAM
30.661425383708934,0.5452523581558132,203.44258161100993,0.2278128923004347,5836,None,CBAM
271.0487024760287,0.07173302952972929,7.514303513827808,0.2672309529933592,5837,None,CBAM
151.30543149956918,0.35072574629248127,301.964620935428,0.2931770146724422,5838,None,CBAM
396.26810151730376,0.504866243358322,85.40326558389053,0.46455441874251957,5839,None,CBAM
283.32735761474265,0.927831199723955,299.95927781417186,0.57984655950351,5840,None,CBAM
304.6816177570787,0.5525461824851025,172.60288115418365,0.39311615928129806,5841,None,CBAM
106.55066841359407,0.08798174247474584,18.52348628512031,0.8801110234282746,5842,None,CBAM
93.30652033030637,0.8974922140322208,334.65229875750595,0.20414082010211917,5843,None,CBAM
99.56678680622018,0.0835721760370449,16.026003436199048,0.7369867235167691,5844,None,CBAM
354.2480508146632,0.12222037134146656,338.540200296354,0.03612333854915795,5845,None,CBAM
317.72744523324127,0.5323924201600839,222.15797406009978,0.23433980086461131,5846,None,CBAM
271.67984935697444,0.35812997194740487,311.5693937051764,0.6929087641783264,5847,None,CBAM
272.21615013589656,0.43860955521474004,233.74026343106053,0.9950273299203275,5848,None,CBAM
199.46632164220804,0.3890593621675144,137.58186361224122,0.15097269235496305,5849,None,CBAM
169.1166203149005,0.3468982239042879,387.3360854189902,0.4178594102642325,5850,None,CBAM
376.1533735971995,0.43529566719765916,299.33667153617256,0.5443920639424457,5851,None,CBAM
46.1043268642365,0.9771986686881149,57.776272005840035,0.4336522775193846,5852,None,CBAM
37.46164739583592,0.8908584806134074,111.71217925311339,0.7042780289046624,5853,None,CBAM
243.96751041654147,0.12162996219512974,214.75248221539104,0.0322264259299137,5854,None,CBAM
245.48493815898618,0.8136823098202802,386.26138523050895,0.8137466173456639,5855,None,CBAM
91.44851834340318,0.09290625063571081,44.822121640451144,0.37904098948135057,5856,None,CBAM
367.6497622892322,0.3747656433875483,158.28396219583482,0.5745647779457358,5857,None,CBAM
95.15320367699027,0.08238720640943939,102.15153757628414,0.6882763451945396,5858,None,CBAM
189.228407434512,0.955871765683623,17.388663475265027,0.7820499259430358,5859,None,CBAM
136.62583144982406,0.689248498198176,326.1867675865924,0.6957298319121,5860,None,CBAM
132.2305833978007,0.6513203893190512,206.51010364142982,0.28142848390930203,5861,None,CBAM
162.54668525151672,0.4625851863840384,15.409789997464562,0.18083189269590721,5862,None,CBAM
256.8483231606139,0.009303195872165338,324.8032147774611,0.3946985493457354,5863,None,CBAM
380.0814739259996,0.9174692491747715,65.1069257733108,0.6897276960436993,5864,None,CBAM
47.94423065683458,0.04978273218741951,146.65801257337986,0.66164061291874,5865,None,CBAM
32.13545196567226,0.8124487590849483,1.1399524081264616,0.6806524641793157,5866,None,CBAM
148.97935767866352,0.6320955222660264,175.2404051636663,0.8157657168015726,5867,None,CBAM
131.73832839676945,0.8034103906264757,225.37847393231965,0.7026525986647117,5868,None,CBAM
203.98852729174638,0.1266194998727204,304.42393251081256,0.16249558193401858,5869,None,CBAM
11.092231247257201,0.25058774862818317,7.154525251402648,0.062080133746460604,5870,None,CBAM
356.6186167469103,0.4873456988304453,373.22543234260917,0.9581174401093094,5871,None,CBAM
359.3903361561977,0.5192817778099451,299.6661242502385,0.2712160966880231,5872,None,CBAM
285.24004607163806,0.47337037458189835,144.6939077878688,0.4480637617339618,5873,None,CBAM
328.59437944472893,0.5949048493475336,94.22699269886309,0.1684266332800627,5874,None,CBAM
194.48172392599164,0.09340412726641868,311.48757039663224,0.7246872545916749,5875,None,CBAM
157.75584560011288,0.8070773194754777,328.6718888438652,0.9007927980718186,5876,None,CBAM
138.46771772409429,0.9987570423328268,206.3599563695683,0.9650061965944039,5877,None,CBAM
81.86637073492972,0.8678369678436018,224.15287820535247,0.19841250794660595,5878,None,CBAM
196.48898367244848,0.24837699464190405,106.487153805946,0.8556081849650607,5879,None,CBAM
237.78189445748268,0.5366130722824815,16.08630208263011,0.3956685205446099,5880,None,CBAM
275.70304200613714,0.020208250399929725,333.381012947306,0.3824971022489514,5881,None,CBAM
85.64064742399484,0.9921272816360497,328.72013227224886,0.4182865243385916,5882,None,CBAM
133.589417032985,0.6686624382777099,128.16076660902925,0.6211499879340041,5883,None,CBAM
285.0658620280446,0.8633567747764915,227.38724482929103,0.017111359314433715,5884,None,CBAM
17.597903812903105,0.18636787413835462,325.9968384306323,0.13970587727876113,5885,None,CBAM
20.055297370210244,0.41674670118483015,24.83708831611734,0.5400411235431688,5886,None,CBAM
289.0011401681129,0.03804077783814521,356.9150903358223,0.13781258247668246,5887,None,CBAM
250.35526435143476,0.47942932333728333,261.6792110720712,0.2742487409213881,5888,None,CBAM
47.87622612115797,0.46526520656296577,333.48252104627676,0.08611378105377787,5889,None,CBAM
308.8124270194056,0.7227014160674127,60.59560669959212,0.7589757727092123,5890,None,CBAM
107.92985371265134,0.8498376025859277,188.05641168896824,0.9973710924395711,5891,None,CBAM
253.8024082651044,0.01803895159870054,164.43673289901153,0.6266992353025218,5892,None,CBAM
315.1296678521532,0.8556621756531452,242.7868661816688,0.4906242567459168,5893,None,CBAM
228.603096706484,0.3727961103085452,157.0555389122653,0.7602708042535032,5894,None,CBAM
331.05234240117653,0.11749348736796798,316.6453230132943,0.48084621661211757,5895,None,CBAM
167.26511454540903,0.703881387143471,138.1031683128126,0.8547508299800003,5896,None,CBAM
45.78152401192142,0.9967433139404974,345.7503075791229,0.4673538883736964,5897,None,CBAM
303.37908899544215,0.8428780148938381,196.0222449117174,0.49078112491333026,5898,None,CBAM
137.93456940939362,0.4832141125266355,288.41732841688474,0.897983127053626,5899,None,CBAM
99.36784766086495,0.5156076644939486,218.59885999132223,0.7167480834628485,5900,None,CBAM
179.44604407106567,0.13549976517623413,349.3068357591918,0.2452579918486162,5901,None,CBAM
184.60871775303173,0.814518307674308,384.97285324476087,0.5418232159338756,5902,None,CBAM
141.4941213901979,0.9895062948576506,94.85920181008981,0.9931813741108022,5903,None,CBAM
338.72267550263615,0.5458542728769794,89.07573911190696,0.20349321828586955,5904,None,CBAM
361.28752218661464,0.07920871194023736,292.0053113483893,0.6508493784466095,5905,None,CBAM
152.52467609365752,0.592686135167811,98.33972469245124,0.2724826980408459,5906,None,CBAM
248.27675870091804,0.3155939669405544,97.3306548299958,0.3840991501923148,5907,None,CBAM
387.67505383231594,0.8834793963077421,374.8840758942185,0.9896555980267115,5908,None,CBAM
386.3305576968249,0.791252910564266,180.97383618171256,0.017700027249298835,5909,None,CBAM
343.7082813922369,0.7820205266311777,234.07785401507115,0.9646151807944573,5910,None,CBAM
314.49929311315896,0.6330529875320658,176.44158977898198,0.43520424332039065,5911,None,CBAM
350.58685782175917,0.12042834412317041,137.92223454401991,0.4012503308926659,5912,None,CBAM
49.41959471531675,0.9083633038157745,174.25318091907124,0.03692850611229656,5913,None,CBAM
58.010029966303,0.5144978198590588,102.9692215703764,0.102630872022344,5914,None,CBAM
256.01536435005397,0.2960381455084378,248.94823519665502,0.8529295654554083,5915,None,CBAM
363.59149151568187,0.09718142908041118,159.80365149759928,0.8669241008588298,5916,None,CBAM
389.98841596193074,0.7728671821986611,56.163402396999196,0.1227407133018408,5917,None,CBAM
58.27444128888604,0.8288097034041655,254.0264609258231,0.9499666825013927,5918,None,CBAM
219.3966695264802,0.7337399216733237,364.0366123977262,0.27279297342373,5919,None,CBAM
361.9721496241708,0.016384107679111012,152.67004222560212,0.9168732316580899,5920,None,CBAM
23.45000582284309,0.7591290298895336,320.2783528454609,0.12462044844189098,5921,None,CBAM
390.73348983215965,0.025904736424897774,357.26015611727314,0.635221000012948,5922,None,CBAM
375.84048185007333,0.9792327922740622,34.47174623142039,0.11427128109635432,5923,None,CBAM
267.8224703157486,0.18851643601040832,137.40675322887995,0.5686993194015052,5924,None,CBAM
28.230855958484597,0.579541184448214,129.11691888828193,0.1401827028629894,5925,None,CBAM
93.9449369310105,0.34759091043010804,333.54145436674315,0.3320208599731379,5926,None,CBAM
270.404237960231,0.12063988942991194,346.53603413282224,0.25684845989067917,5927,None,CBAM
378.61876029355915,0.11059895650711149,368.7742097827167,0.6365980276176408,5928,None,CBAM
41.456566552214035,0.3255293935236379,46.177109515798016,0.2390814837630315,5929,None,CBAM
54.64797960964599,0.0524104117962993,273.8056064557121,0.7544360419404869,5930,None,CBAM
350.53046519757817,0.6977790753999258,278.09553902471345,0.8564696859444848,5931,None,CBAM
42.9608569096929,0.026655397039702843,98.8519204954293,0.6368125722401903,5932,None,CBAM
356.6505500626526,0.9235229311465419,257.97625769343324,0.09649112831683786,5933,None,CBAM
273.43420514154616,0.4909181526531075,184.94734555198883,0.27793776764706213,5934,None,CBAM
38.969878420163695,0.324825818020095,201.17392026690717,0.9671489929294368,5935,None,CBAM
33.83561217780435,0.37577548210064154,9.928665662527274,0.9449250894043107,5936,None,CBAM
62.13930161292899,0.41045503129495153,337.83987989777467,0.8479611137869362,5937,None,CBAM
372.3835656088154,0.623890460654816,140.34141820169077,0.25364352721191485,5938,None,CBAM
112.92325582786683,0.8088223350489417,7.861132323012187,0.30188535806651345,5939,None,CBAM
19.168081879455038,0.09302322721202784,91.82222448252976,0.5363519373638093,5940,None,CBAM
318.0104709036317,0.5064542662632568,282.0890834145312,0.6627564851545821,5941,None,CBAM
98.97161367824378,0.5784083449211064,338.0091812460618,0.6729030548780564,5942,None,CBAM
57.14097999964088,0.20641680351983666,293.5482797782205,0.9409328630696845,5943,None,CBAM
59.2836350825963,0.5233567267443947,94.82681187523802,0.5501302915007044,5944,None,CBAM
369.78174398202833,0.784473044649603,184.40454963653247,0.7611556388996881,5945,None,CBAM
207.68421264110816,0.7951950032652472,186.19146111360556,0.38472078968836676,5946,None,CBAM
202.24052635160555,0.530426668611575,253.49258598457877,0.676583133103829,5947,None,CBAM
251.08784643508187,0.5230405955131103,87.25598029123019,0.4611282963043962,5948,None,CBAM
100.97743519139289,0.5389999686633626,320.23926405717395,0.2759734057856224,5949,None,CBAM
365.96449043050103,0.7683769066895044,23.975037264066533,0.7027404516797915,5950,None,CBAM
368.2409505870738,0.7742503990170729,363.85268718041874,0.5593919485791048,5951,None,CBAM
24.641635439950942,0.9631188094320202,42.08831642315717,0.3923465160892976,5952,None,CBAM
77.89422935905736,0.6484377654920065,103.5988636678695,0.7464424597314261,5953,None,CBAM
171.6025986078439,0.9204157648227931,321.74881085603647,0.646152255529525,5954,None,CBAM
19.431506441704474,0.6806283823724264,396.6426905976617,0.0042614948789889955,5955,None,CBAM
199.27717415517,0.7741889895043653,388.7411055337758,0.7006407663451967,5956,None,CBAM
28.929090558329396,0.9480822542751561,231.31471231063884,0.06912614747655274,5957,None,CBAM
50.460164901195384,0.549794449795599,112.43088416602549,0.9361700381469409,5958,None,CBAM
146.0535338925404,0.6110801168358891,371.1650446386304,0.009531877022092114,5959,None,CBAM
202.28136423148305,0.12005105426022998,128.29339747627856,0.8224005546177613,5960,None,CBAM
383.8298889901134,0.04476298656456267,125.56202218722142,0.6159800068422284,5961,None,CBAM
216.28386578805925,0.9244474978173094,217.8405088642722,0.05756563318961696,5962,None,CBAM
152.0664590101561,0.40368569045157493,160.26840586615356,0.6385664892263404,5963,None,CBAM
234.54142020501214,0.4480368482935544,19.782323058709725,0.1774226311457915,5964,None,CBAM
10.018558237572105,0.7051674385028657,164.2836066131474,0.615818242584865,5965,None,CBAM
215.66819121505523,0.39445271020836886,37.026759467329136,0.15526071920803122,5966,None,CBAM
366.98812829432296,0.9434507882821566,264.24459584680847,0.15017481281123285,5967,None,CBAM
162.36820095639695,0.0011240850044097967,56.09151085282669,0.6742825847380945,5968,None,CBAM
363.9798828291329,0.09526854789336933,239.10868420216582,0.09134359125537059,5969,None,CBAM
263.23583788390766,0.8959760438394758,269.90386342856385,0.7819007410150053,5970,None,CBAM
184.8165713747268,0.6129411047749418,27.47472647755047,0.6269574897881044,5971,None,CBAM
135.50952004137187,0.2922275656406716,249.1975410208993,0.857505200265502,5972,None,CBAM
292.9528629571632,0.45232345561811643,81.35951207686503,0.08588506395068728,5973,None,CBAM
69.20964004000125,0.5529602266066954,119.89510919839368,0.033945444339406314,5974,None,CBAM
271.1258826708899,0.5550244616458273,276.08401973010547,0.055021440367363755,5975,None,CBAM
7.903492498440088,0.6903731237567873,222.64892892677204,0.8248989634278016,5976,None,CBAM
269.2624596064661,0.4240534624832782,340.1769975371434,0.49803799277582883,5977,None,CBAM
182.0081360175491,0.9119263582195996,29.738880933119272,0.6389210397465049,5978,None,CBAM
26.495105727231206,0.5486504121141822,286.9222781365871,0.41049404306676734,5979,None,CBAM
177.39561457363163,0.5638102396931208,77.7392665664235,0.4743767072411396,5980,None,CBAM
262.73119442380806,0.9440232978337956,367.41439233097907,0.2520051832751565,5981,None,CBAM
0.27481508210297323,0.7857289739546599,252.00866280770714,0.14188753109657268,5982,None,CBAM
19.783065331876017,0.39366756848904216,260.04664660965307,0.2512465297328388,5983,None,CBAM
153.33832918306877,0.23473415374051476,307.2329216784831,0.5566772572540338,5984,None,CBAM
13.083268114998065,0.6639345427857486,215.62195187501155,0.7792576693240311,5985,None,CBAM
340.4798402562042,0.49532395322293976,123.66283131046787,0.16340752491661284,5986,None,CBAM
286.48284454127577,0.33961514215254535,306.2384783737714,0.7547614376357105,5987,None,CBAM
69.90876581429694,0.9613016718457489,246.9900792274723,0.7142657824734232,5988,None,CBAM
152.30860181000963,0.7257805309649864,245.50876048991634,0.15398518295318844,5989,None,CBAM
53.47631712704089,0.8285216777922191,213.91148864186516,0.3277431711714328,5990,None,CBAM
28.757768516717103,0.6025611324115109,273.7849712645401,0.25609863977396957,5991,None,CBAM
192.59327422837583,0.9710786518987032,330.7808846773057,0.06658587729732596,5992,None,CBAM
15.67026345381597,0.8228553309694309,204.15614607410805,0.8523795039271618,5993,None,CBAM
20.19466324170146,0.49223381741248495,382.48883684653714,0.802947864797855,5994,None,CBAM
266.78769950199177,0.9025762575583498,291.6727217200741,0.1068909831093291,5995,None,CBAM
48.83835051047497,0.9300696072479614,334.88193333374903,0.6491714211522052,5996,None,CBAM
149.68592333595913,0.6628179401516845,92.67387466621967,0.12290720063256562,5997,None,CBAM
326.1340954484393,0.21533260095935472,40.832833441056806,0.47754314602136255,5998,None,CBAM
214.7037017556133,0.3329840552723343,175.3096679142002,0.6955808477208205,5999,None,CBAM
214.43158684187554,0.4870278550511479,39.79006923062406,0.19217946737698552,6000,None,CBAM
171.20944838460431,0.5196555802307994,52.62875093056078,0.8557182261478786,6001,None,CBAM
367.2617463025147,0.6916955068419419,366.2229579778729,0.7883532339853941,6002,None,CBAM
248.55298118198502,0.312603799301936,275.07258292419505,0.2885410528059579,6003,None,CBAM
163.3499884331252,0.1798888388771551,257.03700859312687,0.9559812635296298,6004,None,CBAM
240.3565895030025,0.12904561904371903,370.4537306646747,0.8236987771741003,6005,None,CBAM
10.066706748735402,0.6036084032701491,318.43246073812946,0.2913113841070062,6006,None,CBAM
129.32743687149136,0.20881421864764732,242.7004365616383,0.4250801102229138,6007,None,CBAM
281.9511198722162,0.1651822694370005,200.87773517698633,0.36311842554448065,6008,None,CBAM
347.80158370307277,0.6677048659608814,380.8454303756277,0.21778103272012475,6009,None,CBAM
64.76567758445671,0.16924783211159658,323.2043449086588,0.05019129209446937,6010,None,CBAM
302.08405173702386,0.4221101659442037,196.41178243042447,0.0415942886935955,6011,None,CBAM
8.42321899118151,0.5809511781914959,253.4249995921946,0.35764294233735067,6012,None,CBAM
174.85575817489294,0.9682311853060387,86.42727389272538,0.804547173482863,6013,None,CBAM
15.502708855318009,0.13137994571092937,287.4045691036306,0.5358822533854651,6014,None,CBAM
17.989473352129334,0.8647295407467939,319.7925134765976,0.3511124875994683,6015,None,CBAM
377.045916532654,0.3061035803949869,330.6988938399126,0.21437068906398318,6016,None,CBAM
274.64248447288526,0.4156105097237777,206.3075415136605,0.1031632281692996,6017,None,CBAM
43.31070732518089,0.901612752410967,127.92324734303824,0.6470083201720712,6018,None,CBAM
236.8571718324481,0.28324533496079635,251.1221930232354,0.6516343928174935,6019,None,CBAM
391.12739853487966,0.48612546852541655,359.47457483576324,0.2500671261654145,6020,None,CBAM
379.7092727774434,0.23181309849841558,48.11257455760016,0.08290890076670997,6021,None,CBAM
8.649806551064618,0.6085201539490397,258.39842303240033,0.6362808046137196,6022,None,CBAM
170.04494407478572,0.2452411496870467,380.3606189097626,0.00738040635344921,6023,None,CBAM
295.7208224442292,0.762613349244452,384.7543058363438,0.806512671422648,6024,None,CBAM
307.44536624396585,0.8035715964249052,230.932213329873,0.3637285045097277,6025,None,CBAM
283.0324238651496,0.8217724994074934,262.6978342338533,0.5637267483989251,6026,None,CBAM
298.2852223125861,0.11930688746228671,166.85170134144042,0.012300290214788961,6027,None,CBAM
352.6380076285555,0.5474725751046735,235.13876559382413,0.3391868341485434,6028,None,CBAM
288.52954403983347,0.48039794299466904,153.2362289565819,0.3413481431570052,6029,None,CBAM
323.21664307712877,0.5754098174192361,80.09799610343642,0.6504175377654432,6030,None,CBAM
373.1106474839368,0.42609029007518856,214.6261816381593,0.5370454738710383,6031,None,CBAM
112.28505447613666,0.6130983368639127,164.17159009998045,0.39308369611174554,6032,None,CBAM
31.62380039227084,0.9691983668550953,231.03411999178238,0.15282486170214316,6033,None,CBAM
276.31790128036135,0.8179048601615624,11.622217687095045,0.5574882881072668,6034,None,CBAM
176.40510650197055,0.6944427801709763,365.62585460198864,0.5109335522885153,6035,None,CBAM
228.65172535135196,0.6752072219431664,27.600470648425112,0.5406833995870525,6036,None,CBAM
302.38636642682667,0.7768507091058738,130.16214379542438,0.2519493776482369,6037,None,CBAM
59.18619230469918,0.8330714435602452,142.338912787543,0.021322677056378064,6038,None,CBAM
350.7628661905827,0.12932537392611865,182.73525554881175,0.5159953175925701,6039,None,CBAM
261.54573021990177,0.6569117520245448,67.9881655469606,0.5648109680125275,6040,None,CBAM
340.86217427121164,0.0936973595978719,107.7067726897997,0.49987577576785536,6041,None,CBAM
65.81010253945529,0.14147947449357,53.64380859190118,0.644168904924997,6042,None,CBAM
228.51823890835078,0.5640591898663394,244.7665192486952,0.34900089438255666,6043,None,CBAM
81.79988264801526,0.3305922667672462,138.51711829496705,0.07599405893307129,6044,None,CBAM
361.26239072169176,0.5595498046667495,192.92005236393143,0.7403836707011989,6045,None,CBAM
124.84763728428938,0.7100225221143461,135.13404183246556,0.9098923301645372,6046,None,CBAM
173.07785041474048,0.5471964061976999,316.56201575652966,0.68241005796609,6047,None,CBAM
94.76869225457568,0.30691761272048396,365.181885149786,0.5001460113321096,6048,None,CBAM
273.79970641263935,0.859960024509961,21.8902216663393,0.8748774558776201,6049,None,CBAM
280.4089131699546,0.2264137090233737,150.9677580965305,0.615347736518242,6050,None,CBAM
378.9351258373739,0.48670057156626284,279.0562516862511,0.82651556461394,6051,None,CBAM
20.353040363353518,0.8536843571391072,88.51009301745536,0.8326526107804954,6052,None,CBAM
269.8793748921861,0.6214475051452268,176.6586468219147,0.6554125155191193,6053,None,CBAM
387.05410390312574,0.8381343928455932,278.5707839464307,0.4531340896474424,6054,None,CBAM
87.05254372252169,0.9530568689609269,180.2418763952667,0.07543225741953859,6055,None,CBAM
313.0126941803788,0.7863815477194681,173.354766250556,0.5481186457858834,6056,None,CBAM
45.31252191096966,0.10870224313553804,346.06047487397717,0.7272910772186056,6057,None,CBAM
28.340442310233595,0.8893662891046191,105.13954226965755,0.00011544708671827242,6058,None,CBAM
383.30513625707397,0.9255349700446033,198.1996600555188,0.2286356630659899,6059,None,CBAM
249.04057234237516,0.7833136851264499,113.33730471028088,0.9503042452930657,6060,None,CBAM
78.527971916169,0.11877910080138088,5.500758146937298,0.00910936874979817,6061,None,CBAM
18.247900128287633,0.4046954200882996,66.0622846845657,0.7683717217051276,6062,None,CBAM
212.15013520166684,0.33443180808870865,74.5884785054734,0.35748214250996985,6063,None,CBAM
359.5638218458103,0.10523425216087372,369.51138147009897,0.7862912384266071,6064,None,CBAM
399.8564672596744,0.6078224924728146,202.8843687319986,0.6784469467019636,6065,None,CBAM
385.65833563719843,0.4161396433811994,289.9867340202217,0.02702146473936235,6066,None,CBAM
129.11239557482725,0.081730681608591,2.2094964923464353,0.11254695001822312,6067,None,CBAM
133.41795656868635,0.3762267901035535,366.24926412731674,0.25481926840786134,6068,None,CBAM
277.33222760744695,0.10678922354529925,161.85292552390976,0.08222224931501292,6069,None,CBAM
263.81136292155156,0.9896576929657197,86.62076932226113,0.667031671070688,6070,None,CBAM
147.35997547813784,0.9170803643370671,369.19602309812296,0.981773302130628,6071,None,CBAM
347.05524308923657,0.2510368104367152,23.33773368296527,0.597668999371612,6072,None,CBAM
379.2202082972587,0.18174304284555887,388.5449887677258,0.23476685201952915,6073,None,CBAM
145.53569771699156,0.22776588207504783,251.97615144318513,0.4587099919653312,6074,None,CBAM
275.24939401286514,0.2378423331393454,156.54295028252082,0.24177982002622653,6075,None,CBAM
308.7567790993882,0.0004613427528021202,66.50364026287589,0.5066800615269206,6076,None,CBAM
59.33306293337712,0.2724916604244083,71.95916547729131,0.15555607202387878,6077,None,CBAM
120.85552091083827,0.38695232132001217,194.96484821200616,0.10468783309856441,6078,None,CBAM
17.43967585395495,0.12351684089100085,100.88422619526673,0.4828496324315183,6079,None,CBAM
7.73006292156689,0.939468423269846,122.47387572517465,0.5710460602430921,6080,None,CBAM
28.8561237450206,0.7703121492369199,8.584318619496468,0.1890825044298277,6081,None,CBAM
108.45751447672012,0.4937814138315028,100.13369643835286,0.6804080989635448,6082,None,CBAM
271.72258513064577,0.6026975682771414,309.03709477321917,0.41855470354930935,6083,None,CBAM
307.1028925779304,0.6641769108783028,271.1662078771903,0.7325286898096299,6084,None,CBAM
85.30332112489593,0.8078041928531721,194.64862395721357,0.7242933651728346,6085,None,CBAM
82.44102799826165,0.21128425931885939,165.09065095688118,0.9901917958461689,6086,None,CBAM
347.2276932115959,0.9958478220177794,251.67394108915894,0.23074242719147328,6087,None,CBAM
16.49060284841587,0.7209957646167146,236.83399702715295,0.15879447725656023,6088,None,CBAM
337.3448102979231,0.6974834079947969,103.11726886977328,0.10155013581350417,6089,None,CBAM
256.7994571470681,0.9610096236264831,135.75979468877546,0.9126005001809672,6090,None,CBAM
385.8966615416135,0.20602393549804357,354.36798698249294,0.15162465167984857,6091,None,CBAM
119.07756991317464,0.6634698895333082,190.18808358495042,0.3787585662919949,6092,None,CBAM
99.06785706899971,0.43507307473527806,38.13798786707615,0.4260426399032023,6093,None,CBAM
347.5355837320819,0.4996572752182488,238.72453909674167,0.7494489489005994,6094,None,CBAM
375.83825999001925,0.2967983537653221,104.83876831660666,0.1775657921977121,6095,None,CBAM
332.8396226771484,0.6495920305850927,243.85425638937068,0.09091913889975192,6096,None,CBAM
192.31992721934392,0.5773398389904495,83.86539935429681,0.9220506430703339,6097,None,CBAM
248.08778616601344,0.7250776687268956,96.23003952627685,0.8015164335228623,6098,None,CBAM
52.702253888472704,0.06710629643773716,267.834336299308,0.25287242209085115,6099,None,CBAM
381.82871691963294,0.03320573989727497,321.54048113425023,0.6193301977240354,6100,None,CBAM
168.97471508325688,0.04040851637308669,25.166479969731892,0.3206986664337318,6101,None,CBAM
138.76269852140422,0.5946174731216349,72.93452255832091,0.5038691673797092,6102,None,CBAM
72.69217847118118,0.09145285274532287,204.20554511219038,0.206515788455486,6103,None,CBAM
339.44485078141685,0.4889788419178122,335.29449282968505,0.8444504973024894,6104,None,CBAM
35.30330187356738,0.21767577886695932,247.0150464980811,0.966648805716131,6105,None,CBAM
216.61192011699413,0.1737376274365391,280.05128771618917,0.2167269910035369,6106,None,CBAM
236.24012075019456,0.6682807538218749,275.29319933067853,0.16598926461594443,6107,None,CBAM
41.00138220419666,0.01694684729110595,318.73422323064307,0.5942720708764351,6108,None,CBAM
390.91596147535074,0.41873801569958835,254.87023112158536,0.2176069367399225,6109,None,CBAM
212.32465837309684,0.4410696995868271,383.82564601623403,0.6592166824453596,6110,None,CBAM
63.04718646545534,0.2007741442636346,380.9451074356565,0.6960604224927341,6111,None,CBAM
363.3445359821966,0.5111095844908013,159.09807125859936,0.8378958110964125,6112,None,CBAM
43.252620200924135,0.6250495790179074,362.1905768137768,0.6381065160570224,6113,None,CBAM
258.1833389744233,0.45442367027997704,32.6099259768159,0.2804998550065636,6114,None,CBAM
343.1600578003468,0.024860864558090934,382.30867504188456,0.4009079714986824,6115,None,CBAM
169.59875476177683,0.760859230718333,145.80548866248654,0.6752116520332314,6116,None,CBAM
241.56723951438943,0.14772693343967241,355.4949778100177,0.867059199089359,6117,None,CBAM
306.3688959616075,0.561494589518632,55.37046596335742,0.5799427373132781,6118,None,CBAM
21.520076647905594,0.2359894327685777,149.4037337913727,0.8143647586338204,6119,None,CBAM
314.0292986500645,0.2262499147820488,89.50599729156694,0.8983403108016264,6120,None,CBAM
104.64672843424539,0.19854946725329117,201.3206291166136,0.8676608165642001,6121,None,CBAM
179.16350756537915,0.09097885954366405,21.161114579001882,0.39429926218976835,6122,None,CBAM
72.01865474503825,0.3369737991626459,321.0350752267553,0.9516819321889702,6123,None,CBAM
40.47239539114963,0.7772604398626074,283.49349090230834,0.7831403461201922,6124,None,CBAM
12.51985883183006,0.18201283455293765,23.387147144788358,0.2333186253630832,6125,None,CBAM
31.54671083503121,0.8819220680568075,40.34302007898141,0.22138932892613877,6126,None,CBAM
153.62227159916378,0.7656742340740734,81.88537856590946,0.9782904901771564,6127,None,CBAM
308.040577769055,0.24431073407339401,234.87268035002563,0.375300405511398,6128,None,CBAM
22.526774521108937,0.4424758082628111,138.70485378728162,0.10711215922325107,6129,None,CBAM
259.35886797156087,0.24483778465922376,52.716038990859694,0.4069006244912931,6130,None,CBAM
6.569058668924502,0.4053643944816235,317.2414114925823,0.16683842206803357,6131,None,CBAM
228.45097105933067,0.16331574451355968,306.31889946157065,0.3649330178318981,6132,None,CBAM
199.53433395824123,0.1464839160659927,248.53640478095872,0.14873278678947785,6133,None,CBAM
232.7471712012092,0.8449024535365198,146.76685197870523,0.6156935057545334,6134,None,CBAM
126.28016540885754,0.29364950208634644,128.05213063494313,0.5253253437247942,6135,None,CBAM
267.5587014621539,0.646885264611774,19.123559462451983,0.9146535242199508,6136,None,CBAM
199.42535208518356,0.48051943608436537,272.3250612135242,0.7528870560201744,6137,None,CBAM
73.33364272953824,0.2049720053792781,14.194779665570772,0.814127665964592,6138,None,CBAM
315.6700490893511,0.5707586521596877,368.4413419319875,0.9199303451791081,6139,None,CBAM
305.20285443733843,0.46540834421923083,316.7126080022644,0.775020019675654,6140,None,CBAM
259.24151346909093,0.8537738768709299,63.630382696803004,0.003713872618283426,6141,None,CBAM
88.24130326728017,0.3346197021253991,195.91155170455926,0.7328788116697844,6142,None,CBAM
344.2647357093898,0.8781766902643783,291.41400498643253,0.002144895228069975,6143,None,CBAM
347.31267269524636,0.16505866441016612,242.94953557286965,0.1500822450372965,6144,None,CBAM
39.33711098861632,0.5490136080599637,207.3649095038481,0.9526097094957414,6145,None,CBAM
207.67417680987288,0.5083203308805675,178.7974267126617,0.4747692082270446,6146,None,CBAM
384.11242402053335,0.38106523431425277,63.571035594103854,0.10901838193899688,6147,None,CBAM
121.0804821932526,0.3631367503327492,169.1229231981721,0.13535540294271187,6148,None,CBAM
276.8991928657283,0.9257312771365334,68.71560157295824,0.9616435774801325,6149,None,CBAM
51.873544894565995,0.1537590936932962,145.12428624988425,0.38907792111349326,6150,None,CBAM
290.1474032711028,0.6264070124416798,144.2299032054136,0.3794881231190578,6151,None,CBAM
274.39893087449803,0.3210875648504614,207.00313492684893,0.9140867576785562,6152,None,CBAM
21.22742823438916,0.7189974492899004,116.92262884319686,0.8762932074205321,6153,None,CBAM
34.47853694568264,0.47000098664269524,392.2884394630907,0.7620766239485631,6154,None,CBAM
355.1732127387856,0.7702613931331237,244.23574901239968,0.7678826816891706,6155,None,CBAM
125.64479220118908,0.07718961661165546,64.139369622919,0.04398215848331384,6156,None,CBAM
63.09872135180255,0.6542862546080215,74.03122282641807,0.5421608204791338,6157,None,CBAM
229.85425312190847,0.18348224730187182,334.32716318659925,0.9793171902839752,6158,None,CBAM
282.98948321351213,0.09463132161571593,9.342515087722663,0.08217092330518194,6159,None,CBAM
354.6892789596255,0.5548073552900771,215.43242228975177,0.13091435058062126,6160,None,CBAM
162.9266040190537,0.44141723310372016,377.0184565956954,0.4162203463556218,6161,None,CBAM
102.25106933294865,0.9441411090514006,384.61361542372754,0.37294476440226476,6162,None,CBAM
361.5812282733948,0.25628978841988953,4.96626549669001,0.9686448108121781,6163,None,CBAM
44.90690727226062,0.586526812222882,229.97671726756516,0.8605505381510539,6164,None,CBAM
231.8701900627187,0.07847192726203764,134.06378740101513,0.4677117908692449,6165,None,CBAM
103.84583916440988,0.08945523784513791,112.2079379313663,0.718774577192478,6166,None,CBAM
196.52131672760402,0.06790990938480443,12.490950604444317,0.9266749957847343,6167,None,CBAM
154.90896761843356,0.1406605150299808,31.315463338189335,0.06422477557948729,6168,None,CBAM
398.82847511663823,0.7238357778953598,209.41991089087665,0.16115118034467182,6169,None,CBAM
324.2601905862962,0.49815000141260957,37.78825371521516,0.43230582516300703,6170,None,CBAM
75.77451097235425,0.5123584131065428,346.34776940364566,0.5756761577324566,6171,None,CBAM
390.1218424564201,0.45506470679172273,205.24731745118262,0.25661955068259706,6172,None,CBAM
31.849635102946305,0.4656332953495439,98.44233880796719,0.5946993006011989,6173,None,CBAM
4.289887377160471,0.5904217005315149,139.74296820013996,0.9631179537187607,6174,None,CBAM
339.15102264467606,0.266543087339394,200.19204992940595,0.2544047081592011,6175,None,CBAM
326.9339494567765,0.6185044115044798,258.7013976296903,0.29500473579925496,6176,None,CBAM
316.3658880372826,0.605039662016058,307.11373753842827,0.9852928903745155,6177,None,CBAM
197.9459912701011,0.4266608621629521,182.49270068731744,0.15226927119727368,6178,None,CBAM
137.82552160021245,0.35676808182914194,122.75256315508562,0.12877050698305312,6179,None,CBAM
45.213593788070725,0.2183020810212295,361.0821764590935,0.12150312722167862,6180,None,CBAM
374.64193799157215,0.32880448527822026,280.9649492425107,0.6838392886127317,6181,None,CBAM
136.43160054461273,0.05034304143380813,306.05590146710347,0.9233369995736165,6182,None,CBAM
343.6686657730848,0.9861406016816964,127.34243572252286,0.8488903038237406,6183,None,CBAM
251.4238078027868,0.7088084677016258,205.63315119075955,0.802466287124064,6184,None,CBAM
231.6604669589617,0.04982941244664317,389.2651370106564,0.12370249318687875,6185,None,CBAM
222.9937143216714,0.32407157808922044,115.89596736258656,0.8966876136593525,6186,None,CBAM
24.8932448700685,0.8652316982475533,109.98906635782075,0.26427753702204904,6187,None,CBAM
139.52527037412665,0.9990416434593722,178.94787662188773,0.97410508876041,6188,None,CBAM
81.06500771014201,0.7420151821726438,237.40161716867152,0.5266081671486098,6189,None,CBAM
319.84955466354535,0.2834027677815813,313.40502801178144,0.9388563650556636,6190,None,CBAM
381.9170589692264,0.867454974976421,94.08107081827968,0.5223172778398288,6191,None,CBAM
383.04920519619105,0.3040215947130724,40.73392147387153,0.7659270405609692,6192,None,CBAM
357.83083124742643,0.38788997811543485,102.85969299223956,0.16104681020781791,6193,None,CBAM
42.19271441439382,0.23628753796360144,271.46392494560394,0.9607367910511458,6194,None,CBAM
338.243865030799,0.5212371588131822,259.01995394722286,0.7795852281678383,6195,None,CBAM
241.95885273646945,0.5919205380763156,290.669900248104,0.5905481214417078,6196,None,CBAM
33.40522258205538,0.48917784737205294,251.24414523241208,0.5960312973092108,6197,None,CBAM
189.69091125148992,0.12590404454740992,95.32207229361842,0.24423079868195371,6198,None,CBAM
118.36283464258017,0.7914872352929492,77.38159066054338,0.4690453463194858,6199,None,CBAM
396.8488352114553,0.6007909400680347,23.798158459709846,0.8081999050386743,6200,None,CBAM
209.76969096688714,0.5870736443516017,328.4204643169329,0.738782336230575,6201,None,CBAM
344.07787857778055,0.21292210604984851,187.20814881984143,0.5095454211534209,6202,None,CBAM
115.34452428927413,0.9225695216127606,26.870978980278814,0.924113879065245,6203,None,CBAM
10.26202689773598,0.373691869334561,59.75703274944213,0.09609896679010402,6204,None,CBAM
210.3164015289849,0.8377694343918185,4.504445609578768,0.8458659689361192,6205,None,CBAM
141.39189202735395,0.9781164617765726,54.93698909460289,0.2511697898126619,6206,None,CBAM
72.15924305266314,0.8121094380971866,299.98790835316925,0.8746021394932335,6207,None,CBAM
294.0141095939735,0.5934906025279723,153.34887502225612,0.8991916629135169,6208,None,CBAM
363.0564523209866,0.6294103578703707,346.02090503277157,0.287290630352953,6209,None,CBAM
127.3534626739184,0.47696171603899384,246.04721789418608,0.6254043923423003,6210,None,CBAM
52.314029807803905,0.006799224544855958,74.55391068244052,0.9185548096380177,6211,None,CBAM
154.3922033887484,0.7685676319989081,261.4129415188635,0.9517190389919912,6212,None,CBAM
389.1982676600254,0.5911886920692542,4.575763476331866,0.787218778818014,6213,None,CBAM
95.4380031122627,0.4788741892984144,378.7239765706654,0.3960473635106673,6214,None,CBAM
275.1211629760096,0.5450872262040459,216.00208106767823,0.5972182088456075,6215,None,CBAM
93.2329070125414,0.41293057921403764,278.1835451119992,0.8549975271609914,6216,None,CBAM
362.7326332689755,0.040916149431963665,39.52668830715166,0.9073157570235314,6217,None,CBAM
149.08891595488134,0.8061210012277046,104.48144832916076,0.4496476969071111,6218,None,CBAM
318.94547247370826,0.9657983053494524,290.19675032706647,0.3170351990722184,6219,None,CBAM
52.030687412895325,0.06002011779171963,297.52854450357347,0.16768289808817,6220,None,CBAM
152.86851483651606,0.7212782404556577,207.11123984663794,0.026599083027227195,6221,None,CBAM
258.726771128398,0.4452286367825419,136.46472584357377,0.9432728793978077,6222,None,CBAM
335.76752799660755,0.4323657581612903,97.6569199877059,0.5007697235385394,6223,None,CBAM
319.3742291596246,0.5321831302446152,287.87666656762474,0.7905154294056913,6224,None,CBAM
52.1567721253967,0.0383670469088437,266.4505463018001,0.7024189505437194,6225,None,CBAM
40.73027166272018,0.7299853283644129,285.5306137449881,0.9809355129721723,6226,None,CBAM
82.89057412605963,0.8240791567209763,94.9740986711493,0.981329059749946,6227,None,CBAM
82.70227236965796,0.3397863370950108,82.98086161808322,0.539109459603854,6228,None,CBAM
290.03565413999775,0.017274630589885164,13.715591724499257,0.4426315568079988,6229,None,CBAM
377.4465358908966,0.4460381264555001,276.866087314082,0.7190177561705023,6230,None,CBAM
48.067467219546984,0.981800648926226,178.04397893849116,0.7697601383113366,6231,None,CBAM
310.89013611326754,0.3857498469317839,181.36077810798346,0.4780074988887453,6232,None,CBAM
301.68017743998877,0.20686028639327508,394.5473981007595,0.5862890103373279,6233,None,CBAM
238.60960375852923,0.45953784851394447,105.045208429203,0.1379146837102634,6234,None,CBAM
272.38876543114554,0.1307327312466407,344.1234567413462,0.28524704353165214,6235,None,CBAM
201.45092026027865,0.6347734531280362,336.23335242747095,0.6946878912458899,6236,None,CBAM
2.535199565408582,0.01598484637534472,154.61347921912466,0.13764661824737542,6237,None,CBAM
139.0141519449325,0.5328306194508279,383.1960799214748,0.33654163530574044,6238,None,CBAM
215.98325155036645,0.5545682772022721,152.92311181732535,0.9704213802768555,6239,None,CBAM
8.392555593353745,0.5403420197055152,236.98987559577353,0.9371497528387714,6240,None,CBAM
241.42348097710703,0.010620638414035493,61.79595584212415,0.7991096180798367,6241,None,CBAM
262.5316977047097,0.8436279098565292,258.92328213907024,0.6018656248364463,6242,None,CBAM
141.1849847112203,0.3226890434514477,89.9632467746125,0.8778858774488563,6243,None,CBAM
259.74524073826666,0.294240988296198,316.9421906251173,0.763922514945094,6244,None,CBAM
210.64175459233124,0.5541006758681568,282.1419331237591,0.6186014255525967,6245,None,CBAM
282.2377930358344,0.38128489465564064,127.87744453655469,0.5927292932045659,6246,None,CBAM
245.88230816893892,0.4628851787899597,339.0749588707808,0.6984036482769845,6247,None,CBAM
134.59058957258858,0.17331568756417726,229.84637101601618,0.7710954201953943,6248,None,CBAM
66.79255465011222,0.7927125215520384,331.6215487599222,0.30386221198233393,6249,None,CBAM
210.20363761087532,0.8990593331594494,50.71398535327313,0.8442602160464256,6250,None,CBAM
97.09896275528395,0.7132370320717556,24.236190519009764,0.5820220830134964,6251,None,CBAM
365.17973350303754,0.724153801620955,173.05391329383352,0.8382782821325708,6252,None,CBAM
151.0975350618166,0.6470316650929476,155.22875087178824,0.1106938689132783,6253,None,CBAM
153.5722193196826,0.08807543829083447,124.8442496475749,0.9173913657105298,6254,None,CBAM
208.06760790381463,0.5385400488844735,129.3004892234593,0.5032089105404959,6255,None,CBAM
57.0543479911237,0.7897545361129461,223.1378597743109,0.6086016969771468,6256,None,CBAM
269.14081461758457,0.8872959215655611,90.25659264915276,0.37830320636318016,6257,None,CBAM
195.2470570711646,0.919195774583231,266.36986434579126,0.7170491664113579,6258,None,CBAM
383.73757454752706,0.8523048824556013,92.29112551070395,0.9107412347907785,6259,None,CBAM
253.35302989207884,0.838680696483284,308.2117440495422,0.8146570186757405,6260,None,CBAM
298.92017671817115,0.711941913216504,277.50608982187697,0.8181867495221516,6261,None,CBAM
205.7961035530918,0.9142953423641266,163.3538051855837,0.33146000095061234,6262,None,CBAM
176.02141955582894,0.14421969502646376,350.6561010727393,0.47890421774811487,6263,None,CBAM
19.927373536597845,0.21226239116919782,186.2484780235587,0.6762941675405548,6264,None,CBAM
325.16455589207357,0.7790046814604827,327.27007476836025,0.8289221817115293,6265,None,CBAM
335.3609762405847,0.1309100718283508,241.71334812858274,0.3854425656906011,6266,None,CBAM
162.0914080791507,0.883113981265829,234.79461895000847,0.19805822178883103,6267,None,CBAM
30.080717407146178,0.011452080717285153,126.5429510753766,0.3388364318619556,6268,None,CBAM
272.8323035960651,0.8627433889047934,135.6009620331238,0.8408111488106517,6269,None,CBAM
389.74075347640786,0.07195697705381428,217.65341140826274,0.22974322260952024,6270,None,CBAM
19.271197413254104,0.9229213714293175,251.48084161932016,0.3764291301729038,6271,None,CBAM
84.02109577883809,0.5251339577293632,243.21116350567092,0.19027900652499535,6272,None,CBAM
202.95665598269883,0.9575597128709774,358.0401399133089,0.13275727629748962,6273,None,CBAM
345.7957266672971,0.11061829548945641,2.000922504942597,0.12453266038877744,6274,None,CBAM
182.14159744346193,0.1655534493207865,91.51065859357817,0.8189666949326474,6275,None,CBAM
21.767566564659234,0.1491755458675859,180.633769138077,0.9682294787598495,6276,None,CBAM
390.6511514107055,0.22813152678808946,219.54057103061945,0.4644134114783453,6277,None,CBAM
320.6445574163263,0.43622972277394984,374.73174715354145,0.41693655964117116,6278,None,CBAM
249.3665025462629,0.17064589527748295,370.5288877986254,0.6466281892563078,6279,None,CBAM
84.42788958556606,0.7429935907324172,70.08900530713188,0.6896718950651985,6280,None,CBAM
83.14379155417002,0.40171428175435975,31.998193035169226,0.2810485463653728,6281,None,CBAM
102.40170976315564,0.5975270123553237,361.2045552831309,0.2529743535342801,6282,None,CBAM
300.86476508000726,0.9640259472475684,58.82579906856667,0.06074538208697468,6283,None,CBAM
133.11835748019917,0.46995920144286174,169.97573884987318,0.3587651553655547,6284,None,CBAM
242.2496319553361,0.09423439428419564,260.224222378465,0.961108749676667,6285,None,CBAM
336.55598787563304,0.2841249103515849,157.44880476796476,0.7158579906365895,6286,None,CBAM
19.381700690793572,0.07475937717740266,166.88014080073097,0.6122901749638205,6287,None,CBAM
23.761293961827924,0.23017039201840495,260.6031470035426,0.6854994900204214,6288,None,CBAM
160.42865200087607,0.6345981199782644,220.055979972418,0.14037164289887422,6289,None,CBAM
141.60335855178937,0.5920099389762059,255.03182965887729,0.2402757543116951,6290,None,CBAM
11.474578222205235,0.34031132742791675,224.7416438372448,0.9443516540859146,6291,None,CBAM
154.96330751535626,0.38608159012641147,229.82863533410443,0.06990475372725818,6292,None,CBAM
219.73838507446462,0.7775350244328272,368.11429380697905,0.05042760046959379,6293,None,CBAM
133.95569913090307,0.24235181866025954,168.65553515375677,0.3359362711157125,6294,None,CBAM
141.6726016177601,0.12174668461705056,120.25803675693565,0.16400442124610376,6295,None,CBAM
373.67632392464463,0.2705138798253677,12.287947487197709,0.9696368309389292,6296,None,CBAM
287.9571455804098,0.14294820393404895,33.05076534856444,0.6439478625734268,6297,None,CBAM
191.8321104114797,0.5706295306968978,238.47549778099696,0.02576978153917311,6298,None,CBAM
3.7052987203046417,0.44508984806309454,295.24218264979874,0.7244253581770997,6299,None,CBAM
278.77865305665017,0.7677048699763692,61.65416065241725,0.2059513389620616,6300,None,CBAM
382.33730444783134,0.4174151739862098,221.00397138095508,0.40773244200094527,6301,None,CBAM
206.86463236189877,0.15401510479769906,73.03641728451379,0.6598186392957285,6302,None,CBAM
45.18663089734547,0.6028302560642516,188.4550693363088,0.5688122222937928,6303,None,CBAM
275.3803450700911,0.22688488486384825,183.41439632257203,0.27710384308946834,6304,None,CBAM
388.8647096435371,0.8368601916724017,297.87382959534676,0.16867065335348558,6305,None,CBAM
128.22030217432257,0.49202193024218266,63.916075912090896,0.8604912682894207,6306,None,CBAM
87.6957789795072,0.9179591811493064,190.26593989206933,0.1325282050888597,6307,None,CBAM
204.36146638668689,0.26721731615617283,379.0635673839511,0.3271289773544997,6308,None,CBAM
171.48405793142717,0.6006998774375159,82.70536173859543,0.06368809791692834,6309,None,CBAM
292.24663995873044,0.30010763461732004,160.84130847661297,0.7852709223718701,6310,None,CBAM
1.7816748003437428,0.20153086106648335,52.52283417135612,0.13837923872679433,6311,None,CBAM
217.30160439721996,0.6672027126517884,206.10665528054125,0.7845824555643721,6312,None,CBAM
159.49098764146555,0.27464679714171064,384.552873339535,0.32991713950061996,6313,None,CBAM
122.27954126033805,0.5622847816316032,291.579068746817,0.5707620036838568,6314,None,CBAM
334.7777977808208,0.4372769168806346,90.9487747302596,0.9348244921780987,6315,None,CBAM
307.93575471737296,0.4128547423680641,373.63736455181686,0.5768610944791565,6316,None,CBAM
118.29132229866075,0.9208062007076249,81.27717444665618,0.4296735732601473,6317,None,CBAM
106.99700953065773,0.2739493974181727,128.73213065113202,0.8078983693741,6318,None,CBAM
144.55549067943883,0.4608812666943103,86.38514131164524,0.4548147871055808,6319,None,CBAM
60.77593370847338,0.18005968117074253,131.48605477266153,0.8503982285409847,6320,None,CBAM
342.29617353424203,0.8372548017759782,180.18357978935128,0.8498424400716361,6321,None,CBAM
341.66753637079796,0.4874791640027649,372.6289200918472,0.1285696001926642,6322,None,CBAM
71.57647288022724,0.026314086150610077,102.09040647076102,0.3226953905246134,6323,None,CBAM
177.35069915455216,0.8277987217388688,312.614621003638,0.38881242553087075,6324,None,CBAM
348.9418977922748,0.027745812536587686,237.14796672058372,0.6986878271825719,6325,None,CBAM
115.61729636275359,0.25854390923299925,364.0800003077691,0.6034118627412649,6326,None,CBAM
96.96833825793044,0.6115495090752681,286.8617178780156,0.23991769912993985,6327,None,CBAM
75.14860689290104,0.1561177843697498,385.50575135396474,0.7412878683039484,6328,None,CBAM
25.379449691309464,0.29922751018334204,19.875274739936426,0.2425149187785369,6329,None,CBAM
229.53274842512133,0.6665097856007283,298.955410984819,0.6308392708278286,6330,None,CBAM
104.86019312087937,0.2823320002149198,273.91248495963663,0.09367172020506143,6331,None,CBAM
95.57351857367676,0.24274110442753494,87.72912271972075,0.3738593421387419,6332,None,CBAM
313.1346864637111,0.8302828544223809,93.87324076431366,0.8349987954329396,6333,None,CBAM
54.34774447873386,0.3173427922379499,205.0017711550714,0.7179777959261815,6334,None,CBAM
125.02499203583768,0.836757286172374,105.7133161091869,0.6923391238709304,6335,None,CBAM
233.40199834573792,0.037561761735801544,164.20546102133815,0.18545394808457116,6336,None,CBAM
90.94465886110356,0.8494874295050272,320.96823357245927,0.6191935648536594,6337,None,CBAM
34.78977068282268,0.3431158393899322,294.7327001668632,0.84197246533203,6338,None,CBAM
374.7974180424963,0.9113776683255816,383.4535238460698,0.3268648568142118,6339,None,CBAM
63.523368362528586,0.37705113209798224,229.4095152518994,0.39683458461203297,6340,None,CBAM
303.016319577132,0.024718802076539582,107.29782733378606,0.6117689659976469,6341,None,CBAM
158.12058669960948,0.3632897162857296,13.425473488872772,0.1197871913939589,6342,None,CBAM
78.79402352805634,0.5312241568789283,32.9728654445194,0.3407716112012237,6343,None,CBAM
223.21091394819388,0.9875681058460581,209.58324600936447,0.21229160864634058,6344,None,CBAM
212.89323403249725,0.9270096233252438,182.3163413676781,0.20014262357105925,6345,None,CBAM
141.09588285347493,0.5210250820555387,141.19788875065217,0.08333311668326322,6346,None,CBAM
344.20551681236395,0.26934560405996544,17.911129461435355,0.9112132278871622,6347,None,CBAM
335.91864228388005,0.9430712189493368,260.7755665963876,0.31646339107974814,6348,None,CBAM
173.29313805606233,0.98125897144047,380.0100266721647,0.7241614410842099,6349,None,CBAM
4.604397188238369,0.6897147026150453,65.28487540967566,0.7086094804026174,6350,None,CBAM
397.44208308673063,0.6514110732971123,122.10503153873915,0.8093044376580161,6351,None,CBAM
23.294012850855644,0.1866417354070891,173.74792403707687,0.20897379185230056,6352,None,CBAM
387.9669807223874,0.9086086737366563,192.67565846633448,0.8376457416098451,6353,None,CBAM
371.1933138960909,0.01873943630640831,148.05691825399862,0.9574759993667876,6354,None,CBAM
98.58152326588583,0.4882171636271229,298.33402411411504,0.6593798040493669,6355,None,CBAM
353.38147551594943,0.9465329346544922,348.70353499026663,0.5278756924404746,6356,None,CBAM
187.0788037690795,0.7455945133246382,205.70722692940063,0.721262281911594,6357,None,CBAM
350.01121968358393,0.8956438003465309,249.77786430253087,0.8697810898212054,6358,None,CBAM
36.106749221096656,0.2586959021123823,317.56949004108355,0.7500736978886616,6359,None,CBAM
200.59780551180305,0.5954069277160395,387.2816204718803,0.44430360587284345,6360,None,CBAM
70.01943296669202,0.9340563960706877,88.67800290596121,0.503432048916637,6361,None,CBAM
199.79392347163744,0.6236005267861269,341.7763248256679,0.7751545637176507,6362,None,CBAM
394.47078346425377,0.172484570391943,4.769467608153179,0.9364965104310514,6363,None,CBAM
363.5427111113911,0.2971231182502091,158.48458729167731,0.8962091416951892,6364,None,CBAM
178.84304329244745,0.535492916154539,111.87024977336367,0.17552896629167797,6365,None,CBAM
337.0183053334276,0.29689926921848525,232.6239479056475,0.5103560461943091,6366,None,CBAM
382.3149858362276,0.8638455363754786,33.937671700044085,0.725606737717383,6367,None,CBAM
312.5287104059588,0.7340891704255654,124.47413402042461,0.24363458949310704,6368,None,CBAM
301.16288188571195,0.995566921201798,394.348847612777,0.3289891871727441,6369,None,CBAM
353.31834916649893,0.29419670608979026,57.23940127939879,0.8182810422904295,6370,None,CBAM
170.96319041713525,0.09210432052512234,136.18492044341386,0.2787936085914863,6371,None,CBAM
264.1999670801224,0.8577595988950287,356.7842258302744,0.5110030225099792,6372,None,CBAM
163.4387020388651,0.37854798803404066,387.0212851035532,0.6165764223239713,6373,None,CBAM
229.34407655967618,0.2643676661153461,48.20558499232634,0.7800277601864856,6374,None,CBAM
270.8730925823036,0.9959088569718185,53.165883170913844,0.3947750726848321,6375,None,CBAM
25.192369607516547,0.6539291283535048,232.4167375305135,0.8429507902528044,6376,None,CBAM
23.98381340746,0.8700935122166377,378.69965769578806,0.789532538881301,6377,None,CBAM
105.55234574605275,0.0642413324574437,365.6735662291513,0.2013008969841196,6378,None,CBAM
285.37455094713755,0.2635423357565864,126.50383003919599,0.7527758403284946,6379,None,CBAM
101.66890694460362,0.6485045043239753,65.41380714687723,0.28270224124750554,6380,None,CBAM
91.57751184886546,0.005865142880752274,58.86245203639102,0.01686658475593758,6381,None,CBAM
79.46438646938934,0.6222401419031424,112.32795732603674,0.9921371993352646,6382,None,CBAM
74.81292413412164,0.07655792026256728,301.18321851273464,0.3250461414234153,6383,None,CBAM
174.51210797987883,0.07673960581620966,233.5939520445288,0.2446175879877311,6384,None,CBAM
198.3133716543055,0.046557506752332486,163.9609196201489,0.3757926877670616,6385,None,CBAM
217.54353489244292,0.5199165508750839,317.7896597827326,0.21899584394441116,6386,None,CBAM
127.55296104565939,0.8690500474143866,143.76222249521996,0.9831736681495901,6387,None,CBAM
297.1088413906037,0.4893350442493752,290.7970257539516,0.053556072820609466,6388,None,CBAM
183.83511735646005,0.40164836443923746,271.9420738961689,0.2304808957104679,6389,None,CBAM
303.653583521843,0.06598264487936249,91.3166160819632,0.4662774229644928,6390,None,CBAM
143.00417066610308,0.2800046452075438,335.6773943968844,0.8712880456926826,6391,None,CBAM
316.28837459938586,0.4358988651924204,118.64973251278658,0.3010096869468799,6392,None,CBAM
190.6150016725048,0.15801309132968078,286.6059850636685,0.7235276371587492,6393,None,CBAM
213.97326380833638,0.13818417883387457,144.2974034848768,0.18193081452233253,6394,None,CBAM
17.368870170403174,0.8276788637625354,15.37176784004629,0.04601432949556761,6395,None,CBAM
123.64163401115246,0.401378503209711,279.90203143161705,0.057158812809895855,6396,None,CBAM
324.48965133284,0.13014542863967232,222.03807858019692,0.01582081601184042,6397,None,CBAM
100.71016527795085,0.11959526669957186,294.7753313231907,0.5306064063171357,6398,None,CBAM
374.4721538096213,0.6878865403645801,337.0283903727073,0.17761713224990716,6399,None,CBAM
207.09446670942125,0.6614874375355164,145.63254946305815,0.0857728171355623,6400,None,CBAM
110.52406759805555,0.899370617571687,7.810897662584878,0.603589469120278,6401,None,CBAM
90.8976877578641,0.8865128985037695,20.601403730552526,0.5357104969741225,6402,None,CBAM
229.61439033455227,0.21552271799265985,266.3367367430487,0.8588155351594658,6403,None,CBAM
387.78876061447886,0.8391118010636394,96.751641775605,0.17913989172664033,6404,None,CBAM
344.90623695821176,0.7472942250791706,151.51906328272761,0.5769844693749291,6405,None,CBAM
24.496286274384172,0.26625574517803574,158.45769081979589,0.12350937232724389,6406,None,CBAM
234.39358522653788,0.19635492643837937,41.05954914815714,0.8658561880537772,6407,None,CBAM
170.49904878050384,0.5355213127594165,353.81429073021263,0.002515394404728767,6408,None,CBAM
62.86160031969089,0.962854818249894,342.0492904880529,0.1474360062129941,6409,None,CBAM
313.41691321537286,0.5298109370475186,133.51503751257604,0.6364458228134389,6410,None,CBAM
300.68441161453103,0.4814554544653129,246.7325512423151,0.9476112276065041,6411,None,CBAM
189.85049205410513,0.6978162036700633,230.22681203592646,0.2857974070446661,6412,None,CBAM
366.7635268772233,0.6370628576186425,344.45088850144447,0.5167365769220943,6413,None,CBAM
364.4823731205261,0.8853376233390464,182.6471660461047,0.8873859411018149,6414,None,CBAM
202.82214326718346,0.11024016268746362,84.16375123512665,0.1503499449803145,6415,None,CBAM
69.3231404691705,0.35223721098910105,347.651370734543,0.7811697422122174,6416,None,CBAM
81.32083720450218,0.319676689290417,382.59278433232635,0.24334290163613045,6417,None,CBAM
49.62546504681075,0.5195365798106683,101.70233619227706,0.7675657753481656,6418,None,CBAM
250.52674704145485,0.20065307148629813,242.01669713755822,0.47669518197977706,6419,None,CBAM
110.51850081958008,0.8550035865812687,112.4576734921483,0.6721755577147909,6420,None,CBAM
188.17908145614032,0.8073473100754064,56.69825232366682,0.5622748857013509,6421,None,CBAM
212.26838210453258,0.08403733612370154,148.40184978157424,0.4044450659707676,6422,None,CBAM
296.78893668689904,0.8509110155290739,2.563053229100781,0.76914076923151,6423,None,CBAM
82.05583341638385,0.40561940580099376,190.78539146810542,0.8535268144655621,6424,None,CBAM
27.759420056015777,0.38273480527920606,304.6154154352682,0.8701183751337058,6425,None,CBAM
75.57592644616969,0.45970791751033196,303.68721394092233,0.2997353567937888,6426,None,CBAM
373.47654359503724,0.8821768811827242,284.8417725396767,0.794320556298724,6427,None,CBAM
331.9669463550981,0.031240857696516,150.12260412548812,0.05789097145653126,6428,None,CBAM
154.64776891456395,0.3998040413581671,137.85665116139938,0.08715160369905514,6429,None,CBAM
172.21528302980232,0.5187585867106302,32.18560748521747,0.6934798643076228,6430,None,CBAM
86.88469509044798,0.13061418791769266,233.52251366111804,0.847206586860108,6431,None,CBAM
284.5075570038655,0.3050567183407471,337.5938614162523,0.3679315969169274,6432,None,CBAM
384.4729846049368,0.5989388436064359,303.9516159151206,0.6512457246259924,6433,None,CBAM
299.67743206964445,0.2890542891321335,44.00885022055856,0.09108779359779937,6434,None,CBAM
54.862859204847126,0.7030340009229178,320.6978794697744,0.04091773514586553,6435,None,CBAM
133.50755934355678,0.21817264402015388,203.0549211430349,0.5030340346553211,6436,None,CBAM
129.51514030057092,0.4817986880328543,4.720714349312721,0.13218296375155003,6437,None,CBAM
280.8713552150344,0.14604854237814013,177.84168435123976,0.07660644205425729,6438,None,CBAM
114.37822623574738,0.7932583319474681,291.2430245450071,0.31399415203467734,6439,None,CBAM
130.95958421080172,0.9321650435349361,238.48519416848916,0.05273744616989722,6440,None,CBAM
110.40721871244874,0.6084976465114329,67.0468976827526,0.2896174269864769,6441,None,CBAM
223.59067279366488,0.4176125927627077,334.506481137662,0.7114783180603073,6442,None,CBAM
123.97149209942049,0.6982198859813368,148.37391225719216,0.8125864728682057,6443,None,CBAM
304.7676381033262,0.7939289161554918,103.1424199437075,0.07852011223665491,6444,None,CBAM
279.4943795232869,0.08751943114004554,85.08886489657849,0.05104660601975571,6445,None,CBAM
351.4296759401592,0.12036193680377001,375.9504981303726,0.43328497437199,6446,None,CBAM
176.8971384036967,0.03898529479649388,16.638000468814944,0.15630344187055212,6447,None,CBAM
113.93138894566574,0.46712225827250814,372.10374005135924,0.8253878949125976,6448,None,CBAM
47.323715512017586,0.11911008477432461,228.97865640724086,0.6641014903663962,6449,None,CBAM
324.6910342512429,0.6150652917314768,323.15971759764193,0.7470703292350266,6450,None,CBAM
273.07060630641564,0.32695743957164464,100.40990901671489,0.5480089891771455,6451,None,CBAM
257.8167247366262,0.6412039441420746,237.95428520535515,0.7824600391478933,6452,None,CBAM
318.15552840771215,0.0033212029589269236,57.83119551140826,0.8284732217329212,6453,None,CBAM
338.0086572125229,0.1849974247090865,278.81866872388576,0.497021201501862,6454,None,CBAM
348.2702982249822,0.413846454717496,180.15952785417855,0.2083683668826602,6455,None,CBAM
227.50099066163045,0.13124664679964682,207.23975826095372,0.27187003240042945,6456,None,CBAM
7.863072555220471,0.687548683253784,383.495475935141,0.6383173335037504,6457,None,CBAM
113.5612789603321,0.4807817460618983,276.06421147264007,0.9794723173987926,6458,None,CBAM
209.61662848177033,0.07965850347859195,2.070642314619928,0.7585308096959149,6459,None,CBAM
34.18304611766004,0.41927981240612927,141.87035548226402,0.9701387542314571,6460,None,CBAM
296.53683622738305,0.6589989616598995,304.2838307552315,0.6021153294261937,6461,None,CBAM
216.58022942095738,0.49997728511505024,353.11315442232905,0.9710423866605425,6462,None,CBAM
153.97776771545927,0.08126541128259868,42.34241847383095,0.8741222702094711,6463,None,CBAM
3.3627386700669426,0.24215586344217815,36.9579763086483,0.32879440652846287,6464,None,CBAM
277.6297222435201,0.06628938120762119,120.73499518252126,0.48440210765801356,6465,None,CBAM
319.9425760833263,0.9511074291480073,78.81958184251462,0.19623923024318016,6466,None,CBAM
264.75386452077726,0.8932016541115878,280.8899044931607,0.44225859752765045,6467,None,CBAM
256.7596761536927,0.8211748481828105,282.8968169928834,0.44543983765680734,6468,None,CBAM
151.7295372471961,0.11863484053849782,195.36013079098126,0.10931630581785483,6469,None,CBAM
239.68997407969889,0.6358787792599971,54.640016134865554,0.6119290888566964,6470,None,CBAM
252.10149257580414,0.7628544462666283,251.81392885735195,0.399804107044588,6471,None,CBAM
165.45595379480622,0.1832866735650195,244.13390153592775,0.3681347774202243,6472,None,CBAM
340.04201681457687,0.5709663240256332,334.3965569581967,0.14591829194778447,6473,None,CBAM
76.89627741192068,0.36349300513772326,72.56013476260281,0.4283054899377211,6474,None,CBAM
254.3408422315771,0.34848252719333056,283.36828752968665,0.04167933152805306,6475,None,CBAM
209.3618792706705,0.9634141147103978,274.0399234883599,0.9760572592788714,6476,None,CBAM
284.68868623390944,0.889885963150798,11.143040106087946,0.22651148203187693,6477,None,CBAM
289.0404308648063,0.6979881310143189,102.30205638759156,0.12178793968848987,6478,None,CBAM
307.55497644685533,0.42593781521386237,41.61318345981456,0.7759364257372356,6479,None,CBAM
108.49830324538927,0.5811424203435149,252.2134150649554,0.07748968063640943,6480,None,CBAM
159.84867754405232,0.6235352748831241,338.23306726992473,0.5918208273192902,6481,None,CBAM
235.59956185743397,0.34148496936178613,116.75736365028135,0.02819712052313969,6482,None,CBAM
106.02036779678113,0.10538977431714745,255.41945735976395,0.7867736860350159,6483,None,CBAM
156.2387419469086,0.9589819238794886,83.96984348035652,0.8123315133582187,6484,None,CBAM
294.1166172434435,0.06847431060826958,278.97473727175884,0.9922776002631474,6485,None,CBAM
373.62560559015225,0.9587791769548387,244.4881408904798,0.30438464525222036,6486,None,CBAM
87.90376038767317,0.5027701934341897,1.169052811760537,0.6098249134216231,6487,None,CBAM
125.39099860845407,0.5379078094166333,8.928996173973147,0.813681715270444,6488,None,CBAM
340.4906493144688,0.957964672717338,71.25030979932112,0.2437560028104193,6489,None,CBAM
349.6752899995174,0.6418094379513601,327.10175729132044,0.32008975496426656,6490,None,CBAM
195.84400810117876,0.7230564489265229,218.4879278589562,0.769452093827953,6491,None,CBAM
172.86661615057025,0.9842486337291849,385.3534288117737,0.520195416019717,6492,None,CBAM
43.77561834817947,0.4530326347430747,181.45139935102912,0.8688422624512221,6493,None,CBAM
272.11528313343143,0.041410469183721786,353.1296201072767,0.1358013580149966,6494,None,CBAM
98.70367077275536,0.5708201948164333,388.56114812382623,0.7334958543573258,6495,None,CBAM
262.2856304141141,0.3056242759183057,293.09249727679696,0.0918835966439174,6496,None,CBAM
189.7561240415072,0.272982501159598,191.24541197555317,0.4824530107609906,6497,None,CBAM
200.8351230496063,0.7050892470676143,143.70620242682463,0.2877881438764833,6498,None,CBAM
0.7238369506422516,0.8333640269333795,66.92418775715188,0.0006268673202348552,6499,None,CBAM
9.685660065410975,0.04688686057002152,100.44019185408185,0.3014949723807127,6500,None,CBAM
373.0758536668624,0.4808350867196423,201.49644258685285,0.967330565435915,6501,None,CBAM
358.59170729938376,0.6961982259214855,383.2416955821906,0.656556097286677,6502,None,CBAM
221.25591991923358,0.8445406312572019,329.1314907353423,0.3908616850877629,6503,None,CBAM
288.80957151058294,0.7418775785724163,64.34630138376195,0.13287274252604542,6504,None,CBAM
155.37370434794263,0.21696508929133917,150.43662893937673,0.48659562562827463,6505,None,CBAM
175.52292781400965,0.22799650946156147,352.8550935752248,0.8989906722396485,6506,None,CBAM
194.99799270657218,0.5781866167090166,25.788557311833454,0.6053244831880502,6507,None,CBAM
70.71582316638573,0.18334814840912675,359.019517225581,0.9225932751285573,6508,None,CBAM
240.05261341068288,0.6707741866108322,209.96718225475522,0.9823871821634734,6509,None,CBAM
84.17409433934449,0.1679785877002784,93.33647903769251,0.34144361500580755,6510,None,CBAM
303.62764401433225,0.5999340465148574,346.65758154269764,0.0789258125212853,6511,None,CBAM
245.0619526304043,0.8077219143114303,117.89728992563049,0.17576454607695827,6512,None,CBAM
165.27490527559115,0.004533334985069519,87.17325223601074,0.30611656229618245,6513,None,CBAM
175.56145830792042,0.6648613573490957,303.61982561709635,0.628662647631851,6514,None,CBAM
371.82654683804583,0.698667023917888,132.03131738220034,0.31244863970487063,6515,None,CBAM
73.0013389461841,0.970840228750711,310.48081935944197,0.3892373603372545,6516,None,CBAM
298.6309319661017,0.5404906286181858,109.11414766152828,0.031222185874384113,6517,None,CBAM
183.0912293504312,0.023272372561192762,279.74730013498606,0.9518335938714325,6518,None,CBAM
320.99384938563463,0.49184494800991985,10.811501704339094,0.953718571899899,6519,None,CBAM
5.452972200261962,0.725932152312505,109.05576791281612,0.182691155387992,6520,None,CBAM
71.33497132690061,0.741348132937662,298.0178334706745,0.13892283547733636,6521,None,CBAM
343.5123967419803,0.4548569331946988,56.47174220013772,0.4606722940757566,6522,None,CBAM
15.33942295664375,0.2667562270094185,338.8788815631298,0.24307479441402893,6523,None,CBAM
345.4037276384716,0.9044146574699361,39.48825700884402,0.9992051273390534,6524,None,CBAM
7.55210325578365,0.3458973188073644,304.0142134491062,0.7986220803587741,6525,None,CBAM
372.17871909053775,0.7887529020074872,123.04732564826253,0.14955212266073376,6526,None,CBAM
41.623308983897694,0.930126716402643,195.59247774891153,0.330643430711859,6527,None,CBAM
31.685212122281385,0.043623592953195,360.03954169650433,0.5051234059393587,6528,None,CBAM
187.4133375736196,0.4846456705881353,16.454162314572624,0.3640471078281825,6529,None,CBAM
252.87052372329737,0.6453784194657106,113.82767002986634,0.19093429657229566,6530,None,CBAM
321.87882126075675,0.4821914709874779,144.14383772481222,0.24500293870679152,6531,None,CBAM
274.806862677856,0.9608069505240305,222.3934115153026,0.5146506745670193,6532,None,CBAM
73.79585726429401,0.39835011719598523,130.5815448110971,0.8257647685129527,6533,None,CBAM
110.67373311985291,0.871326077143488,324.2701442676358,0.004911502954718904,6534,None,CBAM
283.4077243813821,0.17260334996400292,390.03963276542476,0.1713700093632173,6535,None,CBAM
94.67565553919371,0.31239639446967726,179.81439661672366,0.6331634348989404,6536,None,CBAM
86.53659787946052,0.5308989830955814,209.15805715132035,0.015789016285145226,6537,None,CBAM
28.562271997172733,0.31896338256621937,166.18173966382054,0.8950524134813574,6538,None,CBAM
131.46349048182248,0.6126708937605126,64.651173884611,0.3229867995975867,6539,None,CBAM
395.9674559567046,0.6174034879333365,56.981984985611746,0.183381885582921,6540,None,CBAM
11.490204136343683,0.2600686248440851,33.47616162981408,0.5515396791114024,6541,None,CBAM
350.2335739356403,0.7283176502879156,367.3987638355088,0.44038486764050083,6542,None,CBAM
45.93282451970501,0.9065911638161414,328.21522490850873,0.5416478978720447,6543,None,CBAM
251.75811215052946,0.3952563135091325,93.82015872319755,0.6987242298425081,6544,None,CBAM
213.035411226092,0.2053965875940855,226.16955637134933,0.8233552417259031,6545,None,CBAM
278.61491902310286,0.6420932118190175,6.633069795295719,0.9022325435971027,6546,None,CBAM
23.85526748762177,0.5472477324049588,129.5771360683061,0.38293432441090375,6547,None,CBAM
250.88939176012298,0.1303031679543219,359.33030418704584,0.9533243676578192,6548,None,CBAM
346.0906611880813,0.4684335964253232,151.39088415669724,0.47138715914382057,6549,None,CBAM
53.75340928015102,0.11991936766244991,56.8353168360923,0.708027940580037,6550,None,CBAM
398.8494478837249,0.02994388637687892,199.68814703657057,0.10995088210878005,6551,None,CBAM
47.07367991748097,0.8656357326266017,217.04553332365344,0.174867977518464,6552,None,CBAM
284.85720710851405,0.15036790297034647,129.5134306789158,0.908868756035258,6553,None,CBAM
326.8364917466615,0.568941646909481,272.1390645912847,0.839843295053444,6554,None,CBAM
210.170911149508,0.5038833467464026,49.65426820232495,0.07487967503229384,6555,None,CBAM
13.029483732744412,0.09929436261011287,383.3540331079666,0.36930531097879427,6556,None,CBAM
109.29618906292373,0.7715179149385488,329.2405816665638,0.7297169584086777,6557,None,CBAM
247.6110414074995,0.3769137427785464,185.91912701696884,0.8124573365639105,6558,None,CBAM
184.5665522501404,0.844737011031692,86.91258239572244,0.9187214060370376,6559,None,CBAM
16.92564007286654,0.44810400519310706,74.88991660576427,0.5453419945757659,6560,None,CBAM
119.88720755179729,0.3915688067291786,345.5779748298398,0.3067014088706891,6561,None,CBAM
154.78985701547327,0.06653249728412539,297.0512429796771,0.6699880039860908,6562,None,CBAM
242.30900383109764,0.7006445092082256,151.57129573439425,0.07537869225283084,6563,None,CBAM
101.19508570309101,0.1136720087273741,336.59629915855663,0.06210291867769848,6564,None,CBAM
67.57049888378387,0.871816318408763,349.9855266796354,0.8241169521658155,6565,None,CBAM
122.19299151759945,0.5940801543927456,196.92356996892417,0.3501138312997442,6566,None,CBAM
132.2482682954292,0.959735396194959,85.14473908099859,0.73961734717006,6567,None,CBAM
223.01295008957158,0.4490311246496739,182.96425785494802,0.6844425748801223,6568,None,CBAM
40.82419463614214,0.9997234559298886,236.4748406657621,0.034415113636021885,6569,None,CBAM
255.3703261162671,0.20486630847353585,110.86259704528281,0.7793823571891452,6570,None,CBAM
27.52466281824899,0.7803686648725887,338.1448320380102,0.9492287201838734,6571,None,CBAM
257.44978135399015,0.9938210028784189,126.86394615405435,0.1941594450283899,6572,None,CBAM
142.43842214506435,0.743326560564211,377.987504353008,0.9790404115544507,6573,None,CBAM
88.81131895322821,0.13919685661059447,337.4283126288933,0.1605596083301847,6574,None,CBAM
48.50367446014861,0.5491018670275278,291.75071629705377,0.6790150823692548,6575,None,CBAM
131.97656517765054,0.2508546308569698,300.28253655976613,0.5097085940193452,6576,None,CBAM
375.11294334028196,0.17098304837468978,57.44983276224539,0.5542605678395451,6577,None,CBAM
377.3843691010553,0.48996779925615463,187.36609305475645,0.7785847010450787,6578,None,CBAM
79.58958028379496,0.306845458153885,330.8485719548369,0.8573981217136089,6579,None,CBAM
108.6987326208642,0.6750407328345436,211.81498430162776,0.8305373618523569,6580,None,CBAM
259.54397166460814,0.714920470226245,113.31299871367293,0.1424644849796626,6581,None,CBAM
232.79006210340697,0.4635237210285373,241.43747600881812,0.8342788727386161,6582,None,CBAM
304.66121443182294,0.5592387522451842,160.08292086253726,0.24000143499057097,6583,None,CBAM
28.12152739637519,0.6579032147269066,338.60686519846115,0.49776930317887974,6584,None,CBAM
194.23782153880893,0.7756589161324454,9.50640644135006,0.32699041345789825,6585,None,CBAM
237.31929942944535,0.3132768637438957,0.0907563163741636,0.711504715891155,6586,None,CBAM
47.66158272623498,0.08434863602423727,372.9490924708022,0.8193290192525586,6587,None,CBAM
174.69925987116625,0.8789567567959873,3.4103258003768593,0.27984388401217347,6588,None,CBAM
203.1552146695267,0.42247708664864575,115.61207563636657,0.4207050527808178,6589,None,CBAM
322.30494152887127,0.9888973830228581,332.7082103814719,0.7202844643043111,6590,None,CBAM
348.31621641673973,0.8068891147451166,355.07456262849047,0.045129685526114745,6591,None,CBAM
14.04179347889897,0.38792277803254077,263.81548938295276,0.09493524573711616,6592,None,CBAM
126.91005793006258,0.9314134215663484,199.9379035749485,0.3303244105391905,6593,None,CBAM
299.95121468962157,0.524847838083788,309.5435483520194,0.8868414238075188,6594,None,CBAM
66.72135930128623,0.946006200591996,175.1258191063914,0.5810344948815416,6595,None,CBAM
76.55513348818998,0.9965152232689114,167.48511622921006,0.4511071288942312,6596,None,CBAM
55.595714301708234,0.3576871671471684,163.16360050955984,0.40425053395806737,6597,None,CBAM
148.82694248372988,0.940877210688556,11.697490982046107,0.8859043780806828,6598,None,CBAM
280.2114292564516,0.993418661611622,335.38529694966155,0.04666742944382509,6599,None,CBAM
266.0131049464623,0.05277613680599917,65.1279062481438,0.7389760678923887,6600,None,CBAM
149.54168356528396,0.8465043415136294,171.61049273600207,0.09447013700259911,6601,None,CBAM
4.0882976496039225,0.7152109845873104,224.59679481435774,0.46438754063502985,6602,None,CBAM
193.5808663540209,0.43299714983364695,317.3537429337042,0.5540480731423779,6603,None,CBAM
349.09209928172226,0.6715379998185739,95.36190304528813,0.9156841875229599,6604,None,CBAM
304.16124122839057,0.4894271799973016,260.3991197200194,0.14026965550794884,6605,None,CBAM
279.52290316524426,0.30269066154195,21.454702993453154,0.3522288599346839,6606,None,CBAM
177.4493270534922,0.09027152019791747,15.522621640158363,0.5513362394146236,6607,None,CBAM
394.7617786534454,0.5636083683437508,28.410086043181437,0.35137241014186904,6608,None,CBAM
265.4235480353996,0.4545882586323386,250.61816537048344,0.6292037850729001,6609,None,CBAM
243.24288506983058,0.37664214523043793,3.847476346741542,0.15573334092179839,6610,None,CBAM
351.65559965546623,0.2532970002890448,216.38870570926255,0.8053073820460215,6611,None,CBAM
202.11206956335408,0.6475458956189225,156.92764952570798,0.06221472323710778,6612,None,CBAM
100.61068438848228,0.32771031170231385,219.23126186200614,0.19256223791158034,6613,None,CBAM
117.83696839786701,0.43176232704365414,36.427296654969474,0.755881719652586,6614,None,CBAM
208.40720630537572,0.38309130470580394,375.1206734148974,0.9196404773142091,6615,None,CBAM
311.93876603356205,0.15179275949622112,140.2379179234458,0.11409512168405636,6616,None,CBAM
123.57921383724803,0.8886389915405448,249.36175914582446,0.8601225584110561,6617,None,CBAM
286.95093077683646,0.9463367806892296,216.49146149383452,0.33457436951723346,6618,None,CBAM
180.72671060433575,0.8820935610716335,160.28414143063497,0.5250436813568998,6619,None,CBAM
159.889891566147,0.9134874572664111,269.54008240100086,0.6078755400110778,6620,None,CBAM
355.2350244001324,0.8350665682466414,164.948895554646,0.5128701815192305,6621,None,CBAM
180.68279039445116,0.9281828041019711,262.5772078248873,0.9190224960218171,6622,None,CBAM
72.4809442585022,0.7101320990330172,321.24559627958064,0.5795105831551097,6623,None,CBAM
215.09779356840957,0.9991089375295965,28.97142072576543,0.10217639528586585,6624,None,CBAM
324.8173586851671,0.03723673685781854,251.61259418657812,0.9212929528462835,6625,None,CBAM
283.1764542649433,0.4903909248084642,359.68368672920315,0.9860296067871065,6626,None,CBAM
237.1008717050792,0.817063698221919,136.269081062941,0.7130527626468978,6627,None,CBAM
89.27779778355045,0.36250873026081576,392.6026094038234,0.09322251609907513,6628,None,CBAM
16.057625480848035,0.2692787380389521,107.94090475785656,0.09243656374122915,6629,None,CBAM
373.243316445797,0.8516492590633785,136.29270286601715,0.8422033685189491,6630,None,CBAM
132.97019744376527,0.05251286500210109,183.86057018336214,0.22619772961688808,6631,None,CBAM
12.58803529414945,0.44178196401511327,281.9367155449315,0.18104271206038655,6632,None,CBAM
95.75043996204028,0.7443002251245096,133.67928387858427,0.6039598912011491,6633,None,CBAM
307.66813926625014,0.8358345561542856,11.0229572941744,0.8611973369325205,6634,None,CBAM
262.560596122252,0.16408857676221505,343.5034384155585,0.31823280601644016,6635,None,CBAM
205.9398843901536,0.45833375999760967,45.81271095581308,0.5645230391126499,6636,None,CBAM
356.51403349502095,0.9871870427366328,387.2711490838026,0.2023057079585105,6637,None,CBAM
75.30746889638297,0.3940366458871769,179.4143987705129,0.8370831256927331,6638,None,CBAM
254.17633657297344,0.551665094377448,58.39772916247821,0.5782777757330779,6639,None,CBAM
12.636708919468767,0.49713005791653275,241.45428505052902,0.8607527847118369,6640,None,CBAM
121.5629362024691,0.9151604926954472,199.7750596995467,0.9441898195671979,6641,None,CBAM
287.6521105461078,0.21865035172855862,64.17744949780906,0.9812676199580681,6642,None,CBAM
27.130960351053723,0.24845596885210147,212.69213824558605,0.4518508635781646,6643,None,CBAM
87.36221758802868,0.7384051745573872,373.33357034547686,0.536852151349287,6644,None,CBAM
40.65737764680664,0.3217467506210394,342.2354051846227,0.6205541115095199,6645,None,CBAM
58.37729251983795,0.2322619596109139,179.6291973666476,0.6889962547073405,6646,None,CBAM
334.4472824408207,0.447699292486325,183.76036567657016,0.9753107993644042,6647,None,CBAM
391.7985908337828,0.1581088153770609,318.53601369032606,0.3725840364786101,6648,None,CBAM
385.94880734935464,0.624377432826676,394.51794308221486,0.831474372297177,6649,None,CBAM
218.52748360630207,0.677484617584689,219.29667046495882,0.8626775020125926,6650,None,CBAM
268.6365798248899,0.820495205875778,18.74961779908867,0.6711351823407339,6651,None,CBAM
235.45838412360717,0.5745059700999449,133.5723067014514,0.2634316590834317,6652,None,CBAM
150.0355799038404,0.6226874437210084,349.67115865786775,0.548699597853662,6653,None,CBAM
130.3796559727007,0.6095471183876965,213.68701860780678,0.045399118828682916,6654,None,CBAM
274.76550728436797,0.9072160669391092,35.81173738271634,0.3903593869914857,6655,None,CBAM
244.49860910054477,0.057855681710563045,160.95619469386472,0.7863451185789709,6656,None,CBAM
316.9270537622341,0.1605806162933168,200.7217733392356,0.8584387538104442,6657,None,CBAM
396.2287669902073,0.3654649594685963,193.5905527025077,0.42377712444337834,6658,None,CBAM
261.57868493633606,0.2382037604957817,395.59743200037093,0.9136845964403072,6659,None,CBAM
269.722915620442,0.9672841580231571,326.06046983827156,0.6903328061323443,6660,None,CBAM
312.48554128305875,0.3714774790198562,102.95702253558665,0.14913909062214947,6661,None,CBAM
180.2883612500562,0.6190655940022812,270.1160265902047,0.790449316011804,6662,None,CBAM
30.421051149308365,0.8680026552981913,9.996048227873796,0.6076030796256874,6663,None,CBAM
112.86974507998441,0.5813082671816615,159.8818542194063,0.4771745526460506,6664,None,CBAM
205.23372343037067,0.8963514055176062,375.55393364003737,0.022812337689314715,6665,None,CBAM
7.796347836003738,0.7836955998843461,101.82013859693042,0.4604457554506233,6666,None,CBAM
292.350498191236,0.7301412311298445,352.590725394172,0.14395169688542092,6667,None,CBAM
56.130588837211704,0.7546699125368334,329.0209505661892,0.8949029040291798,6668,None,CBAM
221.73179886522263,0.10232249529620202,85.93314804575644,0.483565425499279,6669,None,CBAM
381.491424243917,0.2232895950092014,57.409695854363505,0.3684063985311861,6670,None,CBAM
285.9087293680618,0.8438221996673058,110.76074286251456,0.6043521192257862,6671,None,CBAM
226.8991000537886,0.3817917711895429,52.975606653199435,0.7259542279046493,6672,None,CBAM
223.99706634973273,0.5014526908506601,15.993563253693566,0.9959932010078959,6673,None,CBAM
108.6563444564342,0.6368427690451993,295.31216388481033,0.6925165397275957,6674,None,CBAM
219.87142719706253,0.45141270847739884,156.022236460501,0.39864503582192834,6675,None,CBAM
103.26611048105477,0.5022679393576067,342.4772718624631,0.354330369132178,6676,None,CBAM
230.61399410322724,0.03435995664941429,45.85638482035468,0.031851435171531196,6677,None,CBAM
383.84614199369196,0.006932880133760449,265.46385014668675,0.5880560936282989,6678,None,CBAM
137.24866470809215,0.46265748593355316,51.640698094888535,0.7655316243939384,6679,None,CBAM
101.8540201780862,0.5682571986131245,284.3711018610269,0.10129726992303055,6680,None,CBAM
175.77836015983166,0.9885256369278701,118.1987600627461,0.018784734644409055,6681,None,CBAM
62.44282743217432,0.7867399023099019,207.16490438027972,0.25308525421992206,6682,None,CBAM
295.2870007725262,0.3974053352872201,83.90455210663632,0.5537359146122738,6683,None,CBAM
201.343142904419,0.576465321132028,150.3016149600532,0.10518331754731185,6684,None,CBAM
32.027621907009056,0.8941624556680995,121.03848513834508,0.25747337281885385,6685,None,CBAM
86.22630943176168,0.8486370374246083,54.99247560515831,0.3532204781861577,6686,None,CBAM
29.583157883092937,0.26457289625733765,367.14901987385997,0.8783536438016789,6687,None,CBAM
184.65464437029567,0.5957741258772327,385.76695416840425,0.2860583990069171,6688,None,CBAM
23.885061965896135,0.060254082418875476,57.93447013144431,0.4575645594159922,6689,None,CBAM
394.62217388877525,0.3873893930562117,280.60236884025625,0.732336357247758,6690,None,CBAM
6.757484984427732,0.6385144460103926,84.9416308002743,0.5305012688396421,6691,None,CBAM
291.51301014605025,0.2545761267944834,51.63371742808616,0.3589945621352265,6692,None,CBAM
240.60388778818495,0.9837695992966117,96.3656537805113,0.943339700700569,6693,None,CBAM
49.049593492869526,0.4585898426125234,358.1972974781017,0.019183824373545842,6694,None,CBAM
272.1656694466589,0.9957840023097693,364.33659715782045,0.23351461692469752,6695,None,CBAM
125.95150505699931,0.29882748178351665,134.9592825902089,0.44359292536773665,6696,None,CBAM
121.88433670083762,0.577091103113657,57.57090626804076,0.855915535695743,6697,None,CBAM
297.38876856025803,0.7873685424240277,240.6788896340768,0.7607446211864797,6698,None,CBAM
53.607044882357044,0.29552437433323847,310.4608299012327,0.14260412321267216,6699,None,CBAM
130.11644972147508,0.9641079262630857,102.57451306321327,0.114929776828222,6700,None,CBAM
239.196827585321,0.5178926026972922,213.3110932425673,0.12190006978514321,6701,None,CBAM
165.18374466619133,0.4659458817776721,349.50651927556146,0.09686594227488528,6702,None,CBAM
89.19482835502298,0.33348978985702626,202.43856720497934,0.0014859686964048325,6703,None,CBAM
371.9540230767259,0.8197991197162072,183.12544611588757,0.4886115300853846,6704,None,CBAM
16.02176418802861,0.1205861039897121,343.1439353265529,0.7756644711392056,6705,None,CBAM
243.43341963230407,0.030907015273988127,57.108383467784364,0.8666589933506332,6706,None,CBAM
132.53121480157688,0.7462209130676084,12.103981475648744,0.026717537541220478,6707,None,CBAM
373.70452618335537,0.2411325936456099,33.739028396107486,0.44531877258758923,6708,None,CBAM
53.14324782029094,0.568649340366558,111.80267093496015,0.3099503980741732,6709,None,CBAM
64.54225814633426,0.2766742597429767,152.23510993878057,0.04100951739018959,6710,None,CBAM
367.4287030844435,0.4191813548987454,27.481135484304787,0.19138261196445014,6711,None,CBAM
378.8405928673028,0.0698627661224329,240.94516858614625,0.012891636402838509,6712,None,CBAM
348.81083693495617,0.3801643083061412,251.5886944586453,0.7552858886317186,6713,None,CBAM
187.86276405073878,0.36093766746684425,264.0642661422738,0.5313276900308923,6714,None,CBAM
128.41042686200944,0.580713581587762,397.61992829848174,0.9958049874557967,6715,None,CBAM
57.76251820004791,0.8984624560373347,177.66136504205417,0.3009340131770104,6716,None,CBAM
71.48739736141526,0.1081094896672025,125.61897654712304,0.02387069630452737,6717,None,CBAM
370.52102042522796,0.3896849812202527,9.046156330739418,0.9129238561755653,6718,None,CBAM
87.87345491082192,0.4800346177450902,51.786504331843844,0.15306420666316314,6719,None,CBAM
353.4055360270561,0.9522007292749544,42.476275031975106,0.8069700881163255,6720,None,CBAM
311.79278981895277,0.0012985916445979152,366.9860763562883,0.6129167478200627,6721,None,CBAM
68.94020879589839,0.8048470231334168,147.62637075305443,0.9170294048546642,6722,None,CBAM
253.28142896038634,0.5779942691661298,61.135764223827806,0.14569668867661908,6723,None,CBAM
217.44382970632822,0.9830123048205525,112.38868298802231,0.42522027704135007,6724,None,CBAM
293.64834557625056,0.9664149903924183,223.84335516214904,0.0237695560839055,6725,None,CBAM
101.50158513604266,0.7438449736812459,312.99879935495363,0.40089069313111453,6726,None,CBAM
117.65488284143343,0.3669941518175567,122.69840942457151,0.7342032184820863,6727,None,CBAM
350.6899639274245,0.6975824830841715,314.3626687686448,0.9231981052066556,6728,None,CBAM
67.05422695743913,0.3078975699526796,192.26072514261944,0.21924178690426488,6729,None,CBAM
53.8878562088501,0.40690834640424955,27.254865883855285,0.124793630506473,6730,None,CBAM
271.407537884375,0.016689698138365554,399.0196662058501,0.9326695652063469,6731,None,CBAM
288.7977347310938,0.764373358548541,237.8532026914511,0.9342315159091896,6732,None,CBAM
299.59676254604926,0.868889698639485,181.61265874194163,0.8656742694336831,6733,None,CBAM
273.8435859133114,0.9124314328567554,367.1122317806839,0.46612311375743126,6734,None,CBAM
151.43661931775796,0.7954007274992388,344.42958468491025,0.2331574336149298,6735,None,CBAM
102.8184286365143,0.8315811991266496,309.1913185843998,0.015301347798561233,6736,None,CBAM
15.729311721753106,0.3822093263961354,151.43075564019256,0.2863179031171519,6737,None,CBAM
239.6106492202319,0.4404737706232281,168.74821439219755,0.41548649040206587,6738,None,CBAM
341.1119758826213,0.3182052501903672,398.91467901228054,0.13694765854414945,6739,None,CBAM
210.55543310164308,0.7981999240979821,206.87620720822855,0.9456361029841474,6740,None,CBAM
70.65300754405929,0.3845565340242698,364.59855254119213,0.5457050459797391,6741,None,CBAM
102.05627215657474,0.8709257721797194,270.042568850615,0.3678234146495218,6742,None,CBAM
387.50390861709866,0.9365810866886691,201.2018884971341,0.18948646751176484,6743,None,CBAM
160.2083263648619,0.7953950312619109,284.51310009764563,0.4797063934907387,6744,None,CBAM
171.57546424076264,0.028794124255586404,157.5669071529624,0.4945319313652183,6745,None,CBAM
335.59184660075204,0.09588872656900456,34.13928632681959,0.03084465875599046,6746,None,CBAM
255.1800623833286,0.4738017207255315,369.31247744831677,0.5373390619520209,6747,None,CBAM
261.7487066835744,0.6656617913955468,386.7212537957236,0.5334700054952851,6748,None,CBAM
211.86648473546526,0.9661234660605911,351.2306601821273,0.3007615888479159,6749,None,CBAM
220.34568132779793,0.029268285337549684,173.13238661672605,0.6719641554432486,6750,None,CBAM
77.85996777739855,0.27559724720113243,346.1409342694177,0.7273500435376323,6751,None,CBAM
117.9457981705199,0.3707792994385262,65.07006299452134,0.9832278650382976,6752,None,CBAM
270.9409499673133,0.8629271790576414,62.12971789834554,0.7790322267848988,6753,None,CBAM
249.1649871531234,0.4449638947705885,150.53745547215948,0.2791477947605105,6754,None,CBAM
36.25388741463283,0.4532817947517525,38.345074308559106,0.2871656453620875,6755,None,CBAM
229.6832184611144,0.22873932951685735,261.24647871114723,0.5994758958838551,6756,None,CBAM
297.61553050717373,0.44377811327590666,225.17218550712852,0.5584455390149932,6757,None,CBAM
130.53090359955902,0.8169923146136254,357.2866251475886,0.19976324729981793,6758,None,CBAM
286.07076445983745,0.9724721953395252,181.56650628269563,0.599179562234122,6759,None,CBAM
217.9931094132284,0.16094743247708931,30.854821124921074,0.51083641702336,6760,None,CBAM
131.2665028958974,0.048947079460081984,64.49870005407398,0.4486758368630331,6761,None,CBAM
156.06285804214923,0.38510481675287495,303.85711076751414,0.8094896398398593,6762,None,CBAM
235.06201272615735,0.5512334506623383,10.139091231806978,0.953656571901538,6763,None,CBAM
217.7200461539218,0.8557694830473865,36.09312234844507,0.2636841755112334,6764,None,CBAM
319.17093108181507,0.2549978726735049,198.54432377793086,0.4416586608337845,6765,None,CBAM
92.87738733806565,0.4578518895441359,82.62407350492865,0.46493391288187647,6766,None,CBAM
66.91818896200526,0.7262634265664808,287.7895196495075,0.9307979387252621,6767,None,CBAM
294.7246523176547,0.48984135605383955,115.55336065158505,0.9461802770945065,6768,None,CBAM
137.91776720100344,0.6163297700120905,156.4372932455916,0.8913716984994999,6769,None,CBAM
179.12013400025145,0.75514448829423,238.68316013681712,0.9814978115455073,6770,None,CBAM
47.736731778729485,0.8824622522399397,103.2151647728051,0.2509197044077751,6771,None,CBAM
120.1382373330419,0.6021724935118696,8.395749287506453,0.17315507206489308,6772,None,CBAM
353.78016556572686,0.5528898447779307,18.254587885482152,0.43084619225098764,6773,None,CBAM
130.24440635819875,0.9676185424904644,202.0559650838302,0.45769896118311165,6774,None,CBAM
282.4562052155744,0.9665744364759448,320.0974030886226,0.17567161078904078,6775,None,CBAM
21.646462908849635,0.5571516383704316,28.45363533334244,0.13265400179523296,6776,None,CBAM
392.6740616959066,0.058359359034764156,198.05401164705845,0.04442987737658016,6777,None,CBAM
226.3338597848763,0.33371198592159257,4.406894538374571,0.10357869430385423,6778,None,CBAM
233.3857281969157,0.3202715736724812,131.8911113128249,0.5559612449634543,6779,None,CBAM
10.99328768955149,0.3924268278742356,31.667405406669065,0.7850238606897098,6780,None,CBAM
327.18447373850796,0.9453278321242498,36.06919820414545,0.2504582814299358,6781,None,CBAM
203.40309467558563,0.8397001893403796,318.0634658007445,0.04552502549977605,6782,None,CBAM
142.46416297520267,0.1116680753758117,149.07722666649332,0.2817078557974695,6783,None,CBAM
137.4271072419037,0.9378937227672742,86.2515982300913,0.7702688716260051,6784,None,CBAM
5.801906774785729,0.8444146418788772,366.5233575420618,0.9059743697900023,6785,None,CBAM
395.4107224542521,0.4907906282124887,370.73529009683466,0.367465181082434,6786,None,CBAM
20.682679356548736,0.6309100325118574,361.68383634927903,0.782377001653795,6787,None,CBAM
231.23602579280805,0.6863480129572379,15.908886441963974,0.3140892345048669,6788,None,CBAM
35.88629372760627,0.5802079868331965,148.317950085947,0.4879663587958471,6789,None,CBAM
294.4124380720131,0.3279065677741484,315.86603167939757,0.5078158279280803,6790,None,CBAM
348.49685753791977,0.6981745540273716,363.0596341869949,0.38389231002323393,6791,None,CBAM
119.67043519981833,0.4683907249499813,79.86580317536868,0.31023706231683185,6792,None,CBAM
226.2321051297373,0.821531802652473,7.521865792231044,0.9609795839987088,6793,None,CBAM
109.55175085234616,0.8334520718366024,334.8103115789522,0.6755566770979126,6794,None,CBAM
178.43770075997298,0.8558152908643761,127.76133979819096,0.8619902176161853,6795,None,CBAM
7.130894165196379,0.2566788127698428,127.75470539252238,0.8216428607832428,6796,None,CBAM
241.743404177706,0.3080715737536015,342.88214941305546,0.12624080915997807,6797,None,CBAM
151.2075402480552,0.32935511291942515,301.6361820876697,0.493693274718191,6798,None,CBAM
284.43732380481305,0.5485443369941251,288.82313694255777,0.3098197245171943,6799,None,CBAM
377.27225336766844,0.4080432583784696,38.60426938636078,0.5372217947079976,6800,None,CBAM
153.93019026670427,0.31130947901341505,154.80062127869604,0.2472579098924924,6801,None,CBAM
276.92522485662056,0.7220758074560595,214.55357030690703,0.7887759475727558,6802,None,CBAM
329.90994478476085,0.7174943070018717,180.94430566542096,0.9427470534035847,6803,None,CBAM
13.864847463692012,0.0870777641342857,61.236902460076855,0.8192430915834253,6804,None,CBAM
97.7319655957236,0.40443934857266095,186.82750430235433,0.24199829058460656,6805,None,CBAM
74.16321577766301,0.47082602854100414,324.28757393026723,0.6830410340704152,6806,None,CBAM
49.96274350657941,0.5578503845857357,264.6201855860251,0.7926195065582854,6807,None,CBAM
28.50124048085483,0.47160585171820396,263.5239778044296,0.8332809266454351,6808,None,CBAM
135.1332672326905,0.7995845912366933,20.857964571912156,0.8473917280189167,6809,None,CBAM
152.76249055273945,0.3813034302375713,205.1024748146009,0.8414660407550082,6810,None,CBAM
14.391269320407622,0.317276460523433,34.082568037945464,0.9334787498448373,6811,None,CBAM
29.70862487335184,0.36138110231144094,352.2102872051687,0.3006568337234427,6812,None,CBAM
118.25497290883223,0.43991338032905275,51.522421018173695,0.021993190230061358,6813,None,CBAM
91.96086047177994,0.2867704543751758,17.280645267809845,0.20143578875189327,6814,None,CBAM
31.334176750628128,0.7946793177797243,289.6829017631182,0.30926095304619516,6815,None,CBAM
94.44468917817498,0.6300528944013883,399.4603562597,0.23892289324769214,6816,None,CBAM
119.26040169816308,0.9580132956233284,326.81960202017206,0.37991615740836915,6817,None,CBAM
86.31547372414057,0.9389435445493749,41.18056050752995,0.017291057207966292,6818,None,CBAM
60.93848861150995,0.4454917926981628,110.09977126873005,0.94692321099146,6819,None,CBAM
227.19294971757438,0.44466198243386734,348.45945333419246,0.9284344210980623,6820,None,CBAM
207.13074996662075,0.10345593374276123,266.49416791124025,0.01989533902552978,6821,None,CBAM
13.802619332281353,0.002825783738282303,229.8892839649249,0.47707062102361364,6822,None,CBAM
179.066789306874,0.131952496467455,285.9597054320593,0.4738985717518753,6823,None,CBAM
141.59594064030122,0.6094777473271461,71.84545299316179,0.3037617322734883,6824,None,CBAM
98.16010405901719,0.49388806192454293,314.2308155978444,0.853872900811662,6825,None,CBAM
188.2984302196027,0.6922488548184643,373.17319017702755,0.9373382611691549,6826,None,CBAM
190.15892669564715,0.11008663874405214,88.8474369857772,0.6431462093560151,6827,None,CBAM
233.75844275010556,0.31655741438834395,302.87346318002915,0.7497035718506474,6828,None,CBAM
262.15550676384066,0.5818345363965656,203.6517274885046,0.02784487842561777,6829,None,CBAM
339.6036641923484,0.34199890573463515,352.944543283871,0.4708308391554616,6830,None,CBAM
87.66361117971108,0.09879046775755024,213.9782633201528,0.7349720781334365,6831,None,CBAM
53.33645644169519,0.7074859104238422,121.7840034716206,0.4153655999363977,6832,None,CBAM
180.93874513782242,0.1930295296744275,313.79505274637046,0.12042402613628603,6833,None,CBAM
368.29795220258427,0.6077479335322058,307.04152152800685,0.06648071402221427,6834,None,CBAM
255.5589652100734,0.051363305916045925,28.83532137929498,0.1499807829924995,6835,None,CBAM
353.94842599111166,0.15985635482125102,261.89523033103393,0.1472992352088854,6836,None,CBAM
226.56715846488362,0.545531359846451,157.7772563942076,0.42097254786374855,6837,None,CBAM
145.95420553251103,0.504947303540606,50.5282029066396,0.004115126414876573,6838,None,CBAM
84.5296799248717,0.06216076128047651,60.15941971892607,0.6302065929912363,6839,None,CBAM
207.4257641300897,0.009737239103460197,174.02044004570706,0.41908426177610325,6840,None,CBAM
168.29922149887406,0.523779335622242,71.61489517509851,0.9743128022801315,6841,None,CBAM
85.23192029909687,0.9602906057811609,295.4540641217665,0.6430256128977327,6842,None,CBAM
367.4821781097918,0.9162673371562355,1.9043236830880876,0.9058730329821658,6843,None,CBAM
336.0507016581703,0.8642200154877704,372.52778941340495,0.904157398265941,6844,None,CBAM
306.27301056595553,0.3786449005909958,274.7507112243057,0.3116781671244047,6845,None,CBAM
31.984062802325163,0.8417263672253605,177.59902115522067,0.13903430263316074,6846,None,CBAM
386.20614536146155,0.6976037598349538,104.59459134935342,0.09304707863007897,6847,None,CBAM
165.97711750210794,0.15646411336420488,210.08707174100513,0.8673802932414423,6848,None,CBAM
225.4774283975967,0.4633678750188572,187.80781002825876,0.7072205079891415,6849,None,CBAM
231.81392288082412,0.2288114229204555,208.84738824779356,0.5174199220807106,6850,None,CBAM
306.1786559535887,0.9292926164586158,127.67727779768761,0.02058481543609087,6851,None,CBAM
189.59368298700764,0.7258074263580019,172.81352237064246,0.0574153354010676,6852,None,CBAM
57.22135975627774,0.375341684577098,58.917476467123265,0.31612497666728884,6853,None,CBAM
260.2190010159279,0.16285552919393848,369.74239708649054,0.9615997082169032,6854,None,CBAM
206.93020448562208,0.7274134381142419,178.6582993230944,0.2726007578072148,6855,None,CBAM
82.29058714137994,0.23311634250343266,28.79536521587828,0.7578668620569016,6856,None,CBAM
60.541698857280714,0.31249475907732477,12.187771324965992,0.9119879667536789,6857,None,CBAM
252.30627173469395,0.48766997211730595,23.8063860391897,0.35731409321812424,6858,None,CBAM
191.49338065262592,0.7565324925489865,349.80632279873925,0.9628415582477095,6859,None,CBAM
155.12981462580092,0.4754780084211943,247.8852315503263,0.7896638998564453,6860,None,CBAM
287.7684365925313,0.4351004483193478,7.021408948810462,0.23763395313643584,6861,None,CBAM
323.77488824693063,0.7511583479702921,354.6024186656997,0.9487316561335565,6862,None,CBAM
395.7554998572531,0.9578629780080304,238.95163546451337,0.7264366328858676,6863,None,CBAM
34.89832293749605,0.7673235524106556,187.40840079081264,0.7443502479120278,6864,None,CBAM
341.0721137291716,0.5082467520446471,250.389105282449,0.9877633780359635,6865,None,CBAM
311.43819966101375,0.8424780746078733,344.8872907797612,0.5580774214076417,6866,None,CBAM
89.97417831438861,0.28441119210150545,314.0621168551549,0.7935170085913404,6867,None,CBAM
393.0190818823118,0.14317685786675602,107.96267644370259,0.07155121113770402,6868,None,CBAM
210.5184961574648,0.7447828794596643,330.4774021562571,0.8546763725704386,6869,None,CBAM
291.0016182561277,0.6023490821797012,259.69275322807005,0.07920436891661496,6870,None,CBAM
388.4984410005773,0.8631060626130482,224.07958777742186,0.5928184211683651,6871,None,CBAM
382.04952587596597,0.6546986382364737,67.26340870598584,0.5020304926269225,6872,None,CBAM
214.3138103417209,0.8090938479915966,298.68874019827325,0.652598876908009,6873,None,CBAM
285.70331821438276,0.762460349017849,114.83884419964919,0.5177282121758943,6874,None,CBAM
238.84858190170505,0.20146561943587432,382.39408527652387,0.8270400904455957,6875,None,CBAM
212.20571510099145,0.09934962978356751,226.60588214147256,0.321314455633275,6876,None,CBAM
378.35398743978874,0.250976829070125,151.66120003734858,0.025128226229506754,6877,None,CBAM
226.53916742892116,0.8563245589300387,3.991647904344078,0.8544014360993905,6878,None,CBAM
138.13597745113861,0.8825050455397218,147.04346054214304,0.0827283147527208,6879,None,CBAM
173.11176131072236,0.433553009108903,158.19105317553317,0.11611323489760544,6880,None,CBAM
360.49439425904495,0.8702179381285637,346.570496365586,0.7909592082857301,6881,None,CBAM
139.75019582076797,0.635476984692526,32.35679635884841,0.4744118466222298,6882,None,CBAM
245.6976536133485,0.19720278006552067,351.6763252145637,0.7134154022779088,6883,None,CBAM
10.867513058565317,0.7440486302678696,273.16172199420544,0.5693155569446721,6884,None,CBAM
184.31937903851878,0.4473904567274216,125.37846415641636,0.9840267058975184,6885,None,CBAM
18.352652364966605,0.8496578263319589,116.0167593899216,0.9313774022197214,6886,None,CBAM
70.91557830579063,0.29316286773434397,290.9429808352189,0.5199750996260465,6887,None,CBAM
334.1535857595066,0.05958730617270232,77.76378356140613,0.5589789875407115,6888,None,CBAM
260.7555151264191,0.5145547845236088,97.54794115490625,0.10546105457832303,6889,None,CBAM
217.0026327064401,0.9981516444384411,110.14416525811437,0.9693611102550223,6890,None,CBAM
81.7090407328653,0.29263770716675536,56.33644465757984,0.5382604945654564,6891,None,CBAM
273.1082154731927,0.6325736726071338,8.101229677482056,0.3146402052758427,6892,None,CBAM
269.83181843861746,0.09972330771132641,267.78012104247233,0.8928561763703766,6893,None,CBAM
260.13715126328134,0.5046573328043436,371.89470594397164,0.6744737917458851,6894,None,CBAM
73.90847923640915,0.4421545624780307,301.3712049952777,0.7533562514385475,6895,None,CBAM
132.29068562434222,0.2621068105552154,242.06820737336594,0.8098680746982312,6896,None,CBAM
76.08524919730213,0.9043938715645028,126.10079195166418,0.13306544108239393,6897,None,CBAM
155.04487106560265,0.18926794826378193,229.12403779723266,0.9582614835422887,6898,None,CBAM
145.3127080595605,0.05119647454598377,348.90049198771567,0.509807001760663,6899,None,CBAM
328.06401460896774,0.7534166383432039,194.56094423716846,0.760553769639387,6900,None,CBAM
255.4854587721905,0.9442061371479569,123.72865575630487,0.42560914843670083,6901,None,CBAM
30.019567162795173,0.30955405724750285,247.64435588569032,0.3375502019009231,6902,None,CBAM
372.46792977000524,0.042738387940384835,322.8262632605126,0.9338845795145,6903,None,CBAM
178.0787506730067,0.016870162982372507,208.93693643877893,0.45476745276450475,6904,None,CBAM
346.3542957977362,0.20056886788460732,55.40184520787999,0.2628028299466012,6905,None,CBAM
318.91296275704303,0.6410441127419964,191.3845698162302,0.07203559143109978,6906,None,CBAM
266.53932149031544,0.1395487217180913,50.17361083039926,0.08827913979192865,6907,None,CBAM
138.94105396367314,0.23698429662044387,30.175237716317348,0.08305519854017518,6908,None,CBAM
4.2055932690220965,0.8229780693614132,231.65565380991347,0.42945426569619105,6909,None,CBAM
382.49218985237576,0.5106396897185059,52.816603651935836,0.10497732729353985,6910,None,CBAM
267.4935894703039,0.30078061500279396,199.38805078401225,0.8114053240730769,6911,None,CBAM
389.50168846450316,0.7911790799929745,155.61261492015637,0.18755662985021535,6912,None,CBAM
344.52759126398433,0.7254978997647273,58.53029298324094,0.6928556014378859,6913,None,CBAM
37.39308059801315,0.2093698912637406,340.91281458360925,0.6019616981671276,6914,None,CBAM
236.05359686212256,0.5265626947379844,150.1671473269316,0.4155465415787146,6915,None,CBAM
148.93643054098058,0.771916593043565,245.06355793196687,0.37744034884318006,6916,None,CBAM
145.43559364333655,0.0007528207771060266,19.979699516709758,0.9175992582177124,6917,None,CBAM
264.3420005110396,0.6524497364321084,200.51293223655708,0.6079962170929274,6918,None,CBAM
204.92544249854814,0.8266412838038052,269.9716458200126,0.692027037315379,6919,None,CBAM
351.5554743393895,0.0402720289705201,10.961262260702167,0.08985770444554873,6920,None,CBAM
284.25650635098356,0.7294482997436714,186.38843353816384,0.7236876696521573,6921,None,CBAM
302.2173104966409,0.23680037309062027,100.56068794022673,0.7551523499280265,6922,None,CBAM
145.6518469829575,0.6479960337339951,225.5956968405583,0.2067707350715808,6923,None,CBAM
29.263149448065924,0.5420990291945744,328.25954679987296,0.6443445503148729,6924,None,CBAM
172.1150430566285,0.30731542897925535,76.24590172286368,0.5907752510879274,6925,None,CBAM
46.14106947366486,0.1851172443851901,4.935305404957278,0.8772440757150717,6926,None,CBAM
150.3283918883822,0.09688660920913619,116.59475246066823,0.14117057049059178,6927,None,CBAM
57.73783674943069,0.981184091738395,388.4169536353812,0.21020217305999828,6928,None,CBAM
127.42930436303408,0.6625107288466224,63.30065558168655,0.35937023812547203,6929,None,CBAM
43.89225783304417,0.799104743386476,49.22462624779281,0.5936353788295913,6930,None,CBAM
326.3884851483154,0.7345129701839305,397.8900972433686,0.7615866226502911,6931,None,CBAM
390.0340699890497,0.5329569984429964,393.8361160951445,0.882638130759897,6932,None,CBAM
269.79021354179326,0.5209587687142563,32.54420962928418,0.02177009708590172,6933,None,CBAM
346.1383244216131,0.8332472642106326,377.2294470715176,0.1115279755047848,6934,None,CBAM
53.59941093247323,0.462266654257599,125.28086582692653,0.9031918433205194,6935,None,CBAM
305.25915563137505,0.8005311500942751,181.94847201886085,0.07383978298194463,6936,None,CBAM
153.29271029199498,0.873473902972787,321.6365036676965,0.8480776002393138,6937,None,CBAM
297.7646811758375,0.10500098041741467,219.38240579012972,0.3701307574955068,6938,None,CBAM
294.81725277716816,0.7365036067279854,308.4218298089442,0.8837409475297372,6939,None,CBAM
396.776027369243,0.12729439653459373,169.09498877624605,0.931192728175844,6940,None,CBAM
150.55013755519806,0.21004607219050683,206.0791091971085,0.14061871214004246,6941,None,CBAM
297.4557044570837,0.9751541901976252,327.19917272376534,0.07723272586840213,6942,None,CBAM
60.46163564886382,0.07089040910479538,103.88879385134126,0.47202932503092754,6943,None,CBAM
140.24207503303504,0.4950574130399736,302.7296483787437,0.8207104481729074,6944,None,CBAM
254.10786715476968,0.659586832806106,308.0961094488108,0.1807936180258383,6945,None,CBAM
87.15204671746348,0.183085108423295,136.5465245236257,0.8718813193319648,6946,None,CBAM
307.33092541563167,0.8572304090910532,184.20711909335532,0.873719205507644,6947,None,CBAM
150.42928623760304,0.013657667361734604,380.6309092602198,0.6691821161731925,6948,None,CBAM
142.72772426678884,0.77310178033653,53.29207676997858,0.6899153188028537,6949,None,CBAM
253.22285358603955,0.19957726156869887,116.81427226836296,0.6529319219484712,6950,None,CBAM
298.4236976743945,0.1470295854411769,6.204308048914369,0.14009924010535,6951,None,CBAM
377.35292730552175,0.40961869698652764,292.15165649234257,0.4581110250853133,6952,None,CBAM
344.4545548925014,0.221899359292944,331.0109331734776,0.3862900078609322,6953,None,CBAM
189.49255180314867,0.7567404435379474,98.64589691352687,0.8077762128379838,6954,None,CBAM
122.3293558063627,0.18319880149184467,215.71353552030047,0.11665387099044187,6955,None,CBAM
261.96152770710637,0.053531201631091783,267.2334577244702,0.6685777605175989,6956,None,CBAM
197.68496378118544,0.8143319006656706,300.5732806241127,0.11862067310689353,6957,None,CBAM
149.13597366316137,0.20227948227284187,221.86318937688503,0.8363505097024748,6958,None,CBAM
86.72656046304903,0.4703882810176004,141.39817243856956,0.043470899082876775,6959,None,CBAM
280.66471300311065,0.035407724299749345,239.9955834996585,0.13410205876874995,6960,None,CBAM
3.3593693717169804,0.3657321376109515,57.059396544227155,0.8524272174380305,6961,None,CBAM
348.62571529866256,0.404145839575256,55.46922887863075,0.5478811631024952,6962,None,CBAM
90.64401082404265,0.3039613748295993,54.12120642942694,0.009883483433758205,6963,None,CBAM
330.6137235470906,0.8054838344883994,106.24739898451966,0.29613973293301354,6964,None,CBAM
233.6419518558791,0.3229179926470814,243.41555491835956,0.3814251930359839,6965,None,CBAM
298.00430031717735,0.15303173643265425,173.23151683135637,0.8622149906910455,6966,None,CBAM
306.3450072343556,0.24676189000973406,316.85573262968865,0.3247540330922903,6967,None,CBAM
142.9219620991297,0.35647994055741195,98.75736283610496,0.39577239751549265,6968,None,CBAM
95.89289752832723,0.17917107779555483,281.1495062377531,0.513305022555672,6969,None,CBAM
55.327002492143016,0.03449229041773289,112.77200969311004,0.9172358897823412,6970,None,CBAM
367.19422616975737,0.07661252491751527,202.453169749416,0.04619492194194044,6971,None,CBAM
345.17984896434723,0.06682491001206213,176.31037165397268,0.4026255177053599,6972,None,CBAM
233.94545631668908,0.9924944632540788,150.62457805430134,0.3716730033171382,6973,None,CBAM
126.1326636587091,0.7225995086649045,166.30265455699356,0.32844646174849906,6974,None,CBAM
164.1155417918035,0.7831715888612409,172.6766525219063,0.6011414919516087,6975,None,CBAM
387.598739214746,0.8605353835561209,107.48352228336861,0.48827656525205065,6976,None,CBAM
166.50317627368852,0.35995860154096476,328.1806071055465,0.7933643062646429,6977,None,CBAM
339.96509129499,0.11450343326195218,34.91847088228045,0.5341784284216462,6978,None,CBAM
131.851552480143,0.5527148209595318,188.67025459259082,0.07428702428248196,6979,None,CBAM
259.93791580538056,0.5479437702998624,394.3985481384602,0.48410559156547833,6980,None,CBAM
117.96771234264575,0.1855386394538837,181.80546579024664,0.047134510120473413,6981,None,CBAM
148.4652995081379,0.42860043826491956,142.39223903545175,0.8486684425072754,6982,None,CBAM
245.09822998069177,0.6276433379602474,215.25369786265028,0.0019952372010745385,6983,None,CBAM
162.4100748120671,0.1562555876951794,259.30221597123216,0.15402282455609403,6984,None,CBAM
2.270027063443208,0.14691511108012315,225.7184052980862,0.19734705892446405,6985,None,CBAM
21.360413050971726,0.9810329636171602,220.9488408991268,0.35505985166459053,6986,None,CBAM
249.77027870956508,0.8127636936507555,49.05817131005021,0.008120621298950957,6987,None,CBAM
392.03026069178634,0.7864621992395084,299.90538012440675,0.3409586116384956,6988,None,CBAM
162.25245098479633,0.45008564846029564,175.45065632684486,0.321611886817249,6989,None,CBAM
375.28028911487013,0.05417556363876635,166.62993371960061,0.09847165572905661,6990,None,CBAM
230.04149246999165,0.3260429399778559,303.34918869383654,0.4220138936233112,6991,None,CBAM
223.40695761577174,0.45767492796415055,342.8374175425105,0.8220549462331342,6992,None,CBAM
342.4973799494176,0.7354960652838947,337.4716212846908,0.6029401321845902,6993,None,CBAM
162.83774170380156,0.9285065793023871,0.5356603709312048,0.10117039311458013,6994,None,CBAM
76.83121499352302,0.5140774467571488,25.30369442192235,0.6871364832103213,6995,None,CBAM
335.9293461369083,0.4831648253490949,312.3631559831184,0.4268367549002494,6996,None,CBAM
291.63441648252586,0.3892366259200213,52.234076015414054,0.4896871753540077,6997,None,CBAM
109.59747515775256,0.38647135665219107,266.6418598171434,0.05721617216384019,6998,None,CBAM
30.307236016314366,0.5679946966369703,318.3117044276411,0.8698915435504475,6999,None,CBAM
348.0277743037282,0.11966216527823027,67.89581376565614,0.03945908370296165,7000,None,CBAM
217.483807933942,0.967160157519486,33.822045374264945,0.45679773724057327,7001,None,CBAM
115.8687557117088,0.771145037478924,372.06820132665473,0.6782024819347925,7002,None,CBAM
336.18197277306183,0.03240644105217804,146.25332632156977,0.7556829803259868,7003,None,CBAM
330.35004957925116,0.7984987629822705,137.44098953104898,0.3686684237130825,7004,None,CBAM
184.2467956257261,0.44895172457728033,347.9583010258537,0.570248951432659,7005,None,CBAM
311.0564988979808,0.8432472840735131,149.9692618231035,0.577799453619441,7006,None,CBAM
74.71576216027492,0.6058209311362649,48.44637616151603,0.9080431352426861,7007,None,CBAM
93.7627671625748,0.7111975540234977,253.66261972375352,0.29711891262573936,7008,None,CBAM
157.34551118489193,0.027184858440742803,156.81719335015478,0.0031631080999896975,7009,None,CBAM
368.61180492812684,0.04342502449769174,127.21651249572683,0.08698176198784542,7010,None,CBAM
125.21899295862542,0.7943684251179155,76.03099320397783,0.30957924652265034,7011,None,CBAM
236.38432188905196,0.6851587628472875,140.55736626978873,0.17467379085113216,7012,None,CBAM
136.44769530526807,0.5731993184697132,345.9768146521369,0.3371994829511991,7013,None,CBAM
155.1919854005176,0.7445152716936273,74.386480192059,0.8023230228626645,7014,None,CBAM
280.71499835375585,0.6681143299149025,287.03769035815714,0.018399322334233952,7015,None,CBAM
280.0325671099398,0.33154580824263613,87.03099006097216,0.6294270931819788,7016,None,CBAM
186.1070879409136,0.8744891959884524,331.3818073338822,0.6620155523130302,7017,None,CBAM
328.83611476646985,0.26868414904908516,163.94767519500317,0.4097692290886279,7018,None,CBAM
24.450080697770296,0.8658879718502249,395.12808811530164,0.026263615761428973,7019,None,CBAM
108.18511591242701,0.14283812061208212,391.19892801038867,0.1209358614974897,7020,None,CBAM
23.205377574709495,0.3440648333865767,251.37845876808217,0.26167453612770525,7021,None,CBAM
380.9526431618612,0.47434463742718386,346.6045582798791,0.8734970085043959,7022,None,CBAM
218.7230194650509,0.02692601982996029,234.47437212256816,0.9892636589090449,7023,None,CBAM
136.5446989066118,0.2280039941151702,215.22449799487973,0.32836547412281675,7024,None,CBAM
271.9733506950455,0.7482472709227609,102.71910404546092,0.48998546425346295,7025,None,CBAM
47.62134049968217,0.3946630643300419,276.4778971032708,0.32517082023769417,7026,None,CBAM
57.34613578819365,0.9742745407405278,313.53791921503705,0.6866877846706052,7027,None,CBAM
262.8649178329983,0.6608201879736472,45.751748974354406,0.05077299951697819,7028,None,CBAM
381.13721933107144,0.9355262090133244,298.1098406765205,0.5855367121752593,7029,None,CBAM
148.583870274604,0.8045060868061448,283.0755292723425,0.21793263472010685,7030,None,CBAM
184.89842165198206,0.17178292076570606,383.845734959782,0.6080209367822036,7031,None,CBAM
241.8404757879482,0.6416284676967644,380.0695980570132,0.5779472065960866,7032,None,CBAM
107.70429362666177,0.8727277464302197,180.39297107924375,0.9310070344844199,7033,None,CBAM
48.255728506897825,0.14407185541794604,363.9604046908338,0.5426035619405736,7034,None,CBAM
223.81971089521238,0.17027797626612765,279.1522345775364,0.004433268743673923,7035,None,CBAM
214.2390218873979,0.6423282594153001,155.8392826634777,0.9181422282923588,7036,None,CBAM
125.04529832811804,0.5912527448281282,371.28602888899763,0.3609208084729814,7037,None,CBAM
75.03694632608648,0.030641871319742015,152.71308613559077,0.2217692329524901,7038,None,CBAM
191.41978656378743,0.22585961854008063,77.3354607846701,0.7539403448517613,7039,None,CBAM
137.6849317401124,0.48785418030255145,49.79126209268798,0.04039766945744027,7040,None,CBAM
297.0455379814754,0.9778542176621451,289.14165340017183,0.8059160795740992,7041,None,CBAM
391.60465404327164,0.38446424347738906,325.7058438076547,0.5668095489654517,7042,None,CBAM
174.65535767334842,0.8836317104991728,159.93410919537615,0.42866349923599223,7043,None,CBAM
38.404718645290636,0.22559036764978826,358.6122912758529,0.2382681210051332,7044,None,CBAM
228.12005222033224,0.059638302826351665,89.85678345880518,0.9197614468396309,7045,None,CBAM
132.13772450958214,0.8462938607918934,232.1529037815474,0.6940105421207375,7046,None,CBAM
389.57265223462366,0.22383867838369403,356.41246024687024,0.9009000201487873,7047,None,CBAM
247.69775010468047,0.16217248629669717,60.81313174465951,0.783710495077048,7048,None,CBAM
74.43642996724563,0.5952201901490761,183.46647638555305,0.8391025104758144,7049,None,CBAM
289.12081603335423,0.9380571531646545,145.50267953192972,0.5171056331149793,7050,None,CBAM
276.86387149085226,0.28780470352642945,192.75148354949786,0.7818018694838513,7051,None,CBAM
357.4611623383167,0.2702643973498887,82.81161629768722,0.3823659314253389,7052,None,CBAM
182.21752388489034,0.8040122882187413,118.22821832763255,0.8693048968715213,7053,None,CBAM
210.420310930628,0.3794464892781189,168.06235610024,0.7559855271652198,7054,None,CBAM
319.48926081964186,0.9082172470804518,223.11199077248443,0.4068918598161641,7055,None,CBAM
120.28812241127191,0.06041840324393268,83.73286176688424,0.39673182159351045,7056,None,CBAM
378.38277739643223,0.4989579257392192,398.58920176275217,0.5071287639395418,7057,None,CBAM
363.0015500379255,0.1747618768579316,239.58347036890171,0.7555598512635474,7058,None,CBAM
274.1563487939203,0.7678145664621612,79.40068685535965,0.6468389325649752,7059,None,CBAM
36.72401931485785,0.15224356697795302,60.3100295585056,0.499095209381141,7060,None,CBAM
92.34181022533292,0.3074667704777066,139.29816888398022,0.20913540989652135,7061,None,CBAM
351.89975897827975,0.5190817756475014,266.8857653189705,0.27693370226817793,7062,None,CBAM
82.67672516697728,0.7746141074052273,185.62316980163052,0.5356823062087197,7063,None,CBAM
371.50809741730166,0.9848252880688043,309.9929591595026,0.4536169097543874,7064,None,CBAM
399.3736714083279,0.21325445106595806,47.214978995386645,0.6665668540124141,7065,None,CBAM
135.68373562102516,0.6578655445648466,152.0139279627258,0.8477292372368792,7066,None,CBAM
33.178933746294184,0.37565999407371725,152.78493073342366,0.39581496136939764,7067,None,CBAM
120.89850755761293,0.18891806874438974,124.22655089452479,0.7617455970561816,7068,None,CBAM
78.20975820718266,0.15829264611577318,40.24753492206898,0.8329929858992512,7069,None,CBAM
75.0990643246717,0.9901158901904186,277.8606839638802,0.5509441085680514,7070,None,CBAM
103.69427959474866,0.4217735645170107,349.4374891292879,0.2327829250225889,7071,None,CBAM
254.93590255273264,0.5143580439728332,247.44097293500172,0.9066824816287565,7072,None,CBAM
92.5583968203895,0.2371558789763857,99.4402867978336,0.6855389673911934,7073,None,CBAM
194.87136955458712,0.15347442059267324,336.0098998750184,0.058047029836626234,7074,None,CBAM
2.1405292473030015,0.8641053055299536,114.29920895864414,0.433837781202963,7075,None,CBAM
286.82881976556797,0.47014953778279156,287.2298838153111,0.351742455665857,7076,None,CBAM
5.062328479169657,0.5061782802880592,14.263344862318581,0.09273997585143638,7077,None,CBAM
192.9555553560486,0.5772368688360013,169.64562459704712,0.40222192211297086,7078,None,CBAM
379.80940185611274,0.7766896362364635,41.33489113533922,0.033875335811225794,7079,None,CBAM
83.8151632676139,0.5337759663071547,358.1362978775338,0.9978329350705956,7080,None,CBAM
370.93801499803016,0.02064908597552482,22.385394685022987,0.9725480775504801,7081,None,CBAM
38.69213274455872,0.9684695855591058,279.5637041382635,0.10002329542371094,7082,None,CBAM
147.16161546095205,0.07348035540637958,309.6563181487622,0.14794721317741952,7083,None,CBAM
318.56879263918887,0.27791731696830857,159.74360949248307,0.2693251576444924,7084,None,CBAM
78.81366487625829,0.43549391258188186,162.47117325003816,0.30047149273815954,7085,None,CBAM
352.21740960408783,0.14930290930985735,296.64628499642225,0.5307563123797683,7086,None,CBAM
268.94589851916254,0.47173206297161224,115.39824807689865,0.4213750490274784,7087,None,CBAM
343.3822195834591,0.43056550386452275,287.08693985144384,0.5548170815088628,7088,None,CBAM
141.00606450883592,0.3681576523362681,143.31480985224414,0.7034342660616274,7089,None,CBAM
203.83053833802433,0.24158342717826858,147.46959681525215,0.4650901177351902,7090,None,CBAM
88.34705803214551,0.3267634007244363,350.0496580092106,0.6736193204781036,7091,None,CBAM
103.74307037583567,0.9757596134527691,329.7896176361435,0.006549247479224317,7092,None,CBAM
307.06867780282795,0.05610953092845489,48.58459448685615,0.7031238910381901,7093,None,CBAM
59.02266380915634,0.5907052344820505,148.59973342992689,0.7184528724907594,7094,None,CBAM
114.20526427643922,0.6925434851963045,111.21749287335969,0.22670348006428237,7095,None,CBAM
341.52139658272745,0.36114471705909834,375.6654063922559,0.36641119087605983,7096,None,CBAM
343.35170150865196,0.42559833823045173,385.74562146205227,0.49670886934951286,7097,None,CBAM
389.0010445048334,0.24565672316512382,165.9245548618345,0.026475338287903168,7098,None,CBAM
73.60686724434463,0.6355829121316264,373.14907470696073,0.7007847897901646,7099,None,CBAM
135.80968676377978,0.551807933410265,284.6270301201665,0.6994150053141557,7100,None,CBAM
38.191316207029,0.6432036706882499,253.77493874813024,0.880710178223751,7101,None,CBAM
73.73206621969211,0.20176771229812715,258.91551895044825,0.2900893607636897,7102,None,CBAM
37.85742127517979,0.4172357264393689,185.32425755334262,0.8655766847244786,7103,None,CBAM
343.4450642105768,0.12892850942026995,227.9183237522355,0.327312857589349,7104,None,CBAM
214.56269621534844,0.8164148987714438,366.46671022943394,0.32460203113349223,7105,None,CBAM
287.42592538856064,0.5392312442641357,157.55385668709425,0.21038663421071294,7106,None,CBAM
214.90080493659582,0.010945494215545437,300.5580491112309,0.7686041498239048,7107,None,CBAM
323.0040913057587,0.605257391471755,178.47178825645088,0.581258969438211,7108,None,CBAM
183.1523882214679,0.027088064904584434,12.00052706365779,0.3642922709871785,7109,None,CBAM
210.0605797333647,0.8294750098604446,375.2812034742147,0.5074269882301448,7110,None,CBAM
290.3509902905287,0.24705374579658038,338.9392725231164,0.5470189824090469,7111,None,CBAM
236.60642913996827,0.03484373312755607,345.50961928754475,0.8163437178390636,7112,None,CBAM
13.99907941473507,0.06827196583653623,187.63650724767334,0.48071523023326523,7113,None,CBAM
374.90839469174364,0.7816686060751633,318.608369140449,0.6306630523896418,7114,None,CBAM
110.1537808745995,0.3767588445585298,63.772395355919976,0.5930886996659116,7115,None,CBAM
177.95648741178016,0.6821630107453245,87.43280834061842,0.8073512278642435,7116,None,CBAM
191.73854343310092,0.9234689887010377,79.94306869292637,0.1334251086453176,7117,None,CBAM
45.488594481182865,0.2966374252125838,245.52502315439546,0.0215656864026738,7118,None,CBAM
113.46677186370688,0.45551215879122725,81.65430596966644,0.33523494279136773,7119,None,CBAM
22.033678670098826,0.6289413292711025,165.9632588390761,0.5771971339939262,7120,None,CBAM
87.27185086326233,0.8146936650781779,399.3810092323118,0.9147912553196955,7121,None,CBAM
128.37553087136308,0.31661820199787855,215.0060932998198,0.9488100355586646,7122,None,CBAM
161.18732615820338,0.012531131254809176,142.53888556993687,0.44996697500917276,7123,None,CBAM
284.7724203075183,0.05989335923067898,208.32999151229518,0.32391234789412826,7124,None,CBAM
290.5336522016317,0.34596429681854357,223.33497518998527,0.38605494187749984,7125,None,CBAM
126.44983430623775,0.07163118318438724,231.78376575925626,0.19171799559300745,7126,None,CBAM
300.6635511507776,0.2561050170707773,256.2897119299131,0.6939166804195039,7127,None,CBAM
98.41609385117376,0.39668083163847656,128.6373096241636,0.3329864947983858,7128,None,CBAM
287.7230546378177,0.31371201065137977,165.21249221219804,0.09048880799307907,7129,None,CBAM
184.07054497665297,0.5133448809222014,67.78306303749349,0.3964061933731987,7130,None,CBAM
379.0561134843666,0.08605645092664732,296.5054766983445,0.2032271671550853,7131,None,CBAM
187.27266344130348,0.18405166002884676,329.3413209704059,0.048164490370949685,7132,None,CBAM
245.00158864805252,0.058826176394744356,194.07381556120185,0.15328973636683021,7133,None,CBAM
365.238956352173,0.19625610061027218,23.840864881124347,0.9081938531450423,7134,None,CBAM
282.0436052898965,0.7815131677715951,268.7011855527295,0.15273292828425458,7135,None,CBAM
249.20141751586792,0.02825732016351168,312.8328720203323,0.656849933155361,7136,None,CBAM
353.21240694740976,0.7987637026513285,389.34101994587957,0.10796387076993633,7137,None,CBAM
99.69355512552879,0.7757244184335509,41.76863893211718,0.27525980969927694,7138,None,CBAM
60.736208305118,0.5021186668134479,8.49385091960527,0.6221708842668973,7139,None,CBAM
305.08362434404836,0.23609355967876294,305.51270071559134,0.14975372826500102,7140,None,CBAM
392.98862991752384,0.10646375454621138,35.21686032801355,0.6780916959032424,7141,None,CBAM
249.33245402134762,0.29355226258935324,7.212103393965938,0.5939659301765311,7142,None,CBAM
199.2067246929624,0.30130709026240377,339.3896896725029,0.518534620216673,7143,None,CBAM
295.47235881237816,0.37236228412946304,302.30870335012105,0.40217212123501916,7144,None,CBAM
234.0938160238925,0.45929512756720864,93.14245955304192,0.12336320598167944,7145,None,CBAM
223.77186664595743,0.18352901987354464,180.29547530814864,0.45689058652475184,7146,None,CBAM
23.12155397113523,0.3802440169235042,228.11943875655803,0.6530702631109991,7147,None,CBAM
307.91573641152286,0.405285965648095,29.698751514617676,0.4696370307886332,7148,None,CBAM
39.85683581514981,0.0032647427870219426,70.83155088173424,0.35635698482194533,7149,None,CBAM
5.224999931492042,0.38711453160360254,226.54255317167076,0.32760250542483554,7150,None,CBAM
167.78275358379844,0.14300934962876857,325.5920992195873,0.695323490880799,7151,None,CBAM
105.36151392244165,0.8737050174399317,395.75749341395885,0.1357720851048063,7152,None,CBAM
312.38519438332094,0.779723454261057,131.62102200560273,0.41236904066188285,7153,None,CBAM
73.68954856967859,0.42148692188289344,139.325482314835,0.3614614099738894,7154,None,CBAM
246.0040837789053,0.9198308546496781,318.56943792993195,0.31518314598613234,7155,None,CBAM
374.3502222965464,0.6758010391190303,208.11284822169935,0.17398260955296496,7156,None,CBAM
250.2203157507738,0.16580436139186774,332.9782889498163,0.8840703656114963,7157,None,CBAM
287.7011268341052,0.07229912199423022,259.5513272977656,0.265025701046129,7158,None,CBAM
341.95080465126324,0.5922550795589959,191.3565344861262,0.8621344073600595,7159,None,CBAM
348.0431463840143,0.3931865162671293,237.54783121741815,0.9764060396075495,7160,None,CBAM
306.57190545418655,0.5079457345576317,20.397198088758554,0.014097414029932588,7161,None,CBAM
341.4347045480164,0.8352242154940698,43.64159901490561,0.36086644488666864,7162,None,CBAM
86.69103100925682,0.5881504052876265,149.7495599484884,0.6748131241960958,7163,None,CBAM
251.3058381247132,0.9375061650732578,361.55810060969185,0.04756551415356731,7164,None,CBAM
106.4367760707969,0.13836798502562817,91.24369842102344,0.25216799839360493,7165,None,CBAM
154.5966471644079,0.9846745129784295,243.24808200737164,0.024439981995149445,7166,None,CBAM
63.47712608854245,0.8693565553422398,212.22278545579053,0.5459683076145924,7167,None,CBAM
306.7011837762214,0.797722055734872,74.64645538126513,0.9191966618396739,7168,None,CBAM
86.11561022547806,0.47967542961804677,281.3814202593746,0.8138939001717774,7169,None,CBAM
290.754258758857,0.05602932637487881,192.1322455956304,0.10927283582884538,7170,None,CBAM
175.07156240319216,0.7170243351896474,72.45606076749688,0.08288502964404737,7171,None,CBAM
38.05761075799116,0.7928931732423286,8.718894942073094,0.4522337800203125,7172,None,CBAM
94.4198231693882,0.34854924461536824,289.5623434102965,0.17547788383932508,7173,None,CBAM
374.5019577612341,0.39372548322386863,317.48378030205396,0.42384809272348617,7174,None,CBAM
82.50304145215088,0.19563079056177468,381.0146441204242,0.8993896199682064,7175,None,CBAM
215.47370154569253,0.22164431450680588,11.753470332640985,0.6099695894006755,7176,None,CBAM
247.21590981529005,0.18915319003084705,42.62098759633833,0.7391709503952776,7177,None,CBAM
183.71913734995056,0.8957723063566274,74.7785399147051,0.3085585724953283,7178,None,CBAM
12.524587547520106,0.826416225157835,93.29338331375047,0.6127840368662372,7179,None,CBAM
329.5040736406373,0.20045867795367914,73.52715698188162,0.8568168548900198,7180,None,CBAM
215.61165030900335,0.01180004784014532,12.7773809271614,0.31552791012137943,7181,None,CBAM
379.7500797440033,0.6796237999411893,87.91634286967965,0.8499977411044949,7182,None,CBAM
256.2605746093732,0.21351217976678216,109.7931202286625,0.4610846658504103,7183,None,CBAM
53.84393821556722,0.39738693775899864,157.28824713426746,0.23014793556193752,7184,None,CBAM
63.239717956128885,0.49782835219120253,373.80710098448463,0.41728832223281387,7185,None,CBAM
84.48436081588798,0.643791335595879,75.38090762399572,0.5442698254063717,7186,None,CBAM
282.5086789445884,0.8168120209719341,308.50659255059435,0.6588080147249078,7187,None,CBAM
35.96230117476945,0.7025427852177385,145.8984809868016,0.44821651808998686,7188,None,CBAM
66.23638849190463,0.8750476316369736,18.96206095717852,0.6112923756556057,7189,None,CBAM
298.1562652680544,0.6749305606153493,57.03833472902742,0.5497463900984256,7190,None,CBAM
347.9338346761863,0.9243643378367615,355.45720559157087,0.366222492039474,7191,None,CBAM
38.26928789117833,0.10943286430331581,67.64891821919188,0.5670886238394675,7192,None,CBAM
291.28817940730175,0.7204369429420371,325.22782127368697,0.49379507425129965,7193,None,CBAM
142.15485470725108,0.6474715804924706,285.0781559911151,0.5169775461287002,7194,None,CBAM
98.93860308650581,0.3002075720462628,108.74649955162678,0.8968598621568489,7195,None,CBAM
105.06225113342671,0.2294175030312219,366.7970973417103,0.4152503722768576,7196,None,CBAM
52.39816464951792,0.5247932962060957,171.09891311305938,0.4961645431181239,7197,None,CBAM
376.6271119060474,0.8452424013196888,310.11504309306025,0.7104033907887075,7198,None,CBAM
278.3655888742571,0.5449711747548317,381.9766309880217,0.5890424511911038,7199,None,CBAM
377.9497806783103,0.25314844126607067,85.27197010794076,0.09059568252772343,7200,None,CBAM
209.80549465087748,0.36521327432345696,142.21234342577807,0.5410481537660434,7201,None,CBAM
314.77134478115323,0.6816525312569599,211.605193040943,0.2976223318372872,7202,None,CBAM
91.84353030171675,0.5409243875007503,252.25039605873093,0.6904839516838492,7203,None,CBAM
294.5569015728709,0.3859236056023193,136.3347046630303,0.25414386335127775,7204,None,CBAM
38.361388029472,0.07073176038574144,231.0677174718486,0.5627858475789211,7205,None,CBAM
187.13590965877228,0.9517484282730677,186.03448481674417,0.79311744051089,7206,None,CBAM
315.72214468713275,0.355878035147872,8.402400842357629,0.6868482498783578,7207,None,CBAM
3.100803962219284,0.8582212585623545,290.8814768644043,0.7460863441085368,7208,None,CBAM
192.39627530744778,0.4436008146449647,280.1273344733757,0.8813752515067218,7209,None,CBAM
392.2818318857218,0.27779736754469697,171.96922775778387,0.3889553970306159,7210,None,CBAM
205.59686670994157,0.5732884192055361,265.8564109271963,0.8578381919080017,7211,None,CBAM
365.3322073720146,0.45759994352256333,65.7388409271506,0.9648315041313785,7212,None,CBAM
357.86557243320675,0.19204069767938473,124.36559794663968,0.5281306910776257,7213,None,CBAM
318.2229600045743,0.08303525844862714,31.699096902968133,0.278369600698369,7214,None,CBAM
198.41533455410587,0.8080265410887287,258.0759727284325,0.03337038312085664,7215,None,CBAM
323.33618353268236,0.09619310983659057,170.9152149924388,0.33234818923081416,7216,None,CBAM
272.7179440950535,0.16745393282374707,166.9314179596557,0.8553163021873393,7217,None,CBAM
380.34959759520626,0.24773091662314567,317.22015965532944,0.74354786178189,7218,None,CBAM
17.668133420121034,0.11359292550276741,137.39322155627244,0.4800955042136821,7219,None,CBAM
302.3486327629533,0.20849852860544227,384.83560234056927,0.6163551464879137,7220,None,CBAM
161.66973122612666,0.07111617354188789,207.58582676773275,0.5360511541031813,7221,None,CBAM
17.320434367656443,0.8119992863141897,166.72170821849969,0.7985685340462878,7222,None,CBAM
12.413386827926436,0.057025680959154564,55.9809183225404,0.21715718033405648,7223,None,CBAM
222.42261699310598,0.2555129335781993,104.75955044910424,0.7037127540173649,7224,None,CBAM
279.3348828747773,0.18698094351279604,234.61089916335837,0.6826049086486579,7225,None,CBAM
168.56573334380917,0.4615820266017918,108.06465275655822,0.6155213661561644,7226,None,CBAM
28.183463828613885,0.44160940194539466,232.77625178594624,0.8998779999467094,7227,None,CBAM
1.4011154316645895,0.6882417557342931,9.598868778261886,0.06296318221056763,7228,None,CBAM
374.6817607679205,0.1785913604907268,74.25596829210001,0.5578266581712574,7229,None,CBAM
90.16997365142048,0.6433611676000037,242.97270253040514,0.3603035914695718,7230,None,CBAM
36.54217115370346,0.6477582631873088,218.92613134032115,0.7679595467490552,7231,None,CBAM
39.82946962147093,0.22275347778052815,256.5705994085256,0.7402128978572029,7232,None,CBAM
85.00941188854522,0.021403161718141352,204.5493940248301,0.311806318682307,7233,None,CBAM
259.2864511817679,0.9651645082098913,24.01592452205474,0.7300837208489036,7234,None,CBAM
4.023927852371919,0.30364343095451285,243.51259116744092,0.4866318296142073,7235,None,CBAM
368.18411775345675,0.011740547215259196,293.68166245260693,0.44848863986428245,7236,None,CBAM
285.9974402356393,0.9722462163973151,135.32224317946714,0.733976670433073,7237,None,CBAM
388.3248016080467,0.8234480440617576,273.2128240586661,0.2357530610346732,7238,None,CBAM
390.77839941740507,0.9114547906963328,46.95615480225849,0.7248801710513842,7239,None,CBAM
308.6845886556512,0.8701238745706925,201.46093879693368,0.9498385404626678,7240,None,CBAM
111.59098482718022,0.946760367859634,356.55653978648456,0.03770262676782892,7241,None,CBAM
275.9137943473493,0.42019863798919505,269.38366238939665,0.17958760369019994,7242,None,CBAM
29.30635341048975,0.2259659972348837,328.495520876369,0.5122730580213564,7243,None,CBAM
337.24093184061746,0.4067139755748444,229.70961556354607,0.17373878296220652,7244,None,CBAM
134.22210893495748,0.591851826379258,346.479268069952,0.10827240376257062,7245,None,CBAM
308.4768124684145,0.6610140426730045,315.9449300038216,0.14967029694889236,7246,None,CBAM
246.14191305870574,0.5398093549845695,361.9342217508929,0.9899078876003087,7247,None,CBAM
67.61901267521688,0.4855655088288364,66.77899629958972,0.19619705930999792,7248,None,CBAM
348.6597148345735,0.09221774412349863,225.06804517126193,0.3839678020443374,7249,None,CBAM
208.22215449940217,0.8785497830930663,266.4094540173226,0.20585243143057755,7250,None,CBAM
226.405284059014,0.7308579657384261,141.3398676845431,0.3290313666468704,7251,None,CBAM
60.71586811353714,0.5368854040309007,119.63587821265507,0.45028231929427387,7252,None,CBAM
28.387218625056356,0.42645803088798445,384.02340412040917,0.31629286528987616,7253,None,CBAM
70.23042976671742,0.47581192586173754,252.41661229538823,0.10245974747225245,7254,None,CBAM
277.1048440056249,0.08325669959391353,198.71329370355554,0.790747011946548,7255,None,CBAM
118.70645733974156,0.28215262538496466,271.23940171433605,0.205131740102411,7256,None,CBAM
333.78072281619035,0.7260456595794638,153.5304716638226,0.8623466271972221,7257,None,CBAM
345.3432835928058,0.7784852105639334,391.54145077613475,0.6109238388205144,7258,None,CBAM
112.44575724731874,0.10195232065390929,340.34379722440906,0.11539264807564924,7259,None,CBAM
25.701463428394465,0.11466915176298347,143.86216734613026,0.6853594155951367,7260,None,CBAM
33.88843583409365,0.8091343030609575,80.88681681870067,0.647587197478738,7261,None,CBAM
6.1227620862006376,0.39102245624534143,313.22021590206384,0.32223403554869623,7262,None,CBAM
322.3676526815348,0.622949062670616,393.4504836854835,0.42923185617645987,7263,None,CBAM
66.11149923076673,0.7529050643623755,54.05974508661971,0.48715677558763354,7264,None,CBAM
152.8042092056992,0.7353345214603122,366.6240489528957,0.20212006897577603,7265,None,CBAM
41.96352925985729,0.39095679537099476,171.41093165740685,0.8514388692811565,7266,None,CBAM
313.18006792123623,0.21475876399286645,314.8658034788527,0.6559888669250304,7267,None,CBAM
309.28458683383144,0.226992854090596,208.00721386546348,0.4490460702644169,7268,None,CBAM
260.5538809438687,0.9018397282913071,327.7638869612099,0.6188442734744537,7269,None,CBAM
14.888773943203473,0.2187513666844817,378.2007561137246,0.5405084154759329,7270,None,CBAM
319.7821702459434,0.020425242478012882,183.02958055741277,0.8521878746615379,7271,None,CBAM
327.53686536178697,0.30307444276261436,119.13725822751569,0.8427750197713615,7272,None,CBAM
358.2289099900317,0.01799276875058925,235.5249775707601,0.9883289402960529,7273,None,CBAM
290.2437357983486,0.3247184716072597,195.47472919038364,0.5330820493122639,7274,None,CBAM
254.69122023107468,0.20692981306638364,27.682762827936042,0.8773864519609851,7275,None,CBAM
375.91008413103003,0.839297939164375,265.9419908953946,0.9730542029491935,7276,None,CBAM
116.2486916431851,0.5534963781012443,182.2455855420262,0.3811242459707509,7277,None,CBAM
315.44487878235805,0.4220257865526341,315.36676936461004,0.8097296712407696,7278,None,CBAM
252.399842159225,0.06835475618138966,358.767054438601,0.6677161019759321,7279,None,CBAM
75.98433724294294,0.6041684859701805,51.568136170338796,0.46794187893850847,7280,None,CBAM
263.961196441573,0.37733516122755084,246.25363793410665,0.12938093987212065,7281,None,CBAM
186.28700954335545,0.524950562578467,99.57563611263986,0.026615726203635896,7282,None,CBAM
399.689049320595,0.10438010313292394,7.363179090359591,0.2501620761914191,7283,None,CBAM
242.7712018743955,0.04500579861956923,158.83644001855316,0.09251518575916967,7284,None,CBAM
386.8097987809905,0.36219679791981585,350.3257047246012,0.8456794649919323,7285,None,CBAM
119.49003020286719,0.869295414932185,90.44069809503725,0.22937976788458422,7286,None,CBAM
84.06807908178402,0.8859724220820951,282.9755573639761,0.9681434931288818,7287,None,CBAM
61.415706282083285,0.16020111214193505,149.46811231844586,0.04709337462415534,7288,None,CBAM
245.32916260720046,0.6128229337469738,40.40421091305367,0.9083717532330537,7289,None,CBAM
226.45094893531424,0.04203374362656273,310.2657642428158,0.46350750390587503,7290,None,CBAM
227.9304408938665,0.9560376093316167,192.6929453792433,0.6179416650886085,7291,None,CBAM
362.0273854703016,0.5155525423898443,261.21661357794756,0.5420503919692926,7292,None,CBAM
45.556556398065446,0.37265849069857954,82.46413470468158,0.9618802200805449,7293,None,CBAM
236.44632372404195,0.06816341059922038,164.38897385306558,0.17067493980310314,7294,None,CBAM
85.92466566875872,0.9571090901700632,40.99950197662073,0.16748855122334397,7295,None,CBAM
186.53412747565676,0.5504166557152586,393.55703374792193,0.8151119134462649,7296,None,CBAM
253.44913284875713,0.7879988233832075,17.04633832417353,0.9163141562726675,7297,None,CBAM
199.0726271274333,0.45375295614976047,60.34595504509035,0.1329662655783049,7298,None,CBAM
7.058163142719924,0.8555664415119885,364.1667163544118,0.2658999436477865,7299,None,CBAM
38.03548201863796,0.1323165156348346,321.9285638580221,0.3442548182350293,7300,None,CBAM
362.9962156646444,0.17684176898516846,108.28484094425572,0.5325664168052029,7301,None,CBAM
288.29526563596676,0.08623771652925788,268.8567842601192,0.7347886179046135,7302,None,CBAM
129.97028114102392,0.14832402334748715,146.612827473163,0.5722300054158208,7303,None,CBAM
288.44549165140046,0.9504629251135588,362.31017144369696,0.4096028785575821,7304,None,CBAM
157.6704707247715,0.3768825919729878,182.61327552392444,0.4968510746850516,7305,None,CBAM
19.73151965779095,0.6119629272307228,257.2276484748103,0.04992538098528761,7306,None,CBAM
31.192523716463327,0.8904181550481638,290.10800078723014,0.7636626335585884,7307,None,CBAM
322.0724087885454,0.6331563455965346,42.294533293005756,0.11811999623842155,7308,None,CBAM
205.33917731120442,0.8650374788236463,106.4789934729434,0.3842014714258426,7309,None,CBAM
319.127030580848,0.3783940848623661,396.2042525790488,0.5624790494061144,7310,None,CBAM
8.611332269932813,0.4370110897075214,267.0222442420762,0.8963346024266063,7311,None,CBAM
97.50463979048986,0.3033332724250272,185.66301079801866,0.28368821388188353,7312,None,CBAM
72.41427832207079,0.8039618551740197,135.54245643739017,0.6619821447839181,7313,None,CBAM
71.02005764473765,0.9199068043531156,237.68145537943246,0.4857611259571318,7314,None,CBAM
399.46883968491625,0.08981856984481411,304.2780391116862,0.5238854129507456,7315,None,CBAM
335.4359303616234,0.35476166564919287,293.75713998188695,0.7201705747712827,7316,None,CBAM
42.58196301716012,0.39600360061130413,23.418461936498574,0.18280236876719494,7317,None,CBAM
250.4813221154838,0.9395572486823541,300.5117128977189,0.34350815484400343,7318,None,CBAM
134.49152100185742,0.6068141123126144,162.09080906614304,0.8892622757716918,7319,None,CBAM
194.13483891303576,0.6202497427273718,24.047653351874217,0.8850247000752584,7320,None,CBAM
146.22322170600864,0.5780912879242903,8.520065464716316,0.9658716468351369,7321,None,CBAM
274.1708262105682,0.5605466636873012,79.05935283893294,0.692194852465116,7322,None,CBAM
278.8081948560518,0.8058773212799566,376.9200927332216,0.43147301490966206,7323,None,CBAM
132.32531547770049,0.380662691327467,211.7551690528597,0.7688398772238871,7324,None,CBAM
398.05793076192964,0.5484004032030009,32.77470135174201,0.9020896644860154,7325,None,CBAM
316.0706836236915,0.17525935615735017,396.4416463716323,0.6228749107918273,7326,None,CBAM
353.88225801281175,0.6310750398302486,399.95224754288716,0.04593326065451278,7327,None,CBAM
380.73222752650133,0.09416135253358004,146.05277620273782,0.2602910059778111,7328,None,CBAM
372.53389981721017,0.03262548938341019,52.75528090828057,0.9889935304636386,7329,None,CBAM
21.70799156441451,0.5025453496250354,236.0733073109953,0.0068711950082682854,7330,None,CBAM
202.04167194981687,0.33358193801896646,112.65748786123679,0.7213769940594641,7331,None,CBAM
254.07686986090664,0.504774485097777,142.05621669240253,0.3583298858554819,7332,None,CBAM
264.9331455486392,0.5992391914740582,322.46265754432505,0.15343585124315368,7333,None,CBAM
5.885621336502188,0.7825174963188679,171.3365796237381,0.5344544834086313,7334,None,CBAM
215.17533073982463,0.2799534863591376,55.21503390878858,0.7455787587442096,7335,None,CBAM
140.44097621969698,0.9219150425291017,148.6411608980953,0.45864133438126037,7336,None,CBAM
371.38131707027225,0.41571213183453354,274.2086273125557,0.616847863212112,7337,None,CBAM
321.0350103159854,0.3028729235944301,34.42967519296999,0.5815796140013679,7338,None,CBAM
225.03965670653508,0.5396840950779228,60.52367602640222,0.8608417691995797,7339,None,CBAM
129.71304249591734,0.2773668911572037,6.322476711388514,0.6828787034588039,7340,None,CBAM
91.39532925517695,0.37299963175637296,135.22607252072387,0.46667758267081916,7341,None,CBAM
222.31334149996204,0.8877664860342601,134.65188228639124,0.033226038928402354,7342,None,CBAM
398.5458840915264,0.9823460552055069,95.89499405525598,0.6369572998081492,7343,None,CBAM
66.13991347274946,0.23216558935771422,323.67441563365577,0.08407108225928138,7344,None,CBAM
234.00285810841143,0.9341265783456555,236.6206441822948,0.027407411567534467,7345,None,CBAM
230.70117543750462,0.5001065527092287,334.1194438245714,0.7313888020761752,7346,None,CBAM
149.8848587827218,0.36084869079929144,63.450938876713714,0.5331630536810985,7347,None,CBAM
364.88418325975573,0.5017268764188703,258.5571298302478,0.0032671627337041193,7348,None,CBAM
376.47134178752003,0.6263409242847073,192.1675281797861,0.4515506201503861,7349,None,CBAM
44.49786761008868,0.5360333400578003,176.0617989485623,0.8923804114851184,7350,None,CBAM
190.2728037676418,0.1326777357444799,36.14908010845298,0.5101341637521383,7351,None,CBAM
359.85789032788506,0.5181896179483821,200.10299422469967,0.6249834090917705,7352,None,CBAM
143.4125353738747,0.0016251626370735882,150.32840346289373,0.8061166510954991,7353,None,CBAM
79.97527621304039,0.2828757724566643,269.799529248354,0.2035021411708565,7354,None,CBAM
286.97664596648303,0.45657904336994315,387.7201079584462,0.3147360028544069,7355,None,CBAM
41.67631266605168,0.5225467542723022,243.29749796881677,0.0919126207050382,7356,None,CBAM
331.2531628705442,0.07892584701403674,47.051507647791695,0.9750788122532664,7357,None,CBAM
158.76278827270116,0.6014873013298832,264.7211235809315,0.9926257510712395,7358,None,CBAM
44.109669260451454,0.4886946722000232,100.65235787005884,0.12985371573832558,7359,None,CBAM
213.4816717531829,0.7878005930027774,82.13443455639468,0.44157735839847967,7360,None,CBAM
131.14429378184445,0.24204003394803936,5.573447950892474,0.4321738682052651,7361,None,CBAM
315.84827478101585,0.06368187746149681,110.66548199416908,0.30017557252031246,7362,None,CBAM
104.06137261705311,0.5154310454535997,348.04703603033727,0.8351425742472283,7363,None,CBAM
354.9866215563352,0.3138519899557379,63.43802007008675,0.598716592864251,7364,None,CBAM
193.02620225998467,0.13100839664469308,341.67133821662975,0.1825498253674623,7365,None,CBAM
363.28607366667694,0.3044791510161921,139.95465814578685,0.12287177488354552,7366,None,CBAM
182.8451782277246,0.7495530428210402,136.6405674348675,0.24452673375868958,7367,None,CBAM
158.9350874879412,0.229648662228986,173.81018402690867,0.7745278966040757,7368,None,CBAM
5.3418704453629555,0.017889300090344555,170.6992033747976,0.3565127670899854,7369,None,CBAM
15.123057668570027,0.6779652491438625,76.94971518155701,0.508284664432967,7370,None,CBAM
362.48170355766126,0.26159465241308616,271.4872465087616,0.9613504989571768,7371,None,CBAM
177.05619876841251,0.3052136582303742,322.1695635645771,0.6451157142434224,7372,None,CBAM
206.7301750572216,0.7421325785737848,205.23943348503306,0.7752366879724885,7373,None,CBAM
371.6951538720776,0.9962336902979789,379.16318139444957,0.05282326315412074,7374,None,CBAM
56.56380194797315,0.49266575701718524,377.33949385177425,0.09665420594685867,7375,None,CBAM
324.64980110051044,0.27756162117375477,113.36186979398586,0.8433575855852687,7376,None,CBAM
227.1018472579678,0.014593744389874218,361.3161034043215,0.10038314854941909,7377,None,CBAM
257.6704429499977,0.10071924027338168,349.79332882641717,0.6489589482619722,7378,None,CBAM
318.6766354379331,0.9231399762601319,232.52014905149255,0.4736076478110231,7379,None,CBAM
351.93161169619236,0.3923130331992265,217.47726279978278,0.42715308062285656,7380,None,CBAM
309.69734113915973,0.8053852331555352,315.0310560541786,0.3450471361369318,7381,None,CBAM
81.46432599709772,0.6314441269600398,100.81977854126912,0.6769179333803603,7382,None,CBAM
298.5006658723298,0.6193122684419009,263.8787240033272,0.30798711344860685,7383,None,CBAM
156.25006998820584,0.8566221561417391,218.7622752461745,0.7606053129881695,7384,None,CBAM
330.50668797318895,0.6427981600541719,163.67290645060933,0.19508806199738304,7385,None,CBAM
357.20717850430066,0.7146978232513893,337.62639396193583,0.19933012320647486,7386,None,CBAM
279.0765191917837,0.038125268754801545,188.87377265394346,0.50652803807142,7387,None,CBAM
175.60636164086702,0.03580212351179,114.98705049440059,0.8633860540833931,7388,None,CBAM
51.08270738798778,0.9014729964782243,339.1092362701472,0.15940316804353916,7389,None,CBAM
367.91320906616534,0.4295562821627938,331.27770167826145,0.11525394897218592,7390,None,CBAM
163.75934384489946,0.8609295762971513,338.7780630365787,0.06095357799528267,7391,None,CBAM
94.12228706572895,0.09906474364341715,126.44209594161289,0.4281557639660092,7392,None,CBAM
18.896171188884438,0.7880502536415129,259.08087273838674,0.7451322367135305,7393,None,CBAM
371.00728841125067,0.5174776952807518,60.39741730099946,0.3338940874064053,7394,None,CBAM
226.61512426888984,0.9807440715591713,71.19335891236578,0.33769297715908103,7395,None,CBAM
203.5131105799731,0.8527061421234037,316.3359661369798,0.4908813377710324,7396,None,CBAM
216.85953730332707,0.12466826504911938,17.419929162332583,0.7138204027132659,7397,None,CBAM
311.1718605675902,0.21639640281676262,21.83715705183859,0.9255249818394083,7398,None,CBAM
27.56010245520335,0.3824641978488892,211.02695631969164,0.3863576428318077,7399,None,CBAM
164.0784022821721,0.281222196267898,30.972243868874305,0.4232056438480515,7400,None,CBAM
253.78643531921097,0.7001033252023985,64.06166860966955,0.8142217400381287,7401,None,CBAM
311.1245841976353,0.4132543597331473,210.72448533143765,0.5625218341236393,7402,None,CBAM
145.35680252008532,0.5887179806349394,113.2598022381157,0.4048148344238924,7403,None,CBAM
196.02244887801652,0.05017910999599159,283.635652618708,0.832042850360983,7404,None,CBAM
224.76500872900357,0.132580298211562,180.34318459052366,0.5676034859336115,7405,None,CBAM
305.8170503289538,0.20808073731681045,382.4588129512038,0.9243493161683246,7406,None,CBAM
203.76740989369173,0.4435610815620271,122.16517355636827,0.2510565509999224,7407,None,CBAM
179.7782761358702,0.5430227029915516,87.07239879648554,0.7013197373422768,7408,None,CBAM
346.36355605635737,0.713619296429976,373.5498269110011,0.9495110903842249,7409,None,CBAM
316.2333845676248,0.7976093915564424,345.0845918902119,0.9251410607964704,7410,None,CBAM
170.57639187604747,0.9350361210941227,370.60135253115715,0.7161315416600349,7411,None,CBAM
59.719089968590836,0.18037996255390695,290.4093796217177,0.8844411983971747,7412,None,CBAM
218.2031799025578,0.931619296419261,175.97591362618664,0.3616105507361433,7413,None,CBAM
61.12014993125003,0.48271116253753127,154.02197744580937,0.19901730245747398,7414,None,CBAM
31.217618493417003,0.2638726542932361,149.5997939825119,0.8316810083895734,7415,None,CBAM
15.311843083381094,0.8131387191988726,319.1517522861946,0.9698204115388309,7416,None,CBAM
345.0486218643349,0.22424324572129595,128.40902764217526,0.8173934882574131,7417,None,CBAM
1.9882894697233713,0.14634944011662437,0.22506199517964928,0.9976387060174716,7418,None,CBAM
357.4931069733616,0.43772579968703235,32.94599727319848,0.10328972817615575,7419,None,CBAM
190.99910465595337,0.06666745360388249,92.21967777798034,0.1946269337458008,7420,None,CBAM
143.99436467514724,0.19061710469486481,301.11258100851984,0.5839130145528981,7421,None,CBAM
170.78226635431116,0.42375208612645404,353.57565007864224,0.19044394077886595,7422,None,CBAM
23.507751392469793,0.9790432079051796,96.25610571619481,0.697749111729125,7423,None,CBAM
37.27750261665987,0.09600385233682074,281.2723261465704,0.8177518463323921,7424,None,CBAM
386.08153433522034,0.5602732945506227,387.8164051044669,0.05376099719530116,7425,None,CBAM
229.90422065311807,0.5440912088078121,175.8596418662746,0.2582345649272745,7426,None,CBAM
181.84899674799448,0.3283919512189827,0.47163038688120457,0.5527547168415546,7427,None,CBAM
10.33566661059558,0.39950665044695444,368.19342947319205,0.05334242652251035,7428,None,CBAM
160.02155477580254,0.09857631178022067,277.9982848679504,0.9779046850801681,7429,None,CBAM
155.99788455826925,0.5422590131830838,347.06488133182967,0.1529225807763558,7430,None,CBAM
146.9599063226128,0.6877262634738519,319.4164392368124,0.04356044230969843,7431,None,CBAM
36.46542909517589,0.19233446245989078,55.91890642106755,0.002214134363516386,7432,None,CBAM
391.8235859172107,0.03426460818415777,282.00787423676286,0.6008994537214192,7433,None,CBAM
287.1266368891396,0.19286393866538767,246.50291513619575,0.7805637053953999,7434,None,CBAM
126.83465805665226,0.2256071785535917,81.7552233168316,0.3763046592651206,7435,None,CBAM
243.1539071672178,0.15399682806579967,241.59966295798733,0.6718680221590689,7436,None,CBAM
181.76527767933507,0.35689252657450315,373.92620472564334,0.8397204275987792,7437,None,CBAM
261.2439174326816,0.1201277243491559,118.332235980004,0.9398159937931745,7438,None,CBAM
391.9906003144552,0.3513848104289883,20.573073884768387,0.723385940509686,7439,None,CBAM
303.8296026624182,0.44424044068601737,51.00105470508637,0.5596808795375416,7440,None,CBAM
96.48041124642923,0.975636268449195,354.01041571288243,0.6379565332001671,7441,None,CBAM
77.7408175158923,0.5361234145123216,174.67977994504542,0.7176064419599284,7442,None,CBAM
181.02900916092105,0.16655971424368707,48.00097018338519,0.9206964919643674,7443,None,CBAM
29.983683568208015,0.3914184385650016,393.10503979482695,0.7868601240194533,7444,None,CBAM
310.85207210258915,0.7499038325597605,97.76817383382587,0.29229004751001475,7445,None,CBAM
299.19327752768226,0.8323124192683862,395.9743100220289,0.2349904996722531,7446,None,CBAM
218.37942660239662,0.29245182874192177,69.20322793323206,0.2305456844355729,7447,None,CBAM
246.70152656989032,0.8866080591275118,14.40252698721929,0.7099738579610188,7448,None,CBAM
126.52742261440599,0.03009236878153554,300.65046865893214,0.9775084387112122,7449,None,CBAM
115.10127779720827,0.030225327501399862,233.39127665621763,0.4730269926260792,7450,None,CBAM
17.04092070144357,0.9201081301234525,352.9788865801459,0.4514280366195324,7451,None,CBAM
176.60138279415506,0.24518611727833156,178.86750034870477,0.23401866850580294,7452,None,CBAM
362.602671204918,0.12363520085384014,131.29688008113152,0.6558085341498107,7453,None,CBAM
140.14175415573987,0.4562681860713351,88.22658108395068,0.13527791918121665,7454,None,CBAM
182.17664189801332,0.3702764525017897,181.53818205637705,0.8899838106644687,7455,None,CBAM
243.78903456773853,0.03844826322823053,297.6849795125524,0.9256788428674327,7456,None,CBAM
72.92092966400807,0.08728226949574107,164.69582590366701,0.6243252942149817,7457,None,CBAM
19.48370064128951,0.8526549065930213,19.20452812967846,0.2745315179493213,7458,None,CBAM
211.96314023421698,0.24450633802636837,95.74696424974206,0.01633633618681215,7459,None,CBAM
228.54979448250407,0.2730569051187656,207.6957990929341,0.4424148212133508,7460,None,CBAM
183.97156312018984,0.21078644479752962,50.66381194314996,0.14431459981334915,7461,None,CBAM
44.254293818403625,0.43343171700756866,253.1864050703096,0.3441846333539997,7462,None,CBAM
92.69527252696024,0.8970167961750372,149.78509025271603,0.9462947397730532,7463,None,CBAM
155.8157950212591,0.7777098262415413,142.85437431510064,0.20724403737018973,7464,None,CBAM
80.14787935530678,0.38049855006932426,97.81542563934045,0.4065393056485362,7465,None,CBAM
31.889527699641953,0.7207768725518184,21.616520591089827,0.10361856442444704,7466,None,CBAM
238.54225590456517,0.9935721921099886,365.09403151268526,0.36135783679573097,7467,None,CBAM
196.18252898880743,0.2811121952338106,228.1635179134784,0.9248321714224975,7468,None,CBAM
37.63973310020037,0.25038134752631963,300.15217968083164,0.033018536750236485,7469,None,CBAM
213.09643808383143,0.22126131731042914,24.974381848670678,0.33986269574912886,7470,None,CBAM
344.7787305829343,0.8389135568087525,64.52982380983316,0.007616208592006857,7471,None,CBAM
237.81693502111625,0.08206031878845343,317.0935129083544,0.8639907723897666,7472,None,CBAM
397.0175617558654,0.6957465626222975,108.09283330099208,0.29042494696686605,7473,None,CBAM
253.38319725518926,0.2592432570421017,34.00390488965884,0.8483870181636505,7474,None,CBAM
22.213252931618346,0.056598408071239795,252.18665248435417,0.6741917718409818,7475,None,CBAM
262.2126931403166,0.23070448500102755,89.44718511126439,0.1601498118155012,7476,None,CBAM
156.62450585937023,0.3262154029350995,79.1550563503868,0.29268283023607344,7477,None,CBAM
248.37197777638934,0.1344639084333335,64.384994950139,0.8452662439961192,7478,None,CBAM
287.1645216745087,0.5869868503076338,67.80867244990768,0.4962098465652833,7479,None,CBAM
333.7257891847552,0.5801485842571401,129.15556547951502,0.8273225610985163,7480,None,CBAM
58.848811919857134,0.34571073842494776,101.4103292760726,0.22159816789863068,7481,None,CBAM
89.42978792652823,0.3863138882451832,250.98340697409367,0.6575230957847634,7482,None,CBAM
390.5607542755752,0.4857613944907308,27.566617425567024,0.4346316890050136,7483,None,CBAM
368.8840262306573,0.6522509917594727,303.56377929824913,0.59791557299539,7484,None,CBAM
152.72216498111112,0.7451477139712965,48.36257713942054,0.5209562911843462,7485,None,CBAM
1.7485356019772222,0.9323541990168889,311.7057734107112,0.6240280743910077,7486,None,CBAM
316.87124261680395,0.7096069647054962,345.9514703478513,0.6180492545638219,7487,None,CBAM
369.85466801787857,0.8949127625847708,339.8192954282256,0.10812717411159055,7488,None,CBAM
220.65389433733014,0.9726777460234053,119.84679816285448,0.0030249811733630157,7489,None,CBAM
214.37345659005084,0.6728143112368035,172.36242583586855,0.585671858654897,7490,None,CBAM
388.72253070046287,0.6039251983820029,192.76948456276725,0.9638104143930157,7491,None,CBAM
242.1750306797925,0.849183109611421,236.25720536889042,0.869611941551057,7492,None,CBAM
251.92754950994592,0.7240482064444591,51.90238341058193,0.8001380947710233,7493,None,CBAM
150.6872901096323,0.22986058207369622,206.7108694487024,0.19306270985457857,7494,None,CBAM
333.0308154005249,0.5267125752563133,280.6955247911648,0.5118423902828981,7495,None,CBAM
315.0910187083798,0.9207042419449787,168.28789521974667,0.45046977823830897,7496,None,CBAM
329.16453923454765,0.009582112466605609,299.49301029268383,0.8337236247476689,7497,None,CBAM
83.47334093566643,0.12952071798323123,39.126423875267996,0.34399493706339557,7498,None,CBAM
152.01470903604869,0.9136499025569416,326.2881779118734,0.7395103228058468,7499,None,CBAM
230.4032155074422,0.7655508896031396,80.67128340066301,0.1903393700477105,7500,None,CBAM
237.98496774884293,0.6736104265575017,195.8784102845034,0.12086466950351324,7501,None,CBAM
389.29594766913135,0.2853275964888727,224.37750713096412,0.02891924643942642,7502,None,CBAM
176.47137840751316,0.38315241305354353,221.63478378597898,0.5084980446346731,7503,None,CBAM
9.954705349549377,0.3622327831721566,365.12140827033204,0.817524112607324,7504,None,CBAM
196.63599928228342,0.7040804934827025,72.08224943522535,0.6068375064135163,7505,None,CBAM
61.7570729597027,0.8729733588408934,378.2729962675423,0.3325482628605555,7506,None,CBAM
212.4950653597181,0.6181756678615803,179.59354957821802,0.7317857431784396,7507,None,CBAM
118.52579850458082,0.6488805420941264,208.37722978399086,0.15089601049197346,7508,None,CBAM
347.32640550304126,0.6319472753141331,139.02132139544798,0.9183969791185841,7509,None,CBAM
385.7177039325398,0.6046413748975921,315.2553459012549,0.6869364482499253,7510,None,CBAM
272.5179815371777,0.8581942596161504,133.3225644336088,0.029362329982258666,7511,None,CBAM
112.64172406408723,0.33755579885302606,204.65199945644684,0.8789375743450167,7512,None,CBAM
187.89267392241166,0.8219357726059895,111.27054073314335,0.24493685431913562,7513,None,CBAM
21.924640342170314,0.3532172302277826,224.47524078302985,0.6950321804053312,7514,None,CBAM
54.73083079653577,0.32800782588983834,245.35995947321317,0.4543121515604399,7515,None,CBAM
289.43686385774083,0.03952838629608628,184.51222036654192,0.6846656445642759,7516,None,CBAM
133.80258017941202,0.1563697326232629,384.8977807789198,0.965252354689361,7517,None,CBAM
103.4903398625606,0.1776922658686681,225.15333868315886,0.21321813677165635,7518,None,CBAM
145.85433680914235,0.8060412937890113,64.23753046343921,0.5789704421131845,7519,None,CBAM
215.9149081560555,0.047062489354418126,274.5266327593821,0.2722705060544694,7520,None,CBAM
143.90254181524554,0.026173222666853287,71.09875093814752,0.006973707073324665,7521,None,CBAM
177.4999361191297,0.09840557090823686,127.00963893851693,0.1821633256269859,7522,None,CBAM
244.08183992464595,0.4705452189212397,230.19296207002333,0.054950557244766954,7523,None,CBAM
18.20101226440927,0.6852098064820588,262.84682466232215,0.17972980664261767,7524,None,CBAM
94.57477636204624,0.6285626280810577,183.70635579890376,0.8274092653789669,7525,None,CBAM
274.59999836154367,0.3932119664424941,137.217328584161,0.2674002996452213,7526,None,CBAM
355.3255948089823,0.5519592828595489,298.6031443058147,0.20400567351085852,7527,None,CBAM
375.54353819545025,0.19998016794450985,60.10304780566306,0.2886108092917938,7528,None,CBAM
78.07597246976347,0.19002892314115857,398.1304667770183,0.2056789304865662,7529,None,CBAM
393.076108240601,0.6563237049068643,228.8714517725645,0.3503472015577457,7530,None,CBAM
173.235476854638,0.22857698691953443,202.34448877477072,0.8634785678751676,7531,None,CBAM
242.07219283771826,0.1746992520361636,252.3457439682013,0.8379309357164791,7532,None,CBAM
113.31025576012475,0.3170864520146959,82.76673582928333,0.4836580354065053,7533,None,CBAM
74.6198927739475,0.0013958214682983448,35.69565387038167,0.4910573995241407,7534,None,CBAM
3.8362697339956364,0.36233773493941646,193.86262720988807,0.6878226182182327,7535,None,CBAM
68.22056428967784,0.4303889122175331,38.20820164240509,0.719603504822828,7536,None,CBAM
128.48880108577728,0.7829239119239749,352.5097003366001,0.5604377595708975,7537,None,CBAM
79.87759597170069,0.16190388717601367,356.9944570874791,0.36446961440557696,7538,None,CBAM
116.58693428579944,0.3835078981515685,95.83931104809152,0.70102711856473,7539,None,CBAM
286.1194451023887,0.27042018834023684,8.144103603000236,0.3595998543986332,7540,None,CBAM
152.71325734069146,0.761716966259988,298.97045342769763,0.36111312385313366,7541,None,CBAM
201.4288701456136,0.2145384277685535,222.61912769095144,0.8361460786793637,7542,None,CBAM
64.21337981519046,0.2648577504822092,0.03921215994332494,0.7512745078653088,7543,None,CBAM
106.95637252497517,0.6584501239242272,260.805736495889,0.9304623962754843,7544,None,CBAM
204.43173868332968,0.08137734454933901,345.29905673893745,0.34625029825399206,7545,None,CBAM
124.68508352680058,0.6274061173153398,395.4028306524304,0.34044502263497883,7546,None,CBAM
267.60727876612265,0.005046576833177862,133.93560980239522,0.17210968083177797,7547,None,CBAM
118.07478256836504,0.6114925953117748,130.25390828228882,0.36524773658746396,7548,None,CBAM
392.7551828420797,0.12285423924102991,89.14557696495002,0.6478716356188066,7549,None,CBAM
265.89823114059385,0.935704640792087,116.66903311649475,0.08895403645196111,7550,None,CBAM
71.41728735517778,0.8084967284715633,141.81776023908296,0.003957125601940088,7551,None,CBAM
281.20703969047025,0.6327470614151806,397.6493681026421,0.10606405832126652,7552,None,CBAM
372.955371402703,0.5205170962760063,30.386433237156695,0.6788312219601512,7553,None,CBAM
251.80616501672284,0.9995032545988426,168.43025182353244,0.5270874279439813,7554,None,CBAM
389.25998661688584,0.3368720287040557,157.24577786147879,0.3638107133540677,7555,None,CBAM
247.29661902143226,0.2011388748661674,362.01671438988956,0.12224092676505645,7556,None,CBAM
40.97866972834287,0.09352200091237473,167.58866877335961,0.24144959890938253,7557,None,CBAM
39.66622289670047,0.5855733483115549,339.41985314981747,0.21909169391024474,7558,None,CBAM
317.3648463716473,0.903988217852359,199.63930079582568,0.18679650590444788,7559,None,CBAM
327.61300939359705,0.4466410023627834,278.21244999955405,0.29037467924440746,7560,None,CBAM
84.8532338711057,0.4558927946575448,223.9532864966324,0.44980959794770026,7561,None,CBAM
211.14702281999502,0.08812930503012638,13.360559513847372,0.40804607798323544,7562,None,CBAM
305.41787503121094,0.7486304392960086,173.71977953681795,0.8239056341518518,7563,None,CBAM
211.06214943746755,0.8440938025663768,327.4396003001495,0.7397665425724751,7564,None,CBAM
21.84247910907872,0.1466165185799008,236.01954549209395,0.9656577550017827,7565,None,CBAM
45.58501311888038,0.9604628715509262,289.23703910569645,0.9316314388733725,7566,None,CBAM
336.4142062847824,0.4976897970091783,336.8810484164812,0.8755601013254088,7567,None,CBAM
260.94413210121974,0.590522234158692,364.5145454439897,0.9452129471049117,7568,None,CBAM
42.47192881097784,0.5288680968958754,344.6364576284264,0.8055934415925557,7569,None,CBAM
147.4370850545896,0.21084314205353175,196.73973031619389,0.5711797124864451,7570,None,CBAM
328.79978676550814,0.5639675651606659,111.13036946771409,0.9732511567246082,7571,None,CBAM
202.75705219036377,0.38625124501536684,186.21969599021767,0.6304697949803603,7572,None,CBAM
41.402797231223964,0.5173466841385237,188.7812853653798,0.4829122077232259,7573,None,CBAM
382.9203206795029,0.9379981116121867,393.7764024654884,0.6873751376676259,7574,None,CBAM
156.56113021919302,0.34768309759208565,200.40990755515446,0.6823370360864258,7575,None,CBAM
301.8848182078097,0.45317928550574593,153.24832992645736,0.056707784206369405,7576,None,CBAM
214.1150137456984,0.9364508016565001,211.9010237337508,0.11640293303270814,7577,None,CBAM
308.51388343177973,0.07822212022551875,87.58000498582051,0.6671225139418517,7578,None,CBAM
334.8322078680197,0.6655740174047071,231.61349993078835,0.9925641337292769,7579,None,CBAM
157.5975710307863,0.11326490387774357,24.683189463441785,0.5904713567558543,7580,None,CBAM
39.91475153526072,0.012720150720247023,197.89946963658036,0.9735828935212103,7581,None,CBAM
386.54861573514455,0.5227177339514401,197.4342494065093,0.6384921680232309,7582,None,CBAM
115.45678510227518,0.8390472747507016,334.5646154169042,0.00975128694303484,7583,None,CBAM
306.40112270786057,0.7868100836865272,333.1704496557934,0.3605890051519258,7584,None,CBAM
318.0866383155245,0.998379651657704,337.8564779584769,0.4396764706434521,7585,None,CBAM
311.32306175841035,0.8808180242330932,398.2652931139427,0.8453918995338797,7586,None,CBAM
185.4500207519401,0.41421455956805675,280.3424337567896,0.32209805118456547,7587,None,CBAM
91.9531523392325,0.1390792776695156,360.2075289129635,0.40726988674313624,7588,None,CBAM
37.51965525367962,0.5753693123615703,354.86786738262117,0.9761193509794802,7589,None,CBAM
156.50258058099217,0.22139464050692223,243.69967988446794,0.6178368529155032,7590,None,CBAM
321.16457251504227,0.7326743371303504,205.9744138814319,0.9642906402113438,7591,None,CBAM
284.55971607955695,0.6780945520077533,260.4638118286658,0.8208050380317466,7592,None,CBAM
237.9478582860312,0.7778608843050953,157.14261673490714,0.8815732941128611,7593,None,CBAM
165.8008469243669,0.29615930464122514,172.1748360843661,0.054587618408805376,7594,None,CBAM
248.0705027846168,0.8567267887449523,114.37357721165024,0.267393389474443,7595,None,CBAM
127.9986681678624,0.10664891938559133,267.94408630914563,0.5734626315205039,7596,None,CBAM
387.03141454878397,0.12239780780271882,212.85954051950847,0.5010499668814837,7597,None,CBAM
225.3445805383426,0.7397572577048601,154.41795696545398,0.9830314294669593,7598,None,CBAM
206.09585480528548,0.19106489037531213,233.0219059172024,0.6274501490738922,7599,None,CBAM
63.995505166513176,0.20397681707421453,361.1726416655355,0.10083282924405089,7600,None,CBAM
78.08307417704222,0.9930083462534537,147.8842104309965,0.29140986985493245,7601,None,CBAM
91.76789867166194,0.0010688309835710438,108.35527074032245,0.7377145768755424,7602,None,CBAM
286.45162585275307,0.8475388907609038,180.21216931536662,0.955719589214699,7603,None,CBAM
51.902611051761994,0.884600373181835,205.8565913179402,0.7960535835802905,7604,None,CBAM
387.2767538937364,0.8923880935234957,4.223459915421522,0.28922813068072367,7605,None,CBAM
137.75859040070907,0.5964391340405568,18.56639136770461,0.8833224967080404,7606,None,CBAM
21.065920324242757,0.0913734073607847,395.2889642799313,0.0347276796172573,7607,None,CBAM
150.46842184179349,0.3759840781447956,346.9021930984423,0.6775910064442362,7608,None,CBAM
15.567118000610744,0.9969547118208386,65.96265384590652,0.10539007284727504,7609,None,CBAM
330.96282129812266,0.024245967022631522,189.74417466122375,0.47781550218412333,7610,None,CBAM
39.149165066230815,0.6134900561318664,93.03663208644818,0.437229035286758,7611,None,CBAM
160.2496322794061,0.6895532891926451,43.26434441324968,0.9751156028065259,7612,None,CBAM
13.594861651696815,0.209192748979015,200.91249374553982,0.8443468105698003,7613,None,CBAM
71.72775520548838,0.018262809372508074,30.443382423506172,0.23299923201095588,7614,None,CBAM
323.1197148398636,0.4560740871398325,385.2739538362958,0.739492091551773,7615,None,CBAM
315.25478226578986,0.8401417038826476,35.583678101761066,0.23877102056189956,7616,None,CBAM
128.16013031369397,0.17792771388519057,390.2279480729939,0.25709617772542787,7617,None,CBAM
329.81267041339987,0.2940476355638694,177.73114334301798,0.19925159909891454,7618,None,CBAM
369.075215233806,0.07914949339421146,228.65075337123653,0.6888099723449292,7619,None,CBAM
67.23288112845867,0.7947027963074875,228.57315959512044,0.41942134234871276,7620,None,CBAM
371.7484623459833,0.7972145314092827,387.8852617948544,0.25735840410848776,7621,None,CBAM
91.34224790127192,0.40944921557424485,334.2477723117395,0.9291286450160035,7622,None,CBAM
107.2279805541995,0.9774063971265127,65.94360995551874,0.5471498270793772,7623,None,CBAM
249.13254944120325,0.19810997579621933,386.0877326500356,0.8179844180581298,7624,None,CBAM
297.5888431568345,0.6855789305937162,241.48594177030316,0.10592441090713202,7625,None,CBAM
51.74817198687533,0.743952141525757,396.7117256262684,0.898759887181229,7626,None,CBAM
251.04580823638582,0.31109975616389973,347.37198400487665,0.7838651216829333,7627,None,CBAM
117.63220615752283,0.05194342917510715,391.302756815297,0.7058128405650427,7628,None,CBAM
385.41251694460374,0.7948367447893137,39.66396992789928,0.296777329545103,7629,None,CBAM
347.49432812118533,0.9404865591767503,237.60507462587222,0.29340965266616825,7630,None,CBAM
116.35345522442908,0.4657424254242491,8.034918270777263,0.021240184419383048,7631,None,CBAM
386.794400388316,0.0020684357214912825,86.76432387248838,0.4221520230801036,7632,None,CBAM
336.79972148253296,0.6010404478101041,293.46571198447606,0.06852808987024253,7633,None,CBAM
125.16568650264908,0.987409325582351,326.7048713181892,0.14199340518995957,7634,None,CBAM
294.37375011242983,0.9567739515802297,366.01361310665663,0.07442553212587413,7635,None,CBAM
363.2007210526779,0.07776452856433853,389.38991982930327,0.3548200369126326,7636,None,CBAM
336.4800079499833,0.8254356793838914,110.98985533843316,0.3120516959280611,7637,None,CBAM
159.0543029355554,0.27636547761091507,139.86917428812805,0.26984705819684945,7638,None,CBAM
122.6873868519714,0.21807423620097632,103.75963097717104,0.7073916349405818,7639,None,CBAM
35.20630328244596,0.8418918086875183,290.28843455868764,0.1218895751454995,7640,None,CBAM
291.58281571056295,0.7689709562769781,4.905417488081824,0.7502058058400025,7641,None,CBAM
361.6600465947957,0.5882587343595087,135.6445860289638,0.23799289801544327,7642,None,CBAM
8.092541335449859,0.49199625054120216,67.15143023820525,0.5096248869817459,7643,None,CBAM
392.06770589990583,0.2605610004229175,306.1385966848019,0.8196647938876481,7644,None,CBAM
240.928698532393,0.3725440353303105,123.35547212622294,0.765395037542728,7645,None,CBAM
301.38432728924926,0.24587637435154336,358.44852208448157,0.3497529314739963,7646,None,CBAM
44.87650460260891,0.5268003901189552,296.0448752612059,0.8087425064424567,7647,None,CBAM
42.088331817234526,0.9679984719106144,254.3207330774654,0.16197872983707193,7648,None,CBAM
165.48922202900096,0.18532274510696545,247.80503322357137,0.3130312671075712,7649,None,CBAM
192.82552917725934,0.881828634528697,317.9818744158653,0.13706237150273665,7650,None,CBAM
111.29716583024963,0.03930041915839414,48.832924812628455,0.35425098298577434,7651,None,CBAM
312.0450105429643,0.019866358977766757,199.80118911401973,0.5850390054493668,7652,None,CBAM
274.2612544701901,0.40755752802239126,311.52786985949376,0.8011121993880274,7653,None,CBAM
115.68930242117553,0.2471920560128657,165.28514223158055,0.9189925941319097,7654,None,CBAM
353.05421268296334,0.12646004291519813,61.10271837705204,0.4390515877602769,7655,None,CBAM
168.52504307392942,0.7582575065804851,292.5832851139422,0.6640181049232824,7656,None,CBAM
126.18943233573385,0.15716697917284903,182.1639010101044,0.4802735952617773,7657,None,CBAM
220.83663520800724,0.1164874138048345,115.71702599522833,0.15979247049250003,7658,None,CBAM
248.19129934920693,0.9638691115548552,383.7503348738131,0.5757251948102786,7659,None,CBAM
177.84777847086372,0.19016703098179352,241.64730988141702,0.25131936166210994,7660,None,CBAM
344.6250913550949,0.44283515987006145,105.86117305484377,0.9249748944209057,7661,None,CBAM
138.20159620984563,0.5841150595316618,249.57341338091044,0.6270542779544241,7662,None,CBAM
184.4835877529134,0.7764896627160357,278.43545861073846,0.755779285349178,7663,None,CBAM
3.6529826137515897,0.07326250517815848,77.86337652321316,0.4589222898131413,7664,None,CBAM
227.41113955921855,0.8172033547438177,153.50127967789624,0.4724535495921515,7665,None,CBAM
299.02740160483194,0.26504435249272085,93.21987648936224,0.6361855912370735,7666,None,CBAM
34.63816655114493,0.30843329715765583,390.67815118161815,0.0036145144345116225,7667,None,CBAM
287.9025816686337,0.5342079446853059,272.36317890507365,0.23259351027424602,7668,None,CBAM
334.40519725936485,0.08018624025110628,293.3342696567701,0.19050824465138755,7669,None,CBAM
298.8032738516878,0.9714834309385721,205.32327464567715,0.7267798156089083,7670,None,CBAM
379.4566750884226,0.7242834364057859,221.3230499575615,0.6004456040982384,7671,None,CBAM
163.9150979106519,0.5034108712330294,312.06189093784747,0.5684436427755865,7672,None,CBAM
281.328798628313,0.2244159723541608,83.70661235022789,0.2604885475016007,7673,None,CBAM
245.52336779638543,0.6091435022399858,25.240684118984113,0.06931957333566019,7674,None,CBAM
321.44068076919666,0.6334090662948644,145.67508186128762,0.994703123885504,7675,None,CBAM
176.16638380011594,0.037357492554709416,87.35113664022771,0.21617495232260717,7676,None,CBAM
166.77739006637287,0.6912304602681025,106.17765357583889,0.49518048100192297,7677,None,CBAM
54.55223141250768,0.8342283125412366,94.66393698633046,0.4114197656594447,7678,None,CBAM
381.4394194294228,0.3382617786111105,142.7185412243125,0.5245058180503461,7679,None,CBAM
68.98874094602935,0.9548847565195978,146.69541200669286,0.7000259038221048,7680,None,CBAM
340.9867150143195,0.30791723972118284,126.28569211016757,0.33664986175173306,7681,None,CBAM
247.9401594830152,0.8037998938459756,327.9178266018393,0.5467789712851996,7682,None,CBAM
255.99064832631532,0.8514543304213298,293.85838356744716,0.16365479300518126,7683,None,CBAM
211.65242466421282,0.9273212976993643,216.62178704212715,0.16892190061550616,7684,None,CBAM
215.77420285176797,0.5971225649186965,270.68644887109883,0.05886708404537658,7685,None,CBAM
294.97891772751393,0.9479711132216484,358.0147794192894,0.6325211716699705,7686,None,CBAM
142.65103763003498,0.5917495107235853,220.9885843173568,0.00756435614723544,7687,None,CBAM
219.2012747292245,0.4518446065256732,299.2009533224306,0.7312599320858951,7688,None,CBAM
140.09249908005071,0.32592169838425206,146.90609569748733,0.9494547984817894,7689,None,CBAM
373.2380732627008,0.08066325456802247,268.83731200905265,0.9171728183715183,7690,None,CBAM
113.11502384514836,0.1707533648539979,59.24102620137109,0.670384657196049,7691,None,CBAM
95.79360625581427,0.28270675753634195,343.55121228731196,0.831045268039674,7692,None,CBAM
11.617213505447769,0.4302074195370952,274.9727012165653,0.13321140686147132,7693,None,CBAM
116.42691355485752,0.5087685367954908,306.0155494444114,0.3615407595869792,7694,None,CBAM
264.90825867841284,0.7832516720272749,382.4158473987623,0.4651358628875161,7695,None,CBAM
205.60531314451887,0.851121185634081,99.33090102859067,0.8703639502093053,7696,None,CBAM
48.45407595548015,0.6769363839052374,385.03607843253843,0.04789026833959841,7697,None,CBAM
316.09863624646783,0.5052151337575679,166.78261277237047,0.736101540282889,7698,None,CBAM
353.03681364270346,0.16736874668009766,89.11274098981957,0.0023308514464323083,7699,None,CBAM
20.007396295173212,0.22821617535255942,144.27884288347968,0.6024656798936635,7700,None,CBAM
156.68820449199578,0.13786580099980414,161.6373728491423,0.7604221968604188,7701,None,CBAM
281.0618136396149,0.6192327176879288,108.21165965099651,0.3894758693720413,7702,None,CBAM
355.2803789797574,0.23989527548419126,89.17232440894047,0.23127151965644377,7703,None,CBAM
363.121487098743,0.5587659388802805,20.516306863885607,0.9262247698476328,7704,None,CBAM
221.70404345987023,0.28631854984743366,350.50484289788466,0.9403157813951565,7705,None,CBAM
81.40531335274669,0.5827247938937861,363.83131438099366,0.034376843359832446,7706,None,CBAM
357.89697872526716,0.6323713014922481,254.6892402484713,0.22208939032894232,7707,None,CBAM
254.87883770520176,0.43045908055055526,130.07349244627375,0.695162298011614,7708,None,CBAM
114.95752776634423,0.5680932508111246,369.6316994719139,0.7663923435610062,7709,None,CBAM
105.49497958727719,0.14271729800224284,342.6522918739769,0.8372956914596453,7710,None,CBAM
203.36606719044252,0.24169012536695858,307.29562291264136,0.06813769844337914,7711,None,CBAM
96.8113731400441,0.031096368267274715,183.0859919112808,0.1385328504662952,7712,None,CBAM
51.222300998006055,0.5090312394793268,138.01689257535884,0.952566892695489,7713,None,CBAM
204.23537952439062,0.7662512318832018,61.998576497541656,0.7117784811055231,7714,None,CBAM
329.4261470590643,0.7826787059298967,71.91143371495117,0.6161302206067992,7715,None,CBAM
260.2436529633604,0.5285717859656611,87.6566627291484,0.9118207411162129,7716,None,CBAM
370.3240702925832,0.2829378999351736,78.0597628483225,0.6055678939661671,7717,None,CBAM
11.409446217168897,0.4093346321445005,100.53294435196072,0.0052283894854442065,7718,None,CBAM
323.3968832113135,0.04247742822274545,36.18963138420713,0.4663217899718505,7719,None,CBAM
42.9504608254061,0.7314896698626047,215.64277771883854,0.26774005540106255,7720,None,CBAM
352.87709544464485,0.5138019632566938,237.64410514343174,0.6287915484266536,7721,None,CBAM
78.8529184193274,0.8435390610819853,136.05747796569122,0.2648193116987424,7722,None,CBAM
149.56116420050495,0.18370094155922387,156.858705780482,0.3712525873766433,7723,None,CBAM
97.39782907064222,0.870815623024742,384.11675111783154,0.8126625654022331,7724,None,CBAM
212.95529726082756,0.9764149694276003,390.1674246051827,0.5445491925276857,7725,None,CBAM
177.17708408185499,0.8014888438460471,343.65455373068903,0.0872198199276169,7726,None,CBAM
65.01810856118634,0.6343944976230904,134.60837354928273,0.06751970253386518,7727,None,CBAM
233.11526915702183,0.1526506161561052,169.21810597425616,0.2659790432620909,7728,None,CBAM
399.17458218531124,0.16539194299241788,91.97582138659055,0.4676048159146492,7729,None,CBAM
106.26473938654706,0.8521591662998729,84.88866568670235,0.7540007023864892,7730,None,CBAM
53.197702414335325,0.1886327706065154,241.99401235199431,0.6327380545958277,7731,None,CBAM
386.5660382012666,0.9925038122032819,78.37166109003813,0.40293063399034384,7732,None,CBAM
227.2858762089529,0.7967817172320776,15.842471685506315,0.1408977648062961,7733,None,CBAM
111.84973757646968,0.8805752339149806,337.1083985672781,0.9553223596032434,7734,None,CBAM
209.43311239960644,0.23007001941275773,212.55566737819817,0.337826886626707,7735,None,CBAM
395.45994186367625,0.2815097086464298,139.9614290009458,0.2485275968101008,7736,None,CBAM
60.05377479033096,0.09599546109015102,340.2593869330228,0.39056408056517633,7737,None,CBAM
268.40178597821824,0.21415438683973392,38.87822619876935,0.3039006716680233,7738,None,CBAM
4.572178071188185,0.5657034902463509,72.97374766061294,0.3955533832470624,7739,None,CBAM
322.78702603910733,0.7856708332366649,118.30575227434959,0.32702434621010684,7740,None,CBAM
354.30583116200995,0.20477774926187045,253.73521035975673,0.9274148266010674,7741,None,CBAM
26.102776841395848,0.3464361793670281,180.03710859467697,0.6533268588942901,7742,None,CBAM
375.47786574635944,0.9715064975760618,380.64570919944305,0.05732037391865172,7743,None,CBAM
355.47827038792764,0.8618218236218286,188.80921776957976,0.3448819247903729,7744,None,CBAM
334.9118956510586,0.4438438882119803,40.856813140186,0.3019875835585293,7745,None,CBAM
160.15927113126222,0.527083749210638,107.61278152968488,0.7078069877621137,7746,None,CBAM
241.91374945330537,0.37928348726718825,399.89414200982856,0.08944322726851774,7747,None,CBAM
145.05555391808085,0.26401182961209485,299.77274967336,0.9548142631484138,7748,None,CBAM
129.76170895035673,0.9723253900887382,68.07680719878788,0.5561122918859891,7749,None,CBAM
184.37286990697805,0.08081359042078899,73.58793808714586,0.012485263844953045,7750,None,CBAM
235.21109810809708,0.35975715029703104,195.0946673842388,0.748870299775736,7751,None,CBAM
75.53683558509138,0.08530066725576622,33.90422141488161,0.47632677724598965,7752,None,CBAM
29.090048088639804,0.5796277016656902,266.7997473180004,0.018253263294439714,7753,None,CBAM
387.55695708579105,0.8214835456598562,320.80868039305545,0.8566376719549548,7754,None,CBAM
172.6520488838761,0.8987898544122449,170.556830141996,0.6803283649362715,7755,None,CBAM
397.58215081871623,0.3298734868604744,46.97399358677303,0.4195981842371598,7756,None,CBAM
83.50801445680399,0.0694154762016019,257.3762267505961,0.4699068674802071,7757,None,CBAM
51.30291272191345,0.35934969273302203,302.32974260700337,0.12216469284958671,7758,None,CBAM
130.43020763233733,0.2293723447708579,18.462104832277827,0.027615270361163156,7759,None,CBAM
201.85527498544587,0.2598083390203401,264.5355669567967,0.07993312907689157,7760,None,CBAM
306.9153982644916,0.6341907812608171,208.43219326498522,0.5093140602437867,7761,None,CBAM
38.66287545469144,0.37711581913157666,72.9197918566622,0.8879947835835682,7762,None,CBAM
67.73548383443135,0.20574959329798584,108.25457666432139,0.4064561002138519,7763,None,CBAM
367.6070194879254,0.5546902715560752,335.3403084736201,0.37052849114164904,7764,None,CBAM
203.72631418102847,0.8132592512868821,352.5297331862115,0.3227243158053303,7765,None,CBAM
110.85712397071164,0.9059770841912057,177.89650769986264,0.12423976112511237,7766,None,CBAM
126.86046886415366,0.040887768085560654,108.65245651252984,0.002429246445937727,7767,None,CBAM
175.72757150791125,0.24601873283032058,38.38721846169078,0.2873107275247417,7768,None,CBAM
136.56893366432453,0.49844696595076743,308.87859962244676,0.5687954673977859,7769,None,CBAM
178.71584490052547,0.24627057566765592,264.44296420385274,0.38986574611423425,7770,None,CBAM
77.78285924615591,0.048348347212323686,210.85165706165384,0.2864114141739323,7771,None,CBAM
245.43206957318674,0.28033239947890704,25.847280066857515,0.4420378570248534,7772,None,CBAM
329.1591919167507,0.47158854902940645,371.54931768186043,0.9103870519560412,7773,None,CBAM
164.27750146459817,0.5842347322392278,186.71571119886778,0.20699143970451692,7774,None,CBAM
314.9800267108763,0.3102659847531949,232.36460089729087,0.9835091271198989,7775,None,CBAM
16.122391908878477,0.7688482973953374,223.06277145904838,0.8836016372537039,7776,None,CBAM
113.25134958672231,0.044156166936315244,25.934680012766364,0.36101760340371847,7777,None,CBAM
390.85525370708575,0.15563662663485028,266.23272848645365,0.04577577700339963,7778,None,CBAM
2.3379596469777315,0.4566997543091131,234.94604350953222,0.5747070278430224,7779,None,CBAM
167.38971941771496,0.5888122793508127,257.35712439720436,0.9519312347216642,7780,None,CBAM
210.8046385653641,0.42626443324966956,397.983810059881,0.4202211180111836,7781,None,CBAM
38.89751862592109,0.7830448566328612,81.79080160215733,0.8390746597012205,7782,None,CBAM
362.3073542439417,0.42031461420206306,341.6882180546046,0.24752773223082383,7783,None,CBAM
54.922016497408755,0.25400165885106196,123.71384215392823,0.20791622684569536,7784,None,CBAM
164.7048525293042,0.19044626018802624,34.29190235262157,0.3568305353859868,7785,None,CBAM
379.66372096879184,0.14785705656393325,114.0082448105443,0.2585641079693174,7786,None,CBAM
373.4862935067104,0.7761662004841545,242.30464839142817,0.832721493495431,7787,None,CBAM
131.43100434009799,0.698311304673162,77.88543180011935,0.5437722690365958,7788,None,CBAM
296.7319776334561,0.6389756382440667,214.4509573814655,0.7713696436092883,7789,None,CBAM
47.26757757687453,0.052205342374527446,272.69397803557604,0.7379975406864757,7790,None,CBAM
206.97480652117676,0.14676690133470469,341.1621364406363,0.4812514569092741,7791,None,CBAM
162.00883619809224,0.11895546884465351,188.6017138182573,0.18777929082674005,7792,None,CBAM
352.9331956308089,0.08732847111944518,59.0905012062403,0.6596802530154172,7793,None,CBAM
197.5164462694621,0.14469413088609212,365.4876831104633,0.2870686948371714,7794,None,CBAM
206.18563529429022,0.5583581158319175,158.01238704150214,0.8691055115278405,7795,None,CBAM
154.01368901390748,0.6189931733270853,99.0018724207894,0.9479846642558355,7796,None,CBAM
13.732937771157824,0.46366886756402054,235.90355204647113,0.9374347245719283,7797,None,CBAM
273.6428687145088,0.6534224479762956,39.083454831926524,0.1931020105651971,7798,None,CBAM
301.74336987689645,0.39940381426395705,95.06827218555198,0.23545917559789903,7799,None,CBAM
384.396271056246,0.05628562032146134,270.1240623804209,0.5183776604814758,7800,None,CBAM
85.07224711056648,0.33409955792791723,167.96255797581193,0.617718430085308,7801,None,CBAM
60.50867185891291,0.5966700782975506,105.16938375044272,0.9700005305683019,7802,None,CBAM
373.8791384116054,0.6256626625976364,39.35007251155278,0.7005992212042276,7803,None,CBAM
293.3805184667828,0.05378950969478722,120.90947476747887,0.8293685979525,7804,None,CBAM
258.28442842662196,0.5850923182466036,2.9262758009545102,0.8212775516310081,7805,None,CBAM
188.23473226116295,0.2040244437898794,303.7995031104461,0.8587884784700323,7806,None,CBAM
4.48980793224682,0.7116195017709438,281.3090299504403,0.09317684145196907,7807,None,CBAM
385.5824197612127,0.2506636633042458,10.03025064757844,0.12058126977395497,7808,None,CBAM
43.60096273129735,0.450223906668026,161.26940932477623,0.8515327502271786,7809,None,CBAM
253.4181731110992,0.016188260789422253,117.30604010146521,0.7835942605652209,7810,None,CBAM
246.24458219215498,0.6221837721584169,305.9230604046279,0.36203340429365,7811,None,CBAM
134.84087452220464,0.3811166275342745,225.84635826106972,0.7814922917804493,7812,None,CBAM
32.65298974043791,0.9325653579118657,56.14519196363529,0.05831145323967917,7813,None,CBAM
192.8775849632659,0.1358537303068283,89.32908274852261,0.5984385798722898,7814,None,CBAM
214.60529172435056,0.0029457251247552905,160.72298531748865,0.8788274283538985,7815,None,CBAM
137.22322645039142,0.32751616944619316,238.55260069690533,0.5132438281174414,7816,None,CBAM
318.7468307032189,0.696291317991685,243.15319770302835,0.6983954275917958,7817,None,CBAM
174.25603766665736,0.08330471109585745,217.52372579019044,0.31488486470586413,7818,None,CBAM
109.42837692422766,0.2788679873628717,138.37873883033959,0.09805062672020788,7819,None,CBAM
253.99610899510415,0.7402550319808681,74.19099611123515,0.12771949507132488,7820,None,CBAM
312.1319963773624,0.9583978937282066,295.6270121398669,0.931479384254137,7821,None,CBAM
130.2963240415852,0.3578677069025396,303.89312070631325,0.8465751266536589,7822,None,CBAM
121.8558873932334,0.3899708296380378,26.012483401700276,0.6357654827535619,7823,None,CBAM
366.13340087873036,0.7205680912750998,244.87207566250376,0.321094397283281,7824,None,CBAM
111.11058843085229,0.7876204875205224,14.60304547355352,0.2747338913413315,7825,None,CBAM
335.1931248248207,0.9666182935480123,303.3998761412146,0.46940844902686985,7826,None,CBAM
130.50210405094913,0.9533624680525162,237.2467959875971,0.47999583454034883,7827,None,CBAM
45.621865541700366,0.9642995710529046,102.81520650393222,0.5144259560754041,7828,None,CBAM
96.70292745192339,0.9787069523094143,80.18025083606368,0.9030397005584735,7829,None,CBAM
349.1785653456577,0.16360107441373622,224.61311601244827,0.5555955384353353,7830,None,CBAM
14.74028849171091,0.8320564502078599,357.74257061277257,0.4628587823713991,7831,None,CBAM
175.8860260852219,0.6520711933975735,1.2249503033876474,0.6405357124955011,7832,None,CBAM
355.6810067194326,0.14451990634523865,294.19500080437075,0.6334918844559877,7833,None,CBAM
58.71982473259094,0.6591812724346345,220.2232162558987,0.5646431420641355,7834,None,CBAM
334.51905937802326,0.1868411420945782,264.1965930679475,0.6541597099393676,7835,None,CBAM
298.52313265235273,0.6972129565860137,137.83218080190494,0.5989960771347121,7836,None,CBAM
309.97152182835646,0.057678898167263674,94.19707250763867,0.9389418180703544,7837,None,CBAM
87.41223930646545,0.4768286975850147,224.27581465271,0.45774220208851185,7838,None,CBAM
80.09129949127986,0.36472321802334495,288.597800265116,0.24514551045688474,7839,None,CBAM
254.44372443043224,0.8477982616144942,139.43824496866776,0.8266290346270911,7840,None,CBAM
389.1495159552748,0.826771599007871,23.094311928733738,0.6166255389641635,7841,None,CBAM
2.8023230303869906,0.5627483824255656,353.701032180801,0.41773460018663633,7842,None,CBAM
143.5581212143093,0.1794507520429491,214.14780844453762,0.5287008260625301,7843,None,CBAM
289.18681154396984,0.5985147030611533,176.8123398332971,0.0970874711262412,7844,None,CBAM
360.0155371811651,0.854543566799599,65.19687538112501,0.3121930034437025,7845,None,CBAM
119.47298828770612,0.3644730412341902,35.90895111507098,0.20360722509180618,7846,None,CBAM
68.77261227550574,0.014780038337411447,76.40250882629576,0.6676376295959727,7847,None,CBAM
69.38270064988528,0.23779536092688827,278.30605854362204,0.2270837986501448,7848,None,CBAM
354.04378260260177,0.6180649074026554,394.5690256676608,0.018889772151238247,7849,None,CBAM
289.11592839597535,0.2595300751684805,381.40142139078245,0.013139675772263371,7850,None,CBAM
15.909102983987788,0.2590584989043469,352.31649551327695,0.7063481179408321,7851,None,CBAM
243.0965177693976,0.16242303058666072,100.27257462240873,0.8781522116689844,7852,None,CBAM
125.3051140299205,0.3398959878785882,189.40197649607774,0.04885178657711835,7853,None,CBAM
154.5415163031617,0.7067510122945753,161.39951617073638,0.6753657929990676,7854,None,CBAM
134.03210956107065,0.8398735383369534,40.12130444697037,0.09812834529782657,7855,None,CBAM
249.29702778052592,0.18160039914674456,335.56893670736576,0.45700537645435513,7856,None,CBAM
278.0422269047086,0.3021775824702585,327.0236789235161,0.4809888244634256,7857,None,CBAM
53.20390988034729,0.5413541526008121,343.77613319736065,0.2858406104969633,7858,None,CBAM
163.02575773107634,0.09770632546749528,69.50916850352698,0.45077650576958744,7859,None,CBAM
320.57485004362786,0.2609477702487257,64.0813640722962,0.55561176651734,7860,None,CBAM
264.6740556519587,0.976735300970658,157.74765112429736,0.3386428034404564,7861,None,CBAM
351.78640466787215,0.40037402095010705,88.38224536427036,0.6124805753760646,7862,None,CBAM
141.3357733873315,0.5101759399128537,35.34927669896128,0.5651455537650514,7863,None,CBAM
107.67825063592589,0.6601565671703582,274.92005629043774,0.4325360985645577,7864,None,CBAM
7.973809243041448,0.9287069031795019,124.71545834122885,0.2341098384845868,7865,None,CBAM
191.1185398451957,0.8196071421793804,45.38651884820361,0.31282827291071413,7866,None,CBAM
107.6378908330145,0.0828037975838779,26.445417598352307,0.7807599724068693,7867,None,CBAM
204.01514263229114,0.05598854835163914,244.46765010545732,0.8470136002705216,7868,None,CBAM
239.82678664826577,0.44595590618136627,338.90440860432693,0.3310834339574063,7869,None,CBAM
116.86287903283439,0.2469279300697819,0.993310775900064,0.096783568212096,7870,None,CBAM
66.69384744015882,0.7275196295794766,396.50151092952024,0.4623878074413868,7871,None,CBAM
209.10142741513286,0.9332579687159146,210.15058199869924,0.4552105168559728,7872,None,CBAM
139.57135988943568,0.823393276713963,396.9605252331756,0.3828776401244109,7873,None,CBAM
214.2428584949868,0.7068679223198121,208.6424652888613,0.9335793264552065,7874,None,CBAM
103.9288583400866,0.0890131906558568,46.619842640743556,0.8426918019660545,7875,None,CBAM
355.1278976099404,0.34116895728812213,218.268300650097,0.2587340598590521,7876,None,CBAM
76.1721604616599,0.5407062065718268,351.18013039943486,0.16005967684524755,7877,None,CBAM
123.15952637897385,0.7636982074355739,313.3749039505319,0.16719814682415243,7878,None,CBAM
194.02454869510132,0.8114727106878872,120.29172883037886,0.838584822793101,7879,None,CBAM
205.09608651776833,0.2553401728625163,80.55073867792402,0.9905850268774373,7880,None,CBAM
387.92131037359746,0.7323621615352369,9.299625237646955,0.9552572906127561,7881,None,CBAM
68.90494629660657,0.44779463747408826,57.512342842373386,0.776047340189089,7882,None,CBAM
70.15464831821464,0.30905325972858944,141.8947033796889,0.7463965530200483,7883,None,CBAM
114.29339238318718,0.719861806984619,389.1813746332532,0.7466168025382635,7884,None,CBAM
69.817030762681,0.06585265225285422,177.32195296310928,0.0876660503389734,7885,None,CBAM
230.16666774790338,0.2632775868621666,361.42888303065433,0.1460263625212434,7886,None,CBAM
76.73597869225887,0.4782148928701083,48.629117252783146,0.17601567958923486,7887,None,CBAM
58.34940245790302,0.022306581711330736,244.0333099404523,0.27213600141647026,7888,None,CBAM
109.15126542190295,0.8921078158951816,84.21569655781832,0.5398356981741023,7889,None,CBAM
394.55577669065093,0.5530354782872661,207.86773144347296,0.7531847317521755,7890,None,CBAM
57.25358639518724,0.7065976155024607,391.05464029910775,0.7840725350190496,7891,None,CBAM
36.92946421538083,0.15555136661707997,368.58267827780963,0.31423590919975614,7892,None,CBAM
100.9570344883781,0.6008647512139011,228.45178990679415,0.07254113918765721,7893,None,CBAM
247.45470404943347,0.6685086266842396,100.78418886613316,0.3459292092955099,7894,None,CBAM
391.72374094670334,0.6717316082609698,376.83891757101316,0.5294146956568795,7895,None,CBAM
154.2489472232442,0.6704930429381759,327.4692348215505,0.3776064279782964,7896,None,CBAM
186.72778764528658,0.8879078846531935,196.23154451468304,0.3219602875980465,7897,None,CBAM
101.605625133933,0.6828067146682653,68.75130528022997,0.9974399399648017,7898,None,CBAM
46.99921270463127,0.9356820302975306,36.840608125287005,0.572873337257222,7899,None,CBAM
182.0534395661803,0.05364934685158686,26.12109046608195,0.727755824016985,7900,None,CBAM
309.75737914145157,0.3054921795026218,200.29636977810554,0.5699090275531379,7901,None,CBAM
102.35181592926274,0.9882965245248245,174.8325149373042,0.04625635881921039,7902,None,CBAM
315.7606096807948,0.4407918654922543,239.38284808567815,0.7426601012432362,7903,None,CBAM
73.85519254936116,0.6719242121517639,310.1683140818393,0.38718508249932276,7904,None,CBAM
329.7629108410279,0.33543887294342867,169.3608939959071,0.9588006573194146,7905,None,CBAM
373.1372013473016,0.3285765111965377,252.52859934656917,0.5977882687209403,7906,None,CBAM
127.59521358491614,0.27981824365748964,391.50046091621,0.7590159661026583,7907,None,CBAM
308.18900430623916,0.1727205779366029,324.4865695902189,0.06271154286617359,7908,None,CBAM
156.78800812351878,0.19094351019656547,161.96463075983988,0.1965769316988758,7909,None,CBAM
68.07666297802567,0.7143343646508905,130.39597355343565,0.44189557808542496,7910,None,CBAM
133.4721604627348,0.46747913730175533,358.5340971795569,0.5035179923909172,7911,None,CBAM
335.6164193716189,0.423261125773716,217.2267792966058,0.534798150536201,7912,None,CBAM
2.87947084790537,0.7222280295713459,209.5263367097007,0.6606343153920501,7913,None,CBAM
163.99080148138083,0.9282950169515464,223.83538481566632,0.0516813283340039,7914,None,CBAM
347.89913138885095,0.6375130295671022,340.2063618640735,0.5271957784955527,7915,None,CBAM
70.28887480539412,0.7374780334374932,45.59157482647584,0.8215603628605909,7916,None,CBAM
136.6689540618788,0.42676813793721285,2.161576179340509,0.3519689466160106,7917,None,CBAM
258.60958811091865,0.5477535476524925,169.81173359420575,0.10105789506204166,7918,None,CBAM
11.892137514399943,0.46790499312447165,192.57774784700328,0.4181476839105373,7919,None,CBAM
280.3703128109718,0.3929922777764889,324.85906791502913,0.43439850336704044,7920,None,CBAM
111.25289265437297,0.908815343041354,79.6485258714933,0.15534259112168186,7921,None,CBAM
171.27572883208438,0.575701111209602,97.06137574720059,0.5900521632272192,7922,None,CBAM
325.2175328906166,0.22753345491933374,341.2815049267356,0.47836995131970583,7923,None,CBAM
47.17513666957794,0.15870589129154034,14.772182008647661,0.06301520889840319,7924,None,CBAM
386.9906764906589,0.3950362222896453,170.51615955710744,0.7911717291748049,7925,None,CBAM
189.00539667960626,0.35014746565128335,77.2147238383139,0.28793995450976845,7926,None,CBAM
193.3955580312157,0.35156620438699204,306.472050173426,0.9218886622791456,7927,None,CBAM
159.3278351869523,0.9033377494253346,340.6301101809537,0.780467896719025,7928,None,CBAM
30.61864211688291,0.1558279169194227,58.94264700139065,0.8242166127761488,7929,None,CBAM
57.66308957869043,0.15764491250277252,130.66596674973138,0.7955708647586875,7930,None,CBAM
184.33676087348854,0.9093629234430335,374.2237883997455,0.37268223220246915,7931,None,CBAM
305.1629955918402,0.8874043313741632,220.84040055860697,0.887025916130431,7932,None,CBAM
384.3004435260861,0.2622059324700762,212.83808326866338,0.965924072395367,7933,None,CBAM
116.80282507204937,0.48136349263176326,176.42658396101524,0.4461225165051752,7934,None,CBAM
45.05096736789857,0.0532257181363108,132.97390915540498,0.3293819709132804,7935,None,CBAM
16.531283873350134,0.80578942391916,257.7943219366917,0.3071998628210909,7936,None,CBAM
241.378574843817,0.5604664700830624,254.91054275264432,0.3936604598910476,7937,None,CBAM
373.2856099150882,0.6793887697398739,279.96027727832774,0.4767871507870765,7938,None,CBAM
84.5896659406965,0.6721683299625494,17.986852783305633,0.9697335145234691,7939,None,CBAM
309.6452804913567,0.6287255994864439,196.87943935496125,0.7554772679654546,7940,None,CBAM
321.64588860996287,0.41175659384694935,321.43394146121193,0.26248875037077724,7941,None,CBAM
9.424028969622515,0.14591952000762817,34.76682186260705,0.08202993125041719,7942,None,CBAM
226.1171061391068,0.8695298485465379,336.76891870997434,0.5479467527690738,7943,None,CBAM
299.28304414611176,0.37480483562390304,64.24256205762696,0.958320425555667,7944,None,CBAM
144.88466310946168,0.529777063471409,100.21401543007424,0.3502143217883417,7945,None,CBAM
393.0812352219311,0.022948686157022096,379.58225578907144,0.8040990753044289,7946,None,CBAM
241.62063194806854,0.925390776572885,108.93947326417344,0.5286032857005366,7947,None,CBAM
194.35035621614225,0.26733937830350185,9.155696576749623,0.22542595665383366,7948,None,CBAM
213.26299800433642,0.49409738401388936,41.27230459893339,0.8025729295143438,7949,None,CBAM
42.29369116328779,0.9674917414871703,221.2513375876023,0.2085917611677831,7950,None,CBAM
18.62005666797423,0.5457953425840398,155.2832874272838,0.08269776761272075,7951,None,CBAM
105.24324230092846,0.8463116217528336,29.499355119285468,0.8180678648862908,7952,None,CBAM
262.8338529456252,0.3849128151922425,55.58414173236862,0.701581137155991,7953,None,CBAM
121.79545540403534,0.9780548219594448,376.2488642671027,0.09593464261058045,7954,None,CBAM
323.5817897649125,0.0267810908080849,254.59152582465433,0.5544354423693436,7955,None,CBAM
345.66504296162003,0.8748595888227823,76.36626883846911,0.4630025488934738,7956,None,CBAM
338.8191054025892,0.5576374845460916,296.8244308404044,0.8672942500250923,7957,None,CBAM
200.4031005799438,0.775973922849938,177.31350290970818,0.5783913415360179,7958,None,CBAM
160.74894517565053,0.36164543042187314,305.0289867958391,0.9558516262689928,7959,None,CBAM
232.99240312261188,0.09325232926497047,189.2288678284827,0.2646572433829078,7960,None,CBAM
90.14034614245476,0.7378255392383984,345.4796722707903,0.6051736192303033,7961,None,CBAM
208.98813808229963,0.0418191168736879,110.48147515963558,0.19969072149062653,7962,None,CBAM
331.02360651086957,0.47983192878267444,170.65040555501625,0.026116502812565633,7963,None,CBAM
260.8218911521162,0.54471857024975,299.08252937097035,0.2543294912136091,7964,None,CBAM
292.8707611937615,0.6430213157668357,112.51548870539247,0.5165550517829314,7965,None,CBAM
226.66850704948524,0.9040526921874122,103.61223503120132,0.6426395378312724,7966,None,CBAM
166.8746549889126,0.2785659524986456,321.97644611408015,0.7633010044411305,7967,None,CBAM
169.27294203684212,0.24426489833024964,310.91670507332367,0.08240048189799913,7968,None,CBAM
148.29628818517475,0.05917721824304851,74.51209445411419,0.031062834263609968,7969,None,CBAM
244.1925162015273,0.3244860891567659,149.30441395315256,0.6713271455957871,7970,None,CBAM
268.58702728344934,0.5257451613672092,266.063532520265,0.16180497036344868,7971,None,CBAM
384.75705128227423,0.05534382147652824,80.8578252874929,0.8861164644404452,7972,None,CBAM
277.0428811341187,0.5930330103415988,117.38139660550533,0.4334106441072414,7973,None,CBAM
119.13390768406597,0.9227555206333627,196.77636284061327,0.29028472044740355,7974,None,CBAM
173.17597496801622,0.886132187615598,288.7549681704256,0.15143351293258017,7975,None,CBAM
396.39568279998474,0.4391421558510997,108.82372612817632,0.4310163247037385,7976,None,CBAM
307.8159800715232,0.892476778775654,197.3736830800125,0.42123261396825223,7977,None,CBAM
88.4484292839926,0.7277478302256396,75.1373614483377,0.14375312856497036,7978,None,CBAM
306.14705900470034,0.6825300288427603,248.88873611627122,0.5388716103238336,7979,None,CBAM
28.883822212175307,0.0022934873792191755,135.25127876329967,0.04453946586282876,7980,None,CBAM
331.5370326262286,0.5102701836339075,68.89588076905133,0.5759755162300662,7981,None,CBAM
304.83709722227337,0.8917911810214817,133.89539686192805,0.3876794835840833,7982,None,CBAM
366.6566266254036,0.2896785186264845,237.00974773046303,0.8758752677265397,7983,None,CBAM
339.7315972620689,0.9115606398848514,12.415972287375453,0.38107009019189797,7984,None,CBAM
93.98951339371537,0.3471936307002723,99.95050407101488,0.8153075194750282,7985,None,CBAM
317.57571373120106,0.13420211569077115,51.69284337777364,0.8812528372102478,7986,None,CBAM
398.89475458014306,0.510707792404364,96.77788965067768,0.30174583341495737,7987,None,CBAM
386.6533304032113,0.7992070605803488,360.392909706416,0.8643140330715107,7988,None,CBAM
22.438828720715147,0.5125312734854511,384.0518946119921,0.7127375823161011,7989,None,CBAM
308.012381836628,0.2498718303952869,59.58065946236374,0.7457000549295795,7990,None,CBAM
338.12332757041463,0.4730835571879349,148.1541859512812,0.8197795628656023,7991,None,CBAM
242.01674044184065,0.7931962167481578,86.94235387167699,0.8469598674652945,7992,None,CBAM
298.3465534384699,0.9943634781846683,231.45590341554137,0.7689112695910041,7993,None,CBAM
181.33854294440079,0.01995027312381393,394.6097872772824,0.628209745433575,7994,None,CBAM
376.80452575206095,0.10088861429097824,193.459948235852,0.8041873227571951,7995,None,CBAM
292.00471027788865,0.13778907635461207,37.924648765899946,0.4079251984183852,7996,None,CBAM
114.6726863309136,0.38765001477156436,358.23261316191264,0.08600526932058135,7997,None,CBAM
92.00871941558026,0.4503473021168456,65.39709058346024,0.3722405985920814,7998,None,CBAM
140.8318212981724,0.49179685438191867,371.40580916079904,0.17044833245897736,7999,None,CBAM
273.4942167945082,0.9326532831863026,212.4948576882363,0.8995719232461054,8000,None,CBAM
277.742704648638,0.5124348934954991,323.7127807778704,0.05328723204774191,8001,None,CBAM
103.4421324668424,0.3670555013978473,100.48177312017306,0.12810798809420854,8002,None,CBAM
349.3674075832866,0.40542671238964134,310.02630498260805,0.710551209461977,8003,None,CBAM
196.08847734600528,0.7180881722639777,366.87614135821605,0.39832523505396744,8004,None,CBAM
213.89400744180173,0.6042704304735227,254.4215808438533,0.24989316073734635,8005,None,CBAM
83.94672031137137,0.23330046201459012,349.18105452649644,0.11056213204390623,8006,None,CBAM
100.36576468462879,0.6153618946744248,20.199484949205413,0.4450469162462353,8007,None,CBAM
20.224014932177273,0.20231271562790945,255.96501231136148,0.33503496433848334,8008,None,CBAM
268.6505910264202,0.575641294342152,348.5056047919128,0.7474878255830438,8009,None,CBAM
299.72312275657873,0.7020369072002121,166.4056616014214,0.6887063402058173,8010,None,CBAM
192.2255085990555,0.8356032795834729,86.29143505664496,0.750792921485623,8011,None,CBAM
351.57151040528845,0.9862922074665824,216.7809845164689,0.807132269097898,8012,None,CBAM
99.23759353940616,0.7004431646901638,360.9412222173121,0.5196246602252661,8013,None,CBAM
329.1159053193818,0.4811815520835283,275.64351534851,0.7409761729589838,8014,None,CBAM
269.4391359222882,0.3384117334868777,373.49342320516143,0.8856692301174922,8015,None,CBAM
201.14142363762747,0.46945491071639384,275.75521957914594,0.3382244452306048,8016,None,CBAM
29.35944628209835,0.6952196630607834,197.96941982746313,0.5006293066437564,8017,None,CBAM
195.5317374606704,0.1299806470055903,368.68531058942176,0.9459988242894165,8018,None,CBAM
116.44581969352983,0.16453279640027252,268.65781195746405,0.6445561782590752,8019,None,CBAM
396.9339793848862,0.05070651181355626,248.20692950250495,0.8112765525839389,8020,None,CBAM
262.8843830507354,0.739566823822396,71.0070714448952,0.9108070631633816,8021,None,CBAM
30.19133175048197,0.9164445085104204,281.5390029322622,0.43513927298292393,8022,None,CBAM
344.9324969988736,0.9952077248478433,152.13121506793115,0.12979328724828798,8023,None,CBAM
40.23018584207422,0.5120862061609379,134.88575713922637,0.02953637142646186,8024,None,CBAM
79.20452101029484,0.5290543863785757,185.56885410421867,0.6531342558930079,8025,None,CBAM
370.0933064697861,0.6837923194119886,361.7889206641623,0.012041543731945976,8026,None,CBAM
342.8092453480067,0.544642218353092,393.0266454766185,0.5694011497331731,8027,None,CBAM
24.988695982837125,0.5105938631030585,154.180479082308,0.02104248298916706,8028,None,CBAM
345.38580275995673,0.9601556088959081,29.213734038607676,0.711256189267173,8029,None,CBAM
323.6230420590247,0.8220105880708387,320.2809665884474,0.7480216097572787,8030,None,CBAM
223.16355697083276,0.7800158925151868,44.14949491118348,0.19529240356700578,8031,None,CBAM
164.1896008085806,0.3897184208682434,33.57703081769435,0.09826209893569407,8032,None,CBAM
32.886244329368225,0.4943294389691703,156.26545440294512,0.7762721315554075,8033,None,CBAM
140.6080296500793,0.4570496545950251,224.49347134885954,0.8013759553725851,8034,None,CBAM
370.2984570081629,0.1648054374800137,38.2567708777409,0.6148579525589064,8035,None,CBAM
33.2418714251155,0.6344855469819666,304.14862518492635,0.8990816355933996,8036,None,CBAM
207.57906154169933,0.9184041712224136,384.195942162868,0.9282566673499751,8037,None,CBAM
112.63926182900825,0.6619437533005105,57.84413587383271,0.08122770946403915,8038,None,CBAM
284.01405117634255,0.47317480841663284,24.13415496796407,0.3736559470688862,8039,None,CBAM
3.8643756244882934,0.9789976441387263,283.72937126069496,0.9113258063723694,8040,None,CBAM
182.74728707140966,0.6646449909428007,12.245590074636326,0.3740432318039255,8041,None,CBAM
249.6316087395039,0.34807793852412006,270.7479725600478,0.24400026688264348,8042,None,CBAM
202.55474666120224,0.41068123764791203,111.95024621378644,0.2274511711171146,8043,None,CBAM
266.4804308162602,0.7452873368355873,356.57220767131173,0.8714081021686875,8044,None,CBAM
389.35745723585904,0.7066794452994831,79.19351907258562,0.9418252616953567,8045,None,CBAM
212.3644699622977,0.6920952786312277,377.8070977960661,0.7645896576418326,8046,None,CBAM
290.365568140115,0.7999093045760949,281.3455142534572,0.8917361760002044,8047,None,CBAM
181.9335504920283,0.08994007196186939,244.26767957140098,0.15243393882541886,8048,None,CBAM
92.10439188293806,0.35291259683361875,195.6635422119093,0.038180485991458867,8049,None,CBAM
158.22921924232853,0.6706257931307484,334.55093730794357,0.20572342703617802,8050,None,CBAM
307.1662440306365,0.5945538346398694,248.08148561328264,0.2408575131267787,8051,None,CBAM
39.75470233713264,0.3151532744416009,317.3199996228814,0.5970384918708701,8052,None,CBAM
202.5196479254323,0.34724389668341255,123.4258029111842,0.18550789347716726,8053,None,CBAM
373.33009738690595,0.9063471362523527,224.08761613844894,0.017425770929831566,8054,None,CBAM
31.584965275056543,0.6398992209180707,16.210566563148777,0.31769267526283546,8055,None,CBAM
97.17375680252205,0.43944042700017727,359.06635863188865,0.9866009736376072,8056,None,CBAM
330.43427514524467,0.5166479085539146,323.3905023016673,0.2607879431525122,8057,None,CBAM
399.9561040213726,0.44570635480815146,154.20626934210614,0.2229054338842661,8058,None,CBAM
395.6420147808393,0.5983093107600331,41.724250538719986,0.37464807819653073,8059,None,CBAM
200.71655913057054,0.7502447376464907,270.3048066042404,0.8352003724272206,8060,None,CBAM
74.15003500086432,0.04562535328455767,230.76267177603506,0.9299856637291263,8061,None,CBAM
185.3473999057788,0.7164437540364256,281.59739990807515,0.1007277485166025,8062,None,CBAM
110.27870847243726,0.5200891091871437,124.30888205395867,0.21750931396180706,8063,None,CBAM
255.87250002641832,0.9621643563127211,188.1469606218986,0.7083847701658167,8064,None,CBAM
342.03295807815437,0.4573815416562183,35.442431803991475,0.43982039398172024,8065,None,CBAM
159.9849255695073,0.20952565688764005,151.35529801462553,0.047371084416686936,8066,None,CBAM
311.758965991936,0.5976595536014155,10.385892963062899,0.0814339914047516,8067,None,CBAM
361.0883317388867,0.5275794771136522,286.8362929488022,0.22928173787680117,8068,None,CBAM
22.08629969142082,0.3246299785211377,59.16066233173996,0.2052425471952863,8069,None,CBAM
16.744268593686787,0.9913987683423923,266.25274873993556,0.368826716200051,8070,None,CBAM
388.25848553086024,0.753050346828176,199.20913672461506,0.5048328194437237,8071,None,CBAM
280.99427148868756,0.1773384930548971,375.6895157191943,0.7004497437769943,8072,None,CBAM
7.358092932448361,0.018924217236262482,49.42571758171111,0.8946438285268545,8073,None,CBAM
309.48095029391067,0.6910399743556294,4.32537002982115,0.22026802379443078,8074,None,CBAM
219.59989871108846,0.6140169940858036,18.035072411998428,0.5650209298111074,8075,None,CBAM
20.13946784554682,0.6472458539955104,245.70043127914016,0.2590299492419622,8076,None,CBAM
223.65633431656556,0.13738173702381398,369.9458539853251,0.8590718045194942,8077,None,CBAM
289.71008028362445,0.681525068681249,316.2251544954843,0.44449704265680573,8078,None,CBAM
307.2510926588226,0.3415032881432047,29.09951595689446,0.02314095168133297,8079,None,CBAM
48.9356424861095,0.23764365905639317,100.17032166064573,0.964532309446253,8080,None,CBAM
207.79826559301267,0.02079514894053845,72.17768587552695,0.67324868401333,8081,None,CBAM
360.99695842287326,0.26030416195404055,277.1207145327637,0.859414895303882,8082,None,CBAM
333.67864514776227,0.5564513216268646,256.86266773816715,0.851140435498686,8083,None,CBAM
89.5227527383114,0.2610196110280335,165.3818355024667,0.5436409309234048,8084,None,CBAM
143.06910487709817,0.19416681396079136,171.14444099182364,0.003330048272350065,8085,None,CBAM
308.91090760734033,0.6080317625043211,235.23391636527816,0.5876967981513058,8086,None,CBAM
114.5941779182021,0.5759437818093898,127.97275410724961,0.3281987005568378,8087,None,CBAM
291.9622517715419,0.7081585213521768,49.99126089139573,0.7916431743232919,8088,None,CBAM
80.93914877656407,0.20507458735816364,120.925970265785,0.42273184740814335,8089,None,CBAM
65.85387458402658,0.06950041722764963,109.37604309893612,0.12574371397878975,8090,None,CBAM
139.18876223283715,0.5665271049140957,143.22918315815897,0.4470944673096296,8091,None,CBAM
194.47115420603717,0.9609945455377421,392.90927209314015,0.8750299170005692,8092,None,CBAM
110.10825835982689,0.2911673724685572,395.62386102889957,0.19714999264311928,8093,None,CBAM
180.09868385801383,0.00303788701396684,29.862291923752675,0.42907613717574405,8094,None,CBAM
166.31255804158104,0.5645727983870739,160.5416426772161,0.4640846959997559,8095,None,CBAM
131.03516247973704,0.9914046616378087,239.40363899930395,0.485345852858077,8096,None,CBAM
203.2485825911667,0.5077215198205169,348.4080959989469,0.46135502741267287,8097,None,CBAM
191.04866171935902,0.38549811358403396,76.79882404018676,0.5228281013344674,8098,None,CBAM
383.1234478956567,0.9986057431790029,46.45104457359165,0.08012681305362358,8099,None,CBAM
289.9749582171726,0.46410556287592936,39.58590797775253,0.4991059396905507,8100,None,CBAM
159.5803907323375,0.5093398634508302,154.33062427356788,0.21783657748418359,8101,None,CBAM
282.6878795601225,0.07155284900072764,391.00922180390654,0.7307804268862936,8102,None,CBAM
131.8066299038101,0.0780308665001495,303.67398273402404,0.5705082044351749,8103,None,CBAM
351.82969365115247,0.5235911156148286,195.97936249622978,0.3025012263196974,8104,None,CBAM
283.7629482030478,0.8525410490072793,166.1325970484603,0.16672722158346273,8105,None,CBAM
162.58956495428245,0.10295726928667195,196.3446561243948,0.47264677112253856,8106,None,CBAM
50.80772877932838,0.03172151082159915,185.96205890435303,0.4333467979374546,8107,None,CBAM
189.36790662082626,0.6473155458915113,31.114875232041427,0.5870024034862835,8108,None,CBAM
230.84400377722477,0.4598147061835563,2.5467604569218985,0.9963687465820597,8109,None,CBAM
102.92829089613646,0.24610395080333494,68.08643605716267,0.10296040915265924,8110,None,CBAM
306.7654057701965,0.8752262140372693,384.2527770434841,0.7523904100652988,8111,None,CBAM
310.9313618218929,0.9315395559689745,340.709948612906,0.9188728105661293,8112,None,CBAM
161.72854672598044,0.4164477966185741,284.82037545697193,0.7240707681089783,8113,None,CBAM
97.90348314099502,0.667606938450618,89.63589572006305,0.1899114407920154,8114,None,CBAM
285.56596164010466,0.5885324211453996,393.6810061437877,0.9551966686501769,8115,None,CBAM
254.39703483358235,0.18966907309587788,337.0518619393943,0.3690512737072962,8116,None,CBAM
204.5243723421206,0.4453971617056139,232.9809552470852,0.4578822977656571,8117,None,CBAM
26.184419827661003,0.3332439055023621,75.10112636192862,0.9647901613511147,8118,None,CBAM
45.371573885494975,0.2607781370485097,331.80977327445464,0.3821738109530266,8119,None,CBAM
314.44641505670165,0.845863789521234,201.04567184719468,0.44608788256302295,8120,None,CBAM
149.72977897817725,0.03625320673684788,305.13224153355947,0.22732948176160425,8121,None,CBAM
98.6276534031329,0.04236764139996144,15.483452456397123,0.2785092082496643,8122,None,CBAM
118.84122461116387,0.7506382857566977,171.46774290118788,0.33333433686671426,8123,None,CBAM
241.1552648346754,0.8552839525560961,284.1471658762644,0.6457389073128582,8124,None,CBAM
16.399051777962303,0.1693955017754146,227.55197585719645,0.8509915987119249,8125,None,CBAM
301.05132441620526,0.0002261670757149297,206.90022434547086,0.6069363304993524,8126,None,CBAM
43.34206335696726,0.8660053166250952,147.55325996570875,0.8027758466491168,8127,None,CBAM
85.60366399942605,0.4936197959217152,319.6239529846518,0.6020064968606117,8128,None,CBAM
290.11199917969617,0.41502652115755095,119.75814268466003,0.30516545789054383,8129,None,CBAM
62.19776843368714,0.5794307169333094,159.53349248699203,0.6642101514948568,8130,None,CBAM
122.99315388497232,0.21281092869457985,357.65667591929866,0.3760434388947253,8131,None,CBAM
377.8792851557459,0.5467001919722043,162.92147297910654,0.8229781927254702,8132,None,CBAM
156.38402348622537,0.5444362111996768,133.0769814871405,0.08479689088231358,8133,None,CBAM
183.0421630605559,0.39826322281623966,70.62267335264585,0.479379769311299,8134,None,CBAM
124.20753356560796,0.5624442617480343,20.112925440066,0.3812475994542861,8135,None,CBAM
289.5774536175502,0.9648273786576463,217.99613266015214,0.663513324984408,8136,None,CBAM
9.63786799797521,0.5814726007018278,339.7320810830321,0.3887557432829557,8137,None,CBAM
307.6269837586279,0.5943315482486847,351.02875522192727,0.6449731032523274,8138,None,CBAM
325.9651875310254,0.10920156557376341,309.9009936617986,0.1550494071931334,8139,None,CBAM
319.8018496266855,0.3389083860016161,98.03619272767669,0.049176884493498545,8140,None,CBAM
266.65437387288,0.605764424266228,186.77449799797907,0.16549993096473692,8141,None,CBAM
187.57415717296703,0.03084610062403256,269.8420316830049,0.08747578281219077,8142,None,CBAM
247.56292441862206,0.4690853292962313,101.13672791765578,0.33742159598226723,8143,None,CBAM
14.311333549180288,0.76153180975407,264.11843134261034,0.3773229626606395,8144,None,CBAM
33.35303960704413,0.8374481352282751,203.36475242440545,0.6981904450646675,8145,None,CBAM
262.25739025273083,0.9061542408615273,285.79806228066303,0.9827035422763616,8146,None,CBAM
222.44275606473818,0.9555435946912317,339.2031921369093,0.42746207833961697,8147,None,CBAM
23.423347967465578,0.5572796416242048,345.36884692326527,0.4164914767629284,8148,None,CBAM
310.53248635248525,0.9828564908343821,265.0856890584264,0.025501425723329845,8149,None,CBAM
317.3131319699597,0.07059599814913019,77.42406349415923,0.39199662036340704,8150,None,CBAM
281.78773067771345,0.5198194828996364,371.57995785138166,0.5709211557560295,8151,None,CBAM
104.45132306203773,0.12751314875543118,13.91832512172891,0.10520294287118832,8152,None,CBAM
98.33298254849235,0.6383758536155658,21.268640929620148,0.48220935606709087,8153,None,CBAM
186.90101654738928,0.8611928607368465,51.35997255583058,0.4582169644362148,8154,None,CBAM
69.27412057328827,0.6580937792937132,132.37399706428397,0.7180975399133068,8155,None,CBAM
229.59183051769588,0.8202379295331419,106.34037289727256,0.3309564779285817,8156,None,CBAM
399.5242059497767,0.17128356444226572,318.10566068216525,0.79183513201031,8157,None,CBAM
162.9802938164313,0.47289978251295994,68.51476526349386,0.9067171560134151,8158,None,CBAM
172.03956814583327,0.5427915603849954,108.70573002810382,0.8315910269016772,8159,None,CBAM
235.82014486219921,0.6396413899460287,93.49884095930291,0.6135513415812955,8160,None,CBAM
94.01283515228921,0.9055404837364057,146.55501536219572,0.12945786415686839,8161,None,CBAM
82.12842311908148,0.1802329008318603,132.73832063917772,0.16223614206838144,8162,None,CBAM
168.15300168086137,0.9736579440272625,325.7708544646857,0.1265012935843674,8163,None,CBAM
330.4608025256095,0.16603794021241497,83.77608545521358,0.45608699392254626,8164,None,CBAM
398.10860780060165,0.752802469300164,288.995136433311,0.07184152605317955,8165,None,CBAM
28.10382348733133,0.28560926403037784,85.0698247448896,0.699299854102095,8166,None,CBAM
189.43575992913344,0.3655995915463227,103.86758500237998,0.37141643626460696,8167,None,CBAM
33.37880010666184,0.852069979091117,198.84229489909305,0.6657588840170893,8168,None,CBAM
192.06696772401264,0.7573457872660889,254.19211181556759,0.9043153796619715,8169,None,CBAM
64.48072048730323,0.13712804786356117,220.51292070115096,0.8128284918491382,8170,None,CBAM
62.74288864774613,0.9802297707718914,205.15615561094393,0.8348294005463897,8171,None,CBAM
379.36300334120176,0.8916989719500167,247.3344350799633,0.9836039182995339,8172,None,CBAM
233.82900976025854,0.719982421675805,132.94243593398858,0.6798260669777489,8173,None,CBAM
156.01616499832875,0.11499911639714058,96.54269689966722,0.1001181865521078,8174,None,CBAM
346.5987420127389,0.40007713251710847,4.860977931487525,0.13648049816443705,8175,None,CBAM
91.31943944245795,0.7588928544142954,7.257694341057154,0.06045176220230595,8176,None,CBAM
332.79864080166504,0.7581140162968939,338.43908265308136,0.8893632196598462,8177,None,CBAM
384.48206799708197,0.9702213464948012,54.21487017022824,0.28814447940382043,8178,None,CBAM
366.50166283785927,0.09252809210172597,232.75803781252802,0.05974912982323459,8179,None,CBAM
234.85728409873298,0.9860476165737762,353.394874108408,0.276245046854122,8180,None,CBAM
331.12616238320186,0.11047034138104152,349.70195940711307,0.9093758810361536,8181,None,CBAM
0.9135804981432554,0.4783833845180867,78.46621551253327,0.21114797326076384,8182,None,CBAM
205.88184823750666,0.10168341850023803,229.53200627277744,0.4926878176844319,8183,None,CBAM
249.97253391386525,0.518093885811753,355.83475849272827,0.7247396065827272,8184,None,CBAM
0.4086756532780895,0.6219600007766505,341.27628847383835,0.28542791034914416,8185,None,CBAM
273.70276706388734,0.665289557364114,286.7230734050611,0.5903814202385056,8186,None,CBAM
204.33412298094927,0.28331988096517347,304.3450412553017,0.4408460257778959,8187,None,CBAM
46.712675455510336,0.719661036640983,292.4520878266848,0.7156250559710661,8188,None,CBAM
298.3652150191705,0.011224303636916157,209.73490437000032,0.31533803937760435,8189,None,CBAM
111.89387230183341,0.4008117611383894,263.03021177490183,0.7741472966798614,8190,None,CBAM
128.53518317372624,0.7247703190595872,296.5701866509415,0.6083233503017541,8191,None,CBAM
171.53222751776931,0.6272556896257157,5.617554336898997,0.8067894150429367,8192,None,CBAM
53.83105679229384,0.49595139308140196,106.80529645372086,0.4935522738258878,8193,None,CBAM
378.0728720249468,0.43976941841621175,48.64959203910271,0.2671293602811254,8194,None,CBAM
262.6528802681653,0.3134950204903395,101.60371780416466,0.3630591411988375,8195,None,CBAM
263.24966667288624,0.03982112419523083,243.00852709075383,0.8706448652422882,8196,None,CBAM
53.921665916654064,0.7819254005852505,54.78081170035628,0.7038202949380429,8197,None,CBAM
174.81041536476405,0.29803832262670404,372.9800632135144,0.2135958087054167,8198,None,CBAM
82.78908224768767,0.5977090953278676,34.497973633823484,0.10060701598913128,8199,None,CBAM
273.02858259675634,0.1594632325186377,176.68774039839502,0.5011276023531894,8200,None,CBAM
224.47758810720217,0.22071280329238277,26.89106429562223,0.7726354434110815,8201,None,CBAM
148.6342466790831,0.5670147380370965,235.44317834861164,0.3185364310274581,8202,None,CBAM
150.74650123651858,0.900960007061428,76.23057942012237,0.16505278577288907,8203,None,CBAM
167.69678916574492,0.6771019847847997,256.62919365979195,0.9365391559409366,8204,None,CBAM
207.7224544383467,0.7210513049287003,357.46864046834236,0.2469875149529234,8205,None,CBAM
293.09886318452794,0.4412286857928913,386.49481763591626,0.6033343848490152,8206,None,CBAM
353.27943155755895,0.14749343857578942,208.25303976147364,0.5441611852974371,8207,None,CBAM
268.0075450227033,0.33500895080673365,16.50034508606836,0.17203674129859986,8208,None,CBAM
35.26011282835564,0.10107826068495082,314.1191992682714,0.47732287283071656,8209,None,CBAM
235.69215800435336,0.6186788827878079,249.9723847959445,0.29452842708311144,8210,None,CBAM
96.60212238077305,0.8433383825296767,164.0038268861785,0.7490365387778676,8211,None,CBAM
32.35610331541897,0.758758055865105,49.35853589161761,0.09799045142821056,8212,None,CBAM
310.1566242193142,0.3264216558678756,114.52744046733278,0.07613597469455327,8213,None,CBAM
357.0320150711467,0.35984372740993864,46.10459465043115,0.20863937202353453,8214,None,CBAM
291.04196468674917,0.6713147526929524,61.167629376710394,0.9911803533657915,8215,None,CBAM
261.4323148794222,0.5748692493902553,397.824830660564,0.9986170382562771,8216,None,CBAM
361.20570819633076,0.7783845038834993,130.13034397236189,0.1794096909116513,8217,None,CBAM
101.4383620942603,0.7730506986601302,17.192730658456316,0.6392862266065178,8218,None,CBAM
327.66935492607035,0.07446103245565325,328.2858848356131,0.9676055057865157,8219,None,CBAM
264.8345284251416,0.78699888629191,30.237941646282717,0.6400622697259178,8220,None,CBAM
142.23734290869956,0.4331802439765303,307.0335795066261,0.5264434470701281,8221,None,CBAM
369.3497716716857,0.04076260548644714,345.1944785621177,0.9579890127534754,8222,None,CBAM
299.4305931570075,0.5607629958921844,249.2094551699133,0.4139103487615774,8223,None,CBAM
338.1179416664684,0.676859420468557,360.7514544436824,0.5616810885860972,8224,None,CBAM
51.54849521772648,0.044427148429513626,14.925062390354865,0.8948533306991598,8225,None,CBAM
256.6185664661541,0.44617710303410585,123.61283412587096,0.018198787273965615,8226,None,CBAM
87.99533250148949,0.4338995175026277,356.04561679782677,0.13484988101877707,8227,None,CBAM
139.24279104598273,0.3533672067380757,286.71974303789466,0.6339201880951592,8228,None,CBAM
258.3921023685912,0.6573857140468395,240.07827716241806,0.9300487588346554,8229,None,CBAM
399.15045353725446,0.25731932099606947,70.74244359324912,0.5361006782748553,8230,None,CBAM
36.817901019938326,0.9783657762368417,388.2603569405909,0.06714233078961446,8231,None,CBAM
96.6574730295643,0.5672448350361593,15.211343685621644,0.3869345781515114,8232,None,CBAM
95.24466855399145,0.1548018023219593,140.28698189549897,0.4717096051556097,8233,None,CBAM
214.78034315830783,0.8875550504461395,210.4831178439522,0.1239458094065355,8234,None,CBAM
304.0381393356176,0.3691947971987445,180.54766993020758,0.42993776320683147,8235,None,CBAM
190.39097881260537,0.12120872287275371,57.282725758632346,0.2093039444474071,8236,None,CBAM
94.94878707015964,0.6351757126456116,181.28579978872628,0.9193707084769535,8237,None,CBAM
81.29009432803147,0.03537584091621372,225.31143094601362,0.42331845016378666,8238,None,CBAM
123.69654631607803,0.9337650064149845,161.30127981535114,0.780835530454809,8239,None,CBAM
136.99451919190415,0.8502587710864519,208.8271621619016,0.5217665515413629,8240,None,CBAM
232.22582096766345,0.20906467741546358,288.689043625769,0.8495518307424429,8241,None,CBAM
58.546206285720594,0.5863600950559026,272.59116066696606,0.2601372173442697,8242,None,CBAM
181.3920289307241,0.47803012469423584,42.7563196635664,0.9279053276848164,8243,None,CBAM
326.75809898775685,0.015568748861806545,160.02401695583873,0.2901795589002608,8244,None,CBAM
277.9515142443045,0.9712977649314091,44.954623047900235,0.781655988082968,8245,None,CBAM
198.69785334962475,0.038872460984799954,225.49768592870646,0.6090273292498756,8246,None,CBAM
276.5564947300453,0.2535617971006767,380.46160931680475,0.9415582883426112,8247,None,CBAM
9.599042932190843,0.18138718729467398,197.8346660455649,0.40412825710497796,8248,None,CBAM
122.76749569251963,0.2848046521314205,117.12882750703184,0.8615739722480673,8249,None,CBAM
152.21001864538326,0.055821313962058666,43.35984041978753,0.8921140611534019,8250,None,CBAM
268.7257761626854,0.9677890109036248,322.9749074138918,0.018449759901181233,8251,None,CBAM
271.2622110969656,0.7496695017876295,373.57866934822323,0.967883201131459,8252,None,CBAM
284.9607854014195,0.3330652354867111,174.95513049963495,0.47289909866723107,8253,None,CBAM
61.5226750461929,0.955170552736392,23.93664753911181,0.13039419488197018,8254,None,CBAM
88.06132300047781,0.47512182070754405,12.89921984098584,0.6143993846095155,8255,None,CBAM
111.45089003224507,0.7118556230896963,223.18215031444933,0.649055657683897,8256,None,CBAM
131.18803130298426,0.4868616622577341,195.71739524183403,0.922671400245859,8257,None,CBAM
29.036634125067078,0.5013909440188151,232.81174528733413,0.8614022846520114,8258,None,CBAM
103.58658049911236,0.5231616946522482,41.95467454299411,0.1356678278969165,8259,None,CBAM
337.6646759584054,0.17808586551487057,205.56685787253852,0.1620253221430867,8260,None,CBAM
375.3925421199866,0.12207217842799381,158.95710454732165,0.1703236590527101,8261,None,CBAM
153.90117363637486,0.9041654878712388,315.62116217676015,0.8652613604079035,8262,None,CBAM
207.20236506653663,0.4357856912940445,122.88723951865867,0.6031238555560241,8263,None,CBAM
193.94376559732913,0.8976308870194624,390.8505045195514,0.36678747237781617,8264,None,CBAM
20.86463426052202,0.8310886406891506,45.79727807760881,0.2890938929648885,8265,None,CBAM
117.7698100651806,0.6269160055636545,281.8640338581857,0.07910877303057207,8266,None,CBAM
114.32373441987205,0.20371339488501722,215.99951406014694,0.4976352359310378,8267,None,CBAM
174.7436383186708,0.846153280437961,22.338750730328535,0.12264975284920349,8268,None,CBAM
108.22735283978638,0.4440654806739508,274.2813100521783,0.7302958554783239,8269,None,CBAM
173.76165912636057,0.8541065141762106,61.81505806966088,0.26810639870599595,8270,None,CBAM
134.95325400293726,0.5526286149021546,182.7093217308818,0.8926982019632994,8271,None,CBAM
312.9159757590471,0.9864175777337969,133.277594428325,0.605004280988209,8272,None,CBAM
183.6798273667533,0.9298419384070549,387.1123466334791,0.810276177550687,8273,None,CBAM
397.8412242246392,0.31686667335651436,181.4806142565703,0.5469986791729291,8274,None,CBAM
106.79111669788269,0.07761190385302376,64.45712647181676,0.4449467187415399,8275,None,CBAM
368.5784416733631,0.532426397839019,103.00862675915221,0.8000894423912228,8276,None,CBAM
129.16126611592045,0.5309440222234354,169.48336258538924,0.5349699563584687,8277,None,CBAM
267.1721569253932,0.1705665957064415,290.15641450222023,0.5838199216576249,8278,None,CBAM
155.9561280731829,0.7609847177119661,37.523945032943445,0.8350120324678735,8279,None,CBAM
116.01615140644137,0.09485789501675196,113.8954772049433,0.7666262906043602,8280,None,CBAM
71.30008405557125,0.7047286630291724,378.79561184280067,0.8597222956827669,8281,None,CBAM
24.43077314385768,0.3908676694790337,281.78821034595154,0.6299516129242649,8282,None,CBAM
271.3755125078511,0.6288744107840113,295.73811717530737,0.86814414696409,8283,None,CBAM
23.81918373647224,0.8697706811947619,5.6980412237129725,0.39335086227354094,8284,None,CBAM
88.10953811651527,0.01834337904744327,57.991679116765106,0.44275402030895783,8285,None,CBAM
224.5393977460272,0.5186450228032703,282.223771929103,0.21916214289109082,8286,None,CBAM
37.413266855106876,0.6947287274478497,327.64879685909943,0.24292323410435565,8287,None,CBAM
214.9509529343479,0.39845928077894877,307.7493751144258,0.27046955845656856,8288,None,CBAM
27.289006068451588,0.9763454449980714,123.20457588017182,0.37960331693299837,8289,None,CBAM
250.04659335129688,0.3324676417015401,60.16746817773476,0.06576914072934459,8290,None,CBAM
387.6827963902141,0.04538932759310466,73.60442101991381,0.6015691507012418,8291,None,CBAM
368.0201904859844,0.06398768381461578,259.155378552084,0.8032067218277535,8292,None,CBAM
259.5729253098931,0.13086462339561009,252.88848229258218,0.7917508217527196,8293,None,CBAM
272.9421436495074,0.15921466194671816,0.04330074333923007,0.9598466272187829,8294,None,CBAM
389.6816759983618,0.22839404470091101,387.8472164684169,0.5697640217263817,8295,None,CBAM
115.15567793877182,0.7288791533660884,188.21317069694743,0.6808182094069133,8296,None,CBAM
200.47824740641906,0.37720735139937184,198.73467193425626,0.9599516944523996,8297,None,CBAM
182.30381950268375,0.9335076875370986,182.77381613042436,0.2131346646392617,8298,None,CBAM
232.70152770833258,0.29014555756120564,248.27296813021428,0.553291897612682,8299,None,CBAM
277.02642701817877,0.28262178549764716,397.75801641906554,0.2535363962503694,8300,None,CBAM
153.67680002555002,0.15895799575119965,63.92496981394651,0.8450098499366394,8301,None,CBAM
351.20396748343273,0.6942872666488473,355.198404265138,0.6310668160468286,8302,None,CBAM
114.43788467026035,0.5391363197380722,313.7146759194445,0.16642330097550867,8303,None,CBAM
3.252492696571676,0.350885692934889,301.94928925984334,0.7350860733695204,8304,None,CBAM
187.68435023069785,0.5043938426584297,50.99584653734094,0.6133240397243607,8305,None,CBAM
164.8959337886774,0.5718541018112075,182.8848355507803,0.5375727305861159,8306,None,CBAM
397.7269737312031,0.12854208462826103,398.29655663251884,0.8971162943901901,8307,None,CBAM
398.28936906935456,0.3051566910144086,341.4684210300147,0.49655234982551266,8308,None,CBAM
385.52526150365634,0.5015476482369504,328.57270637466036,0.0976221325611416,8309,None,CBAM
262.46195701971936,0.12439757674082712,130.92136003952146,0.713539543241817,8310,None,CBAM
312.74377676814265,0.5279430973135825,147.74529661983627,0.4854250895960756,8311,None,CBAM
188.39751888452298,0.14958896666686003,127.17473779341016,0.8134377365891763,8312,None,CBAM
211.89058392305427,0.18945518037168535,224.84926086800726,0.7237674936922388,8313,None,CBAM
26.2530450129486,0.637704760139498,59.6297047304821,0.5404147407150106,8314,None,CBAM
273.91771055284255,0.9410160760689217,13.651038641644492,0.5767642245276241,8315,None,CBAM
112.09468302272381,0.003144048914679331,364.273375194788,0.420079824235807,8316,None,CBAM
86.64316915429092,0.0945904836389997,16.324824273589037,0.05247589458592766,8317,None,CBAM
76.4870917931188,0.5574292416987304,383.5228725261757,0.3059828118071839,8318,None,CBAM
305.9589874827545,0.14327641570309108,230.73673528776212,0.43953003675070573,8319,None,CBAM
309.93658453876105,0.38503572346494297,250.72067701878987,0.6704025802155038,8320,None,CBAM
77.95160002700646,0.8102214567953391,35.646953751773886,0.7720974114147453,8321,None,CBAM
353.5144266008506,0.6111547096396479,140.1958524534577,0.5807629542777031,8322,None,CBAM
240.5287283707653,0.2350391643286967,167.26572220940528,0.7163410831839745,8323,None,CBAM
85.40156629450424,0.4826292419069162,350.61235933579786,0.6258861487362409,8324,None,CBAM
296.7019663656573,0.5037355517190948,58.451579821222246,0.4419214837270888,8325,None,CBAM
102.0351509747574,0.5236179751505716,20.431884980808032,0.4108640504745918,8326,None,CBAM
45.26208107887132,0.9776839186821336,136.62276620934207,0.0002763173480037282,8327,None,CBAM
349.45224529664085,0.7960406307908745,236.54906495972585,0.7276287886142321,8328,None,CBAM
128.8117783194029,0.2082995143520797,351.358154436816,0.09977718938386072,8329,None,CBAM
384.4309442927542,0.4249019595462892,281.45761718349627,0.46802577967652575,8330,None,CBAM
25.430046957418366,0.020918223565189516,61.498974504738946,0.7649353886975291,8331,None,CBAM
262.96340441511126,0.5641714233123071,10.72711274832343,0.5545439840888332,8332,None,CBAM
217.1644689547243,0.662308416402531,397.12593474411915,0.9161716015519851,8333,None,CBAM
327.99564996823,0.6435771535867783,192.30299733012598,0.4923312155577158,8334,None,CBAM
35.420193766793815,0.30727674585867343,91.62879091090674,0.8774908668183661,8335,None,CBAM
12.247976973259341,0.4244986807653878,157.69657688488883,0.09434987152848257,8336,None,CBAM
187.36451873686278,0.2743003928875075,43.95534992250936,0.45856502790901993,8337,None,CBAM
281.26216674050914,0.8423461827253332,40.6166008542208,0.5785919973789018,8338,None,CBAM
355.07523490777544,0.35723171736343057,14.677938594843761,0.8334462946322341,8339,None,CBAM
200.88358435030776,0.4292250278392192,267.2851480726491,0.39114224219844707,8340,None,CBAM
60.659263643814235,0.08111480375838546,181.20226620043164,0.8008668581614202,8341,None,CBAM
225.70703240844767,0.5981389020812389,368.7596092802953,0.49889124621646974,8342,None,CBAM
40.493414250145726,0.6277976890046725,75.98246774913649,0.44129245581664744,8343,None,CBAM
52.46627003827867,0.6607117979247681,229.0885933036984,0.17624970872780812,8344,None,CBAM
68.65377374052473,0.019226749718995295,79.51318834644883,0.31659440636100467,8345,None,CBAM
200.74869481876632,0.4952109433336073,327.7323378929642,0.0348268214493863,8346,None,CBAM
372.6000636063293,0.8850578467987067,75.79178398418601,0.5085816640664239,8347,None,CBAM
382.2648641162187,0.7866347319032615,207.50381724663188,0.683135498095978,8348,None,CBAM
127.7516121694982,0.778152120325285,328.7765685865903,0.33158704508406817,8349,None,CBAM
390.07527546271234,0.5351215778829476,14.317513389813612,0.333145537587038,8350,None,CBAM
58.47704879965253,0.9507927605328518,386.4023838936535,0.08050390846888957,8351,None,CBAM
135.94205150608562,0.7382008806106533,146.43840232801074,0.23142986572395544,8352,None,CBAM
11.763401440952759,0.4529300794496902,283.70280454469724,0.446259031518636,8353,None,CBAM
304.4207203584917,0.042133695857754484,338.3588698004068,0.7874456488034969,8354,None,CBAM
277.53141915668624,0.5376182532317503,293.5142426424145,0.40108803968367623,8355,None,CBAM
31.484979855648376,0.6135758999412357,254.6001512945263,0.3979208722686064,8356,None,CBAM
191.8983042506524,0.6650825165346124,40.231338274736544,0.20295323698177065,8357,None,CBAM
206.44927239528616,0.41971966108425074,234.3194199689516,0.7210727972188034,8358,None,CBAM
243.50977547084125,0.5443877336334186,78.40673970321697,0.6382254721319491,8359,None,CBAM
77.3539701555293,0.6540950007398177,213.44504875978112,0.48300118712127577,8360,None,CBAM
113.23295595268665,0.4085625302913932,214.32917899889122,0.5064706743071993,8361,None,CBAM
364.25859010423045,0.27212967243446395,233.6285879802241,0.13629890888799318,8362,None,CBAM
253.67265408705975,0.9908870591292546,249.0895609267823,0.7407835490759873,8363,None,CBAM
324.1745700940262,0.778547347776163,374.3641053884828,0.4247457492715588,8364,None,CBAM
218.03058704568903,0.6602530005027315,81.0959062229796,0.798066718136666,8365,None,CBAM
366.68687042943964,0.819144457751852,210.31599700579056,0.16143594428394736,8366,None,CBAM
298.729319286917,0.9420625185850843,178.2114526731865,0.671042741981783,8367,None,CBAM
15.787566826336635,0.9972900259373924,335.76712016268834,0.7612469907618877,8368,None,CBAM
170.70692251106692,0.2116128016368386,325.38528719440114,0.8891235731769919,8369,None,CBAM
142.02802240832332,0.5255611234818177,45.17794881898786,0.05477336057409259,8370,None,CBAM
55.275587983222366,0.6064919426635741,290.4699473450756,0.33304725655135,8371,None,CBAM
9.818585084938446,0.48431455386133526,96.58328345961169,0.058713731193244086,8372,None,CBAM
89.1011510312553,0.7512529586216877,388.96720179295767,0.35168781194604454,8373,None,CBAM
257.2349583262876,0.03237612732761716,155.19080541026992,0.42443713749882567,8374,None,CBAM
205.02333834186643,0.17603318343276442,222.40277532276252,0.35340563797006347,8375,None,CBAM
64.94935650174877,0.8954921553104802,90.11530463861361,0.5996594231481345,8376,None,CBAM
340.2100758593798,0.5812431112359643,277.08094384015226,0.14130231481163552,8377,None,CBAM
248.71078066180584,0.28405882281010664,46.02075282859877,0.5113630909122899,8378,None,CBAM
231.93068712614294,0.9803560251125504,197.25840304818146,0.8745513978289756,8379,None,CBAM
190.3510568606231,0.8920986070938689,287.5511309712932,0.02866598063554656,8380,None,CBAM
329.0392171310846,0.39005367891146436,322.78408544554986,0.9117167873963405,8381,None,CBAM
355.8325252553955,0.6291327250053468,132.56111382002513,0.15421827822971754,8382,None,CBAM
239.9827694520381,0.8815171499999411,198.5052127558092,0.8204644526737526,8383,None,CBAM
169.2224178091997,0.10637385030339058,311.088138153552,0.12599016386901302,8384,None,CBAM
242.88741614350258,0.04781332793105966,150.958811081786,0.3055529932975623,8385,None,CBAM
46.51862478996185,0.3163753446393841,176.62842133996367,0.5638707329951397,8386,None,CBAM
332.0902268191851,0.7580453041804907,148.71712615065093,0.4362486632076041,8387,None,CBAM
26.449902561568738,0.4987378521743041,7.891633738627074,0.5878393319632399,8388,None,CBAM
165.36585009479253,0.7417851630631795,241.15238291962226,0.23240157121356597,8389,None,CBAM
147.49603292630707,0.8982153914120882,395.5379490680395,0.43991559588860224,8390,None,CBAM
97.46670166892756,0.2576211247612407,70.19968240479693,0.3244362563788315,8391,None,CBAM
130.46307463074353,0.9699641327113299,27.03068812364816,0.36854726180919367,8392,None,CBAM
365.0874301195307,0.5151369416752944,39.897845367392634,0.8599742506139738,8393,None,CBAM
49.73957907119962,0.45463556650523074,130.5585567634388,0.14765879253540745,8394,None,CBAM
352.13687221170403,0.5832236771986863,336.11769709713417,0.23395816053649923,8395,None,CBAM
288.2276557766143,0.4795532032982517,360.1522637436887,0.5514104018919432,8396,None,CBAM
115.97440805925052,0.48835207114709783,14.147565346349078,0.3354480146321999,8397,None,CBAM
167.10635109326228,0.6316347769017647,362.62527670486395,0.9918983484811745,8398,None,CBAM
217.37910660606045,0.16895209369268904,143.27529063936794,0.9909044656241469,8399,None,CBAM
100.87444308838236,0.6693482140870974,370.97012497990033,0.618487185299332,8400,None,CBAM
24.68964630386,0.5532310511472418,160.14316930109683,0.9275656239080381,8401,None,CBAM
396.59022216758206,0.4047507357777783,118.99765597706818,0.32618571889434583,8402,None,CBAM
255.64454173260418,0.07579310957176966,234.13824911336647,0.6801923104901565,8403,None,CBAM
49.65725603149971,0.037452027125350035,66.45538903888097,0.7949730443135782,8404,None,CBAM
364.5794590762152,0.07133667518461931,371.0501352510844,0.5288028850004889,8405,None,CBAM
13.76238150295809,0.4691027126702837,272.46931228098435,0.19513923845999823,8406,None,CBAM
257.78266256025034,0.8206005359592223,90.60720440331981,0.060214804298705425,8407,None,CBAM
338.59544740372644,0.81483801157176,259.5034681692326,0.9821372404139113,8408,None,CBAM
222.7042128154525,0.705340362503889,223.4137556558744,0.9554046271375896,8409,None,CBAM
360.05782968215465,0.3763565890098111,252.74230318064795,0.2561397658291801,8410,None,CBAM
375.66349106644657,0.48563639757345967,312.0094377967324,0.8366833327585993,8411,None,CBAM
79.62958466961133,0.29257498856873787,213.27401686772512,0.2564031699448918,8412,None,CBAM
292.20702675774527,0.9624999353312312,216.91243407139592,0.3687374583871923,8413,None,CBAM
18.090478574931762,0.6984656755020336,30.285398490275846,0.0934912628010519,8414,None,CBAM
96.07659816564058,0.9795246247999821,300.01109605228976,0.9555444343033801,8415,None,CBAM
346.801479336226,0.7982686315742591,308.9184325886729,0.18861024874181456,8416,None,CBAM
203.08241746177177,0.6169172481202986,281.8821614296769,0.5053794984603659,8417,None,CBAM
377.51786414305604,0.2043520082644138,310.0565688384278,0.5412418031187045,8418,None,CBAM
384.80546433530725,0.9794273718763272,353.03828098123785,0.4742520166493932,8419,None,CBAM
10.788387551539225,0.3922504615634749,150.22518369792834,0.6297918212269243,8420,None,CBAM
329.33249828379036,0.6867706271463384,169.17469055355042,0.9949138162926568,8421,None,CBAM
187.22445183761812,0.7835162990220106,278.711591417626,0.0862346465214252,8422,None,CBAM
289.8393431696485,0.5060193183512652,218.44878979911053,0.9360606474505637,8423,None,CBAM
341.9109673767511,0.5921184144016599,35.38636770289438,0.3739081172683522,8424,None,CBAM
170.5504007218472,0.7753686910551951,68.6799415609408,0.38598480812500957,8425,None,CBAM
192.61012170880326,0.5584661258527465,289.6458414712777,0.9876856311789777,8426,None,CBAM
319.63943191149747,0.6834756139342084,325.1387544630262,0.30475819324254627,8427,None,CBAM
374.84759524125195,0.49976616593759865,31.183139043983132,0.6768183951760585,8428,None,CBAM
259.99550064905065,0.8076418399416805,371.00078894345694,0.4845985254083272,8429,None,CBAM
115.9018594274589,0.09042202526052665,286.59460095793173,0.8085145513783872,8430,None,CBAM
186.96010374697545,0.6308770611860852,182.42450884722027,0.26911384631868973,8431,None,CBAM
344.73415283751143,0.06705399998121694,185.37893366336846,0.8437474478563639,8432,None,CBAM
91.12942186683493,0.1412708173522355,100.85934109305015,0.5354058361347603,8433,None,CBAM
272.2678963887255,0.10451175556744105,262.0199042236316,0.8828523727699834,8434,None,CBAM
388.45851729534223,0.5402571071337644,72.51389674408854,0.07345390539848294,8435,None,CBAM
368.0843836816756,0.984102424117532,164.66733606019116,0.017864492397294374,8436,None,CBAM
364.60925048755666,0.38817002638027504,189.6497968990206,0.23641363108256624,8437,None,CBAM
21.98257742270515,0.9381527788325545,242.2158870709714,0.13612177441856668,8438,None,CBAM
188.83872022243392,0.19862086473791007,48.27136084643736,0.3785131795659924,8439,None,CBAM
336.86199005733897,0.4741889234463823,62.76620035284813,0.40474103107821574,8440,None,CBAM
392.92185532093333,0.14368193413674982,125.01546101103492,0.6980117995297629,8441,None,CBAM
225.86932403117555,0.3116354661124837,146.97648398554074,0.8031580280722501,8442,None,CBAM
172.55111102558686,0.7434296239599926,39.37733398259217,0.9989869243992491,8443,None,CBAM
252.90086233454608,0.5435908410792587,68.94888386428687,0.7048485405704761,8444,None,CBAM
168.64724691759918,0.3720380770614679,279.3686114134026,0.80516859042033,8445,None,CBAM
399.41268712984663,0.8768058700015426,104.11596157382685,0.12801675027156328,8446,None,CBAM
55.00702689093584,0.3258504968353751,344.803352076867,0.13636992206177648,8447,None,CBAM
316.6915139218766,0.42359455419099706,355.3598627328036,0.3801612302110192,8448,None,CBAM
170.95577989305096,0.4778009673255317,357.07502880639777,0.6578701002333179,8449,None,CBAM
201.04855724369438,0.18049004359965665,333.581211914105,0.13754924271225324,8450,None,CBAM
109.79063799095768,0.2491643512466089,304.21092318009187,0.7261249286578818,8451,None,CBAM
219.43195391509977,0.9894647302057966,387.4637693502639,0.30129213608710514,8452,None,CBAM
339.65864188052154,0.1908616670644967,143.3925235646779,0.9417352516297864,8453,None,CBAM
335.00695300570686,0.9277227146038297,30.657965337558977,0.22374119829071148,8454,None,CBAM
188.77954581826748,0.1250318370581526,177.0296797269541,0.6058400558747242,8455,None,CBAM
224.4963015623961,0.7059513282421186,173.16541272674434,0.397729221488229,8456,None,CBAM
286.36680116241166,0.12719509531236384,399.8028842518048,0.2741466864282043,8457,None,CBAM
312.34822530069806,0.46863376202904516,356.384579041048,0.2760239186748837,8458,None,CBAM
87.21808954687299,0.24758929435216248,26.61402158652628,0.2005041972980865,8459,None,CBAM
347.7914873208131,0.9180998220654719,180.1020496731862,0.3346277625926256,8460,None,CBAM
370.23540589397265,0.04456562580455831,221.06192657622975,0.16275366389333348,8461,None,CBAM
127.22874769754837,0.4177865251523109,146.200747350601,0.7079956343264159,8462,None,CBAM
98.27667935644834,0.196418757194097,82.91539794564397,0.8336105264289202,8463,None,CBAM
114.68110534099789,0.14031328872379506,336.60575756593596,0.07561525836485325,8464,None,CBAM
174.04053988260569,0.521849435145104,84.12445958891603,0.9847249829914649,8465,None,CBAM
183.9086939652433,0.542846697299274,378.02670628761445,0.6683064950993438,8466,None,CBAM
38.35474266549293,0.8467817025484502,205.8394096765257,0.747301723955323,8467,None,CBAM
156.44521142755585,0.33563447063212987,296.09063379622296,0.6544343854874223,8468,None,CBAM
95.94141016784332,0.9769111862554825,141.40850990968227,0.11070897882288044,8469,None,CBAM
329.7595274625948,0.4568796834017348,119.09645585066582,0.6111030886770114,8470,None,CBAM
344.1189459627894,0.7185760504620873,275.96073501806575,0.16536302444230086,8471,None,CBAM
151.80570713627995,0.7315561772985095,254.80772743916157,0.6264017054666559,8472,None,CBAM
80.0673837412443,0.646634887516738,23.73697774738262,0.6922165828742696,8473,None,CBAM
118.49966949494433,0.8948251035552843,90.32917572439814,0.24340197574252748,8474,None,CBAM
40.78364794908194,0.3215468134744055,155.4882122252492,0.08935757582983969,8475,None,CBAM
265.3406208441115,0.9237117128639919,336.93216018517404,0.5801820950873755,8476,None,CBAM
93.54687647842849,0.18019952566952144,314.8911500286777,0.9591616550293495,8477,None,CBAM
371.4313737530592,0.2945054462513735,165.19520551906425,0.04249687783228185,8478,None,CBAM
31.37799287045027,0.23035122383662585,214.8810592495658,0.06906241470969775,8479,None,CBAM
274.009272543552,0.14187051686427707,290.3387515831303,0.6252992417102634,8480,None,CBAM
51.62234560228066,0.3744226139618988,369.88405879424954,0.8275649372332144,8481,None,CBAM
220.11497055107796,0.4181523227818772,137.66700822691266,0.7381163215506341,8482,None,CBAM
182.9885693567965,0.7642390178428916,143.42897002946697,0.2157547742156253,8483,None,CBAM
383.9113191423375,0.5547236681161728,358.652097935132,0.9375384174810579,8484,None,CBAM
232.5847278162307,0.5880829435107071,73.99168083578893,0.21515023692784205,8485,None,CBAM
135.61036699570167,0.6611922738649355,126.15106194296834,0.6409060444041828,8486,None,CBAM
54.3002366287336,0.25874120681778223,5.195363834716902,0.8954374697147699,8487,None,CBAM
50.767798416343254,0.2501109995747345,96.9772531408578,0.5052841978358986,8488,None,CBAM
65.34664845838864,0.617999784243478,119.64814877153435,0.20155964928470674,8489,None,CBAM
334.74019583036625,0.6871343417522793,149.49320230079553,0.788275498163426,8490,None,CBAM
148.2364153901134,0.31533295594137245,241.36865944655565,0.15457854690063008,8491,None,CBAM
84.47421786211694,0.7769866679584894,172.31862011877698,0.47469063146926443,8492,None,CBAM
257.43610806109575,0.9817043242859417,260.0048611375836,0.01998708469192636,8493,None,CBAM
354.4929388586866,0.372435020772776,19.529559326483238,0.5493517941615644,8494,None,CBAM
108.96264634249381,0.08368654076578065,110.4497905278946,0.20545649673741206,8495,None,CBAM
178.21900574269605,0.3404666744594473,191.9434922754101,0.17295821076162693,8496,None,CBAM
280.7763638776817,0.24806129896424964,218.91355108948227,0.9312253508405677,8497,None,CBAM
273.6170421137505,0.07303945841286856,368.24180817582595,0.5943197301649492,8498,None,CBAM
399.59320398459323,0.09204210245958948,163.29785685752384,0.45845171230113113,8499,None,CBAM
69.76111230569242,0.815775640599513,369.3576526378851,0.38199039092425674,8500,None,CBAM
105.03087948992065,0.7884550054414032,294.6370657013433,0.25461283715927907,8501,None,CBAM
386.37634007194845,0.3843110091117451,310.3108459963844,0.7001435620916324,8502,None,CBAM
154.17981112903072,0.03369532369481119,165.1253877984559,0.5163331307811231,8503,None,CBAM
209.16063097682581,0.9242381778040576,312.4470911764954,0.9267264432076782,8504,None,CBAM
160.70699986878566,0.7325446208413309,104.79095546334784,0.3653973481604913,8505,None,CBAM
367.31570226193327,0.2976285314840791,53.25231662697504,0.9504655473707863,8506,None,CBAM
362.88536694416496,0.7670092050416909,2.873323007175486,0.41253310379822755,8507,None,CBAM
206.6671128611597,0.9537179405375877,75.3422966144112,0.772350087344208,8508,None,CBAM
237.02202970537107,0.44721166518691385,347.720771518832,0.7252696491194628,8509,None,CBAM
117.130855995735,0.017738510338551276,48.04559394259745,0.7363611520849046,8510,None,CBAM
45.74448924312649,0.27474631849404463,290.817589352185,0.8735867919735821,8511,None,CBAM
76.3670908965199,0.1593488878267541,40.09660363870336,0.0389625761138697,8512,None,CBAM
32.518760291858264,0.06547299090681583,240.5441536988632,0.3117685871685546,8513,None,CBAM
259.62879922706315,0.42707971937300654,28.128413341488823,0.23286054832560907,8514,None,CBAM
350.9521428466633,0.054362609805403174,230.5979654831254,0.6176582321583274,8515,None,CBAM
169.94855754287147,0.0938017785486152,117.51874897068157,0.3264157794543995,8516,None,CBAM
82.32851794352686,0.7393788158485017,226.7848859947097,0.8234683482551879,8517,None,CBAM
170.00067169652786,0.23301528503171032,147.42727825962658,0.029094072540322063,8518,None,CBAM
197.58153370609392,0.5688741009772404,300.32684421381254,0.6216926436243184,8519,None,CBAM
207.44737415492835,0.8862103019596195,190.08307591423875,0.12496667149313195,8520,None,CBAM
190.87257424409992,0.747546212273946,147.18899334458212,0.9857943484979959,8521,None,CBAM
50.591110106484535,0.7124894560195323,252.61478860224162,0.6577070712158665,8522,None,CBAM
85.0956785652878,0.3612809967599313,77.15175553894146,0.8824977995934042,8523,None,CBAM
230.29979435258662,0.25235403147844926,149.8985227934388,0.12001041001210846,8524,None,CBAM
270.7364779479833,0.8480705393377151,244.81003601551015,0.5379475534426291,8525,None,CBAM
166.38494145923036,0.27764103337589446,166.01014822534162,0.8969453061505754,8526,None,CBAM
177.23102516088926,0.7532833286834443,99.96241048955312,0.9928456018427732,8527,None,CBAM
38.74107036141582,0.8539471055281848,296.55379153266824,0.2883756554114083,8528,None,CBAM
69.53186888877313,0.2745210246843259,365.9167844107875,0.57803820003567,8529,None,CBAM
210.03675340104397,0.9627359104466799,388.71666597966373,0.24103985702350658,8530,None,CBAM
363.40881650012943,0.44445410810781705,1.572402363823799,0.04439630196301892,8531,None,CBAM
276.71939496744756,0.5961789017717961,347.4536604935666,0.13669855952519688,8532,None,CBAM
213.66748025959615,0.2920482930289303,239.61075473630478,0.27509941545573957,8533,None,CBAM
103.29895061322149,0.8004720533484853,55.099450865834044,0.022287064079124133,8534,None,CBAM
277.8208971645469,0.294940579843007,210.21174208175077,0.9305149241193148,8535,None,CBAM
4.400015982950305,0.4992182888022584,212.33558795235226,0.052118609857989356,8536,None,CBAM
66.98222880057698,0.2860108724120065,298.75463799182654,0.4317196183777717,8537,None,CBAM
247.54730053555573,0.4291267934002789,40.716918317033745,0.5058628423164322,8538,None,CBAM
157.49865316355593,0.7501401550025548,309.2640353420756,0.7291886072462748,8539,None,CBAM
143.26121965557002,0.29862908630467366,338.7331422761485,0.7479801712777421,8540,None,CBAM
97.59149660742158,0.047390973740264235,268.148787479119,0.5059815195037716,8541,None,CBAM
105.09682115165886,0.8515033406490773,268.94474856590074,0.19102776845869585,8542,None,CBAM
342.41675466395446,0.8902127367903291,103.29105859057346,0.8092939378363074,8543,None,CBAM
66.04653950407837,0.43415838551019575,395.80745324791076,0.8981111363175854,8544,None,CBAM
176.1382630518562,0.57017745089433,318.9885807520944,0.2662446239866919,8545,None,CBAM
24.74403390122573,0.4049948154664527,63.876423843572226,0.6500043864289091,8546,None,CBAM
272.64702205239155,0.240226578248156,79.34742422303532,0.6353287940395048,8547,None,CBAM
295.84692969140593,0.8717915968663237,220.26655951670375,0.1824544999204209,8548,None,CBAM
292.9186277381406,0.9462044367045523,368.98701386664726,0.5952401342905429,8549,None,CBAM
198.03921200306786,0.135385911147194,130.31775056020766,0.5124547192740334,8550,None,CBAM
64.5634976996508,0.15657035756533166,371.61710583975105,0.7893970169325499,8551,None,CBAM
104.01689718859039,0.3180329971448278,270.86212781227243,0.7634334614130908,8552,None,CBAM
394.48327257717335,0.9073179055874917,198.09705572976705,0.179923435709428,8553,None,CBAM
252.5927670270967,0.38349329301527735,191.71914966154787,0.1581773280852812,8554,None,CBAM
225.55343914213083,0.027919617737375807,166.99476975110997,0.05635832344273998,8555,None,CBAM
334.0585496397316,0.2699623677126945,374.48747402352143,0.5460054003630822,8556,None,CBAM
294.19791251900176,0.2701765033440934,1.0860404445926488,0.28618045282134813,8557,None,CBAM
252.14561268295427,0.027289397771913474,372.7736112672113,0.5662643232346,8558,None,CBAM
142.16395802124205,0.29876633311215955,322.2408339288176,0.24775341382815338,8559,None,CBAM
282.7256814486144,0.7094072631551709,146.46478823546298,0.9341263775689633,8560,None,CBAM
382.5975343234448,0.7293176344099337,117.70447255471225,0.6459128757465659,8561,None,CBAM
167.9102187270566,0.17189438942796775,70.88190568838797,0.10800884562792999,8562,None,CBAM
302.1497867609069,0.012098668774588626,350.2531211859677,0.4071838203276155,8563,None,CBAM
196.69027577203232,0.5109996548975894,312.87659052474544,0.09426261937552224,8564,None,CBAM
36.32696475857901,0.9458047239518312,223.23577259590746,0.2939737443317041,8565,None,CBAM
387.44534216061083,0.9730521923952273,189.50066165956386,0.21447753896521723,8566,None,CBAM
65.88674080072916,0.7901570119601858,16.156662939012474,0.5740119920109739,8567,None,CBAM
310.37821731840774,0.20789704916926596,211.07183654729712,0.44137367531242677,8568,None,CBAM
312.11589560991285,0.9259943567027303,374.78189192036604,0.9072642870504195,8569,None,CBAM
325.27077988880217,0.010804361911391952,108.38281494973478,0.33728280182561365,8570,None,CBAM
344.85335282144405,0.331181638562655,175.91516048234413,0.1119226600381676,8571,None,CBAM
48.9948073628693,0.8003901026265179,91.43684885189607,0.9630019917357472,8572,None,CBAM
153.82611678845797,0.7708814645410341,322.0274410727973,0.20754379174848153,8573,None,CBAM
147.97934771623423,0.3347266174002367,265.36648927739157,0.8690404740919412,8574,None,CBAM
206.88170633575083,0.93526449174732,154.99413340973916,0.2126584211285024,8575,None,CBAM
377.12313166048006,0.03453954670631726,184.29988942968183,0.5999391844915359,8576,None,CBAM
245.87295992945158,0.14472611939439817,308.99467847373285,0.3949057744611761,8577,None,CBAM
30.577700123448675,0.29078740147476034,59.66426077635061,0.0074623736376047065,8578,None,CBAM
379.1094051869339,0.5158911596588915,293.5912304189323,0.5321334610861626,8579,None,CBAM
209.6994924629628,0.7349885991309457,175.4255601383765,0.8904285898518112,8580,None,CBAM
383.4515330500437,0.9156081815947158,298.2817844802641,0.19546721684035392,8581,None,CBAM
151.0553855987069,0.14651705801569953,93.7648043363855,0.41284065579514506,8582,None,CBAM
277.2716189637427,0.5844230714019991,351.3849385575711,0.7740944835259198,8583,None,CBAM
114.09195106578531,0.8152483150448885,186.9299852376532,0.5573929190601362,8584,None,CBAM
217.817557830584,0.9593546153503315,153.09858824324422,0.08048458628099242,8585,None,CBAM
161.57749508809886,0.839311965665401,75.29996829177206,0.47684683910743464,8586,None,CBAM
72.19563852769339,0.561238483481263,385.4471637924029,0.05188921242303777,8587,None,CBAM
117.91830414823828,0.8792087902964054,234.71048279097042,0.11165979688815177,8588,None,CBAM
283.0629743110364,0.2436819020237929,109.24476979139277,0.03583018561130365,8589,None,CBAM
252.8305398842986,0.03928096956981678,334.3117673882631,0.3556893698419749,8590,None,CBAM
393.19466646718786,0.7745537697461787,118.79037646459827,0.685058822546288,8591,None,CBAM
197.96820205931522,0.171367763653981,15.633943687819732,0.07829048647367402,8592,None,CBAM
340.57598535833165,0.30633854525683646,300.45458061350655,0.9285351088726351,8593,None,CBAM
294.51840192591413,0.1704406756606724,162.68655251447308,0.8719876332821878,8594,None,CBAM
158.45732783290865,0.010246732960275532,311.6608742948282,0.8984907089186117,8595,None,CBAM
231.96016902838267,0.5862270652804755,267.623235019271,0.6442967910290004,8596,None,CBAM
51.146680724564256,0.12380806508035663,55.335338067675124,0.6422680878325228,8597,None,CBAM
322.2425692564734,0.7556112600468624,192.41934295405883,0.5636041406256118,8598,None,CBAM
103.60314465693912,0.5018934736333052,318.8129920147269,0.7271839223202045,8599,None,CBAM
363.915575056066,0.0048426997692197936,191.8785758047539,0.6092370525164499,8600,None,CBAM
138.807462891852,0.9652476646382859,75.57428671923074,0.10570254813600609,8601,None,CBAM
351.29000009145665,0.0834629266127581,227.48660768178297,0.12998409412236797,8602,None,CBAM
122.47338971397022,0.9415684381216943,87.49707497683494,0.6749393900023839,8603,None,CBAM
380.4191786637925,0.7838327630779529,129.90833533965863,0.8099435871727344,8604,None,CBAM
178.8123217072903,0.24039668619857088,240.1840534815013,0.6351865623899727,8605,None,CBAM
380.20589148752856,0.12490696611474378,66.61422330331136,0.8259218104442893,8606,None,CBAM
64.38775674258895,0.4463632667829352,12.985941961750868,0.5953297247522298,8607,None,CBAM
232.5197318726183,0.8231368638548976,157.36893009576195,0.8912096034568071,8608,None,CBAM
325.53536304489893,0.4392629897604979,154.27110055069585,0.3340839343931589,8609,None,CBAM
148.91294179349143,0.7950103200636494,346.7483029814258,0.8738571386660049,8610,None,CBAM
220.73762668381906,0.8369252398915654,45.097607470167176,0.1948741094890679,8611,None,CBAM
339.4270387758584,0.7672823672245503,160.7944375618695,0.656407265319263,8612,None,CBAM
132.0413500693757,0.3222668959727829,354.7774408834255,0.5068524825459885,8613,None,CBAM
227.4778499560907,0.897730228818173,393.6348603388882,0.8883583162279792,8614,None,CBAM
68.55613730443922,0.8654651852606983,246.3379541542011,0.6452719402617816,8615,None,CBAM
170.37431412264363,0.2457432423464906,216.4353931826842,0.5024857730773394,8616,None,CBAM
196.93274290048325,0.03496791838649851,274.6984408812524,0.5879665888005651,8617,None,CBAM
154.2174621878074,0.5674679102480363,362.12599493970276,0.5938068466480438,8618,None,CBAM
230.58814711624268,0.508691373601721,107.83108006025665,0.21307870344413826,8619,None,CBAM
76.87821559956606,0.2117815541569426,89.79146818246234,0.22877884733105955,8620,None,CBAM
352.5896670914662,0.25246628538144017,330.937627426124,0.7934960383945935,8621,None,CBAM
240.08886380457528,0.28984347430632557,362.0925692412096,0.26853959449163334,8622,None,CBAM
383.5454817327153,0.4935987254761973,351.41797650572045,0.6567094640484371,8623,None,CBAM
336.9312676549053,0.5441652090573608,367.24342281152576,0.9011308729086555,8624,None,CBAM
304.49261153297493,0.6853566169742266,350.8565362288419,0.2661153179932032,8625,None,CBAM
322.4485979530982,0.18273644887133497,281.18163996838314,0.5355955914147063,8626,None,CBAM
363.6386813935184,0.8419455657932446,389.1487424529521,0.06456479964661936,8627,None,CBAM
168.23378896722917,0.4964697140580073,201.63409643202664,0.1554142644811458,8628,None,CBAM
311.87471592444507,0.4287500202298791,93.68664085252367,0.8513501572899659,8629,None,CBAM
96.55818297271077,0.40264581447084463,120.49868471764138,0.5766031787688175,8630,None,CBAM
325.8319676025481,0.7350903932920234,170.05275617669656,0.46972105656539737,8631,None,CBAM
277.4560865841288,0.816330008841476,77.1683863101847,0.523611003411877,8632,None,CBAM
389.8778222622325,0.48206282046121046,333.9762765309899,0.3328901179311122,8633,None,CBAM
92.60509208846265,0.023772426738404732,141.74454837516555,0.30369131974723423,8634,None,CBAM
120.64191700419133,0.8767962851350054,117.65597246844608,0.7881497930122394,8635,None,CBAM
306.444789708095,0.7460998833925523,85.66182412690547,0.02355528009360611,8636,None,CBAM
225.74551091415472,0.6267014071726074,358.28626089054546,0.25505855896043333,8637,None,CBAM
189.5264446414664,0.9566325549194519,243.98767499977686,0.3804165423130484,8638,None,CBAM
144.6478005446205,0.6469318938050451,213.43377126766825,0.2121902764991143,8639,None,CBAM
367.5600972333649,0.9552665150098183,133.10616939634912,0.13683271208876874,8640,None,CBAM
15.617079436022873,0.5580845737373052,213.23308211638317,0.8118275944464888,8641,None,CBAM
107.72912454992462,0.9692439396581162,330.4851905962411,0.6629861292507186,8642,None,CBAM
37.012106951230535,0.25890187451641544,4.194329815221978,0.9203658664989873,8643,None,CBAM
338.4868352300229,0.9653950227970352,62.49943995907215,0.18058299710748302,8644,None,CBAM
195.82356834472455,0.21238101263895112,314.63647618232926,0.6522216337288851,8645,None,CBAM
346.0105188090293,0.8456388017644003,143.74664879594988,0.3655011164904909,8646,None,CBAM
147.44407993338478,0.10373234723651954,393.75150951737123,0.7854112504553368,8647,None,CBAM
16.343127941066868,0.4829551594011581,39.60314465975751,0.4092904575063336,8648,None,CBAM
349.0352930896635,0.6965905197970754,234.27243505364714,0.06490276671029038,8649,None,CBAM
295.33140460983475,0.26799010968318016,268.4565008568215,0.9982026643661933,8650,None,CBAM
339.8100587880353,0.16202406286578822,386.8182930463291,0.6273144799471067,8651,None,CBAM
385.2111720070915,0.12844901215605053,367.062483627617,0.3440435972559001,8652,None,CBAM
46.80096080345428,0.25515373088496457,289.5247263224459,0.29378905934161476,8653,None,CBAM
299.2216960800571,0.880715242663026,304.8009265382739,0.14103750271695192,8654,None,CBAM
103.21594512851615,0.6510450426461053,5.641400113499286,0.17193450491987003,8655,None,CBAM
396.90029689564125,0.933118144522233,302.1194185923279,0.8816931274588067,8656,None,CBAM
332.9211806997862,0.7822502050584064,286.9788470854926,0.668625440184694,8657,None,CBAM
136.32308503534094,0.6282890215065658,85.16377650307506,0.67071912568745,8658,None,CBAM
298.909622489527,0.8499202690440024,228.31212258291242,0.7608003167885179,8659,None,CBAM
17.71055062339625,0.16044066861418657,4.147186255548145,0.6625351889879367,8660,None,CBAM
7.442788353431882,0.18067334574527077,396.8421940787117,0.5800332406260269,8661,None,CBAM
120.94263886900644,0.6810461606685667,113.05803273193105,0.4869850859227453,8662,None,CBAM
376.3971723005367,0.27370980521075855,191.64068064736733,0.8251658712967738,8663,None,CBAM
387.08201183429264,0.0584623691084336,134.58550410256305,0.652135668669497,8664,None,CBAM
37.35711360081914,0.1258109595662904,333.76990762472036,0.6610863811677609,8665,None,CBAM
307.14566912892656,0.41057130195188557,271.291886438055,0.9458809644107441,8666,None,CBAM
388.7605368631475,0.6973384337857611,203.25649957365562,0.034549462990268655,8667,None,CBAM
274.8651947453857,0.0070448851876502225,52.79326144230482,0.18738941597307537,8668,None,CBAM
301.76677849894946,0.7017374918722934,105.406761353447,0.3215287821161828,8669,None,CBAM
340.9413029445437,0.4506307509931701,93.88823123008987,0.5727071551887865,8670,None,CBAM
65.59925081645174,0.33070777759315095,282.5018982518867,0.5774341070125886,8671,None,CBAM
373.9892775121428,0.7122214855070129,289.29570236780233,0.7468214467991569,8672,None,CBAM
232.3295844851899,0.6087213723484466,23.03945133763149,0.43077120171392536,8673,None,CBAM
21.325346427940982,0.017351616791325634,316.8163522423145,0.430919062851499,8674,None,CBAM
172.70171406597493,0.6747676230454634,203.4993380291715,0.45907641039096975,8675,None,CBAM
391.54196945803864,0.29002784871016285,49.451525907855434,0.5529759692631041,8676,None,CBAM
289.92340089038635,0.3775492248561897,121.89924131579883,0.29411536597705235,8677,None,CBAM
291.756508181654,0.040025541844105804,67.56266163201751,0.9270657889067909,8678,None,CBAM
260.00232890825237,0.12886407863346813,304.39862735237637,0.9603655834998677,8679,None,CBAM
132.4159080665222,0.9668609397808728,275.0264182884001,0.8052693781103519,8680,None,CBAM
5.930149312599197,0.446574581796486,337.3746611680367,0.2841210489685511,8681,None,CBAM
197.1814236000203,0.8687984708909484,233.6592701019937,0.9759664303874513,8682,None,CBAM
315.88507383562353,0.6371895408207352,179.0139999032365,0.5256863925605776,8683,None,CBAM
195.4353319562125,0.06677490519412867,196.31824017174958,0.3163759860536514,8684,None,CBAM
214.05556360004022,0.2159667085219911,162.75772436934616,0.49841369369010413,8685,None,CBAM
61.34267026993903,0.5185586118489155,38.80619047371149,0.9236412980707135,8686,None,CBAM
176.807966129555,0.4033659531770457,286.20048787708805,0.629125975959479,8687,None,CBAM
369.9725357260243,0.22904248160444057,17.158563751024264,0.02094296398072503,8688,None,CBAM
103.66434519935308,0.42816627731671886,276.03926276199866,0.9563485789712065,8689,None,CBAM
22.067733972329115,0.47040304870020533,137.71769052762832,0.7120536907834745,8690,None,CBAM
377.56348272596534,0.6015025110641204,256.0363417347887,0.2625397626073332,8691,None,CBAM
383.2195476361438,0.8595815414813534,285.38666437988763,0.6506709751804446,8692,None,CBAM
114.02012363854787,0.7990836818762607,7.69356786914635,0.6060731871941404,8693,None,CBAM
358.34484975894054,0.8422714576763982,246.87414682671331,0.5978220152184563,8694,None,CBAM
65.18839724615539,0.2054119751324446,11.503214691646507,0.6404258339671353,8695,None,CBAM
142.09043076606,0.5586883399266834,282.74175046994145,0.12728680796954508,8696,None,CBAM
74.02141769299016,0.01569484963999,54.68497028874998,0.31540131365714824,8697,None,CBAM
322.09324809694914,0.895819305596855,48.17432627231277,0.7239515367148108,8698,None,CBAM
80.25888801316808,0.4277512622114597,364.6131172198396,0.5534948637595986,8699,None,CBAM
4.061912996490909,0.9154103713488824,380.8875432387072,0.9477853162007777,8700,None,CBAM
325.3888519402767,0.23022612464929043,22.872136221020483,0.4367488318836391,8701,None,CBAM
258.4951698204822,0.9903006810420802,376.86684108123967,0.5872088257285519,8702,None,CBAM
375.57464718641035,0.06772796244268518,226.5933437298058,0.2946119104454973,8703,None,CBAM
289.378269408955,0.5539721027901585,191.30222104466347,0.666055144181045,8704,None,CBAM
370.68033892845585,0.6012985169346364,176.48581583551862,0.8410571848330373,8705,None,CBAM
131.89996767613016,0.9021280275611158,103.96278168485028,0.9717945406781128,8706,None,CBAM
169.49357431915902,0.08106439809130511,65.90044704865103,0.9090660047087029,8707,None,CBAM
95.70523684186766,0.09289280194841479,173.61832164667504,0.16063802440860858,8708,None,CBAM
164.42381075236548,0.3341832511669039,193.32588750823,0.972970228874778,8709,None,CBAM
348.75881150412295,0.7141478542508858,210.95622645845572,0.9993039072113385,8710,None,CBAM
334.6766182337127,0.7159367455155641,130.03786286090624,0.1481833207743168,8711,None,CBAM
350.4821276179655,0.9477698457873025,269.054255756372,0.43586902611335737,8712,None,CBAM
286.7830454472557,0.3088979902220247,258.65540775198116,0.3927737990468789,8713,None,CBAM
32.57976704081372,0.9102012249223622,336.30722319933665,0.4542440454846164,8714,None,CBAM
186.25082350924973,0.14755969590413087,65.26913829105838,0.2656894235688291,8715,None,CBAM
82.11460761497831,0.29101345621197294,12.651198145252474,0.7642640447047607,8716,None,CBAM
398.1543787696298,0.3175021408962436,257.134850713616,0.6631477463067494,8717,None,CBAM
359.2269794952915,0.3602290795428537,298.2658026719705,0.4772674261481535,8718,None,CBAM
271.1617848201999,0.18732274903450433,120.38676768819745,0.2311279484562687,8719,None,CBAM
252.26400365323016,0.9606671602054786,316.98488757203376,0.9994271951221134,8720,None,CBAM
334.2375710819095,0.7579850059048773,267.7599014111685,0.40457892800116196,8721,None,CBAM
328.6474803544545,0.2388886004865748,141.6192580284448,0.814851487610826,8722,None,CBAM
18.444865824200924,0.1652981138265528,305.08285491805685,0.5550789389741686,8723,None,CBAM
199.75492045189281,0.5264346106790629,376.42829509286804,0.9358939941893265,8724,None,CBAM
164.9340853768024,0.5615643712104055,108.8708698535327,0.5106970525560223,8725,None,CBAM
274.10686274801907,0.4153243262026199,33.98698564899548,0.7719390296424561,8726,None,CBAM
89.33649608684851,0.0008269474659997394,275.1470106171934,0.34527338125745194,8727,None,CBAM
43.47747814879005,0.07414116454974763,279.0342355182902,0.13922204145620665,8728,None,CBAM
337.81442373520986,0.25674317553126097,141.45506730644587,0.4703196901637872,8729,None,CBAM
36.4811721285085,0.8579658391520275,98.79064161028458,0.6473111191269428,8730,None,CBAM
385.729628919025,0.3100565509939614,353.98560434844575,0.17177717469232054,8731,None,CBAM
325.7132366757225,0.2864444550936282,14.754545091619836,0.5733577615830644,8732,None,CBAM
172.32230351019362,0.7465798970349133,280.0229204323986,0.7336157582772578,8733,None,CBAM
392.8456272053672,0.912164541652973,35.42708178316313,0.20996384242186764,8734,None,CBAM
254.40753775495767,0.09572016914302461,63.64230532379263,0.1942678218535075,8735,None,CBAM
308.27705813034635,0.959158967883296,386.53071815216373,0.042342243862469625,8736,None,CBAM
368.5267868109593,0.9612827928527894,322.91217272128597,0.24061759326493934,8737,None,CBAM
118.61217262397348,0.6417849778933473,362.07713108889953,0.9910752106133334,8738,None,CBAM
277.23045006663665,0.9655896048943049,224.95025294530842,0.580438569082291,8739,None,CBAM
354.3536228391252,0.9026216629300101,52.2694832934502,0.07932909477196731,8740,None,CBAM
191.25109378309014,0.47492475846321514,380.40227018124915,0.6245841845601302,8741,None,CBAM
287.342375582355,0.7272800614604353,91.530673643344,0.58112962548702,8742,None,CBAM
107.39936260557934,0.7084416135090431,21.559000354515423,0.9276567976173716,8743,None,CBAM
146.91341584150138,0.554415923832278,171.66068038946776,0.08186998236635756,8744,None,CBAM
11.342484584621687,0.005462968252138977,58.03838736610746,0.6851303805237227,8745,None,CBAM
289.24588636171643,0.1281735983387781,352.66964253027214,0.3335526632768722,8746,None,CBAM
44.321348543342324,0.44753254152195415,39.17437676144735,0.839245606517647,8747,None,CBAM
352.69027573403685,0.5220147330076825,352.1803232749811,0.9881835845321563,8748,None,CBAM
117.01267538996403,0.5568006090385249,185.76350927856237,0.27151017648648823,8749,None,CBAM
81.1463916698812,0.036096308972311135,177.98113587936965,0.5974674786690066,8750,None,CBAM
232.81073843930926,0.08009477015605794,362.77183397833437,0.5655375468203446,8751,None,CBAM
59.244743167112176,0.32125243161815414,240.3976240977618,0.6038488994952859,8752,None,CBAM
308.56317141423875,0.8484884650549382,47.1320209094005,0.05127463053262296,8753,None,CBAM
246.88708599170326,0.2756554379469839,288.8755133459144,0.9215248929604763,8754,None,CBAM
130.6258810442381,0.38167284021150716,339.6521572548386,0.9641341544591789,8755,None,CBAM
24.312736565808898,0.6104207766799461,121.99212771826846,0.004053294986827068,8756,None,CBAM
147.38610302159495,0.25699035073243787,155.0037594591024,0.6130555612644288,8757,None,CBAM
391.32119752002785,0.1144564146010275,272.31974669651123,0.6399712189861902,8758,None,CBAM
343.2732682077318,0.39763729259136854,198.4093636545094,0.1577120955021444,8759,None,CBAM
196.33401252907206,0.9582340067835305,67.40129343776316,0.20301646717148325,8760,None,CBAM
185.7889967979925,0.12341766399778033,370.579435234515,0.34380220233454095,8761,None,CBAM
276.10334804679655,0.6899793454562388,1.3500772511422707,0.6540802087546498,8762,None,CBAM
290.4120372871286,0.4113115024878754,183.31717538069464,0.026092789163939884,8763,None,CBAM
55.99509409235879,0.010114191941625354,97.24094827737467,0.7541736695521694,8764,None,CBAM
305.77771625877534,0.7980131846301244,117.54861115261687,0.5891904470219896,8765,None,CBAM
352.0020996832243,0.7430907627235159,258.750076673601,0.05257981406863735,8766,None,CBAM
328.9858260857801,0.21466997884085517,38.64557052171562,0.7193962168224045,8767,None,CBAM
303.9611359601901,0.3668469724100077,47.1048567984709,0.18626544588234265,8768,None,CBAM
108.30138593047766,0.546547123797161,29.334140131863517,0.21824283340703504,8769,None,CBAM
365.59017796302567,0.8175452361924876,386.91000683950125,0.31076991334286014,8770,None,CBAM
194.68567250227397,0.9663538707425627,268.75823665382984,0.6659293244889336,8771,None,CBAM
291.8165808856178,0.40640840896178837,50.33305874426345,0.8285275792874744,8772,None,CBAM
77.05132768154817,0.2426317503408119,97.31913403773618,0.34743148259486045,8773,None,CBAM
263.5532209276396,0.46649579417280645,293.1513827281244,0.18806070465403257,8774,None,CBAM
37.5509067205995,0.07437393936695445,39.02368649106386,0.7486796545673925,8775,None,CBAM
324.86567908182866,0.07310176692502673,143.35123768588903,0.8070907294526852,8776,None,CBAM
253.7333265048996,0.9494759796116553,339.56547053296686,0.49796773259211946,8777,None,CBAM
353.7357660997543,0.15328469484248994,263.8990033105861,0.21502752113569082,8778,None,CBAM
97.23804176603996,0.3029800208165264,76.75960374333471,0.6030887378225908,8779,None,CBAM
210.58188352665064,0.025469692323385192,214.5830543156638,0.9632764368973128,8780,None,CBAM
368.96248647148735,0.4551394514405867,27.544886628563848,0.6880455079380421,8781,None,CBAM
297.803413863957,0.04609415518271938,248.1733287867164,0.010807553375046138,8782,None,CBAM
265.8320786252014,0.8336323904878156,43.69282391410363,0.22259164661119918,8783,None,CBAM
58.18482307129098,0.9936560393283046,398.9820602589514,0.6701001096477561,8784,None,CBAM
42.3839155928712,0.29030445670030813,70.42790004270194,0.7777859302404555,8785,None,CBAM
271.468442886899,0.4759127519753548,139.36498224750702,0.6982591940933408,8786,None,CBAM
161.5340262521211,0.695985870048179,43.3920429105033,0.5139104919594982,8787,None,CBAM
89.49140050846141,0.4493347677298952,67.49757297251892,0.7269698325875316,8788,None,CBAM
256.53409941789425,0.5316621961509641,284.2857354145587,0.35812423439526697,8789,None,CBAM
323.42598000446964,0.49215765688542107,35.096019470489665,0.557114706274589,8790,None,CBAM
309.2722327571671,0.8915687233706768,138.65735298903826,0.8753153858485976,8791,None,CBAM
8.130019014668603,0.2946041602524629,245.3942635875025,0.2980288916728538,8792,None,CBAM
210.10521453208625,0.15496507655604863,40.075424855048375,0.20954834826189214,8793,None,CBAM
162.70179930861693,0.4655077950768534,118.25466199537176,0.28085477529671493,8794,None,CBAM
77.52445763672084,0.7906123563285347,175.83781125208745,0.22147333064430344,8795,None,CBAM
189.79002286821122,0.7239808077668037,254.2185627822879,0.9834132721602956,8796,None,CBAM
142.86464198751986,0.9550984857310871,209.05856204458325,0.8209934890137295,8797,None,CBAM
9.179507542172468,0.7027749562254557,202.7926787756008,0.8875623082141936,8798,None,CBAM
247.1660188131298,0.6079344909895193,321.665364648314,0.2621568168837985,8799,None,CBAM
255.34108504694345,0.3938027814243257,72.2583523848816,0.6746853013288261,8800,None,CBAM
71.5360243967035,0.5091286622244033,183.5719002214313,0.3183384289767715,8801,None,CBAM
250.83892600931762,0.6436015104790047,244.97644700284576,0.1850516883849299,8802,None,CBAM
26.030699044881505,0.5291276415338965,290.50703144034924,0.28224189771986274,8803,None,CBAM
132.0241005303269,0.2888633941910217,13.053602190279173,0.08974214066968153,8804,None,CBAM
249.41462047137222,0.9272173820462631,195.50582447010783,0.35945079274793174,8805,None,CBAM
273.83015846297536,0.747113141298793,357.0188565289067,0.5889243801839614,8806,None,CBAM
344.4213522237912,0.9869483824540534,201.72180637867095,0.9505382775192784,8807,None,CBAM
66.2893680635185,0.9831029726501382,238.38597934012054,0.9204836073791824,8808,None,CBAM
265.4935894418946,0.6061811517519671,121.28915586563708,0.1887437667964362,8809,None,CBAM
114.74512487479305,0.6784225171137992,328.4629054156561,0.33186345243025483,8810,None,CBAM
1.5625425196192546,0.5244751304556569,198.82973571810828,0.08468403360229464,8811,None,CBAM
271.85708508267317,0.5569301916290872,107.65290250215511,0.5333005510049433,8812,None,CBAM
89.85675215330666,0.7235806775483187,314.26451774007325,0.3058444179473363,8813,None,CBAM
243.7376597970398,0.24291783346569476,43.48019836872321,0.10270973095580045,8814,None,CBAM
62.557795228351424,0.2215616971588762,54.50098287923031,0.5384107101866921,8815,None,CBAM
211.36225992879406,0.8980267750464278,194.18593813459768,0.06978052870892412,8816,None,CBAM
168.07662717773718,0.4415589540909114,128.6752020959448,0.4455926708305024,8817,None,CBAM
70.11655548388813,0.0837801566855976,81.84041425283887,0.14441259605105275,8818,None,CBAM
42.75582553520181,0.9067425900366216,275.25081210614,0.7003834768114318,8819,None,CBAM
10.190455820693792,0.13874134362784812,60.69406114197881,0.8794754442064731,8820,None,CBAM
46.18513765162419,0.1646344679559124,268.23653253194817,0.8295309568735959,8821,None,CBAM
266.75084586622734,0.9678993448686088,193.97742050614488,0.9174006434743509,8822,None,CBAM
187.64921862097813,0.23979147102261783,118.4261941133206,0.7920579123944324,8823,None,CBAM
276.15365609017033,0.15745784734383864,334.4308820854007,0.6242757103848808,8824,None,CBAM
16.880169578247735,0.7049475631902423,332.1950769698653,0.4718993624341649,8825,None,CBAM
260.07953489187855,0.23961085359763024,42.42405713993184,0.9738455894982756,8826,None,CBAM
296.9213569988177,0.9049787142356783,273.6950563676908,0.9758779598711842,8827,None,CBAM
305.30903201767865,0.2325541233674575,213.05893915706758,0.5369635131812592,8828,None,CBAM
324.7337776080994,0.8983728190259141,19.286543946872673,0.12518562428127414,8829,None,CBAM
219.11549501963856,0.8092763457148905,59.054903648001456,0.9018382604856684,8830,None,CBAM
304.91347552144236,0.26579646709403354,350.46392992393965,0.08648774607851384,8831,None,CBAM
368.20683275864565,0.3439516818545309,61.58028663769473,0.16973913741940416,8832,None,CBAM
219.91034504423456,0.7109833458627862,60.49093169074023,0.3691901629467968,8833,None,CBAM
329.5802184907298,0.21782464393883158,51.365879228983836,0.1430112685557396,8834,None,CBAM
57.301672250262,0.6393522985491258,328.08691104489196,0.392890024285361,8835,None,CBAM
195.313169509055,0.6839114480730986,236.75887062245712,0.5554285309363136,8836,None,CBAM
272.7663373650244,0.2809384980036453,275.7150225310221,0.4487280662113572,8837,None,CBAM
121.40219902665596,0.2754940629390548,346.9348222236094,0.41445393090980404,8838,None,CBAM
267.9148267497271,0.8056205730553663,131.84147099260076,0.37655890851431745,8839,None,CBAM
293.50731665239095,0.5871219266127614,392.79470559920725,0.3416910803557957,8840,None,CBAM
398.96550972422494,0.27276006780789086,95.22592597197006,0.27309934174554534,8841,None,CBAM
35.67968816271812,0.6550868328838715,121.42622180137343,0.9633735367736905,8842,None,CBAM
107.04310902111298,0.9979572261107816,306.40918831016825,0.7310217950723723,8843,None,CBAM
317.55786192802753,0.09114749372965486,62.973330024438745,0.6336845903938133,8844,None,CBAM
353.59962861051423,0.021293557634456912,299.56176506607784,0.821059545752534,8845,None,CBAM
136.29989363027767,0.18099182760439628,73.35837116863763,0.8900838459758434,8846,None,CBAM
106.38812962357447,0.13942509777164494,228.79509373787656,0.4532268579100997,8847,None,CBAM
119.92575520873416,0.7285620497127252,275.88813253982926,0.8298000807403233,8848,None,CBAM
232.63959235574836,0.2651684646269977,372.4406954256851,0.8358413549999271,8849,None,CBAM
173.6630889507186,0.6997550320955653,303.4752872887408,0.7737411834772477,8850,None,CBAM
323.65476228261963,0.6876418048590582,258.80188070578953,0.9941495934364868,8851,None,CBAM
158.075563775804,0.47661296433141986,369.4496766369897,0.613117702830503,8852,None,CBAM
210.61061124603353,0.2031814016019097,168.54522417747393,0.4557795462078904,8853,None,CBAM
132.48631495301825,0.42062791212516465,72.72529123672375,0.1468058704402423,8854,None,CBAM
270.9918970757559,0.29487183771101977,362.7564590464254,0.0565547313043384,8855,None,CBAM
292.1827323261943,0.7944161521356057,373.901853278517,0.34294760020094134,8856,None,CBAM
214.53261215221576,0.6739432601961013,240.8462553931144,0.4192038331216633,8857,None,CBAM
209.56829422748064,0.45671887642632186,247.19377290245154,0.7873791058629651,8858,None,CBAM
286.232481897801,0.3832356734952842,370.2673933398526,0.7439829525208238,8859,None,CBAM
282.4072304846298,0.03470547847941589,188.4373540365428,0.35558229075706715,8860,None,CBAM
301.55294258797824,0.5628268363491273,10.611795929921543,0.5703391348916599,8861,None,CBAM
362.2064941748885,0.4547297156824594,16.74387641622366,0.5966293420784515,8862,None,CBAM
194.64908487573388,0.5936406642327993,149.2666179729865,0.9269863095605481,8863,None,CBAM
57.97009153272402,0.6362482728062009,317.6610923628844,0.7131515283237463,8864,None,CBAM
82.55547995745238,0.006142978032075818,51.46742665469045,0.008540192195872315,8865,None,CBAM
357.1255364313528,0.7031685381054164,269.2690589063331,0.770748099616047,8866,None,CBAM
220.18149930284986,0.1140162055018335,203.13112945673896,0.34536081001877816,8867,None,CBAM
157.70943753348035,0.7993521196816087,171.78281017262702,0.2579562720261248,8868,None,CBAM
304.97832401616216,0.5414925696567673,91.06228445954432,0.03785924527557322,8869,None,CBAM
127.37579919768235,0.7362286612431223,221.81649652907674,0.15068704870735433,8870,None,CBAM
221.97713295222732,0.2866945547785934,137.32472784184577,0.7776756622566425,8871,None,CBAM
372.2141984344555,0.27927181138516693,362.48225296144267,0.2686624237454233,8872,None,CBAM
365.8293231624745,0.7497680076075031,59.851323931081765,0.6106638871111482,8873,None,CBAM
342.0920712015928,0.9873628871209309,271.12552375682264,0.7583360750722613,8874,None,CBAM
228.8277995105454,0.13458603693933868,65.83730858065502,0.38996952141265806,8875,None,CBAM
147.83673816131957,0.8571070020326825,193.7598852032518,0.8675184953954422,8876,None,CBAM
282.6153716696218,0.19883683341886524,167.7586454318717,0.6579850472654379,8877,None,CBAM
128.70777664196407,0.16905943709843127,228.38165259257403,0.26958031465386195,8878,None,CBAM
180.4853913511787,0.8046947440686456,156.3615898631445,0.565908860052662,8879,None,CBAM
367.0261270554775,0.02963110978532392,242.47883099761793,0.12866934329257665,8880,None,CBAM
181.42266713085448,0.42500983680845095,392.5379338424941,0.022689514125260844,8881,None,CBAM
45.12191552569323,0.6938919401135275,254.99293898115525,0.9810918585704967,8882,None,CBAM
52.090887309122344,0.209965747429807,159.06346029078466,0.7963173964088348,8883,None,CBAM
311.6000649606248,0.2316809266019026,50.292168157259724,0.6113032286143754,8884,None,CBAM
185.68538618377508,0.5669744723309541,63.53728936454349,0.06707443329167538,8885,None,CBAM
325.44021773871566,0.8739399996700048,358.8016868856873,0.6455087386365708,8886,None,CBAM
239.31667075937247,0.9346491074217721,292.2368137311542,0.5415874278372906,8887,None,CBAM
79.36025299822677,0.04951276628057569,190.35252880252628,0.8395044344395286,8888,None,CBAM
357.1985450518503,0.20019810023772136,213.73031908341548,0.9344585116601434,8889,None,CBAM
267.1355233432907,0.7010111506351383,384.5646061813415,0.4559039670880892,8890,None,CBAM
236.69701658851872,0.9697253737153468,168.68966142286877,0.8127502677284044,8891,None,CBAM
106.46962495103283,0.9752490553343187,12.57700067875393,0.1690374832962433,8892,None,CBAM
175.82899766261056,0.7134587942778658,226.83077363271894,0.7081185686759033,8893,None,CBAM
93.12578510618302,0.05647303707281078,157.02564370678877,0.797149510780882,8894,None,CBAM
65.77454560801603,0.7732736887306312,207.79185360589727,0.8829824903036256,8895,None,CBAM
287.46765809277304,0.574611436261392,169.91573960710804,0.25387519530229563,8896,None,CBAM
16.981729007781098,0.5094798477658329,241.04895694227642,0.3422173243451429,8897,None,CBAM
65.713581965503,0.006807684083426374,243.5711800396823,0.28430693466675,8898,None,CBAM
302.0781307667705,0.9448976468078266,4.280947127428105,0.31689927569004955,8899,None,CBAM
33.59425738544727,0.060647895940991306,284.33675089785936,0.4950414585970196,8900,None,CBAM
379.61139581878774,0.3641208002268235,346.4236146940547,0.29127379381933544,8901,None,CBAM
275.5328858459651,0.1252329318268897,222.84032473279657,0.2832378689278637,8902,None,CBAM
316.2626471164819,0.5478182596995341,49.90311042650562,0.06339686250670358,8903,None,CBAM
60.35578462098557,0.6198570163924936,92.24031993390896,0.4759412946163575,8904,None,CBAM
332.1311642738762,0.6002122093147778,76.81587076400346,0.2588732443923774,8905,None,CBAM
219.30142283144204,0.2404540114050389,43.55557209018098,0.7576220335657008,8906,None,CBAM
366.5343006872936,0.3777655358063785,73.86994389661423,0.5435180199696154,8907,None,CBAM
336.24586024547057,0.6518052599421061,274.850449281575,0.601322946695472,8908,None,CBAM
245.3843815107749,0.16250323724773766,121.2671993719876,0.7569218152713112,8909,None,CBAM
335.4453681377808,0.2697418513041845,88.54277342931258,0.4804275070036739,8910,None,CBAM
3.5267476503004427,0.2802147433240588,374.54638117324976,0.6935640076676705,8911,None,CBAM
320.2606475183015,0.5552175083719011,136.9757825806386,0.6295204107924922,8912,None,CBAM
15.689002026955956,0.4563723345651467,22.11743252211264,0.7346474354333165,8913,None,CBAM
130.7217846860029,0.9822070255632706,59.790539058603386,0.2593787431430676,8914,None,CBAM
151.58226757990542,0.2681409174055362,1.6333380294160038,0.519795035436467,8915,None,CBAM
150.31104981577778,0.2381143639908432,191.44626249370654,0.8079338460367367,8916,None,CBAM
290.9378888972056,0.7016267377357142,218.74125444322692,0.9150611533863551,8917,None,CBAM
297.031944347997,0.4015960835136183,4.390716284349297,0.8434047096785913,8918,None,CBAM
216.2223920416109,0.9228754821646932,188.19016607020785,0.6203847442522019,8919,None,CBAM
243.84195334586155,0.7112190842891858,275.19104931007246,0.9301366525239346,8920,None,CBAM
393.5948080193967,0.7554851006241802,266.93315511770265,0.7070510313923305,8921,None,CBAM
167.06817868698724,0.1759948345471129,33.61552499600873,0.5498436691705433,8922,None,CBAM
304.3609338505294,0.39255863021039167,85.50263206855756,0.04380694961068661,8923,None,CBAM
34.53924089142223,0.8542296937158652,398.3954420542485,0.13067170805306239,8924,None,CBAM
204.66669196527045,0.08319285272175649,265.7897360185619,0.49246651794160906,8925,None,CBAM
251.15899929171363,0.7441721745758362,392.5999880413373,0.6084530952571463,8926,None,CBAM
297.65729990211605,0.025615686875574833,108.91183690504155,0.024197610618080578,8927,None,CBAM
13.934519344064988,0.2801703610488475,81.82688922679728,0.7116347904271889,8928,None,CBAM
255.473068659495,0.4081474199023439,21.146250219840994,0.4251355269667344,8929,None,CBAM
63.122306113069335,0.052611763915324385,206.41906656238245,0.18481162224786296,8930,None,CBAM
370.9656639237384,0.02217705095350487,118.89154852513173,0.43703100778409315,8931,None,CBAM
295.9064844893038,0.7269557150806506,4.456146069601387,0.9110871105874417,8932,None,CBAM
117.39430205446024,0.5204866881233182,146.14464442036365,0.5680091743789115,8933,None,CBAM
373.36227985117796,0.019798869979540328,301.6620247339852,0.9805286945803761,8934,None,CBAM
279.71034865316796,0.6861468983866907,229.73123575459437,0.5681131510556844,8935,None,CBAM
84.68855394857015,0.011656010777706626,137.10360756224742,0.14171990318115757,8936,None,CBAM
30.75209512493138,0.27688193296422187,382.18917953252407,0.0989135477073527,8937,None,CBAM
298.17360448897716,0.6399446242353378,9.36038119605818,0.67891133410878,8938,None,CBAM
208.13980018077473,0.023397869247646988,222.25299774756445,0.8650177820291677,8939,None,CBAM
30.946435483207996,0.7036950626717331,379.77281114216214,0.2702891855468977,8940,None,CBAM
191.20824666505553,0.648376758268652,318.8644447032883,0.08375217052701033,8941,None,CBAM
110.80432151799135,0.3664007339547545,306.52740711716945,0.46646000337555205,8942,None,CBAM
318.6371562336594,0.36727921367033267,205.06890501877666,0.3477597804866824,8943,None,CBAM
193.89118320420215,0.751518545452732,120.9845852682639,0.022529464949209325,8944,None,CBAM
98.90120459703903,0.741632474816604,289.9408537172711,0.5396867859920235,8945,None,CBAM
108.06243329557836,0.8270295438975046,82.0370549937957,0.3026791507191769,8946,None,CBAM
222.79175097481328,0.07569051655334988,260.6562738093835,0.11374570287687585,8947,None,CBAM
19.535464254761866,0.30588179760286593,259.8219303663596,0.1311369519580253,8948,None,CBAM
171.92038777545716,0.6633200280762622,290.060796625484,0.37827620274807705,8949,None,CBAM
201.5824642505544,0.3228705036385424,30.69909771453196,0.8046344171038549,8950,None,CBAM
128.01147793168056,0.07095701330855428,336.6724929687299,0.2940388826263823,8951,None,CBAM
63.577881790743085,0.682407759645164,134.53944843766797,0.3851385890980684,8952,None,CBAM
94.09207948387818,0.48226254515232386,76.53358936195802,0.41431535192134017,8953,None,CBAM
276.47681513448293,0.8878233198708,260.13721523962937,0.8303336114212252,8954,None,CBAM
222.553998934462,0.9334138397057946,254.55639409953034,0.15724394576850004,8955,None,CBAM
130.6961634073047,0.39782659712348,19.035601641736815,0.06668071499936241,8956,None,CBAM
354.9148888849941,0.731161817705236,40.52713192802089,0.06198253433393618,8957,None,CBAM
159.4094943985027,0.8421480951700643,126.71247920760523,0.5587823336519206,8958,None,CBAM
329.24986072547915,0.4670599184243917,325.81847498705565,0.9321806558068967,8959,None,CBAM
369.71894298748214,0.23955832725485257,351.85974037975365,0.9916189326235444,8960,None,CBAM
158.4032657721594,0.699614798202909,364.91428293468834,0.22009112754122973,8961,None,CBAM
44.76893761163731,0.0699074860000402,169.5620092386902,0.76432171247122,8962,None,CBAM
163.1717212103065,0.37410381511814533,332.4111143339675,0.22941224673838664,8963,None,CBAM
145.45607643846083,0.6831416442934458,337.6704632158165,0.6933421839023628,8964,None,CBAM
80.70409789583124,0.533468288291604,351.91615554689093,0.3363744247782608,8965,None,CBAM
181.0512605221322,0.9046981577865238,24.772060095940788,0.3385463582065945,8966,None,CBAM
137.875681305904,0.37150563418272226,82.86909127645237,0.11282881024717863,8967,None,CBAM
22.613231331786515,0.7902993339070868,395.46111218138765,0.18155691439868585,8968,None,CBAM
290.9124307303015,0.38379890475449363,280.4148754805775,0.5963433065542791,8969,None,CBAM
287.11707669708244,0.877726303894884,194.27836140927545,0.842530367417019,8970,None,CBAM
23.16174786055398,0.20130920623734389,121.04071513753321,0.5039061313748268,8971,None,CBAM
289.7578690899164,0.330631107366969,69.41930467207278,0.11620573621272298,8972,None,CBAM
234.70815831183964,0.7058832118020911,381.2768992509066,0.9122136362469332,8973,None,CBAM
145.260489741575,0.3302706427197446,40.64280400349158,0.4987880097896509,8974,None,CBAM
300.96809515331785,0.31080130071583034,158.7134213241171,0.07130302677605672,8975,None,CBAM
48.691762488923686,0.39397983350295634,349.84851544058336,0.04184986329067415,8976,None,CBAM
58.77759178717299,0.6795704684581868,354.1505404771554,0.5536499640942153,8977,None,CBAM
346.66026986450163,0.10128359606296546,343.7251431829291,0.7945345563711421,8978,None,CBAM
311.0111601368177,0.4152535162377585,232.90946911988604,0.02830039246146431,8979,None,CBAM
183.77957375671147,0.1457787665072306,327.71782961164695,0.9071852189725315,8980,None,CBAM
211.50772837840023,0.37820699232231375,42.205209577282,0.8321396946950053,8981,None,CBAM
211.76942025536812,0.14373566003322646,282.4616748402451,0.7843176714808715,8982,None,CBAM
102.21100376478715,0.03667639000925987,180.47790080762277,0.26357979975773826,8983,None,CBAM
376.430575254541,0.6450510061913979,109.91702312434116,0.506287968653044,8984,None,CBAM
83.08674430820084,0.20774149075656104,105.03950918151779,0.5268090844150066,8985,None,CBAM
37.13867758581035,0.9005940147251265,280.4655350696156,0.44831189008284567,8986,None,CBAM
108.77870319779042,0.1821838308756961,165.27112766902513,0.8713022117084384,8987,None,CBAM
90.76016284134705,0.9512089581479427,182.8518850902348,0.5669344326053556,8988,None,CBAM
173.93759302615348,0.7052309747462353,306.70015810020175,0.2918831253986043,8989,None,CBAM
5.632521805112126,0.08870799410936557,156.47955302030115,0.7763351008145699,8990,None,CBAM
79.32142463132884,0.2735050539002188,120.64196582228209,0.8478974231539625,8991,None,CBAM
374.23341785665434,0.8182120351664816,73.7282252702799,0.8218820274268259,8992,None,CBAM
17.217788994724653,0.411017461542415,141.021612406549,0.744289543160692,8993,None,CBAM
134.7918751254121,0.309230674538159,165.52950187133698,0.7175417381928569,8994,None,CBAM
169.05239050211551,0.7758871225856273,221.781439371217,0.6174585822167366,8995,None,CBAM
15.55574561787498,0.3985031160726494,47.396090098078005,0.5100805080337141,8996,None,CBAM
66.94006330590376,0.816528088081713,314.5964446065967,0.17001021923468576,8997,None,CBAM
180.34236073231287,0.8286158811346865,54.469905657821585,0.22812013540286533,8998,None,CBAM
48.20763395279635,0.2324627420956192,331.28887764745366,0.09929412893277664,8999,None,CBAM
321.742606303538,0.8425197116151459,98.26293543921977,0.7178208426302276,9000,None,CBAM
306.6756972652711,0.43076330710428834,344.24202688984394,0.18172958837442493,9001,None,CBAM
354.18020305596207,0.19708679171671517,53.81816725727096,0.6428470242556971,9002,None,CBAM
209.98280983149687,0.699109159062576,109.86582344724893,0.151184465615983,9003,None,CBAM
361.87738939090116,0.7099999773903953,56.30613993147776,0.6229241625760163,9004,None,CBAM
216.00876750643755,0.1880107327765867,302.7185806688779,0.13935280162791625,9005,None,CBAM
198.5198440374996,0.10182300499571892,291.88271033396427,0.4289316760181909,9006,None,CBAM
12.916805211483931,0.7092311204284432,13.132747426078769,0.7111137102383288,9007,None,CBAM
144.568897516834,0.2571205166089529,399.3024742209228,0.18989394658047262,9008,None,CBAM
73.64369515785704,0.3140396512348875,117.05897405755574,0.931867327831482,9009,None,CBAM
341.8675318624796,0.4966802798206474,65.7723586944749,0.5967843131525211,9010,None,CBAM
399.7972098354114,0.6908585804560393,21.08768911739484,0.437631910153808,9011,None,CBAM
286.9140224473239,0.46137537807973444,381.3562168503835,0.449578088473066,9012,None,CBAM
204.46788973981876,0.14154092566734322,218.97797518642236,0.024395199312537193,9013,None,CBAM
391.24493974275657,0.7427619851619945,303.09065543833293,0.5834521713880889,9014,None,CBAM
356.84865513046515,0.4517970024335837,287.8198497387965,0.6277443608953498,9015,None,CBAM
108.87304180347384,0.5675664990497019,111.34067379909986,0.4564635472272551,9016,None,CBAM
208.60624259687773,0.3846286164858151,181.17849580237217,0.1661626118127452,9017,None,CBAM
236.7482824387327,0.4967314982913788,203.01119431970784,0.9483847562989468,9018,None,CBAM
1.5305918695617575,0.6791815407814513,20.959532488473048,0.1820765764342759,9019,None,CBAM
52.93409124526879,0.8265549446647683,166.70382585571068,0.8510036894368166,9020,None,CBAM
347.37094262034276,0.02840126700860264,222.76639140306887,0.6377115426905001,9021,None,CBAM
124.98296999744585,0.028544026587538227,161.80088745527885,0.2353886911367109,9022,None,CBAM
357.36588788497414,0.2618101129547768,161.05665216649885,0.5663228727640828,9023,None,CBAM
139.6033122012614,0.9729173715249632,13.637661793911047,0.7398677851131833,9024,None,CBAM
133.54636609848052,0.9872200484325213,355.6248654217202,0.331274270239984,9025,None,CBAM
330.83987769478796,0.9217161897419981,347.9641775816922,0.9882391159991363,9026,None,CBAM
42.82840221593331,0.026461836911360267,296.17601582838427,0.08395100367554212,9027,None,CBAM
212.68213223029173,0.07585013148875194,205.50635306544237,0.685881414219945,9028,None,CBAM
194.76951543982787,0.8414991344267947,376.50925117961975,0.9820093449122245,9029,None,CBAM
307.3971339544058,0.3889901932574426,337.94173379531054,0.5831004070812452,9030,None,CBAM
194.25108422265123,0.08227227250371019,4.541617395068042,0.0449592271273598,9031,None,CBAM
207.83570923461065,0.460359162383362,44.516520913052666,0.10220025616487997,9032,None,CBAM
59.87914299580876,0.9893248814842434,265.6810722003695,0.6536828283156866,9033,None,CBAM
237.355716433916,0.7675041751969699,113.11519548664413,0.3970322069781916,9034,None,CBAM
285.55113261657175,0.7725869974266384,142.750457187347,0.03196280309044194,9035,None,CBAM
38.85064731881348,0.2744263993552215,357.132414281286,0.9478270056454366,9036,None,CBAM
175.50200959237884,0.2616102799871038,154.57510355189208,0.06481958727278718,9037,None,CBAM
307.0322328288301,0.8287819353817073,192.4847737282978,0.8866387633634565,9038,None,CBAM
200.14464790641392,0.048709463719288935,154.76771506808527,0.8164502682094469,9039,None,CBAM
160.113879516347,0.7793609369399498,221.74984392998755,0.036563066559838625,9040,None,CBAM
135.0119940153621,0.24897045774845222,209.33573732620775,0.8492950865103895,9041,None,CBAM
102.86908693691912,0.18604955444134175,362.43227306539023,0.4120484984602505,9042,None,CBAM
381.3795565118119,0.3456134289786983,215.58906675630732,0.24815575445281682,9043,None,CBAM
156.80982685523546,0.16358939353517948,18.32058968150367,0.790663913688541,9044,None,CBAM
258.82413602919,0.08847514234105991,55.63245628224202,0.5569447213318393,9045,None,CBAM
211.92776860733144,0.003646595074276363,238.2876594776295,0.7936504275772328,9046,None,CBAM
154.81311481622373,0.7007634725546897,147.81489180180114,0.07095177037341503,9047,None,CBAM
194.5885789220063,0.3694651134862382,8.967949274831772,0.7915680147461635,9048,None,CBAM
120.19354298523028,0.7304282353790822,93.73443460559147,0.8324503983415437,9049,None,CBAM
342.9499094627208,0.652727914168773,104.34488417054857,0.30285520905035285,9050,None,CBAM
308.103850523121,0.3754362737216719,343.2115344623196,0.8264688138248868,9051,None,CBAM
176.77940704497647,0.8429261342192974,159.66203515569865,0.9402432665218983,9052,None,CBAM
377.02323725730224,0.00852468873330931,362.9280346932227,0.1958253490750893,9053,None,CBAM
195.6102491608463,0.213471521529933,194.37763322446375,0.43008579065287617,9054,None,CBAM
187.81830055527487,0.34972973769615157,1.3064300333631584,0.9422261891849258,9055,None,CBAM
226.81828540040937,0.5350602455316178,77.63954124503375,0.5073349951047723,9056,None,CBAM
3.0262295819581295,0.6490452446616336,355.74735890223883,0.5131783742077286,9057,None,CBAM
179.27072323319175,0.8999988328125335,222.16038938114377,0.07945526018357518,9058,None,CBAM
56.99688700728453,0.6680630120215874,164.50480202028805,0.4503264293003655,9059,None,CBAM
31.251793401395105,0.985832429802848,247.95332780853508,0.3319396023523806,9060,None,CBAM
392.17760190024154,0.8361201780958918,83.20257540848893,0.2920313918076767,9061,None,CBAM
323.9762899701803,0.8691398325170776,311.4160948005672,0.18959023672371833,9062,None,CBAM
307.58849934380015,0.6035367469561818,154.67214820258874,0.1132874976814871,9063,None,CBAM
131.20639605395462,0.05697459292493804,330.88780493392835,0.31382222566386847,9064,None,CBAM
301.0139307412819,0.5677300093473533,379.9046567292752,0.7341494538283811,9065,None,CBAM
215.5320767391209,0.5860576384840406,394.6614198415306,0.2755530803452648,9066,None,CBAM
365.1367885306851,0.7297471060159076,78.60959399957775,0.5685748029671913,9067,None,CBAM
78.01929774480756,0.8126344722428027,377.0927713397703,0.9685963193089246,9068,None,CBAM
220.4702907563246,0.46376384694079203,17.93852077989317,0.028007340066953136,9069,None,CBAM
65.93518842668324,0.36402423691865005,389.82139560178877,0.14770968108061003,9070,None,CBAM
38.464243005221896,0.45598687180994657,79.54627174063145,0.21330223752570643,9071,None,CBAM
312.81356998245514,0.519786046254578,201.97710414202436,0.9956146719777935,9072,None,CBAM
38.61191921123412,0.9008244818146345,183.98884992381397,0.7550229077027382,9073,None,CBAM
8.560027732029075,0.028667500279566084,245.95762751878323,0.38443827532316244,9074,None,CBAM
329.95957391878125,0.16182571167737295,323.0549393714968,0.5242466976132285,9075,None,CBAM
85.85832677117376,0.9791562974938876,43.73380922207606,0.720723032515845,9076,None,CBAM
61.80220731764911,0.34095855298401495,335.9404969507024,0.8243199748095238,9077,None,CBAM
220.89459816655759,0.3788996256672856,149.5567889177514,0.5507597217413647,9078,None,CBAM
214.80415318695344,0.08503535467407161,268.37865410597436,0.5582751009781325,9079,None,CBAM
140.4374855286169,0.14539869060876578,92.59588818759214,0.5087048627818856,9080,None,CBAM
152.90663626288335,0.667856279053249,216.14843710326645,0.3086040959781474,9081,None,CBAM
199.51150243088398,0.9491653750326668,85.5749992969502,0.23888622869975604,9082,None,CBAM
172.9456366685317,0.9669115827751864,157.48239488688904,0.7829553973018054,9083,None,CBAM
255.2880540780922,0.9713511566456926,250.4963480706225,0.4279836459902248,9084,None,CBAM
318.7952578651485,0.23831274149172785,104.54851306159212,0.859206852407959,9085,None,CBAM
119.53932720485399,0.858793036099747,17.677118706847224,0.8574214203398728,9086,None,CBAM
94.38459512282697,0.9616984678932221,335.19150809775573,0.7801980524896511,9087,None,CBAM
396.98177932792225,0.3743337609128414,62.64853837109471,0.9705639623738814,9088,None,CBAM
190.74106669961103,0.7305517565545182,11.854351354983983,0.1784401985080097,9089,None,CBAM
158.7549633909336,0.06251519217851971,159.3930603751105,0.22828022444019183,9090,None,CBAM
105.13355510734496,0.16308751192020868,339.95864662329274,0.41351645329870956,9091,None,CBAM
124.7781621768215,0.621517826872512,45.1570858479087,0.04768213338535444,9092,None,CBAM
288.62205483300284,0.6905204335275892,61.74193762899769,0.2508872248611665,9093,None,CBAM
182.51202009594957,0.13225995869181695,160.19795938506354,0.1154772552799075,9094,None,CBAM
291.9502814226014,0.1751199273751828,305.22733919522034,0.15256490638791081,9095,None,CBAM
114.76937539147126,0.9835155483165611,323.8997515192138,0.06956119998104363,9096,None,CBAM
173.45896396945687,0.22731165357748498,125.48335820454157,0.9392799095296124,9097,None,CBAM
120.09542602619392,0.04177433702407159,114.48681437899084,0.8084995707810172,9098,None,CBAM
225.58029380611399,0.23418555622057594,299.1355229403306,0.5691218128970366,9099,None,CBAM
326.6009214504462,0.74640983789687,196.50547184548086,0.38351271575363255,9100,None,CBAM
0.06725413106411994,0.2594388074445009,240.2686586552023,0.15899693940330858,9101,None,CBAM
210.26381713935498,0.15794248479404466,139.2508118284185,0.41408782936342037,9102,None,CBAM
219.02732699399712,0.09031272758688569,246.44275537529802,0.6320782246615502,9103,None,CBAM
229.998304824229,0.8411150417129856,121.71461185484338,0.7693950656980073,9104,None,CBAM
80.89354066187161,0.9476048528306027,286.1291303626364,0.1391778148977253,9105,None,CBAM
116.73928551217838,0.9433800519163047,58.99617793245123,0.9399076247853448,9106,None,CBAM
293.59066106938894,0.46010688557978263,284.07227002670334,0.313157455149829,9107,None,CBAM
10.959693459518585,0.11512576564397842,101.99053466896504,0.8679313129528524,9108,None,CBAM
79.41160652975958,0.9532546553911069,171.0612148163939,0.627858778577363,9109,None,CBAM
380.2683058280649,0.7771318356853124,169.69120156339957,0.5431697662466501,9110,None,CBAM
393.6013289391666,0.7898718142379515,227.28670969530666,0.399178141361901,9111,None,CBAM
243.22958846039825,0.39754706263891776,113.41772434607556,0.7939291237301065,9112,None,CBAM
397.36630571411257,0.13243161032865036,224.28337797590788,0.6571466219077535,9113,None,CBAM
204.10048668540918,0.5683905924531985,218.06872664374856,0.8593125599789058,9114,None,CBAM
88.5529454420824,0.9265229430364842,106.96303943469026,0.12012523945939235,9115,None,CBAM
137.61952348220265,0.873041623519011,120.42305189614315,0.6471023116686466,9116,None,CBAM
312.2165867189282,0.8812913605985799,79.7644170083949,0.27406007580621855,9117,None,CBAM
78.41015427028223,0.4406864818698369,270.010915924287,0.8493513185435285,9118,None,CBAM
263.3935709259035,0.28923777669384837,385.3674038854066,0.26091250237359337,9119,None,CBAM
189.44101426657173,0.9246684983798974,72.84211177857186,0.30721374564012777,9120,None,CBAM
129.00769468874336,0.7161360958096131,232.8632803811425,0.6493069644580035,9121,None,CBAM
326.0256512048086,0.1990979963452595,178.49734510338214,0.9604954185886457,9122,None,CBAM
210.35897573563136,0.5044622231605909,187.03330874767278,0.3470709995943112,9123,None,CBAM
70.40462878666118,0.7563365351842966,162.99363215278206,0.0017700618043852566,9124,None,CBAM
6.928814997460167,0.36360689386355705,101.36886299715273,0.048567533728922974,9125,None,CBAM
162.05598688180766,0.12309388856660931,10.097825932835837,0.9283721721375972,9126,None,CBAM
143.1170851042637,0.8394402249160351,184.89820235411008,0.8947545414979452,9127,None,CBAM
377.8312359554814,0.3688977504290324,109.57444562130372,0.1923454135730161,9128,None,CBAM
134.3752440207681,0.9857182394523257,316.15918446037665,0.3150204197205552,9129,None,CBAM
66.35051408985456,0.3081534586045657,354.21409492983867,0.21129293316743705,9130,None,CBAM
3.2140694153829363,0.3836794855919277,78.70119397876027,0.5822538450481981,9131,None,CBAM
203.23340968836027,0.6480379712014983,323.8521941394206,0.4816985755130188,9132,None,CBAM
153.24834704037806,0.18715229628901958,105.37120583695445,0.6028506129286683,9133,None,CBAM
43.00738808258159,0.9782076129700408,4.110763907956181,0.18816108710916174,9134,None,CBAM
383.02579723120414,0.37788603984101177,399.24338900167993,0.9531988468287175,9135,None,CBAM
372.0504934168742,0.7514561015648012,210.45161163770786,0.8577721472558503,9136,None,CBAM
51.32444630068696,0.6992333778766022,71.99384011062794,0.9165549087201386,9137,None,CBAM
157.83428361753295,0.19381858910363958,297.22733205090805,0.09115997365099708,9138,None,CBAM
160.0752863253908,0.5879421656198155,45.605151924277386,0.09036134849937391,9139,None,CBAM
240.71707669597427,0.100246770670945,395.18173353832077,0.5519146201749107,9140,None,CBAM
225.39930572819412,0.2072800154006682,83.64876479194025,0.7521753724599942,9141,None,CBAM
185.01261424091945,0.9402757613040799,361.99236158413106,0.8528248075726413,9142,None,CBAM
166.89259887840134,0.4859747453848934,397.76115280501625,0.34671822911685773,9143,None,CBAM
161.00604985894907,0.8673927532734714,223.3688392641052,0.3659117585155766,9144,None,CBAM
236.23215878959215,0.6529834662345138,166.26503430665454,0.9833036832074571,9145,None,CBAM
38.59720055636651,0.37424397320097463,203.9838899382111,0.7660742395028608,9146,None,CBAM
183.30817026000003,0.7312587276264978,95.40683119739658,0.601752445447544,9147,None,CBAM
345.5981733226232,0.8041177747250638,147.3298306456526,0.8852898854217056,9148,None,CBAM
348.1206372139587,0.17345268208025869,263.4589679415775,0.16608834968484973,9149,None,CBAM
30.772314416480356,0.4055698058947493,228.69742754344048,0.146784679756436,9150,None,CBAM
96.5618826145606,0.3290143204843479,379.84032783749166,0.5910995177427038,9151,None,CBAM
85.78630627348068,0.3971072214556944,169.94260139017177,0.3697769723021946,9152,None,CBAM
252.05569651138364,0.6819435301706182,83.38497409982608,0.9450103234627665,9153,None,CBAM
236.5044189124221,0.10205508332753944,329.9230179849702,0.24560331910964558,9154,None,CBAM
200.3216537753838,0.36178299651359164,31.958481819951373,0.012143413392612117,9155,None,CBAM
263.9567776587314,0.8271137318063141,325.18351499129807,0.750372951371821,9156,None,CBAM
317.1493890714021,0.17664079267641142,37.215705857753825,0.4916861841476062,9157,None,CBAM
395.5115234973323,0.7821126383001695,235.82850810374998,0.6515585026210678,9158,None,CBAM
277.5770766299799,0.6873063201166724,158.2697375526539,0.8249139220417464,9159,None,CBAM
181.88683743829333,0.8508702895456725,84.10204304929368,0.8217339355835714,9160,None,CBAM
57.89443361874784,0.1949512270169486,226.3248242886883,0.06265475604059403,9161,None,CBAM
92.5078768536842,0.14135729922197143,197.73088275411334,0.6835957461069514,9162,None,CBAM
372.28410934612,0.18422572710313068,13.523358204952485,0.8725075441418894,9163,None,CBAM
38.14579510508217,0.7782039547811025,219.6125911606767,0.11223593713527162,9164,None,CBAM
319.1191759003586,0.37318608564332767,194.09032699763173,0.10426957288499318,9165,None,CBAM
97.95748203346066,0.5072550277890615,172.54283430051953,0.5302487574223291,9166,None,CBAM
370.16772265569097,0.9705717634860158,314.55102122686776,0.9385237339988475,9167,None,CBAM
195.75720976659764,0.8106096590097125,36.59931844780985,0.473133434950927,9168,None,CBAM
256.8923510295316,0.5357993171391284,108.76192502725728,0.7382799658595536,9169,None,CBAM
282.32121097627976,0.09317103573129623,217.34046269185004,0.10347654289921486,9170,None,CBAM
145.8334384710955,0.5872345295758169,215.12076120418433,0.9893855213230536,9171,None,CBAM
10.148446579462785,0.07016087790519106,171.91497117188092,0.2958234273922563,9172,None,CBAM
156.53129088248824,0.2617960368095301,174.87983815874068,0.5951155577662295,9173,None,CBAM
299.2465337039337,0.2923767789242537,133.21057439388127,0.8500503535989601,9174,None,CBAM
77.4848371178969,0.5010772513319961,184.58109450467185,0.35249616270743567,9175,None,CBAM
40.60101129906536,0.7057461867148301,239.94299663233116,0.2748964479109885,9176,None,CBAM
395.3105988358286,0.9091456070305576,378.3264741518124,0.4381710449377772,9177,None,CBAM
129.92940465371413,0.2849241202066462,160.37289454540712,0.9111662904510441,9178,None,CBAM
387.3855667650783,0.5502766059109062,52.91967221875067,0.09955083303566103,9179,None,CBAM
29.223681042711036,0.5374699166372353,322.6504514343525,0.5090701206221341,9180,None,CBAM
224.2757781991338,0.7026967078545578,360.9897865133115,0.25311941139514593,9181,None,CBAM
144.6948206139487,0.3586329905992783,182.92381175832492,0.630118095477646,9182,None,CBAM
188.33721768093156,0.44858672133352595,77.68240434003921,0.8038042152368697,9183,None,CBAM
376.1157302254906,0.04817550079880756,79.63643477863475,0.21362243174170797,9184,None,CBAM
326.4819177472025,0.8927467226515577,390.5655154567137,0.9880234223370827,9185,None,CBAM
67.31036834815048,0.8298603008599815,175.5752246685659,0.5186227416470771,9186,None,CBAM
37.651690510517625,0.820941483364501,34.70879195747848,0.32629644026152,9187,None,CBAM
104.96193702753604,0.34988612437696226,63.81049101422228,0.5925548717627592,9188,None,CBAM
238.50556471226034,0.43499503904649145,368.9100833870646,0.5063774680749675,9189,None,CBAM
278.5900010218259,0.6528318116793084,84.82063598337733,0.5499795237924511,9190,None,CBAM
79.68194255237576,0.35834111642922517,343.43699969960693,0.40254091995798646,9191,None,CBAM
217.05579427741006,0.1695443618513778,147.212578870966,0.6605477367067388,9192,None,CBAM
327.2220997541249,0.25708081943749495,208.07736797110658,0.14940156518059436,9193,None,CBAM
299.35975315392034,0.49863435181576904,305.72109435351257,0.881945273254253,9194,None,CBAM
155.3546063747862,0.11976049708431273,282.3105866414123,0.687401979129299,9195,None,CBAM
82.40580660652806,0.2741572320894919,285.6692654830061,0.38255430301339977,9196,None,CBAM
194.54072532888864,0.36145178658438737,161.03766988773464,0.5549279218167937,9197,None,CBAM
392.23548169219293,0.3301680485062535,61.93195717426786,0.3311089393219356,9198,None,CBAM
224.70740692665606,0.8188642768284722,363.42222153825105,0.22362978051872567,9199,None,CBAM
267.35893080204767,0.7490087409899256,183.34658547863762,0.6219469688261069,9200,None,CBAM
257.3202929496517,0.45101788597924125,258.85811991516556,0.9051089370642026,9201,None,CBAM
24.115799228859107,0.06442656669583292,86.21611642699565,0.17275077214345486,9202,None,CBAM
252.4308685567975,0.5282642507759782,242.81425476948976,0.01260620470029872,9203,None,CBAM
341.1228877655328,0.21737120718718947,141.07513151964304,0.480513429893064,9204,None,CBAM
222.92373639867722,0.119462229983391,144.85008001017724,0.5323176316217194,9205,None,CBAM
50.49330747903795,0.11780040971563005,134.2308665262467,0.9787226761694957,9206,None,CBAM
52.915893052350846,0.9057296786968033,137.12654179043093,0.7964769687917659,9207,None,CBAM
159.31180838466656,0.21568699911168293,112.90338379929645,0.41011991052006147,9208,None,CBAM
330.7030535144596,0.4183651251771008,83.24959924680292,0.05430577689409317,9209,None,CBAM
90.45738484057364,0.8094228228368714,85.28212819160677,0.318939084614625,9210,None,CBAM
155.779849635685,0.9502061114909294,119.71967937617265,0.5428335210332575,9211,None,CBAM
152.25532791262495,0.5286254926901283,193.30002360258146,0.3157711985306088,9212,None,CBAM
336.2270882294131,0.9165045331640234,376.16922865768123,0.0008743197416302332,9213,None,CBAM
149.29011077556422,0.9495081958635304,128.5632178278002,0.7169155358329721,9214,None,CBAM
257.62379069695163,0.5294643856262539,126.40677690136629,0.9005487106801333,9215,None,CBAM
274.33367243115003,0.19210128598922968,79.2315815227824,0.9372998831263658,9216,None,CBAM
365.45009286354366,0.44333808763880805,165.01109828921116,0.08027295614370715,9217,None,CBAM
140.78587744942047,0.04674382346999399,155.74641707480262,0.6236104266874375,9218,None,CBAM
92.45070104635785,0.46203167876749485,244.62896142809578,0.7817779794522758,9219,None,CBAM
335.84701163099425,0.5664484141928878,107.21705173006153,0.15515492634294423,9220,None,CBAM
330.3990517846199,0.13881371998382036,289.6152392710743,0.4354859306537497,9221,None,CBAM
124.59300685885921,0.5729816503432935,169.0113204501782,0.46988182673372897,9222,None,CBAM
59.65381114241306,0.815360008541265,398.0793162039403,0.4463363607759881,9223,None,CBAM
104.62698023586891,0.5523233475084199,308.19025559149566,0.6333139964445268,9224,None,CBAM
264.0490793996251,0.46058159347401134,99.17946321053088,0.0196668321752683,9225,None,CBAM
251.01465765181277,0.254377363317384,38.09751375560666,0.5656560987920307,9226,None,CBAM
211.8154025651369,0.08891064960097586,154.10393067226516,0.6235993974614865,9227,None,CBAM
264.5870203109212,0.8634547663377242,27.9150613380195,0.9799106394909073,9228,None,CBAM
206.82133567257495,0.03276482787776943,126.88128414331237,0.7374425078710498,9229,None,CBAM
71.12978463785758,0.9286363525520334,137.88494278821997,0.5788392750357847,9230,None,CBAM
136.8143696750382,0.2633177544564978,252.5716281768616,0.6637790480287366,9231,None,CBAM
62.93713700841893,0.8312541238759248,226.75972325347277,0.7860828174838613,9232,None,CBAM
250.39831498026155,0.5908678877210872,254.77330611107263,0.6931625473442712,9233,None,CBAM
181.18732194643513,0.8378260506662867,303.41080425334246,0.9547602001273886,9234,None,CBAM
228.4365908825985,0.9140476514388785,5.4582312400347925,0.004883350436964142,9235,None,CBAM
129.04726150793698,0.23526526190610486,62.939778754194705,0.03809425712547497,9236,None,CBAM
24.164508714574012,0.4653051383852827,262.29977763938246,0.057917935229718824,9237,None,CBAM
356.7460837207944,0.2361663477989757,151.71032070282345,0.16954934130535843,9238,None,CBAM
245.58229869599103,0.656196311675346,242.426760236765,0.3792078807265079,9239,None,CBAM
288.0499029849447,0.43091117306935944,296.2554633802198,0.28801122172528626,9240,None,CBAM
350.96503163711174,0.34746353481238007,95.87390070677567,0.39105951699044217,9241,None,CBAM
68.39776667520096,0.9060898921354462,303.1300161082511,0.3512130726286871,9242,None,CBAM
136.7321804976858,0.10690893935339675,263.74071071126355,0.442360735031073,9243,None,CBAM
381.54155627464985,0.1472777935951812,140.04076534030463,0.40235553808193586,9244,None,CBAM
203.64536796556968,0.16761222209959864,373.7440802895258,0.8317253844979293,9245,None,CBAM
211.69780546003273,0.9675112657106534,277.4127603904566,0.4366259946560841,9246,None,CBAM
397.6178089216605,0.666347692027957,250.00273515726983,0.7901127568980858,9247,None,CBAM
288.2431853415431,0.8207202086525087,309.1420623709311,0.7275052145301876,9248,None,CBAM
283.2493591904218,0.5053351296053843,292.3659452564819,0.30332872092685065,9249,None,CBAM
369.64068333808075,0.9403449792215081,253.94402400734984,0.6356303617532829,9250,None,CBAM
168.32757224269744,0.34537842874286195,88.11033974982766,0.4428822330030537,9251,None,CBAM
126.48781462389556,0.11486582107648095,79.89123761889549,0.1658481601769913,9252,None,CBAM
263.482346266095,0.7850539680949933,84.4941072450281,0.9406686357984281,9253,None,CBAM
284.3925446024039,0.28620468261006593,360.82156237160774,0.8110597494533826,9254,None,CBAM
157.43864105583873,0.7280075652982755,26.182719424491392,0.9784633351103244,9255,None,CBAM
237.65832975468254,0.061470619834769695,234.23375395197027,0.23461603504375997,9256,None,CBAM
202.18754226510006,0.18590795534989663,364.15871454710754,0.14936792933924994,9257,None,CBAM
294.15181709359257,0.85649881565049,238.4157785129919,0.2984064116169703,9258,None,CBAM
174.3151173599001,0.9766392100477764,280.5355313283603,0.25977106823720225,9259,None,CBAM
318.47915662222334,0.6507121892748038,91.13898336280819,0.9625342395111463,9260,None,CBAM
73.09328146561862,0.10850860139181173,163.70474710491158,0.8717529839834558,9261,None,CBAM
317.0268748059295,0.7799883408678122,7.400689099724158,0.7268613499186629,9262,None,CBAM
120.04925346214132,0.3366978351111223,114.86424643271928,0.32170365713650895,9263,None,CBAM
172.9179458479014,0.22038175695265197,163.63826866912376,0.8005554090148612,9264,None,CBAM
367.68867875478486,0.5876287815830437,236.1529520868303,0.36651311652879276,9265,None,CBAM
67.9299783398793,0.050955321301881844,373.0129953776289,0.9542190783600318,9266,None,CBAM
216.99209280684948,0.554997706451906,330.11023882725743,0.32984743480176687,9267,None,CBAM
77.20325221673248,0.3225985980779883,361.50039874694744,0.8629207841941041,9268,None,CBAM
30.96137342887055,0.25486331804535534,185.19303372358038,0.7356121746391237,9269,None,CBAM
300.4101910591988,0.3676602453613102,266.28288209850075,0.8101204171127006,9270,None,CBAM
243.328753747832,0.8600412228641902,308.46669556618855,0.263737522602969,9271,None,CBAM
212.7518774300436,0.6718828747645046,250.53487659528687,0.8256144516560106,9272,None,CBAM
76.33552390713024,0.17579032963991859,312.1275500802997,0.9192402649568964,9273,None,CBAM
128.1041526429069,0.05345776632643003,80.80130700535759,0.5125921009539223,9274,None,CBAM
212.7656688305597,0.38586161650189643,255.1703540759739,0.36240756295346627,9275,None,CBAM
343.95667331104494,0.2206826044532335,204.81918293151446,0.9837231614394543,9276,None,CBAM
272.58094925690676,0.6461617639727935,255.72311859784085,0.8393990282503635,9277,None,CBAM
389.6057243536623,0.1400120652433446,94.9442740200473,0.41711057150466563,9278,None,CBAM
241.35760219880947,0.4243734408676685,270.7829891743603,0.11457991272106574,9279,None,CBAM
351.3578312653672,0.4582106926084929,107.0180963177464,0.36025960073746854,9280,None,CBAM
236.6769223900011,0.948910201593044,137.04633622968677,0.26538191198205663,9281,None,CBAM
2.8918488807655764,0.597830906392935,32.12837657572979,0.5046956727768119,9282,None,CBAM
350.33402176612236,0.9890094242812421,349.23372532665957,0.658546439172876,9283,None,CBAM
315.68940045561675,0.44740994142192864,83.52720052567197,0.05603669091810939,9284,None,CBAM
231.49771693741206,0.8122262216278108,9.466911093144715,0.8740751048492724,9285,None,CBAM
259.1586243489211,0.5056376209343766,330.1607619061121,0.13380180468413347,9286,None,CBAM
337.1349002299021,0.3185774502156645,299.04473116163916,0.8491121973174828,9287,None,CBAM
196.97065726196678,0.6458622368486634,297.2462861019513,0.7742076020918851,9288,None,CBAM
244.3081060026911,0.3705993160619393,58.189621245783904,0.2697670848252148,9289,None,CBAM
118.83667189551956,0.6443264053497776,2.2753815630143306,0.29254781764656845,9290,None,CBAM
346.6046251649003,0.47366828059507654,385.4309090412602,0.8674956630749661,9291,None,CBAM
83.24169619812739,0.3265950408481549,199.1964211589899,0.8770306995038977,9292,None,CBAM
314.56096969079914,0.7493553604546792,380.82492238536935,0.45830619562802893,9293,None,CBAM
204.9815437621051,0.18649310117310067,81.52448212875754,0.5867465460342348,9294,None,CBAM
317.9061380521405,0.41715193121188554,178.6061021239628,0.3660723884675389,9295,None,CBAM
168.17268208286302,0.2663122362452658,69.03352543655708,0.4779293679614298,9296,None,CBAM
150.67305480230783,0.8497321580675384,252.92764162116458,0.8255811351216378,9297,None,CBAM
155.4791636549921,0.6845259471700306,173.92303021978555,0.051380574479272766,9298,None,CBAM
85.35228991186814,0.427428369695588,394.06121387732134,0.8252719987728384,9299,None,CBAM
383.33292169300654,0.5510278056316911,298.1729763404235,0.25332903645553867,9300,None,CBAM
87.59512743985182,0.30551695031823534,303.9774282463801,0.12615791916668964,9301,None,CBAM
312.2959693243799,0.006212004535249696,23.70912432581829,0.2421519309034734,9302,None,CBAM
216.15402668682034,0.2713431286937966,250.79239443082756,0.6281228129966354,9303,None,CBAM
127.85175969039675,0.00808721648060038,353.91196472532454,0.7706941770862098,9304,None,CBAM
174.1787026765369,0.6149238651083782,364.45519473728245,0.9010071039306674,9305,None,CBAM
147.24579934129508,0.06758863370282849,68.86541600533023,0.35675102613938864,9306,None,CBAM
189.2658874277495,0.8260508995131022,219.47042442028683,0.43473780597686085,9307,None,CBAM
88.8447109927961,0.39022224765141067,115.57407319310656,0.992083864076378,9308,None,CBAM
211.5898609891826,0.7834419501886599,385.30257413554335,0.865125808692106,9309,None,CBAM
370.5759861796131,0.6843982357131582,151.88495746058612,0.1120026492504427,9310,None,CBAM
238.92102443934684,0.7687032223470812,356.3344526721937,0.05081669951327061,9311,None,CBAM
222.85077011333576,0.17697594953386192,395.68737452858886,0.6101660302515057,9312,None,CBAM
200.62357016403087,0.6027559682631219,372.00531304950186,0.8130239932940387,9313,None,CBAM
181.68381515837333,0.5289811963700797,279.310802365246,0.40512121379603505,9314,None,CBAM
322.5658645942059,0.9354559522736655,360.54154653784263,0.9966220535644117,9315,None,CBAM
206.51193503470105,0.7558164226143971,189.93247232976867,0.231527665093812,9316,None,CBAM
185.1172747133168,0.06495314688639135,107.47705280251989,0.22626676840610763,9317,None,CBAM
42.42877355849172,0.8988054529207173,44.57242551207638,0.40037593088456597,9318,None,CBAM
178.6299845710251,0.04017750165132244,27.3183026259723,0.6518075756896048,9319,None,CBAM
349.59994786319777,0.7517650723057416,255.7827716136291,0.18890988233537925,9320,None,CBAM
386.6930065823563,0.36243747405041377,70.3650719404445,0.42190718713258923,9321,None,CBAM
269.10670855958296,0.35553690230754004,28.004334351332417,0.05555207625792453,9322,None,CBAM
32.38593039409305,0.7488332189462925,265.2921275686947,0.5988819208244807,9323,None,CBAM
187.971622650468,0.5750666461250838,327.5735685516348,0.3015707944109098,9324,None,CBAM
249.7441979285492,0.2165333835055074,39.96433663622648,0.7254336709030791,9325,None,CBAM
34.932564590720006,0.7487695270960626,370.4121703105969,0.36828860326334867,9326,None,CBAM
18.94895490951454,0.9960550170603643,162.5212621123189,0.8007531543876591,9327,None,CBAM
278.3073072625948,0.5126514254551857,259.9840072214774,0.6027745778105958,9328,None,CBAM
160.39458313282555,0.917264007558541,305.340584882129,0.8539073290724486,9329,None,CBAM
384.97579573798106,0.7123876131652949,69.3547839862671,0.698926677453693,9330,None,CBAM
44.299128101826206,0.9744255162047137,190.06530050383967,0.10887497589383602,9331,None,CBAM
390.9538835635792,0.24446646785827628,345.4081881048224,0.29981244457428946,9332,None,CBAM
84.9967943879469,0.8399556456386302,253.1593046039961,0.878565059194812,9333,None,CBAM
392.36896102512037,0.6499396014258524,391.62281302161574,0.7033507234016906,9334,None,CBAM
76.68627365492561,0.5567311921175766,236.79296899948432,0.4938893013950013,9335,None,CBAM
20.40784657152968,0.5610740719580741,357.51955175466884,0.15132392561667052,9336,None,CBAM
279.20518737071507,0.6794420553583311,49.36378445170239,0.8502617178626567,9337,None,CBAM
22.83303872182132,0.9268386554751012,292.99794150770265,0.3069650960203404,9338,None,CBAM
196.20360051227306,0.9260141045731171,256.1743336923867,0.6154329664180409,9339,None,CBAM
64.97028229166123,0.7105508801026291,115.01713285137774,0.9985289030487037,9340,None,CBAM
359.05527681142473,0.8481144698519977,193.8899171985577,0.1906869246274967,9341,None,CBAM
303.1565515457606,0.1876154565771926,264.67586394867743,0.8116457831220374,9342,None,CBAM
46.240026509252694,0.5968653065391708,6.4174987443147025,0.307851474198933,9343,None,CBAM
329.9952941996089,0.07243235839610572,391.87061394171684,0.11756603714621253,9344,None,CBAM
196.45967964399298,0.28376489909796815,231.09192910069726,0.7575745985107318,9345,None,CBAM
390.4457551380482,0.01931930042396373,196.59992322361967,0.6075100354331628,9346,None,CBAM
310.05961390404167,0.0761955144510429,333.72388204609365,0.6173579320981256,9347,None,CBAM
39.214355763548475,0.9455446414720093,152.40855087215778,0.6550283656529825,9348,None,CBAM
99.49513090974735,0.6859261506746955,113.20027596415663,0.044891079336317745,9349,None,CBAM
168.1178120848979,0.6924322059278407,96.11302313829384,0.14784525783680594,9350,None,CBAM
374.55688305853937,0.3719561481443517,387.0703035959383,0.7700974086351257,9351,None,CBAM
389.93311602676295,0.7181299317019448,230.5220965469994,0.7712807414641074,9352,None,CBAM
320.16685987571185,0.7107110194940784,70.84110750894673,0.30542246858333183,9353,None,CBAM
275.1886091325031,0.7593756297288642,373.9674171066662,0.5597438350174812,9354,None,CBAM
297.7352170670494,0.5263431299165,76.45233429417951,0.5851189148055839,9355,None,CBAM
355.85782003711563,0.6626219580616045,271.40319677067157,0.251445923772586,9356,None,CBAM
269.9661452262456,0.33557340263247565,302.9874237048648,0.5821376982509648,9357,None,CBAM
368.92122032501555,0.35239279356367326,381.20859958376093,0.8522633775707762,9358,None,CBAM
42.78504284705898,0.3682300812649455,81.00524816938022,0.6668859410273075,9359,None,CBAM
274.89949824400577,0.4774622038894816,372.4095164608348,0.4722541432099667,9360,None,CBAM
50.71154675516465,0.6099151782345748,269.7442843124574,0.4471423526621414,9361,None,CBAM
42.90439649283604,0.31045433733294037,202.6293043303172,0.12113315441288132,9362,None,CBAM
242.33151632687995,0.40973496864080516,229.61990891891574,0.23519364709933532,9363,None,CBAM
197.77644091309955,0.4332695870422486,310.14547523677675,0.8435744899367218,9364,None,CBAM
359.5119153194525,0.8362288933285298,74.23133173929513,0.4864619832047758,9365,None,CBAM
212.62258784419092,0.6647149708167648,79.38295458957111,0.6284697188360635,9366,None,CBAM
200.22930074623625,0.35536791440026505,137.28027464562703,0.5931388580649587,9367,None,CBAM
171.04635210514124,0.4079430716108132,187.7625531523575,0.3656620704808067,9368,None,CBAM
99.62869817714208,0.8177839059847383,227.1710670570418,0.4878630787482557,9369,None,CBAM
388.644659580847,0.8052396001708175,46.67559040617351,0.07806761357354947,9370,None,CBAM
61.95778961586643,0.7469316668094852,196.05800823499834,0.44570879427655674,9371,None,CBAM
273.3803536771275,0.3561235658633139,31.000621934885658,0.6338836875328677,9372,None,CBAM
278.48185548710626,0.6349007337089989,236.16871074971817,0.14259049478204594,9373,None,CBAM
349.9973570324679,0.7865030508395858,245.62811001582423,0.4528401706660434,9374,None,CBAM
321.78029366413955,0.10887665154460378,66.67928767757755,0.31017568426800196,9375,None,CBAM
127.28011053700745,0.5292426518550664,210.0424806675616,0.7525405235832138,9376,None,CBAM
298.77157828394314,0.8403407328897715,150.5649146264144,0.2495687269060789,9377,None,CBAM
24.865377002762166,0.7855269328723987,112.25938393808723,0.36764209456191793,9378,None,CBAM
196.2824958733188,0.6734428111534765,170.26123571844002,0.6819019271783843,9379,None,CBAM
258.3555091885123,0.378737096004918,140.82652289045183,0.7017387015562796,9380,None,CBAM
3.9624226470597956,0.45900165166579154,156.09080996711677,0.6727262632991561,9381,None,CBAM
103.11431000492158,0.3179109522354362,163.8294362432189,0.06735937443562004,9382,None,CBAM
370.04926248987584,0.6439222560572335,272.07151193756556,0.5149605870684385,9383,None,CBAM
39.59695532806813,0.6268106821123433,121.46191781347358,0.6147889128434375,9384,None,CBAM
28.76548622499332,0.8036499597210971,373.8484551654613,0.37792119646926947,9385,None,CBAM
59.6203033872414,0.37329909988303045,54.825722208021524,0.6919761554855812,9386,None,CBAM
308.2221991325117,0.477361569274694,14.591119057681443,0.49294899072337084,9387,None,CBAM
51.71260262197697,0.6740496688195575,139.91636430848212,0.5152867046345235,9388,None,CBAM
249.44533574921323,0.1887513473944599,113.7443741265328,0.21417432253430338,9389,None,CBAM
272.7591969045269,0.726507874414243,380.9865800480604,0.4520037975381069,9390,None,CBAM
266.70176583690164,0.8538191236972765,138.30912292349672,0.8104519330293546,9391,None,CBAM
277.4011168339672,0.08562190170161811,69.98404720339863,0.8396114207189523,9392,None,CBAM
2.675089389774325,0.42330342675826704,139.5728019920681,0.6771318193799372,9393,None,CBAM
22.32355331296889,0.004358393272388639,65.57116404590109,0.4837211881509305,9394,None,CBAM
54.388189926444085,0.43157937641507743,360.408183235915,0.7842975608992573,9395,None,CBAM
215.38782996394139,0.7888735550095758,245.31431735602908,0.07582396560593262,9396,None,CBAM
78.99547691367964,0.8973104335089895,50.26660221303092,0.5466323623938234,9397,None,CBAM
392.1240747629099,0.008158565292812562,278.93013001080897,0.8325705460402291,9398,None,CBAM
369.7320550050909,0.7404133382839965,341.0877153207252,0.4277908932055056,9399,None,CBAM
251.18161045462733,0.009166711451736398,292.1036114274782,0.07766279304103535,9400,None,CBAM
252.96075795268135,0.6994830698176561,287.39231165166836,0.23447580029280105,9401,None,CBAM
222.91484968899118,0.684416202201561,282.5517793531033,0.18534899385844983,9402,None,CBAM
378.5098056025181,0.34918012297314127,311.3660045531407,0.4070359276543032,9403,None,CBAM
142.83717194813758,0.41636144227948374,237.81638916993617,0.16092350880046377,9404,None,CBAM
72.33358140269804,0.8895585348887006,250.43163340876484,0.9287939656164342,9405,None,CBAM
108.7378007777286,0.9196871261372641,321.7603679720036,0.2413683637119729,9406,None,CBAM
0.6792293223664249,0.04865105240926729,185.24326905740386,0.3455967475782744,9407,None,CBAM
321.3776349906097,0.33723914779175146,219.98840218999734,0.5198438815715024,9408,None,CBAM
320.308370533505,0.10892845753018844,249.86159024138615,0.5232816153644063,9409,None,CBAM
178.89956638185706,0.7860641019596342,126.34050075098644,0.2113589787975335,9410,None,CBAM
190.47587953075637,0.3528384933600609,95.6145490268305,0.914547845926761,9411,None,CBAM
16.676707096054326,0.8020781786795842,234.82133380808935,0.30835068163657015,9412,None,CBAM
214.00373144054683,0.5524144109857192,174.45439138906417,0.9491948557143707,9413,None,CBAM
253.71293843840044,0.6281307665281968,351.57775655301066,0.5586376376516662,9414,None,CBAM
124.27333027882604,0.9492334583771339,350.31724477389616,0.13338675133453337,9415,None,CBAM
166.95239983175733,0.5728748163319729,131.2470208072176,0.838909744183396,9416,None,CBAM
120.41903939035552,0.6173002863281937,106.63779032432026,0.5844799580177888,9417,None,CBAM
320.20166163961005,0.5222814377241451,103.66130565798682,0.9359126990032886,9418,None,CBAM
72.97310505210885,0.9484509717257529,377.1645908495215,0.7651724839254807,9419,None,CBAM
358.3753001764879,0.2250443370882406,266.0317529127512,0.9720755317831964,9420,None,CBAM
313.51841801365094,0.1980522666465987,313.6656504618217,0.1531123334042035,9421,None,CBAM
266.0763142915056,0.49562420721174083,18.959711551753816,0.9207834324020752,9422,None,CBAM
273.21757840334783,0.639775449225012,76.85702164104707,0.024087170943550312,9423,None,CBAM
54.58065867068383,0.3445706787302263,223.74514728721326,0.07244188260792951,9424,None,CBAM
192.74499566648592,0.8668304596190672,309.4454588882427,0.2955670243027102,9425,None,CBAM
108.53284298251677,0.0018827749889575628,316.2978318336969,0.8551497266824013,9426,None,CBAM
165.09490541123338,0.33993521561475387,26.41354746000936,0.083672477806459,9427,None,CBAM
122.20759320689929,0.6817033078438012,64.77338519391867,0.9420374996526465,9428,None,CBAM
156.33914808634773,0.6452279075234244,53.54286403770212,0.9046459187227255,9429,None,CBAM
269.03313146488335,0.7135318412386862,363.6026830773786,0.8311237234387541,9430,None,CBAM
281.3728753363209,0.11310064880838297,158.04104195929912,0.41306752458332696,9431,None,CBAM
387.22082498728594,0.7681494339042776,191.50978790739435,0.5267926639089704,9432,None,CBAM
44.15261638365226,0.2806390040704065,271.37541840445795,0.9677642283117788,9433,None,CBAM
369.3762070747906,0.11504891318060645,209.00631154998584,0.9052233744239611,9434,None,CBAM
364.03024766277946,0.8663598425486766,120.46596331394124,0.41004170689534863,9435,None,CBAM
143.60784987309063,0.819285500136938,86.44083791943716,0.9302889166734585,9436,None,CBAM
324.6202028122605,0.137636801080712,321.89895906449175,0.749620519583792,9437,None,CBAM
345.2785250849075,0.1903185288354442,329.40539708578655,0.5809611537775432,9438,None,CBAM
303.40682447600216,0.12274964244827875,220.00660508988514,0.6669663527211355,9439,None,CBAM
97.01512866143611,0.4125892268517775,6.114206123998217,0.577371447431019,9440,None,CBAM
43.98429623089057,0.36423058351512905,216.64116404039387,0.5000065820764471,9441,None,CBAM
398.2556643025872,0.19399998546698813,160.23545610125956,0.68075970915081,9442,None,CBAM
312.0179764368415,0.24053148680552092,41.718052720787966,0.27978534454605564,9443,None,CBAM
371.52673010439406,0.2698567543441205,17.217313604461165,0.9509252809379393,9444,None,CBAM
360.8961640000718,0.1180655935377471,60.01709150505795,0.3454317589950571,9445,None,CBAM
106.4966950754204,0.1578968004059902,338.81802386010116,0.36468461357399107,9446,None,CBAM
396.31537636433046,0.21408734075541247,64.61709644072727,0.33242469195494406,9447,None,CBAM
391.4724815761483,0.11843193629023473,214.18238688964877,0.5308678307836923,9448,None,CBAM
311.23817019451286,0.19985216717538604,174.20355799300717,0.8756714939653962,9449,None,CBAM
254.52122524948345,0.3016082723369984,326.4281168463667,0.7437684999938509,9450,None,CBAM
327.1421024460768,0.8945856990081456,391.82784602568114,0.3343903917611412,9451,None,CBAM
280.5467352517198,0.3780117367395781,285.10912203668204,0.9679941144478504,9452,None,CBAM
306.9920292354026,0.8966458046571212,266.8504484798633,0.6580423078220657,9453,None,CBAM
363.9406182752847,0.18159764111974416,251.6813138276607,0.5906361564416455,9454,None,CBAM
115.48428955489993,0.5375829610905909,376.13886530955705,0.5602873154891616,9455,None,CBAM
14.571920913591505,0.6292914224888982,358.3209850590897,0.4327659287009505,9456,None,CBAM
17.889892777518025,0.4479416109573845,321.51648228445396,0.1571391238572415,9457,None,CBAM
115.31010378726361,0.6558086532914019,24.57787572742907,0.21736989818054792,9458,None,CBAM
222.3226531757601,0.7945614893297724,168.60515458384276,0.6674432974645236,9459,None,CBAM
2.632912660026783,0.7694639357556632,145.10114972804985,0.22844962455220816,9460,None,CBAM
366.20229604174847,0.4060264169233637,302.8328009932781,0.009971954907856538,9461,None,CBAM
14.47994952407316,0.7405281237361134,79.4573376738232,0.8771222087099797,9462,None,CBAM
330.07192291858547,0.4491323277931342,71.41363797542796,0.051593519319671016,9463,None,CBAM
85.49203372921404,0.3363579587929923,124.97287091166469,0.32090005632882845,9464,None,CBAM
186.17544524572233,0.24377500739520996,231.27266881463956,0.4110151261816444,9465,None,CBAM
344.4835160747046,0.2642626543060094,5.054684941633478,0.7160949554383685,9466,None,CBAM
221.4219133258668,0.14862989800554294,305.56721574123,0.42228135283302615,9467,None,CBAM
368.74685322964604,0.7566731667267026,233.27185246690894,0.7286120960654058,9468,None,CBAM
68.70399847763728,0.027516971609114538,99.49632195465044,0.04905301742219296,9469,None,CBAM
195.6525165910901,0.38338908247751796,304.9619423877645,0.2736318924467467,9470,None,CBAM
216.72147242685503,0.10381601076502277,207.27449741158952,0.507661866927841,9471,None,CBAM
167.48945132045336,0.5336818370586254,319.9063244123327,0.2768651928730585,9472,None,CBAM
56.63809656599154,0.1987874806179111,394.46416507061554,0.42546110335866705,9473,None,CBAM
207.49577337935906,0.9982454946610443,273.2985414302204,0.2830555351555562,9474,None,CBAM
347.46242401622396,0.8208748894609115,396.19847302696536,0.2139340813730093,9475,None,CBAM
52.53261327088907,0.5007338678242411,63.337391139031496,0.14719675817608674,9476,None,CBAM
256.5013082175539,0.6700326382254712,10.671279535969889,0.3554300619436302,9477,None,CBAM
131.5643811761005,0.5003657604043248,66.75607046613507,0.5249488147321568,9478,None,CBAM
163.13493611996165,0.27877479561326735,156.18876912202862,0.3003452645094505,9479,None,CBAM
99.1740289281583,0.2278214484561444,262.6753021535376,0.8279651903872686,9480,None,CBAM
381.69910259598686,0.9743955449710725,282.93700580656014,0.856382585614353,9481,None,CBAM
244.21249138059085,0.4400112499788826,196.67036912418348,0.27773912560757646,9482,None,CBAM
218.44526747529204,0.9075544374756412,380.51805055303157,0.9752494204166363,9483,None,CBAM
307.30989454785225,0.2970234902860979,56.875673205652596,0.12164207200858639,9484,None,CBAM
349.4364605634312,0.10580979186042973,65.63367104993758,0.8543994556399227,9485,None,CBAM
251.2390262826863,0.1188589636410972,88.7226944852282,0.6410327694938038,9486,None,CBAM
351.3622378489007,0.8187713786064171,272.97743939878274,0.953091341741179,9487,None,CBAM
100.15263363922058,0.5488022237569504,24.924331958561748,0.6350489756873099,9488,None,CBAM
128.97274810687725,0.9747261157668042,5.3194927759108275,0.6599007012875464,9489,None,CBAM
225.1697009661409,0.3042391412420957,6.9097860582488515,0.017983897811668308,9490,None,CBAM
138.91997856647302,0.5050441426215251,178.5671409653167,0.13956397141780527,9491,None,CBAM
291.37600847779134,0.7649302681306658,379.3086958630254,0.9520251756878435,9492,None,CBAM
242.69853150220592,0.7904764210138154,216.54353282642552,0.42058618704807904,9493,None,CBAM
311.887954910455,0.212639474648203,209.68499250451367,0.010349419503514017,9494,None,CBAM
70.35735179505706,0.3076137287805628,323.2803972844858,0.21709927002529014,9495,None,CBAM
174.11382772047176,0.4995360269716288,381.85893682544213,0.6723638319138103,9496,None,CBAM
153.75609022395628,0.7986404566796339,307.1701407220998,0.08085566020057969,9497,None,CBAM
240.48576925962942,0.43420910808157664,237.75557818428007,0.11437578014971714,9498,None,CBAM
288.8433274548585,0.7922613249968075,162.22366333098665,0.04282415712376503,9499,None,CBAM
309.11281788413993,0.36929840156905336,164.52061517155246,0.06547388358441816,9500,None,CBAM
242.4983325363393,0.4786001970727457,17.11551635719917,0.15791587171065388,9501,None,CBAM
382.82054391538367,0.25969510304307064,357.19720479462586,0.09584540405592346,9502,None,CBAM
146.31398832233015,0.9926791521922095,273.432970177885,0.3399415527199254,9503,None,CBAM
15.176297162580695,0.5112018614561454,324.1994724143072,0.8074618026960616,9504,None,CBAM
334.68623786576103,0.3646773651444301,1.6702032795879205,0.05064830076994933,9505,None,CBAM
184.11779929542402,0.8791275116186231,241.54025688451011,0.2306030209752747,9506,None,CBAM
246.37530444898093,0.4902724063823478,354.3303465651757,0.013051771702164677,9507,None,CBAM
388.23035574902724,0.16237295923804956,389.7001393263392,0.208761559146333,9508,None,CBAM
314.10304774607175,0.3339449505922403,381.11375955615483,0.802631315795628,9509,None,CBAM
55.4480765095839,0.4784498780980357,71.50012245600364,0.3349114114256302,9510,None,CBAM
62.773292698386875,0.4131566382399041,27.237046454035696,0.906980371754824,9511,None,CBAM
73.3922515918484,0.289505341297986,243.80677696805452,0.7767828200204703,9512,None,CBAM
361.37851871166396,0.09448036397220007,345.05206128320884,0.21547151026648861,9513,None,CBAM
130.77323879930546,0.7287909617516694,61.8840756262278,0.9977368961131212,9514,None,CBAM
176.5569284077492,0.48046006619652115,291.0798130549721,0.498137415439404,9515,None,CBAM
266.1425178401319,0.8707017738174275,11.980997795887538,0.5649873137715781,9516,None,CBAM
261.4688374112236,0.8125103374101622,341.9371245723378,0.5908777468977224,9517,None,CBAM
78.38860216009722,0.3147198464681062,89.73903066731349,0.7171111221414616,9518,None,CBAM
164.01770589675294,0.05473598020180399,73.09081907022515,0.08834799657487544,9519,None,CBAM
164.78589338373385,0.013740248737672581,81.56102078112151,0.0994115943883008,9520,None,CBAM
376.54106795179246,0.9209575918222956,4.6129015290806645,0.6698121469412066,9521,None,CBAM
38.300968684728616,0.45332874440401644,185.49268515233018,0.27399666416192436,9522,None,CBAM
368.81993534650854,0.9376194757556113,26.932639646020483,0.23977803143223592,9523,None,CBAM
3.4648405634514767,0.1971312705341687,118.44423617321075,0.4709274233977938,9524,None,CBAM
382.97277070208816,0.5824952343096593,374.83667777262013,0.19678961556837485,9525,None,CBAM
195.50906938911243,0.6849677670725864,344.76104180637634,0.5496306646270103,9526,None,CBAM
81.64811449146164,0.7032341051256583,150.65027844658002,0.22226211439021293,9527,None,CBAM
29.72321905405201,0.42180770769232884,106.65196583936701,0.000423242953006438,9528,None,CBAM
121.94331746446944,0.0989700855607539,387.9847804293826,0.3921000690182402,9529,None,CBAM
348.4150377675382,0.2580418868719676,132.52083539591396,0.8355407105520455,9530,None,CBAM
311.3070083000085,0.7941895927039192,80.72863293273201,0.40758398660247525,9531,None,CBAM
3.1561624117697558,0.8085905421617511,381.29084078615426,0.5282024750126654,9532,None,CBAM
317.0827560170793,0.09050106388796851,170.85704348153752,0.8585238580997252,9533,None,CBAM
100.08930365968378,0.879751298171342,295.2139244827182,0.7562950473265609,9534,None,CBAM
340.09693794208545,0.036732709499774134,84.69625231688218,0.3880959685660531,9535,None,CBAM
137.57160352869556,0.8637618977253241,333.8003935603644,0.872314278324055,9536,None,CBAM
195.34876567730038,0.160786408759185,53.233381191167574,0.9382297300471227,9537,None,CBAM
173.49319273569148,0.22491617918811196,249.3038474482347,0.7505338985166571,9538,None,CBAM
355.7263455776924,0.7155943190978232,243.8911880184287,0.5309636513923698,9539,None,CBAM
221.04442410475022,0.29970731510065723,197.08904188815416,0.037359679866181605,9540,None,CBAM
88.3830777681631,0.6386666565574393,129.77865866005877,0.06826003935630218,9541,None,CBAM
335.3249324412323,0.8262204620270905,259.43707810590894,0.34273573109334127,9542,None,CBAM
279.59893009808894,0.39410955683124693,151.03958976125244,0.66085223102285,9543,None,CBAM
240.851355285701,0.321469853178185,331.51682441238904,0.1013167557066977,9544,None,CBAM
293.1204547769678,0.8851508146994956,186.97571177093792,0.2690717094862896,9545,None,CBAM
176.07083565716647,0.9508600384078626,268.25652154603966,0.512760429301565,9546,None,CBAM
188.09435251120797,0.7810947575779696,335.51694766395593,0.9768649516874613,9547,None,CBAM
270.1363860716607,0.853392128342887,375.85519612938504,0.9535306258516528,9548,None,CBAM
296.3516516267887,0.8431446233025935,263.2299864507627,0.05117824412529584,9549,None,CBAM
306.9345064969606,0.053389007303079744,315.46458823856943,0.5263411381924659,9550,None,CBAM
102.28171923506942,0.09786645944127331,262.90432700458445,0.19690644524378953,9551,None,CBAM
196.3970268518774,0.3712822479998105,105.83238159473525,0.15207304921632664,9552,None,CBAM
321.6966954286555,0.5339321678881922,152.0485158671715,0.8507120285615574,9553,None,CBAM
291.5526040775014,0.8710336018110164,175.76313020958548,0.22196524484612767,9554,None,CBAM
118.97797232009111,0.9159236199580829,71.67449036357694,0.9063709891119885,9555,None,CBAM
282.9521028203343,0.6273294958384104,236.57368513264188,0.8976394280025349,9556,None,CBAM
5.714849891278427,0.6245297059334817,19.32530235931517,0.6307006058753042,9557,None,CBAM
397.76465605670677,0.1614614137958835,284.98254866145044,0.03544736809610775,9558,None,CBAM
178.79238762031991,0.9770675917057491,301.91814934315937,0.5959535362099256,9559,None,CBAM
393.70014042405217,0.7827491624972432,128.82305455868394,0.2246156199978117,9560,None,CBAM
296.0195812115473,0.21614713608534455,31.126830448414626,0.6036631682625817,9561,None,CBAM
48.37249448156547,0.5804172084433544,316.4341537966478,0.0326545778707436,9562,None,CBAM
394.87106327271766,0.7899376455954883,359.88391042826663,0.5027924926401484,9563,None,CBAM
311.3698599145932,0.5426909886218777,2.0954138155737616,0.9714139787543938,9564,None,CBAM
178.52862871256661,0.7148195089081034,318.2211808097443,0.18593784307009983,9565,None,CBAM
22.50855001185725,0.48624371343281086,133.7740438323623,0.9123049078190609,9566,None,CBAM
39.94189275970578,0.510325806462036,16.388097530744613,0.4312729394201438,9567,None,CBAM
14.022180643088378,0.006317363782666269,84.43608339964612,0.24537330656539652,9568,None,CBAM
377.3126722664304,0.4586451917846695,250.9385702234415,0.2947083761293032,9569,None,CBAM
325.31188521063416,0.4126026817441543,187.47164171330195,0.11848969240797493,9570,None,CBAM
125.89693711813015,0.7140093196891923,67.23254048590786,0.39724712885823504,9571,None,CBAM
321.341405348941,0.2481601317948867,199.12194502034518,0.5957401883673281,9572,None,CBAM
387.31068300779407,0.7165391882139943,161.4898986612711,0.9387857670726488,9573,None,CBAM
230.83329198898514,0.3224713902419573,378.5707088431733,0.29654161807607843,9574,None,CBAM
95.44553699155999,0.303700450397373,369.2616740444778,0.6408335714180925,9575,None,CBAM
120.7712278537272,0.5916086627283187,51.75028254475795,0.6217500656263718,9576,None,CBAM
189.0521591619727,0.38747258333401075,159.4096398307759,0.9468848272828004,9577,None,CBAM
302.6723282168837,0.41497218285366355,285.70012450643947,0.043114004655137636,9578,None,CBAM
60.40451038558105,0.6988412288611738,161.13074372970354,0.5516788870662919,9579,None,CBAM
257.58257791513836,0.3412134023101183,207.3370225123029,0.453408785481937,9580,None,CBAM
348.1016739374383,0.7536717942105734,18.785299346162603,0.22065100914196634,9581,None,CBAM
342.39515515090625,0.4238695147699574,383.4061819921614,0.23732865824653154,9582,None,CBAM
111.54945876125186,0.4035227893052738,166.66548996269805,0.22451751090567676,9583,None,CBAM
191.8707953262475,0.4337895713136102,350.3780571605876,0.07285328080154399,9584,None,CBAM
171.3167255252423,0.2932245129801173,374.41809289928,0.28130220482071777,9585,None,CBAM
286.5761800294352,0.15198536777990496,101.2001087824929,0.4707062862365423,9586,None,CBAM
18.52525698989024,0.1969430787122873,113.13947551714006,0.9731576608748752,9587,None,CBAM
355.65776547618174,0.9772543332571992,39.404021464401154,0.5923162074277787,9588,None,CBAM
260.8556244419645,0.47677212587074935,322.39166714523515,0.6047770309311777,9589,None,CBAM
204.7665887639052,0.4752871725799249,130.22981825056797,0.2944305991111488,9590,None,CBAM
313.7266208631297,0.6497140425781965,183.26220391238573,0.3461567533648298,9591,None,CBAM
353.52053880795074,0.71672699667084,174.13536159033322,0.6690224898511247,9592,None,CBAM
280.30772551525644,0.2171205390829177,280.59081670322604,0.1521469878417157,9593,None,CBAM
333.89594915931855,0.6726969190692995,173.7878955943733,0.5385285336029866,9594,None,CBAM
176.6791577848466,0.7245645889263534,288.6588401511695,0.4639597748855394,9595,None,CBAM
2.090675421848434,0.8632499792857696,314.78487687850503,0.014635726262695872,9596,None,CBAM
188.504038049583,0.3927518884788103,50.409589064364916,0.3400540171444191,9597,None,CBAM
287.25053572707196,0.92635591204373,93.9691747500289,0.08964773302043336,9598,None,CBAM
61.86772250700494,0.5388687690739803,384.3850614863646,0.31714016086122937,9599,None,CBAM
4.275237356579168,0.5666731104374773,238.13392600650053,0.8287889034236965,9600,None,CBAM
143.69194942801,0.5378376642095624,323.57900784047195,0.05702704325958008,9601,None,CBAM
277.6789059835761,0.8644170977301625,88.28022522082739,0.43599817732701246,9602,None,CBAM
78.24020307708254,0.9011374897604548,335.90871865600576,0.16152988521135686,9603,None,CBAM
324.2049277454644,0.0852269340114933,115.48189532406268,0.3572111373548526,9604,None,CBAM
53.424929139766,0.7195878186237874,236.37709619670647,0.08445064837824014,9605,None,CBAM
260.47264160050435,0.6698241090038589,140.40381378479634,0.8083529330644038,9606,None,CBAM
201.94086585808134,0.01324270664051824,386.3472486563456,0.12489212281483003,9607,None,CBAM
112.41995385657057,0.8272535511549765,204.0795387340982,0.5018003327146495,9608,None,CBAM
125.4749846107206,0.9189926739107306,168.1602781768138,0.8710683750076473,9609,None,CBAM
188.73334792062704,0.5040534161867836,206.67415030551902,0.62089338773342,9610,None,CBAM
172.18162565734914,0.43839267230804674,356.2411704760126,0.341890985289452,9611,None,CBAM
176.21237925117637,0.14548027582053463,260.41127193594275,0.8505823917151486,9612,None,CBAM
234.26391093338887,0.13920463218300203,91.9123987694685,0.05945460012752778,9613,None,CBAM
25.90297581776783,0.5424711560404013,74.44181042992314,0.55621141258631,9614,None,CBAM
190.71706564012567,0.3510353701074583,247.06093170741687,0.9708252045007113,9615,None,CBAM
300.57248404253824,0.7958586456241743,37.60665361247519,0.17104984850140734,9616,None,CBAM
247.33278077964,0.024534465392590566,297.9492846614508,0.2869970403401789,9617,None,CBAM
146.7012757089875,0.017695695493082114,132.71025052690223,0.6298004690901702,9618,None,CBAM
164.56680050808558,0.9178853333737089,383.77388306531464,0.982240705594973,9619,None,CBAM
167.81899181214945,0.6156214762547246,298.14914207290417,0.7779064433177396,9620,None,CBAM
369.2164267173242,0.5687142228298443,56.41123682533563,0.4259199302281967,9621,None,CBAM
97.86091119277344,0.9877657312053312,365.2975429783292,0.3177492483342871,9622,None,CBAM
223.48837841080535,0.22044119104785417,109.30680395271382,0.42087568040636514,9623,None,CBAM
325.43980483090945,0.7019921106885652,44.7804658124684,0.8757931300010731,9624,None,CBAM
378.47917209034523,0.4630827288785363,246.93956773217036,0.2952622462165833,9625,None,CBAM
77.61821871350392,0.7713075800313812,59.906506309408094,0.7674056345300557,9626,None,CBAM
31.469798231397085,0.8560602918137283,354.4846802583869,0.2772735591898118,9627,None,CBAM
106.35743213862642,0.08056875623891606,287.35348044901207,0.8132578341756757,9628,None,CBAM
308.43256403420196,0.23802531997730994,96.91763426037281,0.6638658851028266,9629,None,CBAM
141.9359019053402,0.9866295831662828,41.91066917635843,0.4447362024071286,9630,None,CBAM
388.0944314711486,0.06864856073867957,53.77788417069077,0.5170549727730712,9631,None,CBAM
106.19035791900045,0.8758158075817293,134.82818096975376,0.9132090722429665,9632,None,CBAM
142.97511161667472,0.902039204153999,126.60773231710574,0.6964250343197324,9633,None,CBAM
213.40700109161145,0.8354437897301851,203.16649166961648,0.556793764548334,9634,None,CBAM
142.2455017018346,0.4196291253259548,150.2661882344477,0.39735976576211257,9635,None,CBAM
177.29458072275054,0.47188381971944576,382.8720617890428,0.02725090603369789,9636,None,CBAM
237.1316906898779,0.3203697150024903,87.92459211429207,0.292744862232452,9637,None,CBAM
225.42527140006703,0.6018854192420523,334.95129210925006,0.10984961634505369,9638,None,CBAM
340.8050182828955,0.4772588917784582,326.5546096599848,0.6145591982331878,9639,None,CBAM
394.1407413445994,0.7234114240650734,46.05482436822748,0.6551492173404703,9640,None,CBAM
198.59870678214253,0.31451283700375393,40.90568546189372,0.775467588686777,9641,None,CBAM
355.9449460627498,0.38034616266823934,158.10180623159528,0.2447114675734297,9642,None,CBAM
71.36884096140226,0.014251255913809437,134.1450964420123,0.5488053204501852,9643,None,CBAM
172.63791691255207,0.9218388922801667,342.9658647971413,0.5464880079796468,9644,None,CBAM
89.31641192291475,0.16618647120037228,256.7427548022898,0.5220488396547553,9645,None,CBAM
219.26693133700056,0.9483823698376598,248.7048551477193,0.9586806891283817,9646,None,CBAM
247.11526326516173,0.8373580330248025,285.58607418814546,0.7299445961818598,9647,None,CBAM
385.36461484534686,0.03786637154048676,148.83361593953487,0.9470585800995629,9648,None,CBAM
10.593480924404778,0.17771433473718592,301.5643613626502,0.1324857407757193,9649,None,CBAM
385.2862075322817,0.8406821971375645,387.6787284113421,0.762338898484893,9650,None,CBAM
299.04052511003056,0.23176042258562443,387.78442441782374,0.18270074507431922,9651,None,CBAM
146.1122292980995,0.7970904167966003,236.34574104452037,0.7417045211095475,9652,None,CBAM
372.9910567392659,0.310392685936149,159.31234397993077,0.9446484394328494,9653,None,CBAM
142.362752407816,0.8166602430859617,316.7465908689364,0.91028458146833,9654,None,CBAM
321.5608886331211,0.5076112113831374,340.75544483053073,0.4363081058108273,9655,None,CBAM
223.86299544158243,0.03643999885812057,261.6881948632875,0.4745878489373117,9656,None,CBAM
84.33422718118489,0.5608544728428249,383.97686186420935,0.328643688945612,9657,None,CBAM
184.79157662637573,0.4202820387829114,284.41940666223087,0.07645751010796144,9658,None,CBAM
103.81429210817497,0.3679902128898143,94.48615103021969,0.29053494726133855,9659,None,CBAM
312.5679085926902,0.3551375881083741,258.276547763562,0.5301603589984744,9660,None,CBAM
0.3446944333421699,0.19500888895739002,34.877344034849415,0.374944572965867,9661,None,CBAM
150.93776379357692,0.7300444576491741,131.95540380104708,0.1283313403861199,9662,None,CBAM
194.60257577608994,0.9112227055054714,322.4304917398995,0.27255362461116744,9663,None,CBAM
113.37438908094543,0.4640143446812254,258.5784694286375,0.09452029581006806,9664,None,CBAM
59.73362901738308,0.2081358756094445,367.5717092933456,0.09419233220107426,9665,None,CBAM
305.32609707820455,0.9423181351918181,267.6534667800196,0.6938929121458287,9666,None,CBAM
72.2636983675601,0.03949728172830518,241.09337016211344,0.6437136530746532,9667,None,CBAM
350.27913985492194,0.3320763543928723,240.60826059924878,0.26146289973595316,9668,None,CBAM
267.7657402977856,0.4901360418383221,119.4234933903606,0.3016115227629009,9669,None,CBAM
151.7708290526401,0.2818389799322147,171.94492017232105,0.5409828250270887,9670,None,CBAM
299.96487286134624,0.31787399058706534,32.8733830131001,0.22773873078272122,9671,None,CBAM
269.2936519992947,0.531331089825582,117.45859043352395,0.047952837947715474,9672,None,CBAM
310.5604227324542,0.3828255597721006,141.2956038647289,0.7060034917326043,9673,None,CBAM
371.8507438257193,0.7045295708551449,87.69412753129579,0.7654862824844946,9674,None,CBAM
167.94983761339506,0.16120690476923194,23.205363525432077,0.27993090625933786,9675,None,CBAM
111.83898250243678,0.9556416186542382,59.0315252956545,0.8571494046567355,9676,None,CBAM
104.9590262008352,0.7069998228533186,357.91838087748846,0.240784467793543,9677,None,CBAM
103.91965790155979,0.811830771492997,89.68954375038673,0.24706223435491845,9678,None,CBAM
328.73925907814873,0.5085084464527606,186.47355897112575,0.3580185961076876,9679,None,CBAM
292.80812020469784,0.4427029769141291,27.178106919856887,0.9055929872644576,9680,None,CBAM
123.33591561483448,0.4696449499519216,169.73484525711504,0.7039492267570806,9681,None,CBAM
367.4787561443628,0.8055787216931688,245.836791223085,0.9718170144615017,9682,None,CBAM
161.6079203157808,0.4308836276660399,207.63682910566268,0.9887386337336749,9683,None,CBAM
39.19561958247972,0.18836152326940914,20.81973973977381,0.8927518576006027,9684,None,CBAM
187.18989246077746,0.3106746765859993,308.9533190996406,0.9077100848331464,9685,None,CBAM
209.2294683862228,0.309831377488855,262.82744741687975,0.2882044429694739,9686,None,CBAM
94.60771297849976,0.28479206029753545,154.95189072516814,0.4754977423980821,9687,None,CBAM
109.4696642666443,0.15387454429023717,11.257183952962817,0.5721919934925545,9688,None,CBAM
322.6512413446183,0.3167843856305167,351.76058811760026,0.07366629128993316,9689,None,CBAM
66.66766269033867,0.9635983465305357,105.94436063985653,0.44699261799124673,9690,None,CBAM
284.7589400931334,0.8712904703539738,178.00067634322068,0.6288539564716823,9691,None,CBAM
64.17374905279434,0.35480627978362084,316.0493711738555,0.7516230020423279,9692,None,CBAM
93.17577563277356,0.1984236837919619,118.02275986312057,0.22767290386232084,9693,None,CBAM
201.25952165010168,0.24795229309747563,323.831193763869,0.8768523012501215,9694,None,CBAM
323.71293859793934,0.7661906484269677,189.13484693213528,0.7287403278436946,9695,None,CBAM
223.4676996455213,0.4231242428788129,47.56205357402003,0.02472997611991527,9696,None,CBAM
148.48635647718982,0.2582045487965714,196.11231640930754,0.8448805266208975,9697,None,CBAM
110.37291400579818,0.34934774146669184,78.664497955702,0.38468351619211427,9698,None,CBAM
350.0951537436017,0.7910092789967562,360.1776971993986,0.39093896027000574,9699,None,CBAM
162.14360496924726,0.6773396574951827,161.71800144263392,0.5736228315443531,9700,None,CBAM
33.507842562318494,0.049241307963014395,163.58910972238164,0.2405449122456342,9701,None,CBAM
324.2925749379077,0.2786543335962344,228.264857502184,0.879399283833975,9702,None,CBAM
170.7518325397464,0.9176578624934929,35.07021948545799,0.0891814347957773,9703,None,CBAM
114.45243009957247,0.8226555133566495,371.36209570981674,0.4255761844990133,9704,None,CBAM
146.81114848826888,0.8488070778409559,74.60695332903684,0.32123413662594824,9705,None,CBAM
138.01472659623525,0.4447609672327469,305.454681563733,0.8602466523449467,9706,None,CBAM
315.2029168969375,0.12619070064164728,214.22102654390298,0.2037540441950601,9707,None,CBAM
94.7080165336234,0.6138911580618392,49.60735151455645,0.19370103346342288,9708,None,CBAM
160.87678130103444,0.9735057949598019,194.68097879204265,0.3272724170259253,9709,None,CBAM
203.86327437379285,0.16804848971519037,332.7701597831896,0.8467357311734506,9710,None,CBAM
37.7338841263976,0.9064598381967515,210.6051900310592,0.5531494283106602,9711,None,CBAM
213.8552766103713,0.14795622948226692,244.57480608319585,0.5713795019759725,9712,None,CBAM
254.894829133026,0.5412428471953369,378.87083942389705,0.349430054752195,9713,None,CBAM
208.5833274249379,0.3234260978215956,281.0655576631102,0.8689907254542051,9714,None,CBAM
397.98574646477283,0.5630277523804427,164.78426579032242,0.9639531771039966,9715,None,CBAM
91.6111076956268,0.3749029535594845,195.0251693795573,0.4053492000031427,9716,None,CBAM
184.98345983282007,0.08659235005995639,254.37012245639247,0.8565397982640939,9717,None,CBAM
210.36456803965115,0.8009301856798409,32.1184723333779,0.6096767929744501,9718,None,CBAM
354.3736388987854,0.5520240291023588,71.29658726080396,0.5749216102051424,9719,None,CBAM
138.24121240419663,0.20834123716405378,29.64380986120339,0.49869021247868317,9720,None,CBAM
220.94160701535648,0.13281015810322686,218.60893191346457,0.3668381056623537,9721,None,CBAM
329.5237781383738,0.6162993452148767,276.4155022130269,0.4466026950555223,9722,None,CBAM
111.01980444909209,0.025029035427861723,250.19050015664618,0.5847041519750376,9723,None,CBAM
47.11789332260192,0.07354960026977526,26.052842567827728,0.5162619708201608,9724,None,CBAM
279.6168708863953,0.3019673100833729,190.86391207302395,0.6979913057420447,9725,None,CBAM
111.41674033904904,0.7034295639949808,46.79459290565357,0.8300361149509047,9726,None,CBAM
343.0270131967912,0.2030029933653018,22.182585948421902,0.3417697946544999,9727,None,CBAM
43.07387231920772,0.49829700370230884,368.61839373559144,0.6052012456462024,9728,None,CBAM
74.97903779752829,0.17314142404347713,28.276015094987557,0.6469171614130488,9729,None,CBAM
73.56799933835056,0.6107155222769176,215.79791842356443,0.02201135330333954,9730,None,CBAM
86.87462546033197,0.7401653071524141,161.5771285676094,0.33368273143284355,9731,None,CBAM
266.3442681348331,0.5277918230807795,240.79344040855327,0.3761127734312505,9732,None,CBAM
25.929265370526444,0.16823312787820938,62.112203536669455,0.2591092335326565,9733,None,CBAM
51.42609050969599,0.7961554831150581,294.1108047134064,0.9627824241135756,9734,None,CBAM
260.99566368354976,0.20299493937629653,202.2103307219549,0.9802202784595474,9735,None,CBAM
162.67697384929713,0.25199370175863683,14.804577207015596,0.017587166848055023,9736,None,CBAM
7.167285663872095,0.8670414108156733,98.93032636351157,0.38645242223313325,9737,None,CBAM
215.70518560255016,0.7082490164372652,235.02774389423223,0.5041799408392766,9738,None,CBAM
27.88900216560059,0.7804428648603591,263.1113652312432,0.5813941140742492,9739,None,CBAM
259.3881349439412,0.2752488849527256,145.5349765768085,0.5401432339583825,9740,None,CBAM
137.09628907497546,0.1004322839765956,370.64239882805407,0.2285213400432054,9741,None,CBAM
345.1203782899094,0.586818852306149,322.12892379518325,0.3800722570122996,9742,None,CBAM
370.7519754503061,0.2794423433884082,326.3677353519495,0.40184954379313637,9743,None,CBAM
193.484544194583,0.10652637262647097,299.60265768576915,0.4776025991218043,9744,None,CBAM
254.1374633880768,0.32515958789496907,153.6188052545915,0.2396869690453412,9745,None,CBAM
327.30330282195825,0.5562477361431218,205.7923303764111,0.45050611122813194,9746,None,CBAM
323.2870582100693,0.3700949373868038,320.3985581547319,0.3535008992936264,9747,None,CBAM
257.09619600663416,0.8665072374719499,381.75824992052634,0.48986670005585503,9748,None,CBAM
361.19551278979196,0.3351837863365223,210.53453175240926,0.5886243515702004,9749,None,CBAM
265.84512865539705,0.30155570713568913,5.266723852988311,0.22684420297612404,9750,None,CBAM
0.5123367182946545,0.86791162851,154.87264502831744,0.7591465430665022,9751,None,CBAM
105.96239834553394,0.7633657716496444,399.7871312999757,0.8591614261343338,9752,None,CBAM
371.2255026508695,0.7273100434838788,21.325198802769947,0.7788659519211074,9753,None,CBAM
120.7347984627896,0.8017613162531789,208.4591778264062,0.20264136282184478,9754,None,CBAM
69.01384846541174,0.2836654301000471,101.91016496408669,0.9811951350863789,9755,None,CBAM
72.90745253906421,0.20449783629933177,257.8503192627517,0.8340991591372602,9756,None,CBAM
397.2475445791505,0.13528259138138965,294.4620594777481,0.1124841456269169,9757,None,CBAM
69.09393544776671,0.24128245796325162,235.1143472242115,0.13985178680405755,9758,None,CBAM
370.8400514773884,0.9013574334129795,149.1505504472713,0.49894620105912396,9759,None,CBAM
25.670002089188195,0.9733531184370889,333.25871178914684,0.4978357717302391,9760,None,CBAM
281.4160674097993,0.48906953836110073,112.96350735202563,0.4792283220286193,9761,None,CBAM
337.686479512178,0.637349392719534,147.98848206573604,0.552348999593307,9762,None,CBAM
300.77555539140457,0.03865092384962971,215.30940531538647,0.3629291143440984,9763,None,CBAM
284.65406889414925,0.9698736102438146,297.6046517016243,0.8147491495778626,9764,None,CBAM
267.2063978532686,0.010045583380375762,30.24262484367698,0.07337285950281983,9765,None,CBAM
242.60572562737522,0.2097019062577178,191.6219795165524,0.3381433922235765,9766,None,CBAM
65.22207077718498,0.003792619764215939,294.045186114946,0.0576346919849504,9767,None,CBAM
81.3937584961678,0.9797627872988177,311.20645220216716,0.549587039721058,9768,None,CBAM
337.7292845412184,0.30755474326167703,358.71283039383,0.15666259184628387,9769,None,CBAM
166.40047279612241,0.7537452805908764,255.1122464451494,0.31233516367578956,9770,None,CBAM
201.67743482642453,0.26695749060358487,319.80152167877606,0.5136739585721646,9771,None,CBAM
262.3510612411702,0.9670438757622061,238.98901005227566,0.7311240181556596,9772,None,CBAM
222.26723090873315,0.26594893014681587,12.366165093204916,0.8291475046843262,9773,None,CBAM
184.19673477737143,0.5383427618491686,236.9220237189829,0.8586007624048565,9774,None,CBAM
97.61581386373177,0.3254070930230016,125.34224482619736,0.25785809057148806,9775,None,CBAM
232.27362457631259,0.9353853806202648,73.37943396943001,0.11121342171740689,9776,None,CBAM
297.5034823349062,0.25309854626344824,26.73468034880331,0.5852503485157106,9777,None,CBAM
171.14914237671974,0.661818674871247,10.237109924301924,0.2966001586456547,9778,None,CBAM
256.3404605063127,0.4746376841059222,262.43282159758394,0.27237051964417125,9779,None,CBAM
123.9323456274668,0.6492106738463723,154.91815705152314,0.8526960923663159,9780,None,CBAM
179.0925852253978,0.4702445720652607,194.0374272491975,0.8782394744598065,9781,None,CBAM
17.09138954133843,0.9970562276191309,141.64890650224652,0.473348329814323,9782,None,CBAM
357.7039705594486,0.09956575194430324,273.47744831244,0.10371689421209358,9783,None,CBAM
169.30265066736206,0.36871694428297175,200.5862794777312,0.3849591045711717,9784,None,CBAM
49.09797509348639,0.5633066141779262,263.0453375815537,0.37693898262913017,9785,None,CBAM
365.52730865260787,0.9084083365963884,129.41927542789603,0.21686385826455448,9786,None,CBAM
309.2307342243139,0.9289606836633261,326.22795569217914,0.900462417955352,9787,None,CBAM
58.74264991603132,0.21528225882035404,119.30195100684169,0.5657463544628456,9788,None,CBAM
60.27527280624483,0.6055062969002586,9.660085572007446,0.3500085395573844,9789,None,CBAM
283.14993117477525,0.18528863941391074,356.71880874588646,0.34762061470469696,9790,None,CBAM
358.74360997847157,0.2465681211056796,88.59007785787104,0.7579530994741897,9791,None,CBAM
351.8511486737729,0.9027450821022738,287.97561308919563,0.792565594720428,9792,None,CBAM
316.993118464648,0.10607245113553304,20.049201348064692,0.932596697250455,9793,None,CBAM
309.4047984376163,0.2999624079886005,262.18943723235026,0.5494338462738245,9794,None,CBAM
169.87692180404366,0.26142923835886017,367.9418300917426,0.6944526045265847,9795,None,CBAM
176.33168028753175,0.760172648568201,139.8219113144086,0.6293706577002119,9796,None,CBAM
35.34129746551585,0.3717130144577764,67.44050438006951,0.19277969970342407,9797,None,CBAM
259.20347160175294,0.25122238742415376,147.26088462543697,0.14750869455678636,9798,None,CBAM
233.51191267843743,0.6554399612106591,263.6487865062874,0.1701621725956783,9799,None,CBAM
276.3742795814667,0.9137934407419811,324.4009762523916,0.6244922520020572,9800,None,CBAM
129.55090040648636,0.6799205840650867,135.47303540217877,0.5572676646812741,9801,None,CBAM
218.63333590030174,0.6666589532396988,351.6398655589153,0.24713206977187765,9802,None,CBAM
101.32932127690188,0.6244032850113238,215.8291151972744,0.5965944288183734,9803,None,CBAM
130.65072071965932,0.3582466607402438,78.78748069238301,0.48383715757155166,9804,None,CBAM
293.0042206658318,0.6279238319868694,164.04480410041936,0.5893443405902534,9805,None,CBAM
57.022367486613646,0.5000470391195195,256.0604900515858,0.8269209186631601,9806,None,CBAM
255.25423801267547,0.7376480420668654,99.22569698400558,0.010498530107017888,9807,None,CBAM
394.17421673987764,0.7654630685739285,177.24614775984128,0.5461394548896059,9808,None,CBAM
60.83883486841292,0.24313457328468638,321.71595820829367,0.6330570715430988,9809,None,CBAM
308.5427693891864,0.25681550571490286,300.8133345059519,0.6001365896576736,9810,None,CBAM
395.80236713805175,0.9854618967867685,318.26771142073807,0.05621419683875701,9811,None,CBAM
63.30350316501644,0.784957191638693,254.6587392158452,0.9160774494676881,9812,None,CBAM
244.59729986979042,0.32685053552765114,239.78674081476692,0.2951090630108865,9813,None,CBAM
32.966483277591216,0.31872249148444415,107.56610045595511,0.5153695361292564,9814,None,CBAM
134.88930736021288,0.9236945795431498,392.22266171847167,0.9597551012750336,9815,None,CBAM
364.6978461041588,0.6147278804252653,176.93845716201076,0.30883904100993426,9816,None,CBAM
261.35972036332805,0.6106859581165014,34.74106249561709,0.08555052240334898,9817,None,CBAM
61.62917171661015,0.30348574415076623,127.58082117670561,0.6591168438728476,9818,None,CBAM
221.13563119281093,0.16862246342771867,277.2336373185784,0.9762813523224443,9819,None,CBAM
194.19099303238647,0.5188160320938553,3.2000681498843546,0.5430177810861044,9820,None,CBAM
248.78686995573776,0.323000626932144,50.04687081284089,0.6545387623482769,9821,None,CBAM
198.86170388593567,0.8380909480700316,301.13405356762695,0.34811946488054163,9822,None,CBAM
33.76551292356068,0.8506473594444433,221.28829656281516,0.18371977391333635,9823,None,CBAM
265.3632117508342,0.3117101424842437,248.96362724169947,0.5877586335554346,9824,None,CBAM
316.8300955758735,0.1700386479708369,298.8177106477214,0.8308370404816146,9825,None,CBAM
151.53765665837687,0.24100873318210153,143.15491436126274,0.8863139240585749,9826,None,CBAM
1.502587522255421,0.6838249359873096,256.35665291186285,0.676483057387797,9827,None,CBAM
346.2486417001101,0.4098732397155592,118.57825724395998,0.7959938071481635,9828,None,CBAM
343.6154756190905,0.9920553748510567,243.95324117068418,0.4737495739942808,9829,None,CBAM
260.78777107029,0.5758458528440403,9.410675983486625,0.9699158223031206,9830,None,CBAM
60.109128776835284,0.8222523291777168,83.12633230024528,0.6256369473630247,9831,None,CBAM
281.855247128115,0.8173369955846053,278.12032129594655,0.20039271027302,9832,None,CBAM
63.27641505770979,0.6955003235047235,161.90800127528823,0.7096328439188789,9833,None,CBAM
322.95565667190294,0.05388445977671998,355.93447182470993,0.6012319980484785,9834,None,CBAM
48.425268782228905,0.7583888209990665,225.72231388947492,0.6498489195542074,9835,None,CBAM
228.88618160465026,0.2688324410128343,115.31536970604688,0.4723587118482123,9836,None,CBAM
12.669898231754303,0.9152131065180132,127.44157011975707,0.32634457290225083,9837,None,CBAM
223.94851126279983,0.8837844300912328,96.05750514192837,0.40245590720152125,9838,None,CBAM
369.82368034678797,0.8899428734619572,0.1937698614329418,0.3788882662992441,9839,None,CBAM
91.51398583531225,0.4043961681513386,66.14029449124179,0.6324844040053654,9840,None,CBAM
78.50907027946941,0.507020295202863,82.2686893609049,0.0806487744289341,9841,None,CBAM
334.6071832386263,0.1750840273874867,235.76665599284286,0.4210115640708085,9842,None,CBAM
120.33183482598051,0.30430912921691744,137.00303877331805,0.26964813326523585,9843,None,CBAM
67.12260897522543,0.07361316122160327,339.2684055831265,0.48184692544196256,9844,None,CBAM
121.70650714886386,0.3526869662999378,354.2783930303767,0.6160656390754439,9845,None,CBAM
320.60875899016736,0.1698366133199335,55.73602822768476,0.7498317409715716,9846,None,CBAM
332.3388474715904,0.6609817993960542,11.383833100240933,0.454423715599948,9847,None,CBAM
229.7293908344331,0.8105007908134984,18.862406304833684,0.7827966218144935,9848,None,CBAM
96.21189651739715,0.07217590860482845,5.149636333001084,0.7333123395193786,9849,None,CBAM
235.2460420516093,0.1924761449041017,200.96596841308627,0.8387767217650424,9850,None,CBAM
153.84010532311817,0.7513777820789338,51.19033689249086,0.2611786645825711,9851,None,CBAM
6.963266091224192,0.4066562195182259,344.3501602702173,0.48276931468036693,9852,None,CBAM
255.20445272472872,0.1117053621906582,293.93005695546674,0.3606309545581628,9853,None,CBAM
188.58867668329964,0.04596003286412261,379.0964053807418,0.2666814250349017,9854,None,CBAM
79.25664606880787,0.2885403897690238,399.84595387030527,0.8075560882296009,9855,None,CBAM
132.63238796595599,0.3188293241201443,260.3017636704035,0.49954625517912793,9856,None,CBAM
138.66409044183342,0.9383363191643319,381.54235583830524,0.344608543709287,9857,None,CBAM
270.3019935881527,0.28147543297530375,216.8072068106039,0.5819635282467598,9858,None,CBAM
45.32261435136939,0.5648339164570926,367.4696211615507,0.13450040987392822,9859,None,CBAM
224.95278957326553,0.9233043945798342,30.580068134151773,0.5973971946980641,9860,None,CBAM
212.09489528659196,0.545671645789119,274.3303619167365,0.6227678864251741,9861,None,CBAM
212.55953615055128,0.9438158018534581,293.90233483336834,0.9006069310837914,9862,None,CBAM
336.0225489249346,0.4004083396111288,113.85975095224303,0.365495289295057,9863,None,CBAM
117.71353211049203,0.5177703158935232,2.826606095487265,0.42697704406392156,9864,None,CBAM
56.095356880571245,0.8363315170399235,123.12073966805544,0.5518842792382158,9865,None,CBAM
256.65959519863526,0.12652293701123982,329.3791796896665,0.7224219594556096,9866,None,CBAM
259.69510886423893,0.4068816912635489,72.68760761612974,0.07683795018249265,9867,None,CBAM
290.2933077754755,0.7009861496597171,175.01452770569048,0.548246714635264,9868,None,CBAM
13.051987946197544,0.5834784008769105,246.1487702676943,0.5590404847833018,9869,None,CBAM
50.53343299127889,0.4393730804888794,32.47254901102317,0.5866956398004732,9870,None,CBAM
231.05219913997513,0.13674217010693315,167.1323031682192,0.6750181496585423,9871,None,CBAM
0.8106931754184948,0.5845993609011623,111.78565511108265,0.4267341093221595,9872,None,CBAM
73.50724573761013,0.06220138655102629,46.56911705439345,0.21657396813587745,9873,None,CBAM
264.1576489717329,0.3162471908342721,37.34422501282542,0.994009299215956,9874,None,CBAM
282.8632878496718,0.447801229241271,345.64974062027574,0.032038776768285045,9875,None,CBAM
49.335432800902225,0.7422884657439974,186.87097099176037,0.09875032969318674,9876,None,CBAM
393.3996693434728,0.7011066080206816,142.95077566212444,0.45996955703248255,9877,None,CBAM
344.678977703637,0.31982176790798006,231.7483877912074,0.09395227882674823,9878,None,CBAM
290.4684254084502,0.038588381373731585,325.087328205414,0.5211158371662977,9879,None,CBAM
264.41131833879155,0.10468905005528228,44.609174618690936,0.8997601500054115,9880,None,CBAM
235.0392995942478,0.06470794486829624,172.0535381607886,0.8939053257193308,9881,None,CBAM
76.13994957109118,0.7547202004514942,345.22488095721053,0.19209122064488174,9882,None,CBAM
215.87740808422888,0.1663962437563282,142.96165404903826,0.4066833575314135,9883,None,CBAM
166.08007583910333,0.007282388718129617,17.63693815314333,0.7848222420245706,9884,None,CBAM
4.372627541650386,0.4356904677617854,285.17271801863785,0.846635552863109,9885,None,CBAM
202.34975076540266,0.4385347417114347,81.30507592411597,0.14862780749958682,9886,None,CBAM
237.4953961014866,0.8979671051046124,19.08697152163811,0.58469007146841,9887,None,CBAM
265.6145306040322,0.7261564064057382,95.1414661264861,0.05487850566176826,9888,None,CBAM
358.828884971741,0.11223134810953504,241.83228664747944,0.9239752056270134,9889,None,CBAM
168.8488112474668,0.33333854324774126,312.50843821311867,0.9157730313501325,9890,None,CBAM
296.22481672410606,0.33611901586986853,151.94561684370714,0.08736004823219778,9891,None,CBAM
176.2682926361681,0.605192726615527,238.67946741262807,0.7739877630770091,9892,None,CBAM
44.207396684502584,0.6723903780746998,227.62714820182057,0.11485312358637222,9893,None,CBAM
19.34478859277676,0.40836663995384503,220.6013025935947,0.7587207562289473,9894,None,CBAM
318.18100410400245,0.9544949153374646,106.03852965458218,0.574898160053252,9895,None,CBAM
65.4487168331315,0.1035072376055207,188.48022458470496,0.9948588331755926,9896,None,CBAM
76.43978274530706,0.6445589408600421,172.2127569837739,0.5454639109419542,9897,None,CBAM
29.531137751634613,0.865330915433974,98.19522229238295,0.7218693895941445,9898,None,CBAM
110.7356465764787,0.9092686943923397,236.40682831618528,0.30820023019408666,9899,None,CBAM
398.442052365538,0.680488349720246,331.13294030553897,0.5215345821991122,9900,None,CBAM
248.4653049611061,0.16019362862887482,95.25374099356883,0.6202060188110682,9901,None,CBAM
77.30044917684813,0.9141017892031891,8.473857059289223,0.24830330132858872,9902,None,CBAM
20.473080455561433,0.6413356000708887,397.10423706395005,0.4558516740047483,9903,None,CBAM
268.04533267714584,0.8532461806435321,302.78972944326864,0.4479942511402291,9904,None,CBAM
55.53340904994194,0.9939324135964079,100.34930591923168,0.5634056314337061,9905,None,CBAM
332.7180395412816,0.4722801355336155,336.4798009720347,0.03605474986438606,9906,None,CBAM
314.17767996287984,0.4770446710690942,56.398631928949094,0.13828028988504604,9907,None,CBAM
247.15661443105338,0.7747959887594045,283.9332847180211,0.5816876257731365,9908,None,CBAM
241.5248563951484,0.26617173390854926,205.4665974402393,0.9223881706591234,9909,None,CBAM
121.21639099926398,0.7316102553296584,203.09602255602974,0.0005203760763615337,9910,None,CBAM
67.03288250955228,0.8620703853832371,137.76150853977302,0.574334038285113,9911,None,CBAM
334.5917559622469,0.9496941462475963,237.468322177327,0.19792398660263133,9912,None,CBAM
159.36426233104285,0.773796474039296,219.64088010152346,0.48921561288178905,9913,None,CBAM
394.24203968792443,0.6504452828339337,339.9826785344482,0.3179446051814436,9914,None,CBAM
219.68385942148512,0.8300216225631252,20.960107510206143,0.48859131411620316,9915,None,CBAM
9.293214346395661,0.4189674518195453,296.7011546339072,0.3327432969802434,9916,None,CBAM
370.1259984797579,0.5386540973739461,128.84101252142622,0.9265857912471884,9917,None,CBAM
118.41693693530276,0.8210021288181386,374.15565067389315,0.4607637810364622,9918,None,CBAM
273.93300123835405,0.35909604442637155,397.702440664643,0.8641807343905163,9919,None,CBAM
344.96234387745676,0.9506044943103654,73.05077235648682,0.9997521944308688,9920,None,CBAM
238.64010892709766,0.43277006568358234,354.0471433251204,0.4941969210212177,9921,None,CBAM
359.80812867467915,0.1518769398582494,53.51969343689219,0.5440983718062419,9922,None,CBAM
198.82903666080188,0.1482684312681556,130.96792392216574,0.3020081691326339,9923,None,CBAM
213.1957436600402,0.43762170278005247,155.8437895803566,0.21340198399463986,9924,None,CBAM
28.677187940039627,0.08686309839037161,167.40273871937396,0.6074974947284794,9925,None,CBAM
217.26036933403486,0.7541177431800262,334.1698427541827,0.7625621441252701,9926,None,CBAM
163.5612295953673,0.035791346897767064,54.635148194763325,0.6089377925892439,9927,None,CBAM
26.35180683515272,0.5717780269561512,369.82695243492435,0.8937052342447793,9928,None,CBAM
259.0256645936111,0.6862932272112496,162.77168657745943,0.914889689977672,9929,None,CBAM
14.146335653161888,0.8716682951499092,392.8111381345349,0.9154625686275344,9930,None,CBAM
377.7085114024375,0.06559250356138155,316.60178004369436,0.38176790444490644,9931,None,CBAM
230.52579055002437,0.5874208509120954,140.74166650929055,0.6643614678368881,9932,None,CBAM
219.96565380555717,0.7686924477004173,232.0285442420122,0.4734842356885352,9933,None,CBAM
393.867544197534,0.918136454858875,199.06680480361462,0.4782727209629615,9934,None,CBAM
309.523522062728,0.9296571359092805,79.98754475515197,0.4612753880804004,9935,None,CBAM
4.338949036807721,0.20718898731000163,96.40347244336917,0.3754985239534988,9936,None,CBAM
339.22028585686513,0.8684133199398708,312.417658816092,0.8439037195368211,9937,None,CBAM
193.27231173455687,0.2991287144718261,136.0310344061565,0.25233710916296487,9938,None,CBAM
90.83724567927784,0.15432151276474007,336.19491187705097,0.8909505185649681,9939,None,CBAM
268.38935521848055,0.47779659869963886,204.00309020409298,0.24161941776356605,9940,None,CBAM
185.96585720713426,0.4275125027248355,185.92158260988313,0.9854808152761165,9941,None,CBAM
215.56358494198497,0.3826838466299096,81.14260485576588,0.16292495530645296,9942,None,CBAM
119.33507887393256,0.7130618391945919,392.1110692024957,0.2518395145130525,9943,None,CBAM
71.62623439507358,0.6651560076390336,221.9630793823322,0.8901802708719915,9944,None,CBAM
53.38592986340424,0.7602959312890258,161.92896953283466,0.9774165746176676,9945,None,CBAM
46.35200018469509,0.2855899705824747,94.04100991925228,0.7227655673695789,9946,None,CBAM
81.83714775785847,0.5496776642515115,53.87759588063359,0.6196600442877659,9947,None,CBAM
72.22616870815288,0.25166007274502067,84.62574000380214,0.49738971477938465,9948,None,CBAM
124.67585134187884,0.5206639636735363,388.1379622909469,0.7085852265600104,9949,None,CBAM
65.08457381195446,0.8535616569445962,269.3029417925567,0.43693339581887264,9950,None,CBAM
364.7844015119776,0.507838243264059,15.942966890450897,0.9842167893297799,9951,None,CBAM
372.1562841115009,0.15478644280863207,320.89870388373436,0.8416261837729774,9952,None,CBAM
326.3405082792203,0.7718866630251648,126.98227175818153,0.432054616760094,9953,None,CBAM
176.5696823156162,0.004491739419818631,281.9698334944317,0.5535984552207067,9954,None,CBAM
72.67705421133022,0.13863763271150986,15.175299431591982,0.67788850338439,9955,None,CBAM
11.2288747221146,0.7751345886257626,18.283030658740394,0.05814454678751314,9956,None,CBAM
384.18602392182083,0.7327458076334158,264.1396086159084,0.9756165326804571,9957,None,CBAM
232.91005318093258,0.9553979766625682,173.53882337675842,0.3584001808598848,9958,None,CBAM
203.61528379766796,0.8410701988308471,156.50211501544374,0.8186824712836609,9959,None,CBAM
6.423090287157539,0.23513431732264808,3.3666597828539486,0.3111916956301429,9960,None,CBAM
172.4498832634756,0.8471841436672924,122.65213548302654,0.3223295922104244,9961,None,CBAM
165.5655597523436,0.047281335924666774,66.70323908373966,0.48118737981004917,9962,None,CBAM
246.62687566977604,0.5393286285178802,159.1576418478087,0.6667710437861881,9963,None,CBAM
186.37727913668795,0.6086010872062252,189.0028545720964,0.7303376235656744,9964,None,CBAM
47.458028064254584,0.9796016847542105,341.61699502938956,0.39619459052063344,9965,None,CBAM
371.048147883824,0.9427714676434176,268.8966612582726,0.2790150610027307,9966,None,CBAM
381.3075665398042,0.2624004695010386,396.25285916157065,0.20713233032249007,9967,None,CBAM
264.00720448709745,0.1426745762071473,390.8339973155576,0.17426297408819685,9968,None,CBAM
227.68377258603158,0.20597802550710828,358.43855060504603,0.28661378078303296,9969,None,CBAM
392.2432903769304,0.05755477230228297,61.31142191089278,0.6647712573821302,9970,None,CBAM
331.5711991152612,0.00881414651182614,260.88408885158395,0.48348931404086265,9971,None,CBAM
102.17836905891033,0.32718288589542854,261.17957005745586,0.822827608285579,9972,None,CBAM
26.921799721808746,0.8290945357255551,382.683750860875,0.1972063183092973,9973,None,CBAM
172.56413146475722,0.22104301688083575,298.6528782759796,0.45553210783227943,9974,None,CBAM
238.89078510030077,0.4866368099063667,234.19098517129257,0.6825273380298338,9975,None,CBAM
125.7855601107583,0.7845592125951383,78.13003044677598,0.689294919151773,9976,None,CBAM
339.1966766351812,0.05529449047523768,187.33369380875112,0.36225992827680575,9977,None,CBAM
390.5187527783245,0.4666913991409417,380.55345930048065,0.9532956501135887,9978,None,CBAM
177.82736788597018,0.34705637100912157,231.15676712883632,0.9578378557742652,9979,None,CBAM
378.8876959116417,0.7998224763775704,21.933155543606322,0.4151633104959084,9980,None,CBAM
55.48232031788435,0.8773831363589082,340.95716866299523,0.8645282117493107,9981,None,CBAM
185.81873478383804,0.9345924126224123,265.2414093134746,0.34065776474072623,9982,None,CBAM
143.93284649468907,0.73580064716451,324.00441767228074,0.8402206646297966,9983,None,CBAM
382.625028667754,0.19936612146645055,189.55467145249884,0.8953160646061369,9984,None,CBAM
220.01620414376308,0.3371592152010579,88.24069369839012,0.4273448590058079,9985,None,CBAM
135.10607252412035,0.8994664883174069,141.15480910976217,0.6255717595112144,9986,None,CBAM
66.27485063975188,0.7539212428315551,207.53686498828395,0.5102676808483134,9987,None,CBAM
187.73453634473705,0.613395865355529,258.42542199576116,0.779688960516142,9988,None,CBAM
153.09029365893326,0.24224972055033678,297.8250202534909,0.2255731106169926,9989,None,CBAM
276.72297951234077,0.8359983865740886,341.3739382526524,0.595424986154735,9990,None,CBAM
152.6498767070589,0.42785992878061485,313.60255464876013,0.24979915497842353,9991,None,CBAM
241.18738837454222,0.48100465952029925,90.91393669527228,0.2765023152844906,9992,None,CBAM
359.0273571591414,0.48952728849264043,43.16421300707247,0.81444022140786,9993,None,CBAM
77.67876062077386,0.1823580586819296,93.17115253461992,0.7348278243390088,9994,None,CBAM
101.46837402001606,0.9573785985465564,268.7682196039357,0.18859536416326092,9995,None,CBAM
330.7634344484339,0.39359870474105657,159.49254294762628,0.07577914177082455,9996,None,CBAM
396.10124449732615,0.32973199625255045,126.16611428290861,0.05527902945814122,9997,None,CBAM
151.90230217605034,0.6030231757496061,196.68011286533957,0.6341250687213824,9998,None,CBAM
22.304541891834383,0.10749812254061063,42.55725359392591,0.15830785586269805,9999,None,CBAM
